website_monster_id	website_monster_name	website_category	website_image	website_image_evidence	source_description	zircon_candidates	zircon_index	zircon_internal_name	zircon_image	candidate_count	resource_alias	match_method	match_evidence	confidence	status	skip_reason	business_index_untouched	apply_status
mob-0	鸡	一般怪物	../images/mob/pic/f01.gif	"{""present"":true,""path"":""/home/tetsuya/development/mir3-website/images/mob/pic/f01.gif"",""bytes"":2652,""sha256"":""c4df6fb3345f25a2bb9556a72e1ff4077a68c1ae0c2e660a2e984ccdc27e168f"",""width"":139,""height"":106,""mode"":""P"",""frames"":1,""format"":""GIF""}"	生长或游荡在比奇城居民区附近，如物品商店、银杏树谷和边界村等处，可以挖肉。	"[{""index"":8,""internal_name"":""Chicken"",""image"":""Chicken"",""race"":null,""shape"":0,""resource"":{""status"":""ok"",""library"":""Mon-3"",""library_number"":3,""shape"":0,""source"":""/home/tetsuya/development/zircon/GodotClient/Formats/MonsterLookup.cs"",""path"":""/home/tetsuya/development/zircon/Debug/Client/Data/Mon-3.Zl"",""library_count"":10000,""nonblank_probe_frames_0_99"":44,""sample_frames"":[{""draw_frame"":0,""index"":0,""width"":16,""height"":50,""offsetX"":17,""offsetY"":-21},{""draw_frame"":1,""index"":1,""width"":16,""height"":28,""offsetX"":17,""offsetY"":-4},{""draw_frame"":2,""index"":2,""width"":16,""height"":34,""offsetX"":17,""offsetY"":-8},{""draw_frame"":3,""index"":3,""width"":16,""height"":28,""offsetX"":17,""offsetY"":-4},{""draw_frame"":10,""index"":10,""width"":36,""height"":46,""offsetX"":4,""offsetY"":-19},{""draw_frame"":11,""index"":11,""width"":40,""height"":24,""offsetX"":3,""offsetY"":-4},{""draw_frame"":12,""index"":12,""width"":40,""height"":28,""offsetX"":4,""offsetY"":-4},{""draw_frame"":13,""index"":13,""width"":40,""height"":24,""offsetX"":3,""offsetY"":-4}],""body_frame_formula"":""draw_frame + 0*1000""},""level"":5,""is_boss"":false}]"	8	Chicken	Chicken	1		explicit-identity-plus-MonsterLookup-probe	"[""website JSON record and source description"",""website image path/sha256/size"",""current MonsterInfo identity/level/Boss fields"",""GodotClient/Formats/MonsterLookup.cs"",""Mon-*.Zl header/body-frame probe"",""duplicate-image and candidate conflict audit""]"	high	confirmed		True	display-name-plan-only
mob-1	猪	一般怪物	../images/mob/pic/f23.gif	"{""present"":true,""path"":""/home/tetsuya/development/mir3-website/images/mob/pic/f23.gif"",""bytes"":5391,""sha256"":""62a1616199c57afc84e023557f83b3c6d7d9e974582597fb067cc33c5cf0430b"",""width"":139,""height"":106,""mode"":""P"",""frames"":1,""format"":""GIF""}"	从等级1开始可以宰杀的动物，为了找出吃的东西村子附近里走动，比鸡稍强，可以挖肉，但是一不小心就会吃亏。	"[{""index"":9,""internal_name"":""Pig"",""image"":""Pig"",""race"":null,""shape"":9,""resource"":{""status"":""ok"",""library"":""Mon-12"",""library_number"":12,""shape"":9,""source"":""/home/tetsuya/development/zircon/GodotClient/Formats/MonsterLookup.cs"",""path"":""/home/tetsuya/development/zircon/Debug/Client/Data/Mon-12.Zl"",""library_count"":10000,""nonblank_probe_frames_0_99"":44,""sample_frames"":[{""draw_frame"":0,""index"":9000,""width"":24,""height"":48,""offsetX"":13,""offsetY"":-24},{""draw_frame"":1,""index"":9001,""width"":24,""height"":48,""offsetX"":12,""offsetY"":-24},{""draw_frame"":2,""index"":9002,""width"":24,""height"":48,""offsetX"":12,""offsetY"":-24},{""draw_frame"":3,""index"":9003,""width"":24,""height"":48,""offsetX"":13,""offsetY"":-24},{""draw_frame"":10,""index"":9010,""width"":48,""height"":48,""offsetX"":6,""offsetY"":-23},{""draw_frame"":11,""index"":9011,""width"":48,""height"":48,""offsetX"":6,""offsetY"":-24},{""draw_frame"":12,""index"":9012,""width"":48,""height"":48,""offsetX"":6,""offsetY"":-24},{""draw_frame"":13,""index"":9013,""width"":48,""height"":48,""offsetX"":6,""offsetY"":-24}],""body_frame_formula"":""draw_frame + 9*1000""},""level"":6,""is_boss"":false}]"	9	Pig	Pig	1		explicit-identity-plus-MonsterLookup-probe	"[""website JSON record and source description"",""website image path/sha256/size"",""current MonsterInfo identity/level/Boss fields"",""GodotClient/Formats/MonsterLookup.cs"",""Mon-*.Zl header/body-frame probe"",""duplicate-image and candidate conflict audit""]"	high	confirmed		True	display-name-plan-only
mob-2	牛	一般怪物	../images/mob/pic/f24.gif	"{""present"":true,""path"":""/home/tetsuya/development/mir3-website/images/mob/pic/f24.gif"",""bytes"":6777,""sha256"":""2896ad85d37be7eda921922cde709da0e4c1fc83d1059504bf822b0c387e7070"",""width"":139,""height"":106,""mode"":""P"",""frames"":1,""format"":""GIF""}"	从等级1开始都可以宰杀的动物，由于体格大，可能有些人不敢去惹它，但是请放心，它非常的弱。可以挖肉买卖钱。	"[{""index"":11,""internal_name"":""Cow"",""image"":""Cow"",""race"":null,""shape"":1,""resource"":{""status"":""ok"",""library"":""Mon-13"",""library_number"":13,""shape"":1,""source"":""/home/tetsuya/development/zircon/GodotClient/Formats/MonsterLookup.cs"",""path"":""/home/tetsuya/development/zircon/Debug/Client/Data/Mon-13.Zl"",""library_count"":10000,""nonblank_probe_frames_0_99"":44,""sample_frames"":[{""draw_frame"":0,""index"":1000,""width"":28,""height"":98,""offsetX"":10,""offsetY"":-59},{""draw_frame"":1,""index"":1001,""width"":28,""height"":100,""offsetX"":10,""offsetY"":-59},{""draw_frame"":2,""index"":1002,""width"":28,""height"":100,""offsetX"":10,""offsetY"":-59},{""draw_frame"":3,""index"":1003,""width"":28,""height"":100,""offsetX"":10,""offsetY"":-59},{""draw_frame"":10,""index"":1010,""width"":76,""height"":92,""offsetX"":-10,""offsetY"":-54},{""draw_frame"":11,""index"":1011,""width"":76,""height"":90,""offsetX"":-10,""offsetY"":-53},{""draw_frame"":12,""index"":1012,""width"":76,""height"":92,""offsetX"":-13,""offsetY"":-54},{""draw_frame"":13,""index"":1013,""width"":76,""height"":92,""offsetX"":-10,""offsetY"":-54}],""body_frame_formula"":""draw_frame + 1*1000""},""level"":8,""is_boss"":false}]"	11	Cow	Cow	1		explicit-identity-plus-MonsterLookup-probe	"[""website JSON record and source description"",""website image path/sha256/size"",""current MonsterInfo identity/level/Boss fields"",""GodotClient/Formats/MonsterLookup.cs"",""Mon-*.Zl header/body-frame probe"",""duplicate-image and candidate conflict audit""]"	high	confirmed		True	display-name-plan-only
mob-3	羊	一般怪物	../images/mob/pic/f05.gif	"{""present"":true,""path"":""/home/tetsuya/development/mir3-website/images/mob/pic/f05.gif"",""bytes"":5696,""sha256"":""e7756a97f55f53f025f374c42616fc0f488ff2243a20a42893ef94ffbc996dc9"",""width"":139,""height"":106,""mode"":""P"",""frames"":1,""format"":""GIF""}"	羊生活在城区和村庄，能提供成块的肉。	"[{""index"":12,""internal_name"":""Sheep"",""image"":""Sheep"",""race"":null,""shape"":8,""resource"":{""status"":""ok"",""library"":""Mon-6"",""library_number"":6,""shape"":8,""source"":""/home/tetsuya/development/zircon/GodotClient/Formats/MonsterLookup.cs"",""path"":""/home/tetsuya/development/zircon/Debug/Client/Data/Mon-6.Zl"",""library_count"":10000,""nonblank_probe_frames_0_99"":44,""sample_frames"":[{""draw_frame"":0,""index"":8000,""width"":24,""height"":66,""offsetX"":13,""offsetY"":-34},{""draw_frame"":1,""index"":8001,""width"":24,""height"":62,""offsetX"":13,""offsetY"":-28},{""draw_frame"":2,""index"":8002,""width"":24,""height"":62,""offsetX"":12,""offsetY"":-26},{""draw_frame"":3,""index"":8003,""width"":24,""height"":62,""offsetX"":13,""offsetY"":-29},{""draw_frame"":10,""index"":8010,""width"":48,""height"":62,""offsetX"":9,""offsetY"":-32},{""draw_frame"":11,""index"":8011,""width"":48,""height"":56,""offsetX"":8,""offsetY"":-26},{""draw_frame"":12,""index"":8012,""width"":48,""height"":56,""offsetX"":6,""offsetY"":-25},{""draw_frame"":13,""index"":8013,""width"":48,""height"":58,""offsetX"":9,""offsetY"":-27}],""body_frame_formula"":""draw_frame + 8*1000""},""level"":9,""is_boss"":false}]"	12	Sheep	Sheep	1		explicit-identity-plus-MonsterLookup-probe	"[""website JSON record and source description"",""website image path/sha256/size"",""current MonsterInfo identity/level/Boss fields"",""GodotClient/Formats/MonsterLookup.cs"",""Mon-*.Zl header/body-frame probe"",""duplicate-image and candidate conflict audit""]"	high	confirmed		True	display-name-plan-only
mob-4	鹿	一般怪物	../images/mob/pic/f02.gif	"{""present"":true,""path"":""/home/tetsuya/development/mir3-website/images/mob/pic/f02.gif"",""bytes"":4107,""sha256"":""3d9c3d879611ad3bb90cf81038deb5d23e2839a38b3a035d569f215a9b8389e2"",""width"":139,""height"":106,""mode"":""P"",""frames"":1,""format"":""GIF""}"	生活在城区和村庄，能提供成块的肉。	"[{""index"":10,""internal_name"":""Deer"",""image"":""Deer"",""race"":null,""shape"":1,""resource"":{""status"":""ok"",""library"":""Mon-3"",""library_number"":3,""shape"":1,""source"":""/home/tetsuya/development/zircon/GodotClient/Formats/MonsterLookup.cs"",""path"":""/home/tetsuya/development/zircon/Debug/Client/Data/Mon-3.Zl"",""library_count"":10000,""nonblank_probe_frames_0_99"":44,""sample_frames"":[{""draw_frame"":0,""index"":1000,""width"":28,""height"":82,""offsetX"":10,""offsetY"":-51},{""draw_frame"":1,""index"":1001,""width"":32,""height"":72,""offsetX"":10,""offsetY"":-40},{""draw_frame"":2,""index"":1002,""width"":32,""height"":74,""offsetX"":10,""offsetY"":-41},{""draw_frame"":3,""index"":1003,""width"":32,""height"":72,""offsetX"":10,""offsetY"":-40},{""draw_frame"":10,""index"":1010,""width"":52,""height"":76,""offsetX"":5,""offsetY"":-49},{""draw_frame"":11,""index"":1011,""width"":64,""height"":66,""offsetX"":4,""offsetY"":-38},{""draw_frame"":12,""index"":1012,""width"":68,""height"":66,""offsetX"":2,""offsetY"":-38},{""draw_frame"":13,""index"":1013,""width"":64,""height"":66,""offsetX"":5,""offsetY"":-38}],""body_frame_formula"":""draw_frame + 1*1000""},""level"":7,""is_boss"":false}]"	10	Deer	Deer	1		explicit-identity-plus-MonsterLookup-probe	"[""website JSON record and source description"",""website image path/sha256/size"",""current MonsterInfo identity/level/Boss fields"",""GodotClient/Formats/MonsterLookup.cs"",""Mon-*.Zl header/body-frame probe"",""duplicate-image and candidate conflict audit""]"	high	confirmed		True	display-name-plan-only
mob-5	稻草人	一般怪物	../images/mob/pic/f03.gif	"{""present"":true,""path"":""/home/tetsuya/development/mir3-website/images/mob/pic/f03.gif"",""bytes"":3852,""sha256"":""b780a86efff12d541195c5d04c5769f6cec30654e21def37e9a389508793196a"",""width"":139,""height"":106,""mode"":""P"",""frames"":1,""format"":""GIF""}"	在村外的森林里面，你会遇到这种生物。人们用他们保护庄稼不受害鸟的袭击。但是稻草人会在邪恶的、未知的力量驱使下逐渐变异，死亡时会爆炸出火焰，有时候还会丢下乌木剑来。这是一种初级怪物，你能轻易地杀死它们。	"[{""index"":21,""internal_name"":""Scarecrow"",""image"":""Scarecrow"",""race"":null,""shape"":0,""resource"":{""status"":""ok"",""library"":""Mon-5"",""library_number"":5,""shape"":0,""source"":""/home/tetsuya/development/zircon/GodotClient/Formats/MonsterLookup.cs"",""path"":""/home/tetsuya/development/zircon/Debug/Client/Data/Mon-5.Zl"",""library_count"":10000,""nonblank_probe_frames_0_99"":44,""sample_frames"":[{""draw_frame"":0,""index"":0,""width"":56,""height"":76,""offsetX"":-2,""offsetY"":-56},{""draw_frame"":1,""index"":1,""width"":56,""height"":78,""offsetX"":-4,""offsetY"":-58},{""draw_frame"":2,""index"":2,""width"":56,""height"":78,""offsetX"":-5,""offsetY"":-59},{""draw_frame"":3,""index"":3,""width"":56,""height"":76,""offsetX"":-3,""offsetY"":-57},{""draw_frame"":10,""index"":10,""width"":52,""height"":82,""offsetX"":11,""offsetY"":-63},{""draw_frame"":11,""index"":11,""width"":52,""height"":82,""offsetX"":10,""offsetY"":-62},{""draw_frame"":12,""index"":12,""width"":52,""height"":80,""offsetX"":10,""offsetY"":-61},{""draw_frame"":13,""index"":13,""width"":52,""height"":82,""offsetX"":10,""offsetY"":-62}],""body_frame_formula"":""draw_frame + 0*1000""},""level"":10,""is_boss"":false}]"	21	Scarecrow	Scarecrow	1		explicit-identity-plus-MonsterLookup-probe	"[""website JSON record and source description"",""website image path/sha256/size"",""current MonsterInfo identity/level/Boss fields"",""GodotClient/Formats/MonsterLookup.cs"",""Mon-*.Zl header/body-frame probe"",""duplicate-image and candidate conflict audit""]"	high	confirmed		True	display-name-plan-only
mob-6	蛤蟆	一般怪物	../images/mob/pic/f04.gif	"{""present"":true,""path"":""/home/tetsuya/development/mir3-website/images/mob/pic/f04.gif"",""bytes"":5183,""sha256"":""2f565389a8bec185f0ba8b6caad02d36ac298dccedfa0eea4a5ebf7cadbb948e"",""width"":139,""height"":106,""mode"":""P"",""frames"":1,""format"":""GIF""}"	如果你达到第四级，你就能很容易地杀死这个怪物。它们出没在河边，数量不多。	[]				0	SkyStinger	all-evidence-paths-exhausted-no-closed-candidate	"[""website JSON record and source description"",""website image path/sha256/size"",""current MonsterInfo identity/level/Boss fields"",""GodotClient/Formats/MonsterLookup.cs"",""Mon-*.Zl header/body-frame probe"",""duplicate-image and candidate conflict audit""]"	pending	pending	no stable DB candidate after name/identity/resource/region checks	True	retain-current
mob-7	多钩猫	一般怪物	../images/mob/pic/f06.gif	"{""present"":true,""path"":""/home/tetsuya/development/mir3-website/images/mob/pic/f06.gif"",""bytes"":6225,""sha256"":""6d47d71a23c0648041a99a1a0e8aef58f0f1fcc1ddbda83acc5e3078c3610c08"",""width"":139,""height"":106,""mode"":""P"",""frames"":1,""format"":""GIF""}"	一种大多生活在荒野中的猫，能够步行，并会在邪恶和未知的力量驱使下变大。它偷窃人们的钩子用做武器。	"[{""index"":13,""internal_name"":""Claw Cat"",""image"":""ClawCat"",""race"":null,""shape"":8,""resource"":{""status"":""ok"",""library"":""Mon-4"",""library_number"":4,""shape"":8,""source"":""/home/tetsuya/development/zircon/GodotClient/Formats/MonsterLookup.cs"",""path"":""/home/tetsuya/development/zircon/Debug/Client/Data/Mon-4.Zl"",""library_count"":10000,""nonblank_probe_frames_0_99"":44,""sample_frames"":[{""draw_frame"":0,""index"":8000,""width"":48,""height"":56,""offsetX"":2,""offsetY"":-35},{""draw_frame"":1,""index"":8001,""width"":48,""height"":56,""offsetX"":2,""offsetY"":-35},{""draw_frame"":2,""index"":8002,""width"":48,""height"":56,""offsetX"":3,""offsetY"":-35},{""draw_frame"":3,""index"":8003,""width"":48,""height"":56,""offsetX"":2,""offsetY"":-35},{""draw_frame"":10,""index"":8010,""width"":56,""height"":54,""offsetX"":12,""offsetY"":-33},{""draw_frame"":11,""index"":8011,""width"":56,""height"":54,""offsetX"":12,""offsetY"":-32},{""draw_frame"":12,""index"":8012,""width"":60,""height"":54,""offsetX"":12,""offsetY"":-32},{""draw_frame"":13,""index"":8013,""width"":56,""height"":54,""offsetX"":12,""offsetY"":-33}],""body_frame_formula"":""draw_frame + 8*1000""},""level"":10,""is_boss"":false}]"	13	Claw Cat	ClawCat	1		explicit-identity-plus-MonsterLookup-probe	"[""website JSON record and source description"",""website image path/sha256/size"",""current MonsterInfo identity/level/Boss fields"",""GodotClient/Formats/MonsterLookup.cs"",""Mon-*.Zl header/body-frame probe"",""duplicate-image and candidate conflict audit""]"	medium	confirmed		True	display-name-plan-only
mob-8	钉耙猫	一般怪物	../images/mob/pic/f07.gif	"{""present"":true,""path"":""/home/tetsuya/development/mir3-website/images/mob/pic/f07.gif"",""bytes"":5870,""sha256"":""9e3f1993ed6a5cfbb4ab72e98b3eb29ef6cf7a1db9edeb0e7f666f0e469b5bd2"",""width"":139,""height"":106,""mode"":""P"",""frames"":1,""format"":""GIF""}"	与多钩猫类似，它一般生活在荒野中，在邪恶和未知的力量驱使下变大。它偷窃人们的耙子做武器。	[]				0	RakingCat	all-evidence-paths-exhausted-no-closed-candidate	"[""website JSON record and source description"",""website image path/sha256/size"",""current MonsterInfo identity/level/Boss fields"",""GodotClient/Formats/MonsterLookup.cs"",""Mon-*.Zl header/body-frame probe"",""duplicate-image and candidate conflict audit""]"	pending	pending	no stable DB candidate after name/identity/resource/region checks	True	retain-current
mob-9	狼	一般怪物	../images/mob/pic/f15.gif	"{""present"":true,""path"":""/home/tetsuya/development/mir3-website/images/mob/pic/f15.gif"",""bytes"":6108,""sha256"":""714d1814fbe613aa444433ca3cceeb486f7212e326c0fc561d37267a3ea2f0b2"",""width"":139,""height"":106,""mode"":""P"",""frames"":1,""format"":""GIF""}"	狼是生活在荒漠和牧场的肉食类动物。它一般猎羊为食，但有时也会去居住区袭击人。它们常常群体行动，动作很敏捷，攻击力强而持久，所以你出门远行时要当心点。	"[{""index"":14,""internal_name"":""Wolf"",""image"":""Wolf"",""race"":null,""shape"":5,""resource"":{""status"":""ok"",""library"":""Mon-7"",""library_number"":7,""shape"":5,""source"":""/home/tetsuya/development/zircon/GodotClient/Formats/MonsterLookup.cs"",""path"":""/home/tetsuya/development/zircon/Debug/Client/Data/Mon-7.Zl"",""library_count"":10000,""nonblank_probe_frames_0_99"":44,""sample_frames"":[{""draw_frame"":0,""index"":5000,""width"":16,""height"":54,""offsetX"":17,""offsetY"":-24},{""draw_frame"":1,""index"":5001,""width"":16,""height"":54,""offsetX"":17,""offsetY"":-23},{""draw_frame"":2,""index"":5002,""width"":16,""height"":52,""offsetX"":17,""offsetY"":-23},{""draw_frame"":3,""index"":5003,""width"":16,""height"":54,""offsetX"":17,""offsetY"":-24},{""draw_frame"":10,""index"":5010,""width"":48,""height"":48,""offsetX"":2,""offsetY"":-20},{""draw_frame"":11,""index"":5011,""width"":44,""height"":48,""offsetX"":2,""offsetY"":-19},{""draw_frame"":12,""index"":5012,""width"":44,""height"":48,""offsetX"":3,""offsetY"":-20},{""draw_frame"":13,""index"":5013,""width"":48,""height"":48,""offsetX"":2,""offsetY"":-20}],""body_frame_formula"":""draw_frame + 5*1000""},""level"":15,""is_boss"":false}]"	14	Wolf	Wolf	1		explicit-identity-plus-MonsterLookup-probe	"[""website JSON record and source description"",""website image path/sha256/size"",""current MonsterInfo identity/level/Boss fields"",""GodotClient/Formats/MonsterLookup.cs"",""Mon-*.Zl header/body-frame probe"",""duplicate-image and candidate conflict audit""]"	medium	confirmed		True	display-name-plan-only
mob-10	毒蜘蛛	一般怪物	../images/mob/pic/f14.gif	"{""present"":true,""path"":""/home/tetsuya/development/mir3-website/images/mob/pic/f14.gif"",""bytes"":4541,""sha256"":""288d812f69c5891bcbde575edd38584476cd5256702d4ff810d866935dc7dfca"",""width"":139,""height"":106,""mode"":""P"",""frames"":1,""format"":""GIF""}"	毒蜘蛛几乎出现在各个角落。它甚至能够隔着拐角向目标进攻和喷射毒液且命中率高，一旦被它击中，你的身体会变绿并丧失能量。	"[{""index"":20,""internal_name"":""Spitting Spider"",""image"":""SpittingSpider"",""race"":null,""shape"":5,""resource"":{""status"":""ok"",""library"":""Mon-3"",""library_number"":3,""shape"":5,""source"":""/home/tetsuya/development/zircon/GodotClient/Formats/MonsterLookup.cs"",""path"":""/home/tetsuya/development/zircon/Debug/Client/Data/Mon-3.Zl"",""library_count"":10000,""nonblank_probe_frames_0_99"":44,""sample_frames"":[{""draw_frame"":0,""index"":5000,""width"":108,""height"":108,""offsetX"":-29,""offsetY"":-29},{""draw_frame"":1,""index"":5001,""width"":108,""height"":108,""offsetX"":-29,""offsetY"":-29},{""draw_frame"":2,""index"":5002,""width"":108,""height"":106,""offsetX"":-29,""offsetY"":-28},{""draw_frame"":3,""index"":5003,""width"":108,""height"":108,""offsetX"":-29,""offsetY"":-28},{""draw_frame"":10,""index"":5010,""width"":124,""height"":108,""offsetX"":-29,""offsetY"":-25},{""draw_frame"":11,""index"":5011,""width"":124,""height"":108,""offsetX"":-29,""offsetY"":-25},{""draw_frame"":12,""index"":5012,""width"":120,""height"":108,""offsetX"":-28,""offsetY"":-25},{""draw_frame"":13,""index"":5013,""width"":120,""height"":108,""offsetX"":-28,""offsetY"":-25}],""body_frame_formula"":""draw_frame + 5*1000""},""level"":10,""is_boss"":false}]"	20	Spitting Spider	SpittingSpider	1		explicit-identity-plus-MonsterLookup-probe	"[""website JSON record and source description"",""website image path/sha256/size"",""current MonsterInfo identity/level/Boss fields"",""GodotClient/Formats/MonsterLookup.cs"",""Mon-*.Zl header/body-frame probe"",""duplicate-image and candidate conflict audit""]"	medium	confirmed		True	display-name-plan-only
mob-11	食人花	一般怪物	../images/mob/pic/f08.gif	"{""present"":true,""path"":""/home/tetsuya/development/mir3-website/images/mob/pic/f08.gif"",""bytes"":5021,""sha256"":""fd39ba1bf9e5b02b10f4ca7822b243df06e9679bd22e29b5d2b5c39616e878ec"",""width"":139,""height"":106,""mode"":""P"",""frames"":1,""format"":""GIF""}"	生长在森林里的以人为食的植物，不能移动并隐藏在地下。当人们接近时它会跃起来发动攻击。食人花攻击力很强，但最大的弱点是体力差，很容易被远距离的进攻所消灭。可获取叶子和果实。	"[{""index"":17,""internal_name"":""Carnivorous Plant"",""image"":""CarnivorousPlant"",""race"":null,""shape"":1,""resource"":{""status"":""ok"",""library"":""Mon-4"",""library_number"":4,""shape"":1,""source"":""/home/tetsuya/development/zircon/GodotClient/Formats/MonsterLookup.cs"",""path"":""/home/tetsuya/development/zircon/Debug/Client/Data/Mon-4.Zl"",""library_count"":10000,""nonblank_probe_frames_0_99"":4,""sample_frames"":[{""draw_frame"":0,""index"":1000,""width"":128,""height"":102,""offsetX"":-44,""offsetY"":-64},{""draw_frame"":1,""index"":1001,""width"":124,""height"":102,""offsetX"":-42,""offsetY"":-64},{""draw_frame"":2,""index"":1002,""width"":120,""height"":102,""offsetX"":-36,""offsetY"":-65},{""draw_frame"":3,""index"":1003,""width"":124,""height"":102,""offsetX"":-41,""offsetY"":-64}],""body_frame_formula"":""draw_frame + 1*1000""},""level"":10,""is_boss"":false}]"	17	Carnivorous Plant	CarnivorousPlant	1		explicit-identity-plus-MonsterLookup-probe	"[""website JSON record and source description"",""website image path/sha256/size"",""current MonsterInfo identity/level/Boss fields"",""GodotClient/Formats/MonsterLookup.cs"",""Mon-*.Zl header/body-frame probe"",""duplicate-image and candidate conflict audit""]"	medium	confirmed		True	display-name-plan-only
mob-12	半兽人	一般怪物	../images/mob/pic/f09.gif	"{""present"":true,""path"":""/home/tetsuya/development/mir3-website/images/mob/pic/f09.gif"",""bytes"":4027,""sha256"":""8a2777def34e57987baec6265672aee3c29f3874525d934dc5fcd6bcafd48c69"",""width"":139,""height"":106,""mode"":""P"",""frames"":1,""format"":""GIF""}"	到第七级时你将经常猎取这种生物，危险之处在于它们常常结群行动。通常它会丢下青铜宝剑、短剑、铁剑、轻型盔甲、凝霜、金创药和魔法药等。他会给你25点经验值，而且均匀分布在地图中。	"[{""index"":22,""internal_name"":""Oma"",""image"":""Oma"",""race"":null,""shape"":3,""resource"":{""status"":""ok"",""library"":""Mon-3"",""library_number"":3,""shape"":3,""source"":""/home/tetsuya/development/zircon/GodotClient/Formats/MonsterLookup.cs"",""path"":""/home/tetsuya/development/zircon/Debug/Client/Data/Mon-3.Zl"",""library_count"":10000,""nonblank_probe_frames_0_99"":44,""sample_frames"":[{""draw_frame"":0,""index"":3000,""width"":72,""height"":80,""offsetX"":-9,""offsetY"":-50},{""draw_frame"":1,""index"":3001,""width"":68,""height"":80,""offsetX"":-7,""offsetY"":-49},{""draw_frame"":2,""index"":3002,""width"":64,""height"":78,""offsetX"":-8,""offsetY"":-48},{""draw_frame"":3,""index"":3003,""width"":68,""height"":80,""offsetX"":-8,""offsetY"":-49},{""draw_frame"":10,""index"":3010,""width"":72,""height"":84,""offsetX"":-7,""offsetY"":-51},{""draw_frame"":11,""index"":3011,""width"":80,""height"":82,""offsetX"":-8,""offsetY"":-49},{""draw_frame"":12,""index"":3012,""width"":80,""height"":82,""offsetX"":-5,""offsetY"":-48},{""draw_frame"":13,""index"":3013,""width"":60,""height"":82,""offsetX"":-3,""offsetY"":-49}],""body_frame_formula"":""draw_frame + 3*1000""},""level"":13,""is_boss"":false}]"	22	Oma	Oma	1		explicit-identity-plus-MonsterLookup-probe	"[""website JSON record and source description"",""website image path/sha256/size"",""current MonsterInfo identity/level/Boss fields"",""GodotClient/Formats/MonsterLookup.cs"",""Mon-*.Zl header/body-frame probe"",""duplicate-image and candidate conflict audit""]"	medium	confirmed		True	display-name-plan-only
mob-13	半兽战士	一般怪物	../images/mob/pic/f10.gif	"{""present"":true,""path"":""/home/tetsuya/development/mir3-website/images/mob/pic/f10.gif"",""bytes"":4961,""sha256"":""e26d9e03a889d88306d9febb0e968d585471cb210c12f4c9781e4104de7348ba"",""width"":139,""height"":106,""mode"":""P"",""frames"":1,""format"":""GIF""}"	一般沃玛有30年的寿命，但有一种沃玛的生命可长达50-200年。如果奥玛活过50年，它的皮肤会变成墨绿色（没有人知道为什么）。半兽战士已经生存了相当长的时间，因此有着更丰富的战斗经验和更强大的战斗力。它可以说是半兽族的长老，它把动物的骨头作为武器。	"[{""index"":18,""internal_name"":""Oma Warrior"",""image"":""Oma"",""race"":null,""shape"":3,""resource"":{""status"":""ok"",""library"":""Mon-3"",""library_number"":3,""shape"":3,""source"":""/home/tetsuya/development/zircon/GodotClient/Formats/MonsterLookup.cs"",""path"":""/home/tetsuya/development/zircon/Debug/Client/Data/Mon-3.Zl"",""library_count"":10000,""nonblank_probe_frames_0_99"":44,""sample_frames"":[{""draw_frame"":0,""index"":3000,""width"":72,""height"":80,""offsetX"":-9,""offsetY"":-50},{""draw_frame"":1,""index"":3001,""width"":68,""height"":80,""offsetX"":-7,""offsetY"":-49},{""draw_frame"":2,""index"":3002,""width"":64,""height"":78,""offsetX"":-8,""offsetY"":-48},{""draw_frame"":3,""index"":3003,""width"":68,""height"":80,""offsetX"":-8,""offsetY"":-49},{""draw_frame"":10,""index"":3010,""width"":72,""height"":84,""offsetX"":-7,""offsetY"":-51},{""draw_frame"":11,""index"":3011,""width"":80,""height"":82,""offsetX"":-8,""offsetY"":-49},{""draw_frame"":12,""index"":3012,""width"":80,""height"":82,""offsetX"":-5,""offsetY"":-48},{""draw_frame"":13,""index"":3013,""width"":60,""height"":82,""offsetX"":-3,""offsetY"":-49}],""body_frame_formula"":""draw_frame + 3*1000""},""level"":13,""is_boss"":false}]"	18	Oma Warrior	Oma	1		explicit-identity-plus-MonsterLookup-probe	"[""website JSON record and source description"",""website image path/sha256/size"",""current MonsterInfo identity/level/Boss fields"",""GodotClient/Formats/MonsterLookup.cs"",""Mon-*.Zl header/body-frame probe"",""duplicate-image and candidate conflict audit""]"	high	confirmed		True	display-name-plan-only
mob-14	森林雪人	一般怪物	../images/mob/pic/f11.gif	"{""present"":true,""path"":""/home/tetsuya/development/mir3-website/images/mob/pic/f11.gif"",""bytes"":6619,""sha256"":""686f0993f769babf8e3ddc80d77c15bef6d7a1af95fe1998db9440dd54527bd7"",""width"":139,""height"":106,""mode"":""P"",""frames"":1,""format"":""GIF""}"	它通常称生活在森林。它整个的身体覆盖着长毛，鼻子也很长。森林雪人用它锋利的爪子进攻，尽管攻击力强大，但由于体力弱而很容易被杀死。	"[{""index"":15,""internal_name"":""Forest Yeti"",""image"":""ForestYeti"",""race"":null,""shape"":0,""resource"":{""status"":""ok"",""library"":""Mon-4"",""library_number"":4,""shape"":0,""source"":""/home/tetsuya/development/zircon/GodotClient/Formats/MonsterLookup.cs"",""path"":""/home/tetsuya/development/zircon/Debug/Client/Data/Mon-4.Zl"",""library_count"":10000,""nonblank_probe_frames_0_99"":44,""sample_frames"":[{""draw_frame"":0,""index"":0,""width"":88,""height"":90,""offsetX"":-19,""offsetY"":-62},{""draw_frame"":1,""index"":1,""width"":88,""height"":90,""offsetX"":-19,""offsetY"":-62},{""draw_frame"":2,""index"":2,""width"":88,""height"":90,""offsetX"":-18,""offsetY"":-62},{""draw_frame"":3,""index"":3,""width"":88,""height"":90,""offsetX"":-18,""offsetY"":-62},{""draw_frame"":10,""index"":10,""width"":72,""height"":92,""offsetX"":-7,""offsetY"":-60},{""draw_frame"":11,""index"":11,""width"":68,""height"":94,""offsetX"":-6,""offsetY"":-62},{""draw_frame"":12,""index"":12,""width"":68,""height"":94,""offsetX"":-5,""offsetY"":-63},{""draw_frame"":13,""index"":13,""width"":72,""height"":92,""offsetX"":-6,""offsetY"":-60}],""body_frame_formula"":""draw_frame + 0*1000""},""level"":13,""is_boss"":false}]"	15	Forest Yeti	ForestYeti	1		explicit-identity-plus-MonsterLookup-probe	"[""website JSON record and source description"",""website image path/sha256/size"",""current MonsterInfo identity/level/Boss fields"",""GodotClient/Formats/MonsterLookup.cs"",""Mon-*.Zl header/body-frame probe"",""duplicate-image and candidate conflict audit""]"	high	confirmed		True	display-name-plan-only
mob-15	半兽勇士	一般怪物	../images/mob/pic/f22.gif	"{""present"":true,""path"":""/home/tetsuya/development/mir3-website/images/mob/pic/f22.gif"",""bytes"":5399,""sha256"":""224a5df653570a469a5b50220628f5f76b54c4de6f1f4ede3ab5e08086f78936"",""width"":139,""height"":106,""mode"":""P"",""frames"":1,""format"":""GIF""}"	奥玛部落的领袖。它在绵延百年的战争中领导奥玛进行侵略，是具有杰出智慧和战斗力的奥玛。如果它死了，将通过血腥的战争选出新的奥玛战士。它穿着盔甲和从上一代奥玛战士继承来的武器，有强大的攻击力和防御力。 生命：300 经验值：300 所在地图:比奇附近	"[{""index"":23,""internal_name"":""Oma Hero"",""image"":""OmaHero"",""race"":null,""shape"":4,""resource"":{""status"":""ok"",""library"":""Mon-3"",""library_number"":3,""shape"":4,""source"":""/home/tetsuya/development/zircon/GodotClient/Formats/MonsterLookup.cs"",""path"":""/home/tetsuya/development/zircon/Debug/Client/Data/Mon-3.Zl"",""library_count"":10000,""nonblank_probe_frames_0_99"":44,""sample_frames"":[{""draw_frame"":0,""index"":4000,""width"":72,""height"":80,""offsetX"":-9,""offsetY"":-53},{""draw_frame"":1,""index"":4001,""width"":68,""height"":80,""offsetX"":-7,""offsetY"":-52},{""draw_frame"":2,""index"":4002,""width"":64,""height"":78,""offsetX"":-8,""offsetY"":-51},{""draw_frame"":3,""index"":4003,""width"":64,""height"":80,""offsetX"":-8,""offsetY"":-52},{""draw_frame"":10,""index"":4010,""width"":80,""height"":84,""offsetX"":-7,""offsetY"":-54},{""draw_frame"":11,""index"":4011,""width"":88,""height"":82,""offsetX"":-8,""offsetY"":-52},{""draw_frame"":12,""index"":4012,""width"":84,""height"":82,""offsetX"":-5,""offsetY"":-51},{""draw_frame"":13,""index"":4013,""width"":68,""height"":82,""offsetX"":-3,""offsetY"":-52}],""body_frame_formula"":""draw_frame + 4*1000""},""level"":250,""is_boss"":true}]"	23	Oma Hero	OmaHero	1		explicit-identity-plus-MonsterLookup-probe	"[""website JSON record and source description"",""website image path/sha256/size"",""current MonsterInfo identity/level/Boss fields"",""GodotClient/Formats/MonsterLookup.cs"",""Mon-*.Zl header/body-frame probe"",""duplicate-image and candidate conflict audit""]"	medium	confirmed		True	display-name-plan-only
mob-16	红蛇	毒蛇山谷	../images/mob/pic/f18.gif	"{""present"":true,""path"":""/home/tetsuya/development/mir3-website/images/mob/pic/f18.gif"",""bytes"":4054,""sha256"":""081c2c720f788edf4876a2790b3c0d794b6ab648f83c6cf56635c0383688b599"",""width"":139,""height"":106,""mode"":""P"",""frames"":1,""format"":""GIF""}"	自比奇城向西南走你会经过红蛇出没的毒蛇谷。它没有毒液，但是因为成群结队而比较难以对付。它锋利的牙齿能很容易地将盔甲咬出一个窟窿。	"[{""index"":19,""internal_name"":""Tiger Snake"",""image"":""TigerSnake"",""race"":null,""shape"":7,""resource"":{""status"":""ok"",""library"":""Mon-6"",""library_number"":6,""shape"":7,""source"":""/home/tetsuya/development/zircon/GodotClient/Formats/MonsterLookup.cs"",""path"":""/home/tetsuya/development/zircon/Debug/Client/Data/Mon-6.Zl"",""library_count"":10000,""nonblank_probe_frames_0_99"":44,""sample_frames"":[{""draw_frame"":0,""index"":7000,""width"":56,""height"":82,""offsetX"":-2,""offsetY"":-26},{""draw_frame"":1,""index"":7001,""width"":56,""height"":82,""offsetX"":-2,""offsetY"":-27},{""draw_frame"":2,""index"":7002,""width"":56,""height"":82,""offsetX"":-2,""offsetY"":-27},{""draw_frame"":3,""index"":7003,""width"":56,""height"":80,""offsetX"":-2,""offsetY"":-26},{""draw_frame"":10,""index"":7010,""width"":84,""height"":68,""offsetX"":-31,""offsetY"":-20},{""draw_frame"":11,""index"":7011,""width"":84,""height"":70,""offsetX"":-31,""offsetY"":-22},{""draw_frame"":12,""index"":7012,""width"":80,""height"":72,""offsetX"":-31,""offsetY"":-23},{""draw_frame"":13,""index"":7013,""width"":80,""height"":70,""offsetX"":-31,""offsetY"":-21}],""body_frame_formula"":""draw_frame + 7*1000""},""level"":15,""is_boss"":false}]"	19	Tiger Snake	TigerSnake	1		explicit-identity-plus-MonsterLookup-probe	"[""website JSON record and source description"",""website image path/sha256/size"",""current MonsterInfo identity/level/Boss fields"",""GodotClient/Formats/MonsterLookup.cs"",""Mon-*.Zl header/body-frame probe"",""duplicate-image and candidate conflict audit""]"	medium	confirmed		True	display-name-plan-only
mob-17	虎蛇	毒蛇山谷	../images/mob/pic/f18.gif	"{""present"":true,""path"":""/home/tetsuya/development/mir3-website/images/mob/pic/f18.gif"",""bytes"":4054,""sha256"":""081c2c720f788edf4876a2790b3c0d794b6ab648f83c6cf56635c0383688b599"",""width"":139,""height"":106,""mode"":""P"",""frames"":1,""format"":""GIF""}"	这是出没在毒蛇谷西南部的大蛇，虽然没有毒液，但它们成群行动，难以对付。它身上长着黄色的横斑，它锋利的牙齿足以在你的盔甲上咬出洞来。	"[{""index"":19,""internal_name"":""Tiger Snake"",""image"":""TigerSnake"",""race"":null,""shape"":7,""resource"":{""status"":""ok"",""library"":""Mon-6"",""library_number"":6,""shape"":7,""source"":""/home/tetsuya/development/zircon/GodotClient/Formats/MonsterLookup.cs"",""path"":""/home/tetsuya/development/zircon/Debug/Client/Data/Mon-6.Zl"",""library_count"":10000,""nonblank_probe_frames_0_99"":44,""sample_frames"":[{""draw_frame"":0,""index"":7000,""width"":56,""height"":82,""offsetX"":-2,""offsetY"":-26},{""draw_frame"":1,""index"":7001,""width"":56,""height"":82,""offsetX"":-2,""offsetY"":-27},{""draw_frame"":2,""index"":7002,""width"":56,""height"":82,""offsetX"":-2,""offsetY"":-27},{""draw_frame"":3,""index"":7003,""width"":56,""height"":80,""offsetX"":-2,""offsetY"":-26},{""draw_frame"":10,""index"":7010,""width"":84,""height"":68,""offsetX"":-31,""offsetY"":-20},{""draw_frame"":11,""index"":7011,""width"":84,""height"":70,""offsetX"":-31,""offsetY"":-22},{""draw_frame"":12,""index"":7012,""width"":80,""height"":72,""offsetX"":-31,""offsetY"":-23},{""draw_frame"":13,""index"":7013,""width"":80,""height"":70,""offsetX"":-31,""offsetY"":-21}],""body_frame_formula"":""draw_frame + 7*1000""},""level"":15,""is_boss"":false}]"	19	Tiger Snake	TigerSnake	1		explicit-identity-plus-MonsterLookup-probe	"[""website JSON record and source description"",""website image path/sha256/size"",""current MonsterInfo identity/level/Boss fields"",""GodotClient/Formats/MonsterLookup.cs"",""Mon-*.Zl header/body-frame probe"",""duplicate-image and candidate conflict audit""]"	medium	confirmed		True	display-name-plan-only
mob-18	七点白蛇	毒蛇山谷	../images/mob/pic/qdbs.jpg	"{""present"":true,""path"":""/home/tetsuya/development/mir3-website/images/mob/pic/qdbs.jpg"",""bytes"":43296,""sha256"":""8837235a200803b9fe7f56f998346ad63beac6096eff6a97581e4ed09a4b76ce"",""width"":139,""height"":106,""mode"":""RGB"",""frames"":1,""format"":""JPEG""}"	在毒蛇谷很少见的大蛇，小BOSS级的。看到它运气已经是很不错了哦。是毒蛇谷的BOSS。 生命：400,所在地图:毒蛇山谷,沙巴克周围	[]				0	RedSnake	all-evidence-paths-exhausted-no-closed-candidate	"[""website JSON record and source description"",""website image path/sha256/size"",""current MonsterInfo identity/level/Boss fields"",""GodotClient/Formats/MonsterLookup.cs"",""Mon-*.Zl header/body-frame probe"",""duplicate-image and candidate conflict audit""]"	pending	pending	no stable DB candidate after name/identity/resource/region checks	True	retain-current
mob-19	千年毒蛇	毒蛇山谷	../images/mob/pic/qnds.jpg	"{""present"":true,""path"":""/home/tetsuya/development/mir3-website/images/mob/pic/qnds.jpg"",""bytes"":41227,""sha256"":""0b37eb1866baaac65cd42d7854381a1816dca1850fc4c4fb5ef9b58ea54db0c5"",""width"":139,""height"":106,""mode"":""RGB"",""frames"":1,""format"":""JPEG""}"	在毒蛇谷很少见的大蛇，做任务常要找它 生命：80,所在地图:毒蛇山谷	[]				0	RedSnake	all-evidence-paths-exhausted-no-closed-candidate	"[""website JSON record and source description"",""website image path/sha256/size"",""current MonsterInfo identity/level/Boss fields"",""GodotClient/Formats/MonsterLookup.cs"",""Mon-*.Zl header/body-frame probe"",""duplicate-image and candidate conflict audit""]"	pending	pending	no stable DB candidate after name/identity/resource/region checks	True	retain-current
mob-20	盔甲虫	盟重	../images/mob/pic/f12.gif	"{""present"":true,""path"":""/home/tetsuya/development/mir3-website/images/mob/pic/f12.gif"",""bytes"":4813,""sha256"":""c9e6a26f94a4a57112ec54a7cb11b7d1a54f0e77c0714d38d8b78d464c4f07a3"",""width"":139,""height"":106,""mode"":""P"",""frames"":1,""format"":""GIF""}"	它原本是温顺的昆虫，通常生活在软土下面，并用它的钳子通过挖掘移动，但在邪恶和未知的力量驱使下变大，并到地面上来。由于常以大型动物的死尸为食，它们有强大的，敏锐的钳子和锋利的颚。没有死尸的时候也会攻击路过的动物。	"[{""index"":43,""internal_name"":""Beetle"",""image"":""Beetle"",""race"":null,""shape"":3,""resource"":{""status"":""ok"",""library"":""Mon-7"",""library_number"":7,""shape"":3,""source"":""/home/tetsuya/development/zircon/GodotClient/Formats/MonsterLookup.cs"",""path"":""/home/tetsuya/development/zircon/Debug/Client/Data/Mon-7.Zl"",""library_count"":10000,""nonblank_probe_frames_0_99"":44,""sample_frames"":[{""draw_frame"":0,""index"":3000,""width"":72,""height"":64,""offsetX"":-11,""offsetY"":-26},{""draw_frame"":1,""index"":3001,""width"":72,""height"":64,""offsetX"":-11,""offsetY"":-27},{""draw_frame"":2,""index"":3002,""width"":72,""height"":64,""offsetX"":-11,""offsetY"":-26},{""draw_frame"":3,""index"":3003,""width"":72,""height"":64,""offsetX"":-11,""offsetY"":-27},{""draw_frame"":10,""index"":3010,""width"":80,""height"":64,""offsetX"":-15,""offsetY"":-19},{""draw_frame"":11,""index"":3011,""width"":80,""height"":64,""offsetX"":-15,""offsetY"":-19},{""draw_frame"":12,""index"":3012,""width"":84,""height"":62,""offsetX"":-15,""offsetY"":-17},{""draw_frame"":13,""index"":3013,""width"":84,""height"":64,""offsetX"":-15,""offsetY"":-19}],""body_frame_formula"":""draw_frame + 3*1000""},""level"":13,""is_boss"":false}]"	43	Beetle	Beetle	1		explicit-identity-plus-MonsterLookup-probe	"[""website JSON record and source description"",""website image path/sha256/size"",""current MonsterInfo identity/level/Boss fields"",""GodotClient/Formats/MonsterLookup.cs"",""Mon-*.Zl header/body-frame probe"",""duplicate-image and candidate conflict audit""]"	medium	confirmed		True	display-name-plan-only
mob-21	猎鹰	盟重	../images/mob/pic/f13.gif	"{""present"":true,""path"":""/home/tetsuya/development/mir3-website/images/mob/pic/f13.gif"",""bytes"":5050,""sha256"":""035ffc1fb6f4a85a4db1bbd8b4a0533443f8a6fe566e2a1272636ec3dd4de6bf"",""width"":139,""height"":106,""mode"":""P"",""frames"":1,""format"":""GIF""}"	一种出现在空中的掠夺者。这种鸟飞翔在空中，猛地俯冲向它的猎物。它有力的翅膀、钢铁般的爪子、敏锐的视觉和强大的力量，使之能猎取大的羊。	[]				0	SkyStinger	all-evidence-paths-exhausted-no-closed-candidate	"[""website JSON record and source description"",""website image path/sha256/size"",""current MonsterInfo identity/level/Boss fields"",""GodotClient/Formats/MonsterLookup.cs"",""Mon-*.Zl header/body-frame probe"",""duplicate-image and candidate conflict audit""]"	pending	pending	no stable DB candidate after name/identity/resource/region checks	True	retain-current
mob-22	威思而小虫	盟重	../images/mob/pic/f16.gif	"{""present"":true,""path"":""/home/tetsuya/development/mir3-website/images/mob/pic/f16.gif"",""bytes"":6075,""sha256"":""e7d23acacce604818741538e3a98ef89bb5883ac868a9d8c0b769c7e62701266"",""width"":139,""height"":106,""mode"":""P"",""frames"":1,""format"":""GIF""}"	全身由内脏组成的奇怪生物，通过喷口喷出的毒液进行攻击。毒液腐蚀性强，味臭，使人昏迷。	"[{""index"":46,""internal_name"":""Mutant Flea"",""image"":""MutantFlea"",""race"":null,""shape"":5,""resource"":{""status"":""ok"",""library"":""Mon-15"",""library_number"":15,""shape"":5,""source"":""/home/tetsuya/development/zircon/GodotClient/Formats/MonsterLookup.cs"",""path"":""/home/tetsuya/development/zircon/Debug/Client/Data/Mon-15.Zl"",""library_count"":10000,""nonblank_probe_frames_0_99"":44,""sample_frames"":[{""draw_frame"":0,""index"":5000,""width"":44,""height"":50,""offsetX"":2,""offsetY"":-20},{""draw_frame"":1,""index"":5001,""width"":44,""height"":50,""offsetX"":2,""offsetY"":-20},{""draw_frame"":2,""index"":5002,""width"":44,""height"":50,""offsetX"":2,""offsetY"":-20},{""draw_frame"":3,""index"":5003,""width"":44,""height"":50,""offsetX"":2,""offsetY"":-20},{""draw_frame"":10,""index"":5010,""width"":52,""height"":46,""offsetX"":4,""offsetY"":-17},{""draw_frame"":11,""index"":5011,""width"":52,""height"":46,""offsetX"":4,""offsetY"":-17},{""draw_frame"":12,""index"":5012,""width"":52,""height"":48,""offsetX"":4,""offsetY"":-18},{""draw_frame"":13,""index"":5013,""width"":52,""height"":46,""offsetX"":4,""offsetY"":-17}],""body_frame_formula"":""draw_frame + 5*1000""},""level"":20,""is_boss"":false}]"	46	Mutant Flea	MutantFlea	1		explicit-identity-plus-MonsterLookup-probe	"[""website JSON record and source description"",""website image path/sha256/size"",""current MonsterInfo identity/level/Boss fields"",""GodotClient/Formats/MonsterLookup.cs"",""Mon-*.Zl header/body-frame probe"",""duplicate-image and candidate conflict audit""]"	medium	confirmed		True	display-name-plan-only
mob-23	沙漠威斯而小虫	盟重	../images/mob/pic/f17.gif	"{""present"":true,""path"":""/home/tetsuya/development/mir3-website/images/mob/pic/f17.gif"",""bytes"":5566,""sha256"":""a2959eb250f8e9df3e84af8707e9120939a26a88698024eb01bf9f6a15b551ec"",""width"":139,""height"":106,""mode"":""P"",""frames"":1,""format"":""GIF""}"	威斯而小虫适应沙漠变形而成的。和威斯而小虫一样用毒性很强的毒液进行攻击。	"[{""index"":47,""internal_name"":""Poisonous Mutant Flea"",""image"":""PoisonousMutantFlea"",""race"":null,""shape"":9,""resource"":{""status"":""ok"",""library"":""Mon-15"",""library_number"":15,""shape"":9,""source"":""/home/tetsuya/development/zircon/GodotClient/Formats/MonsterLookup.cs"",""path"":""/home/tetsuya/development/zircon/Debug/Client/Data/Mon-15.Zl"",""library_count"":10000,""nonblank_probe_frames_0_99"":44,""sample_frames"":[{""draw_frame"":0,""index"":9000,""width"":52,""height"":34,""offsetX"":-1,""offsetY"":-9},{""draw_frame"":1,""index"":9001,""width"":52,""height"":36,""offsetX"":-1,""offsetY"":-12},{""draw_frame"":2,""index"":9002,""width"":52,""height"":38,""offsetX"":-1,""offsetY"":-14},{""draw_frame"":3,""index"":9003,""width"":52,""height"":36,""offsetX"":-1,""offsetY"":-12},{""draw_frame"":10,""index"":9010,""width"":52,""height"":42,""offsetX"":2,""offsetY"":-13},{""draw_frame"":11,""index"":9011,""width"":56,""height"":44,""offsetX"":0,""offsetY"":-14},{""draw_frame"":12,""index"":9012,""width"":56,""height"":44,""offsetX"":-1,""offsetY"":-14},{""draw_frame"":13,""index"":9013,""width"":56,""height"":42,""offsetX"":0,""offsetY"":-13}],""body_frame_formula"":""draw_frame + 9*1000""},""level"":20,""is_boss"":false}]"	47	Poisonous Mutant Flea	PoisonousMutantFlea	1		explicit-identity-plus-MonsterLookup-probe	"[""website JSON record and source description"",""website image path/sha256/size"",""current MonsterInfo identity/level/Boss fields"",""GodotClient/Formats/MonsterLookup.cs"",""Mon-*.Zl header/body-frame probe"",""duplicate-image and candidate conflict audit""]"	medium	confirmed		True	display-name-plan-only
mob-24	多角虫	盟重	../images/mob/pic/f19.gif	"{""present"":true,""path"":""/home/tetsuya/development/mir3-website/images/mob/pic/f19.gif"",""bytes"":5698,""sha256"":""ac48656c40004ba6ddc22695c8329cffb766ca8a1d747af3757bd1ac14e09042"",""width"":139,""height"":106,""mode"":""P"",""frames"":1,""format"":""GIF""}"	一种生活在牧场的飞行昆虫，它用长在前额的坚硬的角攻击你。一般的攻击是不能杀死它们的，因为它们身上有层硬壳。不过，你能够从硬壳与硬壳间的裂缝或空隙很容易地杀掉它们。	[]				1	ShellNipper	identity/resource-candidate-conflict	"[""website JSON record and source description"",""website image path/sha256/size"",""current MonsterInfo identity/level/Boss fields"",""GodotClient/Formats/MonsterLookup.cs"",""Mon-*.Zl header/body-frame probe"",""duplicate-image and candidate conflict audit""]"	medium	investigate	candidate is a current MonsterInfo row; resource and attributes retained for review	True	retain-current
mob-25	巨型多角虫	盟重	../images/mob/pic/f21.gif	"{""present"":true,""path"":""/home/tetsuya/development/mir3-website/images/mob/pic/f21.gif"",""bytes"":6323,""sha256"":""92a88fef6d52bf83fabae7f12b92c5ef255b1453455396562b1f74e9692c4807"",""width"":139,""height"":106,""mode"":""P"",""frames"":1,""format"":""GIF""}"	多角虫变异后变得更大，全身长满锋利的角。发现敌人时，它会竖起角来用头猛撞上去。当心！它厚厚的坚固的外壳相当难以击破，一般攻击反而会损坏武器。 生命：200 经验值：400 所在地图: 盟重	[]				1	ShellNipper	identity/resource-candidate-conflict	"[""website JSON record and source description"",""website image path/sha256/size"",""current MonsterInfo identity/level/Boss fields"",""GodotClient/Formats/MonsterLookup.cs"",""Mon-*.Zl header/body-frame probe"",""duplicate-image and candidate conflict audit""]"	medium	investigate	candidate is a current MonsterInfo row; resource and attributes retained for review	True	retain-current
mob-26	山洞蝙蝠	天然洞穴	../images/mob/pic/01.gif	"{""present"":true,""path"":""/home/tetsuya/development/mir3-website/images/mob/pic/01.gif"",""bytes"":5153,""sha256"":""6b6be0d472d2c1f3712c8a0d45d2058697808615dfc35245c06c6ccefcf20dc3"",""width"":139,""height"":106,""mode"":""P"",""frames"":1,""format"":""GIF""}"	在地牢里到处都是这种飞翔的生物。尽管他们的攻击力不强，但它们群起进攻时还是躲远些为好。	"[{""index"":24,""internal_name"":""Cave Bat"",""image"":""CaveBat"",""race"":null,""shape"":9,""resource"":{""status"":""ok"",""library"":""Mon-3"",""library_number"":3,""shape"":9,""source"":""/home/tetsuya/development/zircon/GodotClient/Formats/MonsterLookup.cs"",""path"":""/home/tetsuya/development/zircon/Debug/Client/Data/Mon-3.Zl"",""library_count"":10000,""nonblank_probe_frames_0_99"":44,""sample_frames"":[{""draw_frame"":0,""index"":9000,""width"":60,""height"":26,""offsetX"":-2,""offsetY"":-57},{""draw_frame"":1,""index"":9001,""width"":28,""height"":24,""offsetX"":13,""offsetY"":-58},{""draw_frame"":2,""index"":9002,""width"":64,""height"":24,""offsetX"":-8,""offsetY"":-56},{""draw_frame"":3,""index"":9003,""width"":32,""height"":36,""offsetX"":7,""offsetY"":-57},{""draw_frame"":10,""index"":9010,""width"":48,""height"":40,""offsetX"":11,""offsetY"":-58},{""draw_frame"":11,""index"":9011,""width"":40,""height"":28,""offsetX"":-1,""offsetY"":-59},{""draw_frame"":12,""index"":9012,""width"":52,""height"":32,""offsetX"":-3,""offsetY"":-60},{""draw_frame"":13,""index"":9013,""width"":32,""height"":40,""offsetX"":11,""offsetY"":-54}],""body_frame_formula"":""draw_frame + 9*1000""},""level"":18,""is_boss"":false}]"	24	Cave Bat	CaveBat	1		explicit-identity-plus-MonsterLookup-probe	"[""website JSON record and source description"",""website image path/sha256/size"",""current MonsterInfo identity/level/Boss fields"",""GodotClient/Formats/MonsterLookup.cs"",""Mon-*.Zl header/body-frame probe"",""duplicate-image and candidate conflict audit""]"	medium	confirmed		True	display-name-plan-only
mob-27	蝎子	天然洞穴	../images/mob/pic/02.gif	"{""present"":true,""path"":""/home/tetsuya/development/mir3-website/images/mob/pic/02.gif"",""bytes"":4369,""sha256"":""256ddc69484f0ddd812d3273023c71e5a946a8b5fa62366daf359af6d29fca34"",""width"":139,""height"":106,""mode"":""P"",""frames"":1,""format"":""GIF""}"	它们仅现于地牢里，当你达到15级时可以猎捕它们。人多的时候不会大量出现。不过要是一下子碰到4、5蝎子的话还是赶快逃跑。可获得蝎子尾巴。	"[{""index"":25,""internal_name"":""Scorpion"",""image"":""Scorpion"",""race"":null,""shape"":8,""resource"":{""status"":""ok"",""library"":""Mon-3"",""library_number"":3,""shape"":8,""source"":""/home/tetsuya/development/zircon/GodotClient/Formats/MonsterLookup.cs"",""path"":""/home/tetsuya/development/zircon/Debug/Client/Data/Mon-3.Zl"",""library_count"":10000,""nonblank_probe_frames_0_99"":44,""sample_frames"":[{""draw_frame"":0,""index"":8000,""width"":56,""height"":64,""offsetX"":-3,""offsetY"":-19},{""draw_frame"":1,""index"":8001,""width"":56,""height"":62,""offsetX"":-3,""offsetY"":-18},{""draw_frame"":2,""index"":8002,""width"":56,""height"":60,""offsetX"":-4,""offsetY"":-16},{""draw_frame"":3,""index"":8003,""width"":56,""height"":62,""offsetX"":-3,""offsetY"":-18},{""draw_frame"":10,""index"":8010,""width"":84,""height"":64,""offsetX"":-11,""offsetY"":-15},{""draw_frame"":11,""index"":8011,""width"":80,""height"":64,""offsetX"":-11,""offsetY"":-14},{""draw_frame"":12,""index"":8012,""width"":80,""height"":62,""offsetX"":-9,""offsetY"":-13},{""draw_frame"":13,""index"":8013,""width"":80,""height"":64,""offsetX"":-9,""offsetY"":-14}],""body_frame_formula"":""draw_frame + 8*1000""},""level"":18,""is_boss"":false}]"	25	Scorpion	Scorpion	1		explicit-identity-plus-MonsterLookup-probe	"[""website JSON record and source description"",""website image path/sha256/size"",""current MonsterInfo identity/level/Boss fields"",""GodotClient/Formats/MonsterLookup.cs"",""Mon-*.Zl header/body-frame probe"",""duplicate-image and candidate conflict audit""]"	medium	confirmed		True	display-name-plan-only
mob-28	洞蛆	天然洞穴	../images/mob/pic/03.gif	"{""present"":true,""path"":""/home/tetsuya/development/mir3-website/images/mob/pic/03.gif"",""bytes"":6753,""sha256"":""fb76865f9a349d24d5e897f7e60d12d17dfb42d133ef9343e39fed6fe78a5c67"",""width"":139,""height"":106,""mode"":""P"",""frames"":1,""format"":""GIF""}"	"在地牢里他们蠕动着，并通过喷射气体向你进攻。他们体力较差但喷射的气体能使你瘫痪。一旦瘫痪的话你不能行动，只能使用药水。它们的尸体是一种""蛆虫药丸""。"	"[{""index"":31,""internal_name"":""Cave Maggot"",""image"":""CaveMaggot"",""race"":null,""shape"":7,""resource"":{""status"":""ok"",""library"":""Mon-4"",""library_number"":4,""shape"":7,""source"":""/home/tetsuya/development/zircon/GodotClient/Formats/MonsterLookup.cs"",""path"":""/home/tetsuya/development/zircon/Debug/Client/Data/Mon-4.Zl"",""library_count"":10000,""nonblank_probe_frames_0_99"":44,""sample_frames"":[{""draw_frame"":0,""index"":7000,""width"":16,""height"":44,""offsetX"":16,""offsetY"":-3},{""draw_frame"":1,""index"":7001,""width"":16,""height"":42,""offsetX"":16,""offsetY"":-3},{""draw_frame"":2,""index"":7002,""width"":16,""height"":40,""offsetX"":16,""offsetY"":-3},{""draw_frame"":3,""index"":7003,""width"":16,""height"":44,""offsetX"":16,""offsetY"":-3},{""draw_frame"":10,""index"":7010,""width"":44,""height"":34,""offsetX"":-1,""offsetY"":1},{""draw_frame"":11,""index"":7011,""width"":44,""height"":32,""offsetX"":0,""offsetY"":1},{""draw_frame"":12,""index"":7012,""width"":44,""height"":32,""offsetX"":0,""offsetY"":1},{""draw_frame"":13,""index"":7013,""width"":44,""height"":34,""offsetX"":0,""offsetY"":1}],""body_frame_formula"":""draw_frame + 7*1000""},""level"":20,""is_boss"":false}]"	31	Cave Maggot	CaveMaggot	1		explicit-identity-plus-MonsterLookup-probe	"[""website JSON record and source description"",""website image path/sha256/size"",""current MonsterInfo identity/level/Boss fields"",""GodotClient/Formats/MonsterLookup.cs"",""Mon-*.Zl header/body-frame probe"",""duplicate-image and candidate conflict audit""]"	medium	confirmed		True	display-name-plan-only
mob-29	骷髅	天然洞穴	../images/mob/pic/04.gif	"{""present"":true,""path"":""/home/tetsuya/development/mir3-website/images/mob/pic/04.gif"",""bytes"":4128,""sha256"":""4b90a6da9ebe01aa79be2db277bdac591026de40ab589f2c6c198562e3db063d"",""width"":139,""height"":106,""mode"":""P"",""frames"":1,""format"":""GIF""}"	死去的奥玛复苏而成为骷髅，它们出现在地牢里，以石斧做武器，有比奥玛更强的攻击力。他们死去时会在火焰中化为灰烬。	"[{""index"":27,""internal_name"":""Skeleton"",""image"":""Skeleton"",""race"":null,""shape"":2,""resource"":{""status"":""ok"",""library"":""Mon-4"",""library_number"":4,""shape"":2,""source"":""/home/tetsuya/development/zircon/GodotClient/Formats/MonsterLookup.cs"",""path"":""/home/tetsuya/development/zircon/Debug/Client/Data/Mon-4.Zl"",""library_count"":10000,""nonblank_probe_frames_0_99"":44,""sample_frames"":[{""draw_frame"":0,""index"":2000,""width"":52,""height"":76,""offsetX"":-1,""offsetY"":-52},{""draw_frame"":1,""index"":2001,""width"":52,""height"":76,""offsetX"":-1,""offsetY"":-52},{""draw_frame"":2,""index"":2002,""width"":52,""height"":76,""offsetX"":0,""offsetY"":-53},{""draw_frame"":3,""index"":2003,""width"":52,""height"":76,""offsetX"":-1,""offsetY"":-52},{""draw_frame"":10,""index"":2010,""width"":64,""height"":76,""offsetX"":11,""offsetY"":-49},{""draw_frame"":11,""index"":2011,""width"":64,""height"":76,""offsetX"":11,""offsetY"":-49},{""draw_frame"":12,""index"":2012,""width"":64,""height"":76,""offsetX"":12,""offsetY"":-49},{""draw_frame"":13,""index"":2013,""width"":64,""height"":76,""offsetX"":11,""offsetY"":-49}],""body_frame_formula"":""draw_frame + 2*1000""},""level"":18,""is_boss"":false}]"	27	Skeleton	Skeleton	1		explicit-identity-plus-MonsterLookup-probe	"[""website JSON record and source description"",""website image path/sha256/size"",""current MonsterInfo identity/level/Boss fields"",""GodotClient/Formats/MonsterLookup.cs"",""Mon-*.Zl header/body-frame probe"",""duplicate-image and candidate conflict audit""]"	medium	confirmed		True	display-name-plan-only
mob-30	掷斧骷髅	天然洞穴	../images/mob/pic/05.gif	"{""present"":true,""path"":""/home/tetsuya/development/mir3-website/images/mob/pic/05.gif"",""bytes"":4205,""sha256"":""f3669b1c8ecdfdffafec0a7d0cfda9eeed09260f3e7892b7640a28bc2f415e6e"",""width"":139,""height"":106,""mode"":""P"",""frames"":1,""format"":""GIF""}"	死去的奥玛复苏的另一种形式，也出现在地牢里。它们双手挥舞并投掷沉重的斧头。他们一起进攻时通常掷出斧头后就离开，所以很难杀掉他们。	"[{""index"":26,""internal_name"":""Skeleton Axeman"",""image"":""SkeletonAxeMan"",""race"":null,""shape"":4,""resource"":{""status"":""ok"",""library"":""Mon-4"",""library_number"":4,""shape"":4,""source"":""/home/tetsuya/development/zircon/GodotClient/Formats/MonsterLookup.cs"",""path"":""/home/tetsuya/development/zircon/Debug/Client/Data/Mon-4.Zl"",""library_count"":10000,""nonblank_probe_frames_0_99"":44,""sample_frames"":[{""draw_frame"":0,""index"":4000,""width"":88,""height"":82,""offsetX"":-7,""offsetY"":-60},{""draw_frame"":1,""index"":4001,""width"":88,""height"":82,""offsetX"":-7,""offsetY"":-60},{""draw_frame"":2,""index"":4002,""width"":88,""height"":82,""offsetX"":-7,""offsetY"":-61},{""draw_frame"":3,""index"":4003,""width"":88,""height"":82,""offsetX"":-7,""offsetY"":-61},{""draw_frame"":10,""index"":4010,""width"":80,""height"":84,""offsetX"":5,""offsetY"":-59},{""draw_frame"":11,""index"":4011,""width"":80,""height"":84,""offsetX"":5,""offsetY"":-59},{""draw_frame"":12,""index"":4012,""width"":80,""height"":84,""offsetX"":5,""offsetY"":-59},{""draw_frame"":13,""index"":4013,""width"":80,""height"":86,""offsetX"":5,""offsetY"":-60}],""body_frame_formula"":""draw_frame + 4*1000""},""level"":18,""is_boss"":false},{""index"":28,""internal_name"":""Skeleton Axe Thrower"",""image"":""SkeletonAxeThrower"",""race"":null,""shape"":3,""resource"":{""status"":""ok"",""library"":""Mon-4"",""library_number"":4,""shape"":3,""source"":""/home/tetsuya/development/zircon/GodotClient/Formats/MonsterLookup.cs"",""path"":""/home/tetsuya/development/zircon/Debug/Client/Data/Mon-4.Zl"",""library_count"":10000,""nonblank_probe_frames_0_99"":44,""sample_frames"":[{""draw_frame"":0,""index"":3000,""width"":56,""height"":74,""offsetX"":-4,""offsetY"":-52},{""draw_frame"":1,""index"":3001,""width"":56,""height"":74,""offsetX"":-4,""offsetY"":-52},{""draw_frame"":2,""index"":3002,""width"":56,""height"":74,""offsetX"":-4,""offsetY"":-52},{""draw_frame"":3,""index"":3003,""width"":56,""height"":74,""offsetX"":-4,""offsetY"":-52},{""draw_frame"":10,""index"":3010,""width"":60,""height"":76,""offsetX"":10,""offsetY"":-50},{""draw_frame"":11,""index"":3011,""width"":60,""height"":76,""offsetX"":10,""offsetY"":-50},{""draw_frame"":12,""index"":3012,""width"":60,""height"":76,""offsetX"":10,""offsetY"":-50},{""draw_frame"":13,""index"":3013,""width"":60,""height"":76,""offsetX"":10,""offsetY"":-50}],""body_frame_formula"":""draw_frame + 3*1000""},""level"":18,""is_boss"":false}]"				2		identity/resource-candidate-conflict	"[""website JSON record and source description"",""website image path/sha256/size"",""current MonsterInfo identity/level/Boss fields"",""GodotClient/Formats/MonsterLookup.cs"",""Mon-*.Zl header/body-frame probe"",""duplicate-image and candidate conflict audit""]"	medium	investigate	multiple candidates or duplicate website identity; no automatic choice	True	retain-current
mob-31	骷髅战士	天然洞穴	../images/mob/pic/52.gif	"{""present"":true,""path"":""/home/tetsuya/development/mir3-website/images/mob/pic/52.gif"",""bytes"":4714,""sha256"":""7d2d1d8f3b65d19f259d97841014af1bd6bb0e55d3e8098a64f424aa34b32911"",""width"":139,""height"":106,""mode"":""P"",""frames"":1,""format"":""GIF""}"	在地牢里，骨头战士双手挥舞着大斧，有强大的攻击力和能量，所以很难被杀死。	"[{""index"":29,""internal_name"":""Skeleton Warrior"",""image"":""SkeletonWarrior"",""race"":null,""shape"":5,""resource"":{""status"":""ok"",""library"":""Mon-4"",""library_number"":4,""shape"":5,""source"":""/home/tetsuya/development/zircon/GodotClient/Formats/MonsterLookup.cs"",""path"":""/home/tetsuya/development/zircon/Debug/Client/Data/Mon-4.Zl"",""library_count"":10000,""nonblank_probe_frames_0_99"":44,""sample_frames"":[{""draw_frame"":0,""index"":5000,""width"":100,""height"":76,""offsetX"":-10,""offsetY"":-54},{""draw_frame"":1,""index"":5001,""width"":100,""height"":76,""offsetX"":-10,""offsetY"":-54},{""draw_frame"":2,""index"":5002,""width"":100,""height"":76,""offsetX"":-10,""offsetY"":-54},{""draw_frame"":3,""index"":5003,""width"":100,""height"":76,""offsetX"":-10,""offsetY"":-55},{""draw_frame"":10,""index"":5010,""width"":96,""height"":76,""offsetX"":10,""offsetY"":-51},{""draw_frame"":11,""index"":5011,""width"":96,""height"":76,""offsetX"":10,""offsetY"":-51},{""draw_frame"":12,""index"":5012,""width"":96,""height"":76,""offsetX"":10,""offsetY"":-51},{""draw_frame"":13,""index"":5013,""width"":96,""height"":78,""offsetX"":10,""offsetY"":-52}],""body_frame_formula"":""draw_frame + 5*1000""},""level"":18,""is_boss"":false}]"	29	Skeleton Warrior	SkeletonWarrior	1		explicit-identity-plus-MonsterLookup-probe	"[""website JSON record and source description"",""website image path/sha256/size"",""current MonsterInfo identity/level/Boss fields"",""GodotClient/Formats/MonsterLookup.cs"",""Mon-*.Zl header/body-frame probe"",""duplicate-image and candidate conflict audit""]"	medium	confirmed		True	display-name-plan-only
mob-32	骷髅战将	天然洞穴	../images/mob/pic/06.gif	"{""present"":true,""path"":""/home/tetsuya/development/mir3-website/images/mob/pic/06.gif"",""bytes"":5367,""sha256"":""762b56e8a34f49fa47c26d2061c8f6f39eea81c59ff85fb24ac4697d7589e401"",""width"":139,""height"":106,""mode"":""P"",""frames"":1,""format"":""GIF""}"	你会在奥玛坟墓的第二层和自然谷发现他们。在所有的骷髅类角色中他们有相对强大的攻击力和能量。尽管它们难以单独对付，但在群起进攻时却要比你想象得容易些。	"[{""index"":30,""internal_name"":""Skeleton Lord"",""image"":""SkeletonLord"",""race"":null,""shape"":6,""resource"":{""status"":""ok"",""library"":""Mon-4"",""library_number"":4,""shape"":6,""source"":""/home/tetsuya/development/zircon/GodotClient/Formats/MonsterLookup.cs"",""path"":""/home/tetsuya/development/zircon/Debug/Client/Data/Mon-4.Zl"",""library_count"":10000,""nonblank_probe_frames_0_99"":44,""sample_frames"":[{""draw_frame"":0,""index"":6000,""width"":64,""height"":112,""offsetX"":-8,""offsetY"":-68},{""draw_frame"":1,""index"":6001,""width"":64,""height"":108,""offsetX"":-7,""offsetY"":-68},{""draw_frame"":2,""index"":6002,""width"":64,""height"":110,""offsetX"":-6,""offsetY"":-68},{""draw_frame"":3,""index"":6003,""width"":64,""height"":110,""offsetX"":-7,""offsetY"":-68},{""draw_frame"":10,""index"":6010,""width"":96,""height"":108,""offsetX"":-31,""offsetY"":-65},{""draw_frame"":11,""index"":6011,""width"":96,""height"":108,""offsetX"":-30,""offsetY"":-65},{""draw_frame"":12,""index"":6012,""width"":96,""height"":110,""offsetX"":-29,""offsetY"":-65},{""draw_frame"":13,""index"":6013,""width"":96,""height"":108,""offsetX"":-30,""offsetY"":-65}],""body_frame_formula"":""draw_frame + 6*1000""},""level"":250,""is_boss"":true},{""index"":37,""internal_name"":""Ghoul Champion"",""image"":""GhoulChampion"",""race"":null,""shape"":3,""resource"":{""status"":""ok"",""library"":""Mon-6"",""library_number"":6,""shape"":3,""source"":""/home/tetsuya/development/zircon/GodotClient/Formats/MonsterLookup.cs"",""path"":""/home/tetsuya/development/zircon/Debug/Client/Data/Mon-6.Zl"",""library_count"":10000,""nonblank_probe_frames_0_99"":44,""sample_frames"":[{""draw_frame"":0,""index"":3000,""width"":108,""height"":84,""offsetX"":-41,""offsetY"":-58},{""draw_frame"":1,""index"":3001,""width"":112,""height"":84,""offsetX"":-41,""offsetY"":-58},{""draw_frame"":2,""index"":3002,""width"":108,""height"":86,""offsetX"":-37,""offsetY"":-59},{""draw_frame"":3,""index"":3003,""width"":108,""height"":84,""offsetX"":-39,""offsetY"":-58},{""draw_frame"":10,""index"":3010,""width"":84,""height"":96,""offsetX"":-23,""offsetY"":-58},{""draw_frame"":11,""index"":3011,""width"":92,""height"":92,""offsetX"":-23,""offsetY"":-56},{""draw_frame"":12,""index"":3012,""width"":92,""height"":92,""offsetX"":-24,""offsetY"":-58},{""draw_frame"":13,""index"":3013,""width"":80,""height"":96,""offsetX"":-19,""offsetY"":-60}],""body_frame_formula"":""draw_frame + 3*1000""},""level"":250,""is_boss"":true}]"				2		identity/resource-candidate-conflict	"[""website JSON record and source description"",""website image path/sha256/size"",""current MonsterInfo identity/level/Boss fields"",""GodotClient/Formats/MonsterLookup.cs"",""Mon-*.Zl header/body-frame probe"",""duplicate-image and candidate conflict audit""]"	medium	investigate	multiple candidates or duplicate website identity; no automatic choice	True	retain-current
mob-33	骷髅精灵	天然洞穴	../images/mob/pic/07.gif	"{""present"":true,""path"":""/home/tetsuya/development/mir3-website/images/mob/pic/07.gif"",""bytes"":5659,""sha256"":""cea632f4fcb561b8beecfdf44a685f5bbd22de88f0a41e2f856a1f5ae2674f8f"",""width"":139,""height"":106,""mode"":""P"",""frames"":1,""format"":""GIF""}"	"也出现在地牢里，并可以肯定是半兽勇士死去后的重生，有着恶魔般的红色外表。不象其它骷髅类，它们行动迅速。不是重复简单模式的攻击，而是用一种叫做""Bigacha""的武器，同时进行进攻和防御的组合式的复杂攻击。这是一种可怕的怪物，具有强大的能量、敏捷的动作和致命的破坏力量。"	[]				0		all-evidence-paths-exhausted-no-closed-candidate	"[""website JSON record and source description"",""website image path/sha256/size"",""current MonsterInfo identity/level/Boss fields"",""GodotClient/Formats/MonsterLookup.cs"",""Mon-*.Zl header/body-frame probe"",""duplicate-image and candidate conflict audit""]"	pending	pending	no stable DB candidate after name/identity/resource/region checks	True	retain-current
mob-34	蜘蛛娃	银杏废矿	../images/mob/pic/eun_01.gif	"{""present"":true,""path"":""/home/tetsuya/development/mir3-website/images/mob/pic/eun_01.gif"",""bytes"":4190,""sha256"":""04982aa4af41d3ef996d0030d98d82196a727b61c9694a8be9f16d3ab88128da"",""width"":139,""height"":106,""mode"":""P"",""frames"":1,""format"":""GIF""}"	生活在银杏村周围废矿里的奇怪的虫子。它的样子像是把青蛙和蜘蛛糅合在了一起了。不要小看它长的小，它会在瞬间靠近你，用锋利的牙齿，给你致命伤。而且他的分泌液含有很强的毒性，一不小心就会中毒。	[]				0		all-evidence-paths-exhausted-no-closed-candidate	"[""website JSON record and source description"",""website image path/sha256/size"",""current MonsterInfo identity/level/Boss fields"",""GodotClient/Formats/MonsterLookup.cs"",""Mon-*.Zl header/body-frame probe"",""duplicate-image and candidate conflict audit""]"	pending	pending	no stable DB candidate after name/identity/resource/region checks	True	retain-current
mob-35	胞眼虫	银杏废矿	../images/mob/pic/eun_02.gif	"{""present"":true,""path"":""/home/tetsuya/development/mir3-website/images/mob/pic/eun_02.gif"",""bytes"":3219,""sha256"":""0f625a0fa5773cf104324d473decc255280b98d1ce0e6657e5ca1e99adcc9789"",""width"":139,""height"":106,""mode"":""P"",""frames"":1,""format"":""GIF""}"	生活在银杏村周围废矿里的奇怪的虫子，只有一只大眼睛和两只脚。它用它的大眼睛攻击你，虽然不能远距离进攻，一旦触到敌人身上，它就会爆炸。不要被它可爱小巧的外形骗了哦。	[]				0		all-evidence-paths-exhausted-no-closed-candidate	"[""website JSON record and source description"",""website image path/sha256/size"",""current MonsterInfo identity/level/Boss fields"",""GodotClient/Formats/MonsterLookup.cs"",""Mon-*.Zl header/body-frame probe"",""duplicate-image and candidate conflict audit""]"	pending	pending	no stable DB candidate after name/identity/resource/region checks	True	retain-current
mob-36	胞眼虫	银杏废矿	../images/mob/pic/eun_03.gif	"{""present"":true,""path"":""/home/tetsuya/development/mir3-website/images/mob/pic/eun_03.gif"",""bytes"":3202,""sha256"":""87a3007f12a2abf6d84678cf68aa77a654e8a0ee94a5995fc9d605179212389d"",""width"":139,""height"":106,""mode"":""P"",""frames"":1,""format"":""GIF""}"	生活在银杏村周围废矿里的奇怪的虫子，只有一只大眼睛和两只脚。它用它的大眼睛攻击你，虽然不能远距离进攻，一旦触到敌人身上，它就会爆炸。不要被它可爱小巧的外形骗了哦。	[]				0		all-evidence-paths-exhausted-no-closed-candidate	"[""website JSON record and source description"",""website image path/sha256/size"",""current MonsterInfo identity/level/Boss fields"",""GodotClient/Formats/MonsterLookup.cs"",""Mon-*.Zl header/body-frame probe"",""duplicate-image and candidate conflict audit""]"	pending	pending	no stable DB candidate after name/identity/resource/region checks	True	retain-current
mob-37	多脚虫	银杏废矿	../images/mob/pic/eun_04.gif	"{""present"":true,""path"":""/home/tetsuya/development/mir3-website/images/mob/pic/eun_04.gif"",""bytes"":5906,""sha256"":""7ecff99447c24e2e2e83f8f55d0b32309797aa3e8957a602f61fd427d86a1efc"",""width"":139,""height"":106,""mode"":""P"",""frames"":1,""format"":""GIF""}"	生活在银杏村周围的废矿里的奇怪的虫子，头上有无数只眼睛。它乍一看相只蜘蛛，走路一跳一跳的，发现食物就用大嘴和锋利的牙齿咬碎。如果敌人在远处，他就发射头上的眼睛来攻击。	[]				0		all-evidence-paths-exhausted-no-closed-candidate	"[""website JSON record and source description"",""website image path/sha256/size"",""current MonsterInfo identity/level/Boss fields"",""GodotClient/Formats/MonsterLookup.cs"",""Mon-*.Zl header/body-frame probe"",""duplicate-image and candidate conflict audit""]"	pending	pending	no stable DB candidate after name/identity/resource/region checks	True	retain-current
mob-38	多脚虫	银杏废矿	../images/mob/pic/eun_05.gif	"{""present"":true,""path"":""/home/tetsuya/development/mir3-website/images/mob/pic/eun_05.gif"",""bytes"":5789,""sha256"":""e08cba7327c6423824b237d998a61dc330e17cb3e6b8d71943aaccf0a920e177"",""width"":139,""height"":106,""mode"":""P"",""frames"":1,""format"":""GIF""}"	生活在银杏村周围的废矿里的奇怪的虫子，头上有无数只眼睛。它乍一看相只蜘蛛，走路一跳一跳的，发现食物就用大嘴和锋利的牙齿咬碎。如果敌人在远处，他就发射头上的眼睛来攻击。	[]				0		all-evidence-paths-exhausted-no-closed-candidate	"[""website JSON record and source description"",""website image path/sha256/size"",""current MonsterInfo identity/level/Boss fields"",""GodotClient/Formats/MonsterLookup.cs"",""Mon-*.Zl header/body-frame probe"",""duplicate-image and candidate conflict audit""]"	pending	pending	no stable DB candidate after name/identity/resource/region checks	True	retain-current
mob-39	红甲虫	银杏废矿	../images/mob/pic/eun_01.gif	"{""present"":true,""path"":""/home/tetsuya/development/mir3-website/images/mob/pic/eun_01.gif"",""bytes"":4190,""sha256"":""04982aa4af41d3ef996d0030d98d82196a727b61c9694a8be9f16d3ab88128da"",""width"":139,""height"":106,""mode"":""P"",""frames"":1,""format"":""GIF""}"	小boss 暴钱,神水,祝福油	[]				0		all-evidence-paths-exhausted-no-closed-candidate	"[""website JSON record and source description"",""website image path/sha256/size"",""current MonsterInfo identity/level/Boss fields"",""GodotClient/Formats/MonsterLookup.cs"",""Mon-*.Zl header/body-frame probe"",""duplicate-image and candidate conflict audit""]"	pending	pending	no stable DB candidate after name/identity/resource/region checks	True	retain-current
mob-40	僵尸	矿区	../images/mob/pic/16.gif	"{""present"":true,""path"":""/home/tetsuya/development/mir3-website/images/mob/pic/16.gif"",""bytes"":3371,""sha256"":""bda9f47ef6ccccf53b8cd4b5711cc2c8a8408156259e2ae73474e38fa77cea6a"",""width"":139,""height"":106,""mode"":""P"",""frames"":1,""format"":""GIF""}"	僵尸原先是一个矿山中的矿工。矿山在奇怪力量导致的地震中坍塌，他们被困其中。他们死去后重生为僵尸。他们有再生的力量，最终消亡前可以再生三次。一些僵尸会在人们接近时从地下迸出来，主要以手猛击的方式攻击，但有时会咬你。消灭的方法只有完全烧毁或弄成碎片。	"[{""index"":60,""internal_name"":""Blood Thristy Zombie"",""image"":""BloodThirstyGhoul"",""race"":null,""shape"":2,""resource"":{""status"":""ok"",""library"":""Mon-5"",""library_number"":5,""shape"":2,""source"":""/home/tetsuya/development/zircon/GodotClient/Formats/MonsterLookup.cs"",""path"":""/home/tetsuya/development/zircon/Debug/Client/Data/Mon-5.Zl"",""library_count"":10000,""nonblank_probe_frames_0_99"":44,""sample_frames"":[{""draw_frame"":0,""index"":2000,""width"":80,""height"":124,""offsetX"":-21,""offsetY"":-102},{""draw_frame"":1,""index"":2001,""width"":80,""height"":122,""offsetX"":-21,""offsetY"":-99},{""draw_frame"":2,""index"":2002,""width"":80,""height"":120,""offsetX"":-22,""offsetY"":-97},{""draw_frame"":3,""index"":2003,""width"":80,""height"":122,""offsetX"":-22,""offsetY"":-99},{""draw_frame"":10,""index"":2010,""width"":64,""height"":128,""offsetX"":4,""offsetY"":-98},{""draw_frame"":11,""index"":2011,""width"":64,""height"":124,""offsetX"":5,""offsetY"":-94},{""draw_frame"":12,""index"":2012,""width"":68,""height"":120,""offsetX"":5,""offsetY"":-91},{""draw_frame"":13,""index"":2013,""width"":68,""height"":124,""offsetX"":2,""offsetY"":-94}],""body_frame_formula"":""draw_frame + 2*1000""},""level"":250,""is_boss"":true}]"	60	Blood Thristy Zombie	BloodThirstyGhoul	1		explicit-identity-plus-MonsterLookup-probe	"[""website JSON record and source description"",""website image path/sha256/size"",""current MonsterInfo identity/level/Boss fields"",""GodotClient/Formats/MonsterLookup.cs"",""Mon-*.Zl header/body-frame probe"",""duplicate-image and candidate conflict audit""]"	medium	confirmed		True	display-name-plan-only
mob-41	烂僵尸	矿区	../images/mob/pic/17.gif	"{""present"":true,""path"":""/home/tetsuya/development/mir3-website/images/mob/pic/17.gif"",""bytes"":5548,""sha256"":""e5a590881c0375cf5df0626ad84baea01b2bc41655a294f9d51421687627ca16"",""width"":139,""height"":106,""mode"":""P"",""frames"":1,""format"":""GIF""}"	由腐烂程度较深的尸体复活而成，缺胳膊少腿四肢不全，只能爬行移动。不容易被发现，他们抓住人腿或用手抓破攻击。他具有复活力，可以重生很多次。只能像对付僵尸一样，将他打碎。但以为他是爬行的，速度慢，所以容易逃走。	"[{""index"":57,""internal_name"":""Rotting Ghoul"",""image"":""RottingGhoul"",""race"":null,""shape"":8,""resource"":{""status"":""ok"",""library"":""Mon-14"",""library_number"":14,""shape"":8,""source"":""/home/tetsuya/development/zircon/GodotClient/Formats/MonsterLookup.cs"",""path"":""/home/tetsuya/development/zircon/Debug/Client/Data/Mon-14.Zl"",""library_count"":10000,""nonblank_probe_frames_0_99"":44,""sample_frames"":[{""draw_frame"":0,""index"":8000,""width"":52,""height"":76,""offsetX"":3,""offsetY"":-53},{""draw_frame"":1,""index"":8001,""width"":56,""height"":76,""offsetX"":2,""offsetY"":-53},{""draw_frame"":2,""index"":8002,""width"":52,""height"":76,""offsetX"":2,""offsetY"":-53},{""draw_frame"":3,""index"":8003,""width"":52,""height"":76,""offsetX"":1,""offsetY"":-53},{""draw_frame"":10,""index"":8010,""width"":48,""height"":68,""offsetX"":4,""offsetY"":-50},{""draw_frame"":11,""index"":8011,""width"":44,""height"":68,""offsetX"":4,""offsetY"":-50},{""draw_frame"":12,""index"":8012,""width"":44,""height"":68,""offsetX"":3,""offsetY"":-49},{""draw_frame"":13,""index"":8013,""width"":44,""height"":68,""offsetX"":4,""offsetY"":-50}],""body_frame_formula"":""draw_frame + 8*1000""},""level"":25,""is_boss"":false}]"	57	Rotting Ghoul	RottingGhoul	1		explicit-identity-plus-MonsterLookup-probe	"[""website JSON record and source description"",""website image path/sha256/size"",""current MonsterInfo identity/level/Boss fields"",""GodotClient/Formats/MonsterLookup.cs"",""Mon-*.Zl header/body-frame probe"",""duplicate-image and candidate conflict audit""]"	medium	confirmed		True	display-name-plan-only
mob-42	老道僵尸	矿区	../images/mob/pic/18.gif	"{""present"":true,""path"":""/home/tetsuya/development/mir3-website/images/mob/pic/18.gif"",""bytes"":4268,""sha256"":""257edca202ea17438d568da427dd8a6ca38f86344c131da73c55c315b781bf03"",""width"":139,""height"":106,""mode"":""P"",""frames"":1,""format"":""GIF""}"	除了全身有看不懂的文字，和一般僵尸没什么两样。他也是主要以露着骨头的手猛击的方式攻击，如果不完全烧毁或弄碎，他仍会复活。	"[{""index"":32,""internal_name"":""GhostSorcerer"",""image"":""GhostSorcerer"",""race"":null,""shape"":8,""resource"":{""status"":""ok"",""library"":""Mon-5"",""library_number"":5,""shape"":8,""source"":""/home/tetsuya/development/zircon/GodotClient/Formats/MonsterLookup.cs"",""path"":""/home/tetsuya/development/zircon/Debug/Client/Data/Mon-5.Zl"",""library_count"":10000,""nonblank_probe_frames_0_99"":44,""sample_frames"":[{""draw_frame"":0,""index"":8000,""width"":44,""height"":76,""offsetX"":1,""offsetY"":-55},{""draw_frame"":1,""index"":8001,""width"":40,""height"":76,""offsetX"":4,""offsetY"":-55},{""draw_frame"":2,""index"":8002,""width"":40,""height"":76,""offsetX"":7,""offsetY"":-54},{""draw_frame"":3,""index"":8003,""width"":44,""height"":76,""offsetX"":5,""offsetY"":-54},{""draw_frame"":10,""index"":8010,""width"":40,""height"":78,""offsetX"":6,""offsetY"":-54},{""draw_frame"":11,""index"":8011,""width"":36,""height"":76,""offsetX"":7,""offsetY"":-53},{""draw_frame"":12,""index"":8012,""width"":32,""height"":76,""offsetX"":11,""offsetY"":-52},{""draw_frame"":13,""index"":8013,""width"":32,""height"":76,""offsetX"":11,""offsetY"":-53}],""body_frame_formula"":""draw_frame + 8*1000""},""level"":20,""is_boss"":false}]"	32	GhostSorcerer	GhostSorcerer	1		explicit-identity-plus-MonsterLookup-probe	"[""website JSON record and source description"",""website image path/sha256/size"",""current MonsterInfo identity/level/Boss fields"",""GodotClient/Formats/MonsterLookup.cs"",""Mon-*.Zl header/body-frame probe"",""duplicate-image and candidate conflict audit""]"	medium	confirmed		True	display-name-plan-only
mob-43	法老僵尸	矿区	../images/mob/pic/19.gif	"{""present"":true,""path"":""/home/tetsuya/development/mir3-website/images/mob/pic/19.gif"",""bytes"":3613,""sha256"":""aae62ce75d122a7cde283ff6f06ffc3d5821bb7648b8fcd10ec14fe4ab6dace2"",""width"":139,""height"":106,""mode"":""P"",""frames"":1,""format"":""GIF""}"	是因犯下错误而被赶出庙的和尚的尸体受山洞中奇怪力量复活而成。平常在地下，一旦听到有脚步声就会从地下爬出来，用双手猛抓。和其他僵尸不同，他不能重生。	"[{""index"":37,""internal_name"":""Ghoul Champion"",""image"":""GhoulChampion"",""race"":null,""shape"":3,""resource"":{""status"":""ok"",""library"":""Mon-6"",""library_number"":6,""shape"":3,""source"":""/home/tetsuya/development/zircon/GodotClient/Formats/MonsterLookup.cs"",""path"":""/home/tetsuya/development/zircon/Debug/Client/Data/Mon-6.Zl"",""library_count"":10000,""nonblank_probe_frames_0_99"":44,""sample_frames"":[{""draw_frame"":0,""index"":3000,""width"":108,""height"":84,""offsetX"":-41,""offsetY"":-58},{""draw_frame"":1,""index"":3001,""width"":112,""height"":84,""offsetX"":-41,""offsetY"":-58},{""draw_frame"":2,""index"":3002,""width"":108,""height"":86,""offsetX"":-37,""offsetY"":-59},{""draw_frame"":3,""index"":3003,""width"":108,""height"":84,""offsetX"":-39,""offsetY"":-58},{""draw_frame"":10,""index"":3010,""width"":84,""height"":96,""offsetX"":-23,""offsetY"":-58},{""draw_frame"":11,""index"":3011,""width"":92,""height"":92,""offsetX"":-23,""offsetY"":-56},{""draw_frame"":12,""index"":3012,""width"":92,""height"":92,""offsetX"":-24,""offsetY"":-58},{""draw_frame"":13,""index"":3013,""width"":80,""height"":96,""offsetX"":-19,""offsetY"":-60}],""body_frame_formula"":""draw_frame + 3*1000""},""level"":250,""is_boss"":true}]"	37	Ghoul Champion	GhoulChampion	1		explicit-identity-plus-MonsterLookup-probe	"[""website JSON record and source description"",""website image path/sha256/size"",""current MonsterInfo identity/level/Boss fields"",""GodotClient/Formats/MonsterLookup.cs"",""Mon-*.Zl header/body-frame probe"",""duplicate-image and candidate conflict audit""]"	medium	confirmed		True	display-name-plan-only
mob-44	魔咒僵尸	矿区	../images/mob/pic/20.gif	"{""present"":true,""path"":""/home/tetsuya/development/mir3-website/images/mob/pic/20.gif"",""bytes"":4192,""sha256"":""114e7747785e24ad218c46501cd74c6122c464215285aa73d1264ae99f6a73b5"",""width"":139,""height"":106,""mode"":""P"",""frames"":1,""format"":""GIF""}"	他生前是使用强有力的魔法的法师，他的尸体原先放在山洞附近，是受奇怪力量作用成为僵尸，会使用强大的电击魔法。这种魔法使聚在一起的人同时受攻击，所以最好尽量散开。	"[{""index"":33,""internal_name"":""Ghost Mage"",""image"":""GhostMage"",""race"":null,""shape"":9,""resource"":{""status"":""ok"",""library"":""Mon-5"",""library_number"":5,""shape"":9,""source"":""/home/tetsuya/development/zircon/GodotClient/Formats/MonsterLookup.cs"",""path"":""/home/tetsuya/development/zircon/Debug/Client/Data/Mon-5.Zl"",""library_count"":10000,""nonblank_probe_frames_0_99"":44,""sample_frames"":[{""draw_frame"":0,""index"":9000,""width"":40,""height"":72,""offsetX"":5,""offsetY"":-48},{""draw_frame"":1,""index"":9001,""width"":44,""height"":72,""offsetX"":3,""offsetY"":-47},{""draw_frame"":2,""index"":9002,""width"":48,""height"":74,""offsetX"":1,""offsetY"":-49},{""draw_frame"":3,""index"":9003,""width"":48,""height"":76,""offsetX"":-1,""offsetY"":-51},{""draw_frame"":10,""index"":9010,""width"":40,""height"":78,""offsetX"":12,""offsetY"":-50},{""draw_frame"":11,""index"":9011,""width"":40,""height"":76,""offsetX"":12,""offsetY"":-47},{""draw_frame"":12,""index"":9012,""width"":40,""height"":82,""offsetX"":11,""offsetY"":-52},{""draw_frame"":13,""index"":9013,""width"":40,""height"":80,""offsetX"":12,""offsetY"":-52}],""body_frame_formula"":""draw_frame + 9*1000""},""level"":20,""is_boss"":false}]"	33	Ghost Mage	GhostMage	1		explicit-identity-plus-MonsterLookup-probe	"[""website JSON record and source description"",""website image path/sha256/size"",""current MonsterInfo identity/level/Boss fields"",""GodotClient/Formats/MonsterLookup.cs"",""Mon-*.Zl header/body-frame probe"",""duplicate-image and candidate conflict audit""]"	medium	confirmed		True	display-name-plan-only
mob-45	尸王	矿区	../images/mob/pic/21.gif	"{""present"":true,""path"":""/home/tetsuya/development/mir3-website/images/mob/pic/21.gif"",""bytes"":5240,""sha256"":""23151b533879596458069b07bf5d4455b256dffc197c249ded00fe77488be404"",""width"":139,""height"":106,""mode"":""P"",""frames"":1,""format"":""GIF""}"	尸王是僵尸之王，生活在死矿中。它能在死尸中注入奇怪的气体使他们成为僵尸。原先他拥有强大的魔力，但都消耗在制造僵尸，现在他正试图找回这种力量。如果人们经过死矿，它会用任意支配的能力和缠绕在身体上的铁链杀死他们。 尸王 生命：750 经验值：1500 所爆物品： 所有书籍	"[{""index"":56,""internal_name"":""Lord Ji'Nae"",""image"":""LordNiJae"",""race"":null,""shape"":7,""resource"":{""status"":""ok"",""library"":""Mon-7"",""library_number"":7,""shape"":7,""source"":""/home/tetsuya/development/zircon/GodotClient/Formats/MonsterLookup.cs"",""path"":""/home/tetsuya/development/zircon/Debug/Client/Data/Mon-7.Zl"",""library_count"":10000,""nonblank_probe_frames_0_99"":4,""sample_frames"":[{""draw_frame"":0,""index"":7000,""width"":236,""height"":262,""offsetX"":-90,""offsetY"":-156},{""draw_frame"":1,""index"":7001,""width"":224,""height"":308,""offsetX"":-73,""offsetY"":-202},{""draw_frame"":2,""index"":7002,""width"":216,""height"":296,""offsetX"":-72,""offsetY"":-189},{""draw_frame"":3,""index"":7003,""width"":232,""height"":314,""offsetX"":-78,""offsetY"":-208}],""body_frame_formula"":""draw_frame + 7*1000""},""level"":250,""is_boss"":true},{""index"":59,""internal_name"":""Blood Thristy Ghoul"",""image"":""BloodThirstyGhoul"",""race"":null,""shape"":2,""resource"":{""status"":""ok"",""library"":""Mon-5"",""library_number"":5,""shape"":2,""source"":""/home/tetsuya/development/zircon/GodotClient/Formats/MonsterLookup.cs"",""path"":""/home/tetsuya/development/zircon/Debug/Client/Data/Mon-5.Zl"",""library_count"":10000,""nonblank_probe_frames_0_99"":44,""sample_frames"":[{""draw_frame"":0,""index"":2000,""width"":80,""height"":124,""offsetX"":-21,""offsetY"":-102},{""draw_frame"":1,""index"":2001,""width"":80,""height"":122,""offsetX"":-21,""offsetY"":-99},{""draw_frame"":2,""index"":2002,""width"":80,""height"":120,""offsetX"":-22,""offsetY"":-97},{""draw_frame"":3,""index"":2003,""width"":80,""height"":122,""offsetX"":-22,""offsetY"":-99},{""draw_frame"":10,""index"":2010,""width"":64,""height"":128,""offsetX"":4,""offsetY"":-98},{""draw_frame"":11,""index"":2011,""width"":64,""height"":124,""offsetX"":5,""offsetY"":-94},{""draw_frame"":12,""index"":2012,""width"":68,""height"":120,""offsetX"":5,""offsetY"":-91},{""draw_frame"":13,""index"":2013,""width"":68,""height"":124,""offsetX"":2,""offsetY"":-94}],""body_frame_formula"":""draw_frame + 2*1000""},""level"":250,""is_boss"":true},{""index"":105,""internal_name"":""Death Lord Jichon"",""image"":""DeathLordJichon"",""race"":null,""shape"":8,""resource"":{""status"":""ok"",""library"":""Mon-20"",""library_number"":20,""shape"":8,""source"":""/home/tetsuya/development/zircon/GodotClient/Formats/MonsterLookup.cs"",""path"":""/home/tetsuya/development/zircon/Debug/Client/Data/Mon-20.Zl"",""library_count"":10000,""nonblank_probe_frames_0_99"":44,""sample_frames"":[{""draw_frame"":0,""index"":8000,""width"":72,""height"":142,""offsetX"":-9,""offsetY"":-95},{""draw_frame"":1,""index"":8001,""width"":68,""height"":140,""offsetX"":-9,""offsetY"":-94},{""draw_frame"":2,""index"":8002,""width"":68,""height"":138,""offsetX"":-9,""offsetY"":-94},{""draw_frame"":3,""index"":8003,""width"":68,""height"":138,""offsetX"":-9,""offsetY"":-95},{""draw_frame"":10,""index"":8010,""width"":92,""height"":122,""offsetX"":-40,""offsetY"":-94},{""draw_frame"":11,""index"":8011,""width"":92,""height"":120,""offsetX"":-40,""offsetY"":-93},{""draw_frame"":12,""index"":8012,""width"":84,""height"":122,""offsetX"":-36,""offsetY"":-93},{""draw_frame"":13,""index"":8013,""width"":84,""height"":122,""offsetX"":-35,""offsetY"":-94}],""body_frame_formula"":""draw_frame + 8*1000""},""level"":250,""is_boss"":false}]"				3		identity/resource-candidate-conflict	"[""website JSON record and source description"",""website image path/sha256/size"",""current MonsterInfo identity/level/Boss fields"",""GodotClient/Formats/MonsterLookup.cs"",""Mon-*.Zl header/body-frame probe"",""duplicate-image and candidate conflict audit""]"	medium	investigate	multiple candidates or duplicate website identity; no automatic choice	True	retain-current
mob-46	浪子人鬼	潘夜岛	../images/mob/pic/65.gif	"{""present"":true,""path"":""/home/tetsuya/development/mir3-website/images/mob/pic/65.gif"",""bytes"":3421,""sha256"":""58897a22edc8a347b3287fbfac8c9d4b95d365abda7c6d678af3148ed129d447"",""width"":139,""height"":106,""mode"":""P"",""frames"":1,""format"":""GIF""}"	他是被派去调查潘夜岛上最近发生的奇怪事件的士兵遭到攻击后，尸体受魔力作用复活的。死去不久，损伤不大。他失去了人的所有记忆，四处飘荡，到处杀生。他用剩下的单臂挥舞大刀，攻击敌人。	[]				0		all-evidence-paths-exhausted-no-closed-candidate	"[""website JSON record and source description"",""website image path/sha256/size"",""current MonsterInfo identity/level/Boss fields"",""GodotClient/Formats/MonsterLookup.cs"",""Mon-*.Zl header/body-frame probe"",""duplicate-image and candidate conflict audit""]"	pending	pending	no stable DB candidate after name/identity/resource/region checks	True	retain-current
mob-47	腐蚀人鬼	潘夜岛	../images/mob/pic/66.gif	"{""present"":true,""path"":""/home/tetsuya/development/mir3-website/images/mob/pic/66.gif"",""bytes"":3870,""sha256"":""6e5770d262721a0a08a5bc8538768fe0cbff79dd68ff67480d6608623a576675"",""width"":139,""height"":106,""mode"":""P"",""frames"":1,""format"":""GIF""}"	他是被派去调查潘夜岛上最近发生的奇怪事件的士兵遭到攻击后，尸体受魔力作用复活的。虽然死去不久，但因体内充满毒气，全身损伤较大。他失去了人的所有记忆，四处飘荡，到处杀生。他喷出体内的毒气攻击敌人。毒汁可喷到较远的距离。	[]				0		all-evidence-paths-exhausted-no-closed-candidate	"[""website JSON record and source description"",""website image path/sha256/size"",""current MonsterInfo identity/level/Boss fields"",""GodotClient/Formats/MonsterLookup.cs"",""Mon-*.Zl header/body-frame probe"",""duplicate-image and candidate conflict audit""]"	pending	pending	no stable DB candidate after name/identity/resource/region checks	True	retain-current
mob-48	沙鬼	沙漠绿洲	../images/mob/pic/mop_12.gif	"{""present"":true,""path"":""/home/tetsuya/development/mir3-website/images/mob/pic/mop_12.gif"",""bytes"":5863,""sha256"":""336db3d2d19cc494145a11882a5db1ee30b0ce736044b0ba303cec30a60850aa"",""width"":139,""height"":106,""mode"":""P"",""frames"":1,""format"":""GIF""}"	平时隐藏起来，一旦行人经过附近，就立刻现身攻击。因为它的身体是沙子组成的， 所以在沙漠里它出现或消失都很隐蔽。. 级别高的沙鬼遇到危险时，会变成沙粒散落，待体力恢复后又会重新聚集身体。	[]				0		all-evidence-paths-exhausted-no-closed-candidate	"[""website JSON record and source description"",""website image path/sha256/size"",""current MonsterInfo identity/level/Boss fields"",""GodotClient/Formats/MonsterLookup.cs"",""Mon-*.Zl header/body-frame probe"",""duplicate-image and candidate conflict audit""]"	pending	pending	no stable DB candidate after name/identity/resource/region checks	True	retain-current
mob-49	沙漠石人	沙漠绿洲	../images/mob/pic/mop_13.gif	"{""present"":true,""path"":""/home/tetsuya/development/mir3-website/images/mob/pic/mop_13.gif"",""bytes"":5547,""sha256"":""68fb1fb82b4297f088c8df24f815bcc624fa7a6112f6badda26b1b859ee05cfd"",""width"":139,""height"":106,""mode"":""P"",""frames"":1,""format"":""GIF""}"	由石头垒成的巨大怪物。 坚硬的石头身体使他具有超强的攻击力和防御力。 主要现身在戈壁上，有时也会在沙漠深处出现。	[]				0		all-evidence-paths-exhausted-no-closed-candidate	"[""website JSON record and source description"",""website image path/sha256/size"",""current MonsterInfo identity/level/Boss fields"",""GodotClient/Formats/MonsterLookup.cs"",""Mon-*.Zl header/body-frame probe"",""duplicate-image and candidate conflict audit""]"	pending	pending	no stable DB candidate after name/identity/resource/region checks	True	retain-current
mob-50	沙漠树魔	沙漠绿洲	../images/mob/pic/mop_09.gif	"{""present"":true,""path"":""/home/tetsuya/development/mir3-website/images/mob/pic/mop_09.gif"",""bytes"":4169,""sha256"":""53ca50165e83c78e0f25e32db1804ba1b27b9a948a398e9f8d99da6a25b1edcc"",""width"":139,""height"":106,""mode"":""P"",""frames"":1,""format"":""GIF""}"	与沙漠中的仙人掌长得一摸一样，故敌人往往意识不到危险。但敌人靠近时，它会射出带刺的果实发动攻击。它本身并不能移动， 所以只要远离就可以避开它的攻击	[]				0		all-evidence-paths-exhausted-no-closed-candidate	"[""website JSON record and source description"",""website image path/sha256/size"",""current MonsterInfo identity/level/Boss fields"",""GodotClient/Formats/MonsterLookup.cs"",""Mon-*.Zl header/body-frame probe"",""duplicate-image and candidate conflict audit""]"	pending	pending	no stable DB candidate after name/identity/resource/region checks	True	retain-current
mob-51	沙漠蜥蜴	沙漠绿洲	../images/mob/pic/mop_22.gif	"{""present"":true,""path"":""/home/tetsuya/development/mir3-website/images/mob/pic/mop_22.gif"",""bytes"":6857,""sha256"":""b1d09c10f8f74a4bb93de0a3d16321b9cd6a66f453a7ee90ffaae89ca9d43040"",""width"":139,""height"":106,""mode"":""P"",""frames"":1,""format"":""GIF""}"	身长3米（人类身高才1.7米），利用牙齿和尾巴来攻击敌人。锐利的牙齿，尾巴上的针能增强进攻时的威力	[]				0		all-evidence-paths-exhausted-no-closed-candidate	"[""website JSON record and source description"",""website image path/sha256/size"",""current MonsterInfo identity/level/Boss fields"",""GodotClient/Formats/MonsterLookup.cs"",""Mon-*.Zl header/body-frame probe"",""duplicate-image and candidate conflict audit""]"	pending	pending	no stable DB candidate after name/identity/resource/region checks	True	retain-current
mob-52	夜行鬼	沙漠绿洲	../images/mob/pic/mop_14.gif	"{""present"":true,""path"":""/home/tetsuya/development/mir3-website/images/mob/pic/mop_14.gif"",""bytes"":4538,""sha256"":""f08e57ced57547220fb5b2054b5ad205b524d3510f176ad14910e8419ec1c08a"",""width"":139,""height"":106,""mode"":""P"",""frames"":1,""format"":""GIF""}"	它们是在黑暗长夜里游荡在沙漠深处的冤魂。碰到行人时，它们会把行人杀死并夺取其肉体。 夜行鬼掌握了一种恶毒的诅咒，受到这种诅咒的人会防御力下降，而且暂时丧失奔跑能力	[]				0		all-evidence-paths-exhausted-no-closed-candidate	"[""website JSON record and source description"",""website image path/sha256/size"",""current MonsterInfo identity/level/Boss fields"",""GodotClient/Formats/MonsterLookup.cs"",""Mon-*.Zl header/body-frame probe"",""duplicate-image and candidate conflict audit""]"	pending	pending	no stable DB candidate after name/identity/resource/region checks	True	retain-current
mob-53	沙漠鱼魔	沙漠绿洲	../images/mob/pic/ym.jpg	"{""present"":true,""path"":""/home/tetsuya/development/mir3-website/images/mob/pic/ym.jpg"",""bytes"":25712,""sha256"":""11d3a7f81fcf1fa444f897d6a283d50353c313847dccdb9f6304f800612e9061"",""width"":139,""height"":106,""mode"":""RGB"",""frames"":1,""format"":""JPEG""}"	毒非常厉害	[]				0		all-evidence-paths-exhausted-no-closed-candidate	"[""website JSON record and source description"",""website image path/sha256/size"",""current MonsterInfo identity/level/Boss fields"",""GodotClient/Formats/MonsterLookup.cs"",""Mon-*.Zl header/body-frame probe"",""duplicate-image and candidate conflict audit""]"	pending	pending	no stable DB candidate after name/identity/resource/region checks	True	retain-current
mob-54	沙漠风魔	沙漠绿洲	../images/mob/pic/mop_27.gif	"{""present"":true,""path"":""/home/tetsuya/development/mir3-website/images/mob/pic/mop_27.gif"",""bytes"":4725,""sha256"":""b6b2e35cc884f2aed07f0596ed73d5e5f7564f48125e9524759c52308a0341b3"",""width"":139,""height"":106,""mode"":""P"",""frames"":1,""format"":""GIF""}"	由于长期的沙漠生活，导致他的防御力很强，虽然没有直接的攻击力，但是手中的扇子据说可以呼风唤雨，碰到她一定要小心！	[]				0		all-evidence-paths-exhausted-no-closed-candidate	"[""website JSON record and source description"",""website image path/sha256/size"",""current MonsterInfo identity/level/Boss fields"",""GodotClient/Formats/MonsterLookup.cs"",""Mon-*.Zl header/body-frame probe"",""duplicate-image and candidate conflict audit""]"	pending	pending	no stable DB candidate after name/identity/resource/region checks	True	retain-current
mob-55	诺玛	沙漠绿洲	../images/mob/pic/mop_08.gif	"{""present"":true,""path"":""/home/tetsuya/development/mir3-website/images/mob/pic/mop_08.gif"",""bytes"":4813,""sha256"":""97bf35242692549f4316baa3d2bd86ba7972d10cc3771863cfb17481d828ea44"",""width"":139,""height"":106,""mode"":""P"",""frames"":1,""format"":""GIF""}"	诺玛族中属于下级的诺玛，在沙漠里游荡，寻找周边的攻击对象和找出制造各种各样道具的资料来做必要的道具是主任务。当然战斗也是主任务，一旦进入战斗就会拼命打，决不退缩。以自己做的皮衣和用骨头做的护身服和武器来装备自己。	"[{""index"":89,""internal_name"":""Numa Grunt"",""image"":""NumaGrunt"",""race"":null,""shape"":8,""resource"":{""status"":""ok"",""library"":""Mon-13"",""library_number"":13,""shape"":8,""source"":""/home/tetsuya/development/zircon/GodotClient/Formats/MonsterLookup.cs"",""path"":""/home/tetsuya/development/zircon/Debug/Client/Data/Mon-13.Zl"",""library_count"":10000,""nonblank_probe_frames_0_99"":44,""sample_frames"":[{""draw_frame"":0,""index"":8000,""width"":52,""height"":96,""offsetX"":-1,""offsetY"":-71},{""draw_frame"":1,""index"":8001,""width"":52,""height"":96,""offsetX"":0,""offsetY"":-71},{""draw_frame"":2,""index"":8002,""width"":52,""height"":96,""offsetX"":0,""offsetY"":-70},{""draw_frame"":3,""index"":8003,""width"":52,""height"":96,""offsetX"":0,""offsetY"":-71},{""draw_frame"":10,""index"":8010,""width"":64,""height"":100,""offsetX"":5,""offsetY"":-71},{""draw_frame"":11,""index"":8011,""width"":68,""height"":98,""offsetX"":4,""offsetY"":-70},{""draw_frame"":12,""index"":8012,""width"":68,""height"":98,""offsetX"":4,""offsetY"":-69},{""draw_frame"":13,""index"":8013,""width"":64,""height"":98,""offsetX"":6,""offsetY"":-70}],""body_frame_formula"":""draw_frame + 8*1000""},""level"":35,""is_boss"":false}]"	89	Numa Grunt	NumaGrunt	1		explicit-identity-plus-MonsterLookup-probe	"[""website JSON record and source description"",""website image path/sha256/size"",""current MonsterInfo identity/level/Boss fields"",""GodotClient/Formats/MonsterLookup.cs"",""Mon-*.Zl header/body-frame probe"",""duplicate-image and candidate conflict audit""]"	medium	confirmed		True	display-name-plan-only
mob-56	诺玛将士	沙漠绿洲	../images/mob/pic/mop_06.gif	"{""present"":true,""path"":""/home/tetsuya/development/mir3-website/images/mob/pic/mop_06.gif"",""bytes"":5388,""sha256"":""6ad0ffaa94de7bb874113eb1e49496fd8346943a1f0f72362b1715da612e2c03"",""width"":139,""height"":106,""mode"":""P"",""frames"":1,""format"":""GIF""}"	具有很强的体力和力气的长官级诺玛，性格暴躁。不像下级诺玛那样到沙漠里去采集和侦查，而是专门出现在战斗地点进行战斗。	"[{""index"":165,""internal_name"":""Numa Armored Soldier"",""image"":""NumaArmoredSoldier"",""race"":null,""shape"":1,""resource"":{""status"":""ok"",""library"":""Mon-19"",""library_number"":19,""shape"":1,""source"":""/home/tetsuya/development/zircon/GodotClient/Formats/MonsterLookup.cs"",""path"":""/home/tetsuya/development/zircon/Debug/Client/Data/Mon-19.Zl"",""library_count"":10016,""nonblank_probe_frames_0_99"":44,""sample_frames"":[{""draw_frame"":0,""index"":1000,""width"":96,""height"":104,""offsetX"":-27,""offsetY"":-83},{""draw_frame"":1,""index"":1001,""width"":96,""height"":104,""offsetX"":-27,""offsetY"":-83},{""draw_frame"":2,""index"":1002,""width"":96,""height"":104,""offsetX"":-27,""offsetY"":-82},{""draw_frame"":3,""index"":1003,""width"":96,""height"":104,""offsetX"":-27,""offsetY"":-82},{""draw_frame"":10,""index"":1010,""width"":80,""height"":110,""offsetX"":-10,""offsetY"":-80},{""draw_frame"":11,""index"":1011,""width"":80,""height"":110,""offsetX"":-10,""offsetY"":-80},{""draw_frame"":12,""index"":1012,""width"":80,""height"":110,""offsetX"":-11,""offsetY"":-80},{""draw_frame"":13,""index"":1013,""width"":80,""height"":110,""offsetX"":-11,""offsetY"":-80}],""body_frame_formula"":""draw_frame + 1*1000""},""level"":72,""is_boss"":false}]"	165	Numa Armored Soldier	NumaArmoredSoldier	1		explicit-identity-plus-MonsterLookup-probe	"[""website JSON record and source description"",""website image path/sha256/size"",""current MonsterInfo identity/level/Boss fields"",""GodotClient/Formats/MonsterLookup.cs"",""Mon-*.Zl header/body-frame probe"",""duplicate-image and candidate conflict audit""]"	medium	confirmed		True	display-name-plan-only
mob-57	诺玛法老	沙漠绿洲	../images/mob/pic/mop_19.gif	"{""present"":true,""path"":""/home/tetsuya/development/mir3-website/images/mob/pic/mop_19.gif"",""bytes"":6089,""sha256"":""e7b7818f3e5460e7372249144075bb21a42023128855999c19df3fc3d66ebbdb"",""width"":139,""height"":106,""mode"":""P"",""frames"":1,""format"":""GIF""}"	守卫诺玛王的守卫，它们具有出色的力气和体力，但最重要的是会用魔法。4只为一组，一旦诺玛王受到攻击就会分开在4个不同的方向，以诺马王为中心做一个一定的空间让诺玛王不受攻击。但这不是诺玛的力量而造成的，只是它们的魔法拐棍的力量，只要破坏拐棍，保护空间就会消失。	"[{""index"":166,""internal_name"":""Numa Assault Captain"",""image"":""NumaRoyalGuard"",""race"":null,""shape"":5,""resource"":{""status"":""ok"",""library"":""Mon-19"",""library_number"":19,""shape"":5,""source"":""/home/tetsuya/development/zircon/GodotClient/Formats/MonsterLookup.cs"",""path"":""/home/tetsuya/development/zircon/Debug/Client/Data/Mon-19.Zl"",""library_count"":10016,""nonblank_probe_frames_0_99"":44,""sample_frames"":[{""draw_frame"":0,""index"":5000,""width"":116,""height"":90,""offsetX"":-34,""offsetY"":-61},{""draw_frame"":1,""index"":5001,""width"":116,""height"":90,""offsetX"":-34,""offsetY"":-61},{""draw_frame"":2,""index"":5002,""width"":116,""height"":90,""offsetX"":-34,""offsetY"":-61},{""draw_frame"":3,""index"":5003,""width"":116,""height"":90,""offsetX"":-34,""offsetY"":-61},{""draw_frame"":10,""index"":5010,""width"":100,""height"":100,""offsetX"":-24,""offsetY"":-70},{""draw_frame"":11,""index"":5011,""width"":100,""height"":100,""offsetX"":-24,""offsetY"":-70},{""draw_frame"":12,""index"":5012,""width"":100,""height"":100,""offsetX"":-23,""offsetY"":-70},{""draw_frame"":13,""index"":5013,""width"":100,""height"":100,""offsetX"":-24,""offsetY"":-70}],""body_frame_formula"":""draw_frame + 5*1000""},""level"":72,""is_boss"":true}]"	166	Numa Assault Captain	NumaRoyalGuard	1		explicit-identity-plus-MonsterLookup-probe	"[""website JSON record and source description"",""website image path/sha256/size"",""current MonsterInfo identity/level/Boss fields"",""GodotClient/Formats/MonsterLookup.cs"",""Mon-*.Zl header/body-frame probe"",""duplicate-image and candidate conflict audit""]"	medium	confirmed		True	display-name-plan-only
mob-58	大法老	沙漠绿洲	../images/mob/pic/mop_19.gif	"{""present"":true,""path"":""/home/tetsuya/development/mir3-website/images/mob/pic/mop_19.gif"",""bytes"":6089,""sha256"":""e7b7818f3e5460e7372249144075bb21a42023128855999c19df3fc3d66ebbdb"",""width"":139,""height"":106,""mode"":""P"",""frames"":1,""format"":""GIF""}"	守卫诺玛王的守卫，它们具有出色的力气和体力，但最重要的是会用魔法。4只为一组，一旦诺玛王受到攻击就会分开在4个不同的方向，以诺马王为中心做一个一定的空间让诺玛王不受攻击。但这不是诺玛的力量而造成的，只是它们的魔法拐棍的力量，只要破坏拐棍，保护空间就会消失。 可爆诺玛牌武器	"[{""index"":399,""internal_name"":""Great Pharaoh"",""image"":""GreatPharaoh"",""race"":null,""shape"":3,""resource"":{""status"":""ok"",""library"":""Mon-1"",""library_number"":1,""shape"":3,""source"":""/home/tetsuya/development/zircon/GodotClient/Formats/MonsterLookup.cs"",""path"":""/home/tetsuya/development/zircon/Debug/Client/Data/Mon-1.Zl"",""library_count"":10000,""nonblank_probe_frames_0_99"":1,""sample_frames"":[{""draw_frame"":0,""index"":3000,""width"":140,""height"":164,""offsetX"":-42,""offsetY"":-117}],""body_frame_formula"":""draw_frame + 3*1000""},""level"":50,""is_boss"":false}]"	399	Great Pharaoh	GreatPharaoh	1		explicit-identity-plus-MonsterLookup-probe	"[""website JSON record and source description"",""website image path/sha256/size"",""current MonsterInfo identity/level/Boss fields"",""GodotClient/Formats/MonsterLookup.cs"",""Mon-*.Zl header/body-frame probe"",""duplicate-image and candidate conflict audit""]"	medium	confirmed		True	display-name-plan-only
mob-59	月魔蜘蛛	灌木林	../images/mob/pic/42.gif	"{""present"":true,""path"":""/home/tetsuya/development/mir3-website/images/mob/pic/42.gif"",""bytes"":4384,""sha256"":""f90b0f26a7dd2d6cf0a7226fd30a241d711766e8d1c559fe0a538b5784905916"",""width"":139,""height"":106,""mode"":""P"",""frames"":1,""format"":""GIF""}"	被赤月恶魔的魔力变成畸形的蜘蛛，有着蜘蛛的身体和蝙蝠的翅膀，可以在飞行中攻击。身体成大球状，有很多圆形突起物，从这里喷出致命的毒液，瘫痪敌人。	[]				0		all-evidence-paths-exhausted-no-closed-candidate	"[""website JSON record and source description"",""website image path/sha256/size"",""current MonsterInfo identity/level/Boss fields"",""GodotClient/Formats/MonsterLookup.cs"",""Mon-*.Zl header/body-frame probe"",""duplicate-image and candidate conflict audit""]"	pending	pending	no stable DB candidate after name/identity/resource/region checks	True	retain-current
mob-60	独眼蜘蛛	灌木林	../images/mob/pic/43.gif	"{""present"":true,""path"":""/home/tetsuya/development/mir3-website/images/mob/pic/43.gif"",""bytes"":7159,""sha256"":""f7caf2b0582dc4925cea0b0ed4107398137438f30fd3585e63c9fe7ca71d39d2"",""width"":139,""height"":106,""mode"":""P"",""frames"":1,""format"":""GIF""}"	同样也是被赤月恶魔改造过的怪物。虽然不大，但它有坚硬强壮的身体和剃刀一样锋利的牙齿，闪着独眼，一旦发现猎物，它就会迅速靠近并让撕裂它们。	[]				0		all-evidence-paths-exhausted-no-closed-candidate	"[""website JSON record and source description"",""website image path/sha256/size"",""current MonsterInfo identity/level/Boss fields"",""GodotClient/Formats/MonsterLookup.cs"",""Mon-*.Zl header/body-frame probe"",""duplicate-image and candidate conflict audit""]"	pending	pending	no stable DB candidate after name/identity/resource/region checks	True	retain-current
mob-61	天狼蜘蛛	灌木林	../images/mob/pic/44.gif	"{""present"":true,""path"":""/home/tetsuya/development/mir3-website/images/mob/pic/44.gif"",""bytes"":7938,""sha256"":""9dad549f9d196f6f551b99ceaf3820820e2de4b960b8bcb065bafd670c740765"",""width"":139,""height"":106,""mode"":""P"",""frames"":1,""format"":""GIF""}"	同样是曾经很美丽的蜘蛛，如今它也受到了赤月恶魔强大魔力的影响。后背上红色的瘤和腹部锋利的刺威胁着你。它靠近敌人喷出致命毒液。	[]				0		all-evidence-paths-exhausted-no-closed-candidate	"[""website JSON record and source description"",""website image path/sha256/size"",""current MonsterInfo identity/level/Boss fields"",""GodotClient/Formats/MonsterLookup.cs"",""Mon-*.Zl header/body-frame probe"",""duplicate-image and candidate conflict audit""]"	pending	pending	no stable DB candidate after name/identity/resource/region checks	True	retain-current
mob-62	幻影蜘蛛	灌木林	../images/mob/pic/45.gif	"{""present"":true,""path"":""/home/tetsuya/development/mir3-website/images/mob/pic/45.gif"",""bytes"":8582,""sha256"":""f2ce451fe959726078140525e9dc3cf383b3f98fef5035deef15529212d55053"",""width"":139,""height"":106,""mode"":""P"",""frames"":1,""format"":""GIF""}"	这种蜘蛛的幼虫寄生在老树的根部或者一些动物的体内，从寄主身上获取营养。一旦找到合适的新居所，幼虫就会很快孵化为成熟的幻影蜘蛛。在忽隐忽现中，它们恐怖的攻击力和远程攻击方式、让人无法逃脱！	[]				0		all-evidence-paths-exhausted-no-closed-candidate	"[""website JSON record and source description"",""website image path/sha256/size"",""current MonsterInfo identity/level/Boss fields"",""GodotClient/Formats/MonsterLookup.cs"",""Mon-*.Zl header/body-frame probe"",""duplicate-image and candidate conflict audit""]"	pending	pending	no stable DB candidate after name/identity/resource/region checks	True	retain-current
mob-63	爆裂蜘蛛	灌木林	../images/mob/pic/46.gif	"{""present"":true,""path"":""/home/tetsuya/development/mir3-website/images/mob/pic/46.gif"",""bytes"":6531,""sha256"":""e1dbce44ab46f9055e582102c282e77466aeedb0d169455493362c1887c9d010"",""width"":139,""height"":106,""mode"":""P"",""frames"":1,""format"":""GIF""}"	它是幻影蜘蛛的幼虫，平时隐藏在幻影蜘蛛身体里。当幻影蜘蛛受到攻击或猎物靠近时会不顾一切的冲向敌人，同敌人同归于尽！母体死后，有生殖功能的爆裂蜘蛛分散成长为幻影蜘蛛。	[]				0		all-evidence-paths-exhausted-no-closed-candidate	"[""website JSON record and source description"",""website image path/sha256/size"",""current MonsterInfo identity/level/Boss fields"",""GodotClient/Formats/MonsterLookup.cs"",""Mon-*.Zl header/body-frame probe"",""duplicate-image and candidate conflict audit""]"	pending	pending	no stable DB candidate after name/identity/resource/region checks	True	retain-current
mob-64	黑角蜘蛛	灌木林	../images/mob/pic/47.gif	"{""present"":true,""path"":""/home/tetsuya/development/mir3-website/images/mob/pic/47.gif"",""bytes"":6738,""sha256"":""b2b623b1868fe60b284842cc1dd3bc4aac93eb35b7e206bfbf4b213803bcc22e"",""width"":139,""height"":106,""mode"":""P"",""frames"":1,""format"":""GIF""}"	如果看到巨型蜘蛛这样的怪物向你冲过来，多数情况下你都会惊骇得夺路而逃。它的身上长满权杖一样的巨刺，身体也被赤月恶魔的魔力染成暗红色。但是最恐怖的还是它那对巨钳，任何敌人都会被它轻易撕裂。	[]				0		all-evidence-paths-exhausted-no-closed-candidate	"[""website JSON record and source description"",""website image path/sha256/size"",""current MonsterInfo identity/level/Boss fields"",""GodotClient/Formats/MonsterLookup.cs"",""Mon-*.Zl header/body-frame probe"",""duplicate-image and candidate conflict audit""]"	pending	pending	no stable DB candidate after name/identity/resource/region checks	True	retain-current
mob-65	花色蜘蛛	灌木林	../images/mob/pic/48.gif	"{""present"":true,""path"":""/home/tetsuya/development/mir3-website/images/mob/pic/48.gif"",""bytes"":6071,""sha256"":""f812554a6839a53f0e336d07a6fbafe97f4ac92557f1a7286b14b96a4f7aafb5"",""width"":139,""height"":106,""mode"":""P"",""frames"":1,""format"":""GIF""}"	这种蜘蛛看起来就像一朵美丽的花。赤月恶魔把这种巨大的怪物变成了一种用外表诱惑猎物，再用毒液毒死它们的魔鬼。毫无疑问，它的毒液是致命的。	[]				0		all-evidence-paths-exhausted-no-closed-candidate	"[""website JSON record and source description"",""website image path/sha256/size"",""current MonsterInfo identity/level/Boss fields"",""GodotClient/Formats/MonsterLookup.cs"",""Mon-*.Zl header/body-frame probe"",""duplicate-image and candidate conflict audit""]"	pending	pending	no stable DB candidate after name/identity/resource/region checks	True	retain-current
mob-66	八脚首领(小BOSS)	灌木林	../images/mob/pic/47.gif	"{""present"":true,""path"":""/home/tetsuya/development/mir3-website/images/mob/pic/47.gif"",""bytes"":6738,""sha256"":""b2b623b1868fe60b284842cc1dd3bc4aac93eb35b7e206bfbf4b213803bcc22e"",""width"":139,""height"":106,""mode"":""P"",""frames"":1,""format"":""GIF""}"	八脚首领是由蜘蛛中最强的黑角蜘蛛变异而来，隐藏在灌木丛深处，被大群的蜘蛛保护着，因为被赤月恶魔邪恶的力量感染，所以非常凶狠，会轻易的撕裂踏入它林地的敌人。 生命：1500 经验值：3000 所在地图:道馆灌木林 可爆：魔血套装	[]				0		all-evidence-paths-exhausted-no-closed-candidate	"[""website JSON record and source description"",""website image path/sha256/size"",""current MonsterInfo identity/level/Boss fields"",""GodotClient/Formats/MonsterLookup.cs"",""Mon-*.Zl header/body-frame probe"",""duplicate-image and candidate conflict audit""]"	pending	pending	no stable DB candidate after name/identity/resource/region checks	True	retain-current
mob-67	猿猴战士	失乐园	../images/mob/pic/image034.gif	"{""present"":true,""path"":""/home/tetsuya/development/mir3-website/images/mob/pic/image034.gif"",""bytes"":5005,""sha256"":""8b63ef7cdb06e977c317d341b605b9c3aab42323f6875a3262a280d63593bbc8"",""width"":139,""height"":106,""mode"":""P"",""frames"":1,""format"":""GIF""}"	生活在树林中的猴子被震天魔神的邪恶力量催化称为怪物。看起来和生活在茂密树林中的一版猴子没有很大区别，可如果被这样的外形迷惑而放松警惕的话会吃大亏。这些家伙会穷追不舍地跟在身后，发起群攻。掉队单个活动的猿猴战士没有很大威力，但遇到一群的时候要格外小心。	[]				0		all-evidence-paths-exhausted-no-closed-candidate	"[""website JSON record and source description"",""website image path/sha256/size"",""current MonsterInfo identity/level/Boss fields"",""GodotClient/Formats/MonsterLookup.cs"",""Mon-*.Zl header/body-frame probe"",""duplicate-image and candidate conflict audit""]"	pending	pending	no stable DB candidate after name/identity/resource/region checks	True	retain-current
mob-68	猿猴战将	失乐园	../images/mob/pic/image035.gif	"{""present"":true,""path"":""/home/tetsuya/development/mir3-website/images/mob/pic/image035.gif"",""bytes"":4972,""sha256"":""04c80f635132849a3f41d0321aca35bd2bab0895cd007d487cdba080ee8a8d52"",""width"":139,""height"":106,""mode"":""P"",""frames"":1,""format"":""GIF""}"	成怪的猴子寿命比一般猴子长，达到一定年龄的猴子毛色会变白。猿猴战将和猿猴战士能力上没有很大区别，成群活动时似乎可以看出猿猴战将的身形稍显矫捷。它们不仅起阻挡入侵者作用，而且还作为震天魔神的守望兵。震天魔神通过和这些猴子们的感应来掌控密林中的草草木木。	[]				0		all-evidence-paths-exhausted-no-closed-candidate	"[""website JSON record and source description"",""website image path/sha256/size"",""current MonsterInfo identity/level/Boss fields"",""GodotClient/Formats/MonsterLookup.cs"",""Mon-*.Zl header/body-frame probe"",""duplicate-image and candidate conflict audit""]"	pending	pending	no stable DB candidate after name/identity/resource/region checks	True	retain-current
mob-69	魔神怪1	失乐园	../images/mob/pic/image036.gif	"{""present"":true,""path"":""/home/tetsuya/development/mir3-website/images/mob/pic/image036.gif"",""bytes"":3710,""sha256"":""16c3978fc47d56f8347355e49fb088f2fef5a6c44b56bcbab370a663fb354dc5"",""width"":139,""height"":112,""mode"":""P"",""frames"":1,""format"":""GIF""}"	陷入癫狂的王国的文明很快便没落下去，倒退了几百年。它们丧失了所有生产手段，仅依靠最原始的采集方式来延续生命。每天都要在密林中为了找到猎物而寻寻觅觅，临近树林村落中被称作“**”的村民也成为了它们的猎杀对象。魔神怪不具备意识或思想，有的只是疯狂的杀戮情绪和对震天魔神盲目的崇信。	[]				0		all-evidence-paths-exhausted-no-closed-candidate	"[""website JSON record and source description"",""website image path/sha256/size"",""current MonsterInfo identity/level/Boss fields"",""GodotClient/Formats/MonsterLookup.cs"",""Mon-*.Zl header/body-frame probe"",""duplicate-image and candidate conflict audit""]"	pending	pending	no stable DB candidate after name/identity/resource/region checks	True	retain-current
mob-70	魔神怪2	失乐园	../images/mob/pic/image037.gif	"{""present"":true,""path"":""/home/tetsuya/development/mir3-website/images/mob/pic/image037.gif"",""bytes"":3628,""sha256"":""1f36728faf08ca8a2179a169b1aeb884e819d644d240940a4e30ed096e35d0cc"",""width"":139,""height"":103,""mode"":""P"",""frames"":1,""format"":""GIF""}"	已经丧失了本身的意识和思想的怪物只剩下无止境的敌对情绪和杀戮本能。它们使用的短圆形剑由于进攻方向变化多端，因此很难防守。不知疲倦的这种怪物不分昼夜地出没在各个角落来寻找牺牲品。一旦被抓获，不是被它们吃掉就是作为祭品供给震天魔神。它们永远都不会摆脱震天魔神的控制，就算死掉也无法重获自由。死后也无法进入阴间，而是作为震天魔神力量之源泉，永远在地狱忍受各种煎熬。	[]				0		all-evidence-paths-exhausted-no-closed-candidate	"[""website JSON record and source description"",""website image path/sha256/size"",""current MonsterInfo identity/level/Boss fields"",""GodotClient/Formats/MonsterLookup.cs"",""Mon-*.Zl header/body-frame probe"",""duplicate-image and candidate conflict audit""]"	pending	pending	no stable DB candidate after name/identity/resource/region checks	True	retain-current
mob-71	巨象兽	失乐园	../images/mob/pic/image038.gif	"{""present"":true,""path"":""/home/tetsuya/development/mir3-website/images/mob/pic/image038.gif"",""bytes"":5905,""sha256"":""a4d1e9eca06e06dd697f5f3100b82e09485a5dba3a07cad8959f6372131ca490"",""width"":139,""height"":120,""mode"":""P"",""frames"":1,""format"":""GIF""}"	对这种怪物的起源，有两种说法。第一种说法是生活在茂密森林中的大象被震天魔神选中，催化为怪。还有人说密林中的土壤已经被邪恶力量魔化，大象长期食用生长在这一片土壤的植物，魔力渐渐渗透，形体也慢慢变化，最终成怪。到底哪一种说法属实无从考证。 神形巨大的巨象兽力大无比，可以一口气连根拔起大树。如果与这种怪物遭遇，可以切身体会到它的强大。	[]				0		all-evidence-paths-exhausted-no-closed-candidate	"[""website JSON record and source description"",""website image path/sha256/size"",""current MonsterInfo identity/level/Boss fields"",""GodotClient/Formats/MonsterLookup.cs"",""Mon-*.Zl header/body-frame probe"",""duplicate-image and candidate conflict audit""]"	pending	pending	no stable DB candidate after name/identity/resource/region checks	True	retain-current
mob-72	疯狂魔神盗1	失乐园	../images/mob/pic/image037.gif	"{""present"":true,""path"":""/home/tetsuya/development/mir3-website/images/mob/pic/image037.gif"",""bytes"":3628,""sha256"":""1f36728faf08ca8a2179a169b1aeb884e819d644d240940a4e30ed096e35d0cc"",""width"":139,""height"":103,""mode"":""P"",""frames"":1,""format"":""GIF""}"	已经丧失了本身的意识和思想的怪物只剩下无止境的敌对情绪和杀戮本能。它们使用的短圆形剑由于进攻方向变化多端，因此很难防守。不知疲倦的这种怪物不分昼夜地出没在各个角落来寻找牺牲品。一旦被抓获，不是被它们吃掉就是作为祭品供给震天魔神。它们永远都不会摆脱震天魔神的控制，就算死掉也无法重获自由。死后也无法进入阴间，而是作为震天魔神力量之源泉，永远在地狱忍受各种煎熬。 小boss ,可暴金刚系列	[]				0		all-evidence-paths-exhausted-no-closed-candidate	"[""website JSON record and source description"",""website image path/sha256/size"",""current MonsterInfo identity/level/Boss fields"",""GodotClient/Formats/MonsterLookup.cs"",""Mon-*.Zl header/body-frame probe"",""duplicate-image and candidate conflict audit""]"	pending	pending	no stable DB candidate after name/identity/resource/region checks	True	retain-current
mob-73	血巨人	赤月山谷	../images/mob/pic/49.gif	"{""present"":true,""path"":""/home/tetsuya/development/mir3-website/images/mob/pic/49.gif"",""bytes"":5767,""sha256"":""7a66a03709aecc6ab99ba4202039686519345a3cb9100bf2ee07b5344b9ed25c"",""width"":139,""height"":106,""mode"":""P"",""frames"":1,""format"":""GIF""}"	它们习惯停留在赤月峡谷不见天日的地方, 一旦受到打扰就会依靠它们强悍的肌肉和锋利的牙进行攻击，直到目标死亡。它本是很正常的猴子, 但是赤月恶魔的影响使他的性格变的残暴，躯体也变的更加强壮有力。可以获得经验值800。	"[{""index"":69,""internal_name"":""Red Moon Guardian"",""image"":""RedMoonGuardian"",""race"":null,""shape"":7,""resource"":{""status"":""ok"",""library"":""Mon-11"",""library_number"":11,""shape"":7,""source"":""/home/tetsuya/development/zircon/GodotClient/Formats/MonsterLookup.cs"",""path"":""/home/tetsuya/development/zircon/Debug/Client/Data/Mon-11.Zl"",""library_count"":10000,""nonblank_probe_frames_0_99"":44,""sample_frames"":[{""draw_frame"":0,""index"":7000,""width"":104,""height"":102,""offsetX"":-27,""offsetY"":-78},{""draw_frame"":1,""index"":7001,""width"":104,""height"":102,""offsetX"":-27,""offsetY"":-79},{""draw_frame"":2,""index"":7002,""width"":104,""height"":104,""offsetX"":-27,""offsetY"":-80},{""draw_frame"":3,""index"":7003,""width"":104,""height"":102,""offsetX"":-27,""offsetY"":-79},{""draw_frame"":10,""index"":7010,""width"":88,""height"":106,""offsetX"":-11,""offsetY"":-78},{""draw_frame"":11,""index"":7011,""width"":88,""height"":106,""offsetX"":-11,""offsetY"":-79},{""draw_frame"":12,""index"":7012,""width"":88,""height"":106,""offsetX"":-11,""offsetY"":-79},{""draw_frame"":13,""index"":7013,""width"":88,""height"":106,""offsetX"":-11,""offsetY"":-79}],""body_frame_formula"":""draw_frame + 7*1000""},""level"":40,""is_boss"":false},{""index"":70,""internal_name"":""Red Moon Protector"",""image"":""RedMoonProtector"",""race"":null,""shape"":8,""resource"":{""status"":""ok"",""library"":""Mon-11"",""library_number"":11,""shape"":8,""source"":""/home/tetsuya/development/zircon/GodotClient/Formats/MonsterLookup.cs"",""path"":""/home/tetsuya/development/zircon/Debug/Client/Data/Mon-11.Zl"",""library_count"":10000,""nonblank_probe_frames_0_99"":44,""sample_frames"":[{""draw_frame"":0,""index"":8000,""width"":112,""height"":120,""offsetX"":-30,""offsetY"":-96},{""draw_frame"":1,""index"":8001,""width"":112,""height"":116,""offsetX"":-30,""offsetY"":-93},{""draw_frame"":2,""index"":8002,""width"":112,""height"":114,""offsetX"":-31,""offsetY"":-91},{""draw_frame"":3,""index"":8003,""width"":112,""height"":116,""offsetX"":-30,""offsetY"":-93},{""draw_frame"":10,""index"":8010,""width"":96,""height"":128,""offsetX"":-17,""offsetY"":-98},{""draw_frame"":11,""index"":8011,""width"":100,""height"":124,""offsetX"":-18,""offsetY"":-95},{""draw_frame"":12,""index"":8012,""width"":100,""height"":122,""offsetX"":-17,""offsetY"":-93},{""draw_frame"":13,""index"":8013,""width"":100,""height"":124,""offsetX"":-18,""offsetY"":-95}],""body_frame_formula"":""draw_frame + 8*1000""},""level"":40,""is_boss"":false}]"				2		identity/resource-candidate-conflict	"[""website JSON record and source description"",""website image path/sha256/size"",""current MonsterInfo identity/level/Boss fields"",""GodotClient/Formats/MonsterLookup.cs"",""Mon-*.Zl header/body-frame probe"",""duplicate-image and candidate conflict audit""]"	medium	investigate	multiple candidates or duplicate website identity; no automatic choice	True	retain-current
mob-74	血金刚	赤月山谷	../images/mob/pic/50.gif	"{""present"":true,""path"":""/home/tetsuya/development/mir3-website/images/mob/pic/50.gif"",""bytes"":5728,""sha256"":""daa191bd62b8814c0fed02e0b1814496aaa6b2bfc69cfc774c8f42d641e714b0"",""width"":139,""height"":106,""mode"":""P"",""frames"":1,""format"":""GIF""}"	这个可怜的生物在受到赤月恶魔影响前只是一只普通的猴子。现在它的身体开始发生变化，两个头颅的融合带来了超凡的力量，像脑一样的神经组织变成一团，冲破皮肤的包围而凸现出来。可以获得经验值1500。	"[{""index"":70,""internal_name"":""Red Moon Protector"",""image"":""RedMoonProtector"",""race"":null,""shape"":8,""resource"":{""status"":""ok"",""library"":""Mon-11"",""library_number"":11,""shape"":8,""source"":""/home/tetsuya/development/zircon/GodotClient/Formats/MonsterLookup.cs"",""path"":""/home/tetsuya/development/zircon/Debug/Client/Data/Mon-11.Zl"",""library_count"":10000,""nonblank_probe_frames_0_99"":44,""sample_frames"":[{""draw_frame"":0,""index"":8000,""width"":112,""height"":120,""offsetX"":-30,""offsetY"":-96},{""draw_frame"":1,""index"":8001,""width"":112,""height"":116,""offsetX"":-30,""offsetY"":-93},{""draw_frame"":2,""index"":8002,""width"":112,""height"":114,""offsetX"":-31,""offsetY"":-91},{""draw_frame"":3,""index"":8003,""width"":112,""height"":116,""offsetX"":-30,""offsetY"":-93},{""draw_frame"":10,""index"":8010,""width"":96,""height"":128,""offsetX"":-17,""offsetY"":-98},{""draw_frame"":11,""index"":8011,""width"":100,""height"":124,""offsetX"":-18,""offsetY"":-95},{""draw_frame"":12,""index"":8012,""width"":100,""height"":122,""offsetX"":-17,""offsetY"":-93},{""draw_frame"":13,""index"":8013,""width"":100,""height"":124,""offsetX"":-18,""offsetY"":-95}],""body_frame_formula"":""draw_frame + 8*1000""},""level"":40,""is_boss"":false}]"	70	Red Moon Protector	RedMoonProtector	1		explicit-identity-plus-MonsterLookup-probe	"[""website JSON record and source description"",""website image path/sha256/size"",""current MonsterInfo identity/level/Boss fields"",""GodotClient/Formats/MonsterLookup.cs"",""Mon-*.Zl header/body-frame probe"",""duplicate-image and candidate conflict audit""]"	medium	confirmed		True	display-name-plan-only
mob-75	神鬼王	赤月山谷	../images/mob/pic/50.gif	"{""present"":true,""path"":""/home/tetsuya/development/mir3-website/images/mob/pic/50.gif"",""bytes"":5728,""sha256"":""daa191bd62b8814c0fed02e0b1814496aaa6b2bfc69cfc774c8f42d641e714b0"",""width"":139,""height"":106,""mode"":""P"",""frames"":1,""format"":""GIF""}"	小BOSS 生命：1750 经验值：3400 可爆物品：虹魔套装	"[{""index"":70,""internal_name"":""Red Moon Protector"",""image"":""RedMoonProtector"",""race"":null,""shape"":8,""resource"":{""status"":""ok"",""library"":""Mon-11"",""library_number"":11,""shape"":8,""source"":""/home/tetsuya/development/zircon/GodotClient/Formats/MonsterLookup.cs"",""path"":""/home/tetsuya/development/zircon/Debug/Client/Data/Mon-11.Zl"",""library_count"":10000,""nonblank_probe_frames_0_99"":44,""sample_frames"":[{""draw_frame"":0,""index"":8000,""width"":112,""height"":120,""offsetX"":-30,""offsetY"":-96},{""draw_frame"":1,""index"":8001,""width"":112,""height"":116,""offsetX"":-30,""offsetY"":-93},{""draw_frame"":2,""index"":8002,""width"":112,""height"":114,""offsetX"":-31,""offsetY"":-91},{""draw_frame"":3,""index"":8003,""width"":112,""height"":116,""offsetX"":-30,""offsetY"":-93},{""draw_frame"":10,""index"":8010,""width"":96,""height"":128,""offsetX"":-17,""offsetY"":-98},{""draw_frame"":11,""index"":8011,""width"":100,""height"":124,""offsetX"":-18,""offsetY"":-95},{""draw_frame"":12,""index"":8012,""width"":100,""height"":122,""offsetX"":-17,""offsetY"":-93},{""draw_frame"":13,""index"":8013,""width"":100,""height"":124,""offsetX"":-18,""offsetY"":-95}],""body_frame_formula"":""draw_frame + 8*1000""},""level"":40,""is_boss"":false}]"	70	Red Moon Protector	RedMoonProtector	1		explicit-identity-plus-MonsterLookup-probe	"[""website JSON record and source description"",""website image path/sha256/size"",""current MonsterInfo identity/level/Boss fields"",""GodotClient/Formats/MonsterLookup.cs"",""Mon-*.Zl header/body-frame probe"",""duplicate-image and candidate conflict audit""]"	medium	confirmed		True	display-name-plan-only
mob-76	赤月恶魔	赤月山谷	../images/mob/pic/51.gif	"{""present"":true,""path"":""/home/tetsuya/development/mir3-website/images/mob/pic/51.gif"",""bytes"":7877,""sha256"":""7cd5570270b87308c6b2205172aa228563c905ae504c972fcff6a45191d42701"",""width"":139,""height"":106,""mode"":""P"",""frames"":1,""format"":""GIF""}"	"赤月恶魔长期潜伏在山谷深处，代表着传奇世界最邪恶、最强大的势力。它们是一切罪恶的根源，是他们将沃玛森林里的生物变成怪物的。它们最为可怕的能力来自非凡的黑暗智慧。谁也不知道他们从哪里来，因为他长的像红色的月亮，所以就叫赤月恶魔。从赤月峡谷侥幸逃生的人们这样描述它：""在赤红色的月亮的照耀下，死亡伴随着恶魔的阴影，在毫无声息的袭击中突然来到。"" 赤月恶魔"	"[{""index"":75,""internal_name"":""Red Moon The Fallen"",""image"":""RedMoonTheFallen"",""race"":null,""shape"":4,""resource"":{""status"":""ok"",""library"":""Mon-11"",""library_number"":11,""shape"":4,""source"":""/home/tetsuya/development/zircon/GodotClient/Formats/MonsterLookup.cs"",""path"":""/home/tetsuya/development/zircon/Debug/Client/Data/Mon-11.Zl"",""library_count"":10000,""nonblank_probe_frames_0_99"":4,""sample_frames"":[{""draw_frame"":0,""index"":4000,""width"":248,""height"":166,""offsetX"":-54,""offsetY"":-134},{""draw_frame"":1,""index"":4001,""width"":248,""height"":166,""offsetX"":-54,""offsetY"":-134},{""draw_frame"":2,""index"":4002,""width"":248,""height"":166,""offsetX"":-54,""offsetY"":-134},{""draw_frame"":3,""index"":4003,""width"":248,""height"":166,""offsetX"":-54,""offsetY"":-134}],""body_frame_formula"":""draw_frame + 4*1000""},""level"":250,""is_boss"":true}]"	75	Red Moon The Fallen	RedMoonTheFallen	1		explicit-identity-plus-MonsterLookup-probe	"[""website JSON record and source description"",""website image path/sha256/size"",""current MonsterInfo identity/level/Boss fields"",""GodotClient/Formats/MonsterLookup.cs"",""Mon-*.Zl header/body-frame probe"",""duplicate-image and candidate conflict audit""]"	medium	confirmed		True	display-name-plan-only
mob-77	劳动蚂蚁	蚂蚁洞	../images/mob/pic/mop_01.gif	"{""present"":true,""path"":""/home/tetsuya/development/mir3-website/images/mob/pic/mop_01.gif"",""bytes"":3746,""sha256"":""53732cfb0359f6b276f5c9b9664112884d5f79662015834606bfa1675fb5c1fc"",""width"":139,""height"":106,""mode"":""P"",""frames"":1,""format"":""GIF""}"	蚂蚁种族中主要负担各种杂事的工人。 从事多种活动，比如侦察、打猎、运输等等。 一般不参与战斗，但非常时刻却能爆发出自己的战斗力。活动范围很广，在离蚂蚁窝较远的地方也经常可以看到它们的踪迹。	[]				0		all-evidence-paths-exhausted-no-closed-candidate	"[""website JSON record and source description"",""website image path/sha256/size"",""current MonsterInfo identity/level/Boss fields"",""GodotClient/Formats/MonsterLookup.cs"",""Mon-*.Zl header/body-frame probe"",""duplicate-image and candidate conflict audit""]"	pending	pending	no stable DB candidate after name/identity/resource/region checks	True	retain-current
mob-78	蚂蚁战士	蚂蚁洞	../images/mob/pic/mop_02.gif	"{""present"":true,""path"":""/home/tetsuya/development/mir3-website/images/mob/pic/mop_02.gif"",""bytes"":4298,""sha256"":""3b4e1e4bd7d419712dc2186da7b6dde42d70b6cbf2857b2a74f4aa2cd06b98e3"",""width"":139,""height"":106,""mode"":""P"",""frames"":1,""format"":""GIF""}"	负责战斗的蚂蚁。 主要从事侦察, 打猎, 战斗等等.有时也可以远征到其他地方， 但主要还是负责蚂蚁巢的防御。同工蚁比较，兵蚁具有更大的块头和更坚硬的外壳，尤其是它们前额拥有锋利无比的钳子，可以用来发起凌厉的进攻。	[]				0		all-evidence-paths-exhausted-no-closed-candidate	"[""website JSON record and source description"",""website image path/sha256/size"",""current MonsterInfo identity/level/Boss fields"",""GodotClient/Formats/MonsterLookup.cs"",""Mon-*.Zl header/body-frame probe"",""duplicate-image and candidate conflict audit""]"	pending	pending	no stable DB candidate after name/identity/resource/region checks	True	retain-current
mob-79	爆毒蚂蚁	蚂蚁洞	../images/mob/pic/mop_03.gif	"{""present"":true,""path"":""/home/tetsuya/development/mir3-website/images/mob/pic/mop_03.gif"",""bytes"":3100,""sha256"":""147a4f019587641d90eaa5d6f0ef3560ac17c9a814b9c110129d05ccac7e0c71"",""width"":139,""height"":106,""mode"":""P"",""frames"":1,""format"":""GIF""}"	这种蚂蚁的小腹上有用来喷射毒汁的射管，可以对敌人进行远程攻击。 但身体上用来近距离格斗的器官，如前额钳子和肢爪等，并不发达， 所以作战时它会和敌人保持一定的距离。	[]				0		all-evidence-paths-exhausted-no-closed-candidate	"[""website JSON record and source description"",""website image path/sha256/size"",""current MonsterInfo identity/level/Boss fields"",""GodotClient/Formats/MonsterLookup.cs"",""Mon-*.Zl header/body-frame probe"",""duplicate-image and candidate conflict audit""]"	pending	pending	no stable DB candidate after name/identity/resource/region checks	True	retain-current
mob-80	盔甲蚂蚁	蚂蚁洞	../images/mob/pic/mop_04.gif	"{""present"":true,""path"":""/home/tetsuya/development/mir3-website/images/mob/pic/mop_04.gif"",""bytes"":4039,""sha256"":""77aa3dc27df9eee7973a5264cdd073e81a515c3e9b975889375c2e250e244c76"",""width"":139,""height"":106,""mode"":""P"",""frames"":1,""format"":""GIF""}"	这是极其恐怖的一种巨大蚂蚁，在前额有大得惊人的巨大钳子，凶狠残暴，对敌人毫无怜悯之心。它强壮的体格和狞恶的外表能给敌人带来巨大的恐惧，同时它拥有蚂蚁族群中最可怕的破坏力。	[]				0		all-evidence-paths-exhausted-no-closed-candidate	"[""website JSON record and source description"",""website image path/sha256/size"",""current MonsterInfo identity/level/Boss fields"",""GodotClient/Formats/MonsterLookup.cs"",""Mon-*.Zl header/body-frame probe"",""duplicate-image and candidate conflict audit""]"	pending	pending	no stable DB candidate after name/identity/resource/region checks	True	retain-current
mob-81	蚂蚁道士	蚂蚁洞	../images/mob/pic/mop_05.gif	"{""present"":true,""path"":""/home/tetsuya/development/mir3-website/images/mob/pic/mop_05.gif"",""bytes"":3316,""sha256"":""68379036bf7894f8b2dcd25627a6497a2e9494b8b22e8cc727fdc58dd6f69226"",""width"":139,""height"":106,""mode"":""P"",""frames"":1,""format"":""GIF""}"	这种特殊的蚂蚁有着畸形发达的巨大腹部。它利用小腹中的营养物可以为其他虚弱的蚂蚁恢复体力，其功能类似于道士的治愈术。它可以同时为多只蚂蚁恢复体力。	[]				0		all-evidence-paths-exhausted-no-closed-candidate	"[""website JSON record and source description"",""website image path/sha256/size"",""current MonsterInfo identity/level/Boss fields"",""GodotClient/Formats/MonsterLookup.cs"",""Mon-*.Zl header/body-frame probe"",""duplicate-image and candidate conflict audit""]"	pending	pending	no stable DB candidate after name/identity/resource/region checks	True	retain-current
mob-82	蚂蚁将军	蚂蚁洞	../images/mob/pic/mop_04.gif	"{""present"":true,""path"":""/home/tetsuya/development/mir3-website/images/mob/pic/mop_04.gif"",""bytes"":4039,""sha256"":""77aa3dc27df9eee7973a5264cdd073e81a515c3e9b975889375c2e250e244c76"",""width"":139,""height"":106,""mode"":""P"",""frames"":1,""format"":""GIF""}"	这是极其恐怖的一种巨大蚂蚁，在前额有大得惊人的巨大钳子，凶狠残暴，对敌人毫无怜悯之心。它强壮的体格和狞恶的外表能给敌人带来巨大的恐惧，同时它拥有蚂蚁族群中最可怕的破坏力。 生命：1000 经验值：2000 可爆物品：祝福油	[]				0		all-evidence-paths-exhausted-no-closed-candidate	"[""website JSON record and source description"",""website image path/sha256/size"",""current MonsterInfo identity/level/Boss fields"",""GodotClient/Formats/MonsterLookup.cs"",""Mon-*.Zl header/body-frame probe"",""duplicate-image and candidate conflict audit""]"	pending	pending	no stable DB candidate after name/identity/resource/region checks	True	retain-current
mob-83	跳跳蜂	虫峡谷	../images/mob/pic/31.gif	"{""present"":true,""path"":""/home/tetsuya/development/mir3-website/images/mob/pic/31.gif"",""bytes"":4207,""sha256"":""925638ed2eeb5a069e11c8583496e6a0e122d9d392a85dd19f937685d68062d9"",""width"":139,""height"":106,""mode"":""P"",""frames"":1,""format"":""GIF""}"	这是一种长着翅膀的昆虫。相比它巨大的身体那翅膀显得很小，所以它们无法飞翔，而是通过快速跳跃而行动。这种行动方式就像是蹦蹦跳跳的小孩子，所以名为跳跳蜂。但是你如果认为很容易杀死它们就错了，当心，他们动作很快，又成群结队，缠上你可不是玩儿的。	[]				0		all-evidence-paths-exhausted-no-closed-candidate	"[""website JSON record and source description"",""website image path/sha256/size"",""current MonsterInfo identity/level/Boss fields"",""GodotClient/Formats/MonsterLookup.cs"",""Mon-*.Zl header/body-frame probe"",""duplicate-image and candidate conflict audit""]"	pending	pending	no stable DB candidate after name/identity/resource/region checks	True	retain-current
mob-84	蜈蚣	虫峡谷	../images/mob/pic/32.gif	"{""present"":true,""path"":""/home/tetsuya/development/mir3-website/images/mob/pic/32.gif"",""bytes"":2860,""sha256"":""46c35334cd6e3618d7f1fc3971b82a5f0c89341c189aa30a93e68e6f8c7438e0"",""width"":139,""height"":106,""mode"":""P"",""frames"":1,""format"":""GIF""}"	它们居住在洞穴深处，尽管没有很强的力量，但快速的行动和攻击却能使你防不胜防。	[]				0		all-evidence-paths-exhausted-no-closed-candidate	"[""website JSON record and source description"",""website image path/sha256/size"",""current MonsterInfo identity/level/Boss fields"",""GodotClient/Formats/MonsterLookup.cs"",""Mon-*.Zl header/body-frame probe"",""duplicate-image and candidate conflict audit""]"	pending	pending	no stable DB candidate after name/identity/resource/region checks	True	retain-current
mob-85	沃毒蜈蚣	虫峡谷	../images/mob/pic/62.gif	"{""present"":true,""path"":""/home/tetsuya/development/mir3-website/images/mob/pic/62.gif"",""bytes"":3131,""sha256"":""13cd3209ce7655a60e96f95fa4895dc75dc2825d247e4b4f1d4e69379c3eb390"",""width"":139,""height"":106,""mode"":""P"",""frames"":1,""format"":""GIF""}"	它们居住在洞穴深处，尽管没有很强的力量，但快速的行动和攻击却能使你防不胜防，尤其是对道士。	[]				0		all-evidence-paths-exhausted-no-closed-candidate	"[""website JSON record and source description"",""website image path/sha256/size"",""current MonsterInfo identity/level/Boss fields"",""GodotClient/Formats/MonsterLookup.cs"",""Mon-*.Zl header/body-frame probe"",""duplicate-image and candidate conflict audit""]"	pending	pending	no stable DB candidate after name/identity/resource/region checks	True	retain-current
mob-86	洞穴蜈蚣	虫峡谷	../images/mob/pic/63.gif	"{""present"":true,""path"":""/home/tetsuya/development/mir3-website/images/mob/pic/63.gif"",""bytes"":2954,""sha256"":""8ef9b72eefae4bdc8f87ab4c230f265912f8aa3ade35dd43d3883b588d290035"",""width"":139,""height"":106,""mode"":""P"",""frames"":1,""format"":""GIF""}"	它们居住在洞穴深处，尽管没有很强的力量，但快速的行动和攻击却能使你防不胜防，尤其是对法师。	[]				0		all-evidence-paths-exhausted-no-closed-candidate	"[""website JSON record and source description"",""website image path/sha256/size"",""current MonsterInfo identity/level/Boss fields"",""GodotClient/Formats/MonsterLookup.cs"",""Mon-*.Zl header/body-frame probe"",""duplicate-image and candidate conflict audit""]"	pending	pending	no stable DB candidate after name/identity/resource/region checks	True	retain-current
mob-87	邪恶蜈蚣	虫峡谷	../images/mob/pic/64.gif	"{""present"":true,""path"":""/home/tetsuya/development/mir3-website/images/mob/pic/64.gif"",""bytes"":3023,""sha256"":""dde05a4fce61d16df43593b82c3c3f493d52b103358e1eb5e2c194f1875e1ad8"",""width"":139,""height"":106,""mode"":""P"",""frames"":1,""format"":""GIF""}"	它们居住在洞穴深处，尽管没有很强的力量，但快速的行动和攻击却能使你防不胜防，尤其是对战士。	[]				0		all-evidence-paths-exhausted-no-closed-candidate	"[""website JSON record and source description"",""website image path/sha256/size"",""current MonsterInfo identity/level/Boss fields"",""GodotClient/Formats/MonsterLookup.cs"",""Mon-*.Zl header/body-frame probe"",""duplicate-image and candidate conflict audit""]"	pending	pending	no stable DB candidate after name/identity/resource/region checks	True	retain-current
mob-88	钳虫	虫峡谷	../images/mob/pic/34.gif	"{""present"":true,""path"":""/home/tetsuya/development/mir3-website/images/mob/pic/34.gif"",""bytes"":4315,""sha256"":""71b5e63d6a550c477affa9a218ed83fd71b78ee16c5a2e1795e00cdd4dcedcaf"",""width"":139,""height"":106,""mode"":""P"",""frames"":1,""format"":""GIF""}"	这是一种用长在前额的巨大的、锋利的钳子进攻的，强有力的昆虫类生物。它们有坚硬的外壳保护身体，进攻敌人时会以六条腿快速移动。一定要当心被它坚硬的表皮伤害。由于长期生活在黑暗的洞穴中，它们已经丧失了视力，但它们敏锐的触角可以通过气味或湿度来感知敌人的威胁。你应该用强有力的武器攻击它们，而不是用剑。	[]				0		all-evidence-paths-exhausted-no-closed-candidate	"[""website JSON record and source description"",""website image path/sha256/size"",""current MonsterInfo identity/level/Boss fields"",""GodotClient/Formats/MonsterLookup.cs"",""Mon-*.Zl header/body-frame probe"",""duplicate-image and candidate conflict audit""]"	pending	pending	no stable DB candidate after name/identity/resource/region checks	True	retain-current
mob-89	白眼钳虫	虫峡谷	../images/mob/pic/59.gif	"{""present"":true,""path"":""/home/tetsuya/development/mir3-website/images/mob/pic/59.gif"",""bytes"":5859,""sha256"":""407429200fb703f78d6b1899d7a048927d52719abad428f73499ab65eaad4788"",""width"":139,""height"":106,""mode"":""P"",""frames"":1,""format"":""GIF""}"	这是一种用长在前额的巨大的、锋利的钳子进攻的，强有力的昆虫类生物。它们有坚硬的外壳保护身体，进攻敌人时会以六条腿快速移动。一定要当心被它坚硬的表皮伤害。由于长期生活在黑暗的洞穴中，它们已经丧失了视力，但它们敏锐的触角可以通过气味或湿度来感知敌人的威胁。你应该用强有力的武器攻击它们，而不是用剑。对道士的威胁大。	[]				0		all-evidence-paths-exhausted-no-closed-candidate	"[""website JSON record and source description"",""website image path/sha256/size"",""current MonsterInfo identity/level/Boss fields"",""GodotClient/Formats/MonsterLookup.cs"",""Mon-*.Zl header/body-frame probe"",""duplicate-image and candidate conflict audit""]"	pending	pending	no stable DB candidate after name/identity/resource/region checks	True	retain-current
mob-90	沃角钳虫	虫峡谷	../images/mob/pic/61.gif	"{""present"":true,""path"":""/home/tetsuya/development/mir3-website/images/mob/pic/61.gif"",""bytes"":5699,""sha256"":""416765e5f1ff6320fe1bd261d60b41822db25f658f72e1b887da5768625e2603"",""width"":139,""height"":106,""mode"":""P"",""frames"":1,""format"":""GIF""}"	这是一种用长在前额的巨大的、锋利的钳子进攻的，强有力的昆虫类生物。它们有坚硬的外壳保护身体，进攻敌人时会以六条腿快速移动。一定要当心被它坚硬的表皮伤害。由于长期生活在黑暗的洞穴中，它们已经丧失了视力，但它们敏锐的触角可以通过气味或湿度来感知敌人的威胁。你应该用强有力的武器攻击它们，而不是用剑。对法师的威胁大。	[]				0		all-evidence-paths-exhausted-no-closed-candidate	"[""website JSON record and source description"",""website image path/sha256/size"",""current MonsterInfo identity/level/Boss fields"",""GodotClient/Formats/MonsterLookup.cs"",""Mon-*.Zl header/body-frame probe"",""duplicate-image and candidate conflict audit""]"	pending	pending	no stable DB candidate after name/identity/resource/region checks	True	retain-current
mob-91	青铜钳虫	虫峡谷	../images/mob/pic/60.gif	"{""present"":true,""path"":""/home/tetsuya/development/mir3-website/images/mob/pic/60.gif"",""bytes"":5690,""sha256"":""015bd48aef3f2e2bd6c156dcbe2bf72a5a255667a2aa4a27d0155df3859021d3"",""width"":139,""height"":106,""mode"":""P"",""frames"":1,""format"":""GIF""}"	这是一种用长在前额的巨大的、锋利的钳子进攻的，强有力的昆虫类生物。它们有坚硬的外壳保护身体，进攻敌人时会以六条腿快速移动。一定要当心被它坚硬的表皮伤害。由于长期生活在黑暗的洞穴中，它们已经丧失了视力，但它们敏锐的触角可以通过气味或湿度来感知敌人的威胁。你应该用强有力的武器攻击它们，而不是用剑。对战士的威胁大。	[]				0		all-evidence-paths-exhausted-no-closed-candidate	"[""website JSON record and source description"",""website image path/sha256/size"",""current MonsterInfo identity/level/Boss fields"",""GodotClient/Formats/MonsterLookup.cs"",""Mon-*.Zl header/body-frame probe"",""duplicate-image and candidate conflict audit""]"	pending	pending	no stable DB candidate after name/identity/resource/region checks	True	retain-current
mob-92	蝴蝶虫	虫峡谷	../images/mob/pic/33.gif	"{""present"":true,""path"":""/home/tetsuya/development/mir3-website/images/mob/pic/33.gif"",""bytes"":4138,""sha256"":""55150653604bd1e8f2fbc2045dbd57f46d1da13d9e16a53085f2d27c37a5ef78"",""width"":139,""height"":106,""mode"":""P"",""frames"":1,""format"":""GIF""}"	绿色的大昆虫。背上长着坚硬的长刺。防御力弱，但长刺的威力是不能忽视的。据说完全发育后会变成大蝴蝶	[]				0		all-evidence-paths-exhausted-no-closed-candidate	"[""website JSON record and source description"",""website image path/sha256/size"",""current MonsterInfo identity/level/Boss fields"",""GodotClient/Formats/MonsterLookup.cs"",""Mon-*.Zl header/body-frame probe"",""duplicate-image and candidate conflict audit""]"	pending	pending	no stable DB candidate after name/identity/resource/region checks	True	retain-current
mob-93	黑色恶蛆	虫峡谷	../images/mob/pic/30.gif	"{""present"":true,""path"":""/home/tetsuya/development/mir3-website/images/mob/pic/30.gif"",""bytes"":5364,""sha256"":""443ac224a34038dcff1441125c5fad7777c7eed02bfc8578ce9756853f4bfe83"",""width"":139,""height"":106,""mode"":""P"",""frames"":1,""format"":""GIF""}"	它们由蛆的尸体变异而来，以高速旋转的身体为武器向人们进攻。它们会对所有靠近的人发起攻击，由于他们速度这样快，被攻击的人很难逃开。	[]				0		all-evidence-paths-exhausted-no-closed-candidate	"[""website JSON record and source description"",""website image path/sha256/size"",""current MonsterInfo identity/level/Boss fields"",""GodotClient/Formats/MonsterLookup.cs"",""Mon-*.Zl header/body-frame probe"",""duplicate-image and candidate conflict audit""]"	pending	pending	no stable DB candidate after name/identity/resource/region checks	True	retain-current
mob-94	白月黑色恶蛆	虫峡谷	../images/mob/pic/58.gif	"{""present"":true,""path"":""/home/tetsuya/development/mir3-website/images/mob/pic/58.gif"",""bytes"":5930,""sha256"":""26e5c909b8ed09d678fbf1734b8d982d361a9e9e0067d95eeb4007f3b70b5bf6"",""width"":139,""height"":106,""mode"":""P"",""frames"":1,""format"":""GIF""}"	它们由蛆的尸体变异而来，以高速旋转的身体为武器向人们进攻。它们会对所有靠近的人发起攻击，由于他们速度这样快，被攻击的人很难逃开。尤其对法师威胁大。	[]				0		all-evidence-paths-exhausted-no-closed-candidate	"[""website JSON record and source description"",""website image path/sha256/size"",""current MonsterInfo identity/level/Boss fields"",""GodotClient/Formats/MonsterLookup.cs"",""Mon-*.Zl header/body-frame probe"",""duplicate-image and candidate conflict audit""]"	pending	pending	no stable DB candidate after name/identity/resource/region checks	True	retain-current
mob-95	金刚黑色恶蛆	虫峡谷	../images/mob/pic/56.gif	"{""present"":true,""path"":""/home/tetsuya/development/mir3-website/images/mob/pic/56.gif"",""bytes"":6080,""sha256"":""9b61344089182ebd8985ee244efbab15daf744bf31e299ac224b9d7db630ba19"",""width"":139,""height"":106,""mode"":""P"",""frames"":1,""format"":""GIF""}"	它们由蛆的尸体变异而来，以高速旋转的身体为武器向人们进攻。它们会对所有靠近的人发起攻击，由于他们速度这样快，被攻击的人很难逃开。尤其对战士威胁大。	[]				0		all-evidence-paths-exhausted-no-closed-candidate	"[""website JSON record and source description"",""website image path/sha256/size"",""current MonsterInfo identity/level/Boss fields"",""GodotClient/Formats/MonsterLookup.cs"",""Mon-*.Zl header/body-frame probe"",""duplicate-image and candidate conflict audit""]"	pending	pending	no stable DB candidate after name/identity/resource/region checks	True	retain-current
mob-96	沃毒黑色恶蛆	虫峡谷	../images/mob/pic/57.gif	"{""present"":true,""path"":""/home/tetsuya/development/mir3-website/images/mob/pic/57.gif"",""bytes"":5999,""sha256"":""fb1adf5e2aa2656b45289ba9cad58776997313b01e10164ea69b8c3e7889fc2e"",""width"":139,""height"":106,""mode"":""P"",""frames"":1,""format"":""GIF""}"	它们由蛆的尸体变异而来，以高速旋转的身体为武器向人们进攻。它们会对所有靠近的人发起攻击，由于他们速度这样快，被攻击的人很难逃开。尤其对道士威胁大。	[]				0		all-evidence-paths-exhausted-no-closed-candidate	"[""website JSON record and source description"",""website image path/sha256/size"",""current MonsterInfo identity/level/Boss fields"",""GodotClient/Formats/MonsterLookup.cs"",""Mon-*.Zl header/body-frame probe"",""duplicate-image and candidate conflict audit""]"	pending	pending	no stable DB candidate after name/identity/resource/region checks	True	retain-current
mob-97	邪恶钳虫	虫峡谷	../images/mob/pic/35.gif	"{""present"":true,""path"":""/home/tetsuya/development/mir3-website/images/mob/pic/35.gif"",""bytes"":4978,""sha256"":""5930a0fea4fed26ace577b5051d177280a1fbfb6e10fcbbe051bc41c37c929f5"",""width"":139,""height"":106,""mode"":""P"",""frames"":1,""format"":""GIF""}"	这种巨大的钳虫在相当长的时期里已经起了变异，不能与普通的钳虫相比。它们几乎能够毫无怜悯地杀掉任何敌人。它们坚硬的外壳由于不断地锻造而十分强大，使大多数敌人的攻击都不起作用。它们的弱点在于经不起法师魔法的攻击，所以你应当借助法师的魔法杀掉它们。 生命：1250 经验值：2500 可爆：祈祷套装	[]				0		all-evidence-paths-exhausted-no-closed-candidate	"[""website JSON record and source description"",""website image path/sha256/size"",""current MonsterInfo identity/level/Boss fields"",""GodotClient/Formats/MonsterLookup.cs"",""Mon-*.Zl header/body-frame probe"",""duplicate-image and candidate conflict audit""]"	pending	pending	no stable DB candidate after name/identity/resource/region checks	True	retain-current
mob-98	触龙神	虫峡谷	../images/mob/pic/41.gif	"{""present"":true,""path"":""/home/tetsuya/development/mir3-website/images/mob/pic/41.gif"",""bytes"":7362,""sha256"":""88668dcd7fead060130b510c5f4a664850e89e0f07363c1c10eec53050502bc1"",""width"":139,""height"":106,""mode"":""P"",""frames"":1,""format"":""GIF""}"	这是一种巨大的千年蜈蚣，出现在死亡谷的深处。它们已经有呼风唤雨的能力，所以常被看成是神，旧的记录中提到曾以处女作为它们的祭品。。强大的、变化多端的魔力使他们很难杀死。 触龙神	[]				0		all-evidence-paths-exhausted-no-closed-candidate	"[""website JSON record and source description"",""website image path/sha256/size"",""current MonsterInfo identity/level/Boss fields"",""GodotClient/Formats/MonsterLookup.cs"",""Mon-*.Zl header/body-frame probe"",""duplicate-image and candidate conflict audit""]"	pending	pending	no stable DB candidate after name/identity/resource/region checks	True	retain-current
mob-99	赤黄猪王	罪孽洞穴	../images/mob/pic/zndx.jpg	"{""present"":true,""path"":""/home/tetsuya/development/mir3-website/images/mob/pic/zndx.jpg"",""bytes"":25077,""sha256"":""6e84e030dd39d305382d5f63391bcba1e0829d9dc8440ca15877a7c5b5b6e3f9"",""width"":139,""height"":106,""mode"":""RGB"",""frames"":1,""format"":""JPEG""}"	罪孽洞穴里的怪物。 可爆:藏匿罪证	[]				0		all-evidence-paths-exhausted-no-closed-candidate	"[""website JSON record and source description"",""website image path/sha256/size"",""current MonsterInfo identity/level/Boss fields"",""GodotClient/Formats/MonsterLookup.cs"",""Mon-*.Zl header/body-frame probe"",""duplicate-image and candidate conflict audit""]"	pending	pending	no stable DB candidate after name/identity/resource/region checks	True	retain-current
mob-100	怒龙神	罪孽洞穴	../images/mob/pic/nls.gif	"{""present"":true,""path"":""/home/tetsuya/development/mir3-website/images/mob/pic/nls.gif"",""bytes"":15164,""sha256"":""db0a8516220783ea7aca226017e398c176ca92062db246530c1600994a91d728"",""width"":139,""height"":106,""mode"":""P"",""frames"":1,""format"":""GIF""}"	罪孽洞穴里的怪物。 可爆:回生水	[]				0		all-evidence-paths-exhausted-no-closed-candidate	"[""website JSON record and source description"",""website image path/sha256/size"",""current MonsterInfo identity/level/Boss fields"",""GodotClient/Formats/MonsterLookup.cs"",""Mon-*.Zl header/body-frame probe"",""duplicate-image and candidate conflict audit""]"	pending	pending	no stable DB candidate after name/identity/resource/region checks	True	retain-current
mob-101	红野猪	石阁庙	../images/mob/pic/38.gif	"{""present"":true,""path"":""/home/tetsuya/development/mir3-website/images/mob/pic/38.gif"",""bytes"":5982,""sha256"":""8734e376f60805cb0ae9d1f8706ca9bcc871a9488a0162f48cf780778cfdc59b"",""width"":139,""height"":106,""mode"":""P"",""frames"":1,""format"":""GIF""}"	它们挥舞巨大的棒子攻击入侵者。一旦发现敌人，它们会跑起来并残忍地抡起大棒进攻。它们超乎想象的力量可能会使你受到伤害。	"[{""index"":125,""internal_name"":""Red Boar"",""image"":""RedBoar"",""race"":null,""shape"":6,""resource"":{""status"":""ok"",""library"":""Mon-8"",""library_number"":8,""shape"":6,""source"":""/home/tetsuya/development/zircon/GodotClient/Formats/MonsterLookup.cs"",""path"":""/home/tetsuya/development/zircon/Debug/Client/Data/Mon-8.Zl"",""library_count"":10000,""nonblank_probe_frames_0_99"":44,""sample_frames"":[{""draw_frame"":0,""index"":6000,""width"":64,""height"":66,""offsetX"":-5,""offsetY"":-39},{""draw_frame"":1,""index"":6001,""width"":68,""height"":66,""offsetX"":-8,""offsetY"":-38},{""draw_frame"":2,""index"":6002,""width"":72,""height"":64,""offsetX"":-11,""offsetY"":-36},{""draw_frame"":3,""index"":6003,""width"":68,""height"":64,""offsetX"":-8,""offsetY"":-37},{""draw_frame"":10,""index"":6010,""width"":64,""height"":68,""offsetX"":-5,""offsetY"":-41},{""draw_frame"":11,""index"":6011,""width"":64,""height"":68,""offsetX"":-8,""offsetY"":-41},{""draw_frame"":12,""index"":6012,""width"":64,""height"":68,""offsetX"":-10,""offsetY"":-40},{""draw_frame"":13,""index"":6013,""width"":64,""height"":68,""offsetX"":-8,""offsetY"":-40}],""body_frame_formula"":""draw_frame + 6*1000""},""level"":30,""is_boss"":false}]"	125	Red Boar	RedBoar	1		explicit-identity-plus-MonsterLookup-probe	"[""website JSON record and source description"",""website image path/sha256/size"",""current MonsterInfo identity/level/Boss fields"",""GodotClient/Formats/MonsterLookup.cs"",""Mon-*.Zl header/body-frame probe"",""duplicate-image and candidate conflict audit""]"	high	confirmed		True	display-name-plan-only
mob-102	黑野猪	石阁庙	../images/mob/pic/39.gif	"{""present"":true,""path"":""/home/tetsuya/development/mir3-website/images/mob/pic/39.gif"",""bytes"":6273,""sha256"":""7e316eaf0920a44cfb44b4fafb4d603ba8f0a0d9ce3e2ae1844ec814cc089758"",""width"":139,""height"":106,""mode"":""P"",""frames"":1,""format"":""GIF""}"	红色野猪变异而来，比他们的祖先更加迅速和灵活。不仅保持了巨大的可怕力量，更快的动作会给任何对手造成麻烦。	"[{""index"":127,""internal_name"":""Black Boar"",""image"":""BlackBoar"",""race"":null,""shape"":7,""resource"":{""status"":""ok"",""library"":""Mon-8"",""library_number"":8,""shape"":7,""source"":""/home/tetsuya/development/zircon/GodotClient/Formats/MonsterLookup.cs"",""path"":""/home/tetsuya/development/zircon/Debug/Client/Data/Mon-8.Zl"",""library_count"":10000,""nonblank_probe_frames_0_99"":44,""sample_frames"":[{""draw_frame"":0,""index"":7000,""width"":64,""height"":74,""offsetX"":-5,""offsetY"":-47},{""draw_frame"":1,""index"":7001,""width"":68,""height"":74,""offsetX"":-8,""offsetY"":-46},{""draw_frame"":2,""index"":7002,""width"":76,""height"":70,""offsetX"":-11,""offsetY"":-43},{""draw_frame"":3,""index"":7003,""width"":72,""height"":72,""offsetX"":-8,""offsetY"":-44},{""draw_frame"":10,""index"":7010,""width"":64,""height"":70,""offsetX"":-5,""offsetY"":-43},{""draw_frame"":11,""index"":7011,""width"":68,""height"":72,""offsetX"":-8,""offsetY"":-43},{""draw_frame"":12,""index"":7012,""width"":68,""height"":72,""offsetX"":-11,""offsetY"":-42},{""draw_frame"":13,""index"":7013,""width"":64,""height"":70,""offsetX"":-8,""offsetY"":-42}],""body_frame_formula"":""draw_frame + 7*1000""},""level"":30,""is_boss"":false}]"	127	Black Boar	BlackBoar	1		explicit-identity-plus-MonsterLookup-probe	"[""website JSON record and source description"",""website image path/sha256/size"",""current MonsterInfo identity/level/Boss fields"",""GodotClient/Formats/MonsterLookup.cs"",""Mon-*.Zl header/body-frame probe"",""duplicate-image and candidate conflict audit""]"	high	confirmed		True	display-name-plan-only
mob-103	白野猪	石阁庙	../images/mob/pic/40.gif	"{""present"":true,""path"":""/home/tetsuya/development/mir3-website/images/mob/pic/40.gif"",""bytes"":7240,""sha256"":""97b88b772b5877daef876864980163a436f36ad886bcf1cb2f1675dc80b54512"",""width"":139,""height"":106,""mode"":""P"",""frames"":1,""format"":""GIF""}"	它们是红色野猪的领头者，不知道它们已活了多久。由于更长的寿命，他们的皮肤变白，而且比红色野猪更大的体形和更强的破坏力。此外，它们的行动速度可以和黑色野猪相比。	[]				0		all-evidence-paths-exhausted-no-closed-candidate	"[""website JSON record and source description"",""website image path/sha256/size"",""current MonsterInfo identity/level/Boss fields"",""GodotClient/Formats/MonsterLookup.cs"",""Mon-*.Zl header/body-frame probe"",""duplicate-image and candidate conflict audit""]"	pending	pending	no stable DB candidate after name/identity/resource/region checks	True	retain-current
mob-104	角蝇，蝙蝠	石阁庙	../images/mob/pic/24.gif	"{""present"":true,""path"":""/home/tetsuya/development/mir3-website/images/mob/pic/24.gif"",""bytes"":5551,""sha256"":""9c8ddeb25c1e09c70a5ca0877932707e54bdb1181a29db4b6723ee612e3022ca"",""width"":139,""height"":106,""mode"":""P"",""frames"":1,""format"":""GIF""}"	这是一种有着象蝙蝠那样的翅膀的有毒生物. 长在它背部的刺没有毒液但能造成不少疼痛。如果你仔细些会发现在它们周围有一种怪异的生物，叫做蝙蝠角蝇。蝙蝠不停地释放出这种蛆。蝙蝠很容易杀掉，但要提防他们群体围攻。它能给你300点经验值。一些蝙蝠集合成角蝇，象是大块的泥巴，当周围有敌人时角蝇就会放出蝙蝠发起攻击。	"[{""index"":24,""internal_name"":""Cave Bat"",""image"":""CaveBat"",""race"":null,""shape"":9,""resource"":{""status"":""ok"",""library"":""Mon-3"",""library_number"":3,""shape"":9,""source"":""/home/tetsuya/development/zircon/GodotClient/Formats/MonsterLookup.cs"",""path"":""/home/tetsuya/development/zircon/Debug/Client/Data/Mon-3.Zl"",""library_count"":10000,""nonblank_probe_frames_0_99"":44,""sample_frames"":[{""draw_frame"":0,""index"":9000,""width"":60,""height"":26,""offsetX"":-2,""offsetY"":-57},{""draw_frame"":1,""index"":9001,""width"":28,""height"":24,""offsetX"":13,""offsetY"":-58},{""draw_frame"":2,""index"":9002,""width"":64,""height"":24,""offsetX"":-8,""offsetY"":-56},{""draw_frame"":3,""index"":9003,""width"":32,""height"":36,""offsetX"":7,""offsetY"":-57},{""draw_frame"":10,""index"":9010,""width"":48,""height"":40,""offsetX"":11,""offsetY"":-58},{""draw_frame"":11,""index"":9011,""width"":40,""height"":28,""offsetX"":-1,""offsetY"":-59},{""draw_frame"":12,""index"":9012,""width"":52,""height"":32,""offsetX"":-3,""offsetY"":-60},{""draw_frame"":13,""index"":9013,""width"":32,""height"":40,""offsetX"":11,""offsetY"":-54}],""body_frame_formula"":""draw_frame + 9*1000""},""level"":18,""is_boss"":false}]"	24	Cave Bat	CaveBat	2	CaveBat	explicit-identity-plus-MonsterLookup-probe	"[""website JSON record and source description"",""website image path/sha256/size"",""current MonsterInfo identity/level/Boss fields"",""GodotClient/Formats/MonsterLookup.cs"",""Mon-*.Zl header/body-frame probe"",""duplicate-image and candidate conflict audit""]"	medium	confirmed		True	display-name-plan-only
mob-105	楔蛾	石阁庙	../images/mob/pic/25.gif	"{""present"":true,""path"":""/home/tetsuya/development/mir3-website/images/mob/pic/25.gif"",""bytes"":5812,""sha256"":""9f87a312e3e43aff70347e897165721f106d4457214ba2b2fdb52162179cb90f"",""width"":139,""height"":106,""mode"":""P"",""frames"":1,""format"":""GIF""}"	它们令人不快地飞在洞窟中，以喷出毒液使其它生物窒息后在尸体上产卵。它们全身常常淌下绿色的毒液而污染了周围的环境。	"[{""index"":124,""internal_name"":""Wedge Moth"",""image"":""WedgeMoth"",""race"":null,""shape"":5,""resource"":{""status"":""ok"",""library"":""Mon-8"",""library_number"":8,""shape"":5,""source"":""/home/tetsuya/development/zircon/GodotClient/Formats/MonsterLookup.cs"",""path"":""/home/tetsuya/development/zircon/Debug/Client/Data/Mon-8.Zl"",""library_count"":10000,""nonblank_probe_frames_0_99"":44,""sample_frames"":[{""draw_frame"":0,""index"":5000,""width"":44,""height"":62,""offsetX"":2,""offsetY"":-71},{""draw_frame"":1,""index"":5001,""width"":36,""height"":38,""offsetX"":7,""offsetY"":-57},{""draw_frame"":2,""index"":5002,""width"":44,""height"":58,""offsetX"":4,""offsetY"":-83},{""draw_frame"":3,""index"":5003,""width"":36,""height"":42,""offsetX"":7,""offsetY"":-56},{""draw_frame"":10,""index"":5010,""width"":52,""height"":66,""offsetX"":-1,""offsetY"":-78},{""draw_frame"":11,""index"":5011,""width"":48,""height"":40,""offsetX"":0,""offsetY"":-55},{""draw_frame"":12,""index"":5012,""width"":52,""height"":64,""offsetX"":4,""offsetY"":-90},{""draw_frame"":13,""index"":5013,""width"":48,""height"":40,""offsetX"":-2,""offsetY"":-52}],""body_frame_formula"":""draw_frame + 5*1000""},""level"":30,""is_boss"":false}]"	124	Wedge Moth	WedgeMoth	1		explicit-identity-plus-MonsterLookup-probe	"[""website JSON record and source description"",""website image path/sha256/size"",""current MonsterInfo identity/level/Boss fields"",""GodotClient/Formats/MonsterLookup.cs"",""Mon-*.Zl header/body-frame probe"",""duplicate-image and candidate conflict audit""]"	high	confirmed		True	display-name-plan-only
mob-106	蝎蛇	石阁庙	../images/mob/pic/36.gif	"{""present"":true,""path"":""/home/tetsuya/development/mir3-website/images/mob/pic/36.gif"",""bytes"":5533,""sha256"":""01b7620dd95e5c48b92759b998ea2e033a0b87a8e683efd1512ddde4839c9e57"",""width"":139,""height"":106,""mode"":""P"",""frames"":1,""format"":""GIF""}"	这是一种令人不快的，穿着盔甲，有着大钳子的蛇。它那悬着的巨大的眼睛可以望向任何方向。除了钳子，它长长的、锋利的牙齿也会造成致命的威胁。它们周身覆盖着坚硬的外壳，但你可以从腹部的软壳轻易地杀死它们。要想解决它们你必须使用尽量高明的剑法。如果你不是一个经验丰富的勇士，将很难杀掉它们。	"[{""index"":126,""internal_name"":""Claw Serpent"",""image"":""ClawSerpent"",""race"":null,""shape"":9,""resource"":{""status"":""ok"",""library"":""Mon-8"",""library_number"":8,""shape"":9,""source"":""/home/tetsuya/development/zircon/GodotClient/Formats/MonsterLookup.cs"",""path"":""/home/tetsuya/development/zircon/Debug/Client/Data/Mon-8.Zl"",""library_count"":10000,""nonblank_probe_frames_0_99"":44,""sample_frames"":[{""draw_frame"":0,""index"":9000,""width"":84,""height"":112,""offsetX"":-13,""offsetY"":-42},{""draw_frame"":1,""index"":9001,""width"":80,""height"":110,""offsetX"":-11,""offsetY"":-41},{""draw_frame"":2,""index"":9002,""width"":88,""height"":106,""offsetX"":-16,""offsetY"":-39},{""draw_frame"":3,""index"":9003,""width"":92,""height"":110,""offsetX"":-19,""offsetY"":-40},{""draw_frame"":10,""index"":9010,""width"":124,""height"":104,""offsetX"":-42,""offsetY"":-39},{""draw_frame"":11,""index"":9011,""width"":112,""height"":100,""offsetX"":-28,""offsetY"":-38},{""draw_frame"":12,""index"":9012,""width"":112,""height"":98,""offsetX"":-30,""offsetY"":-36},{""draw_frame"":13,""index"":9013,""width"":120,""height"":102,""offsetX"":-38,""offsetY"":-38}],""body_frame_formula"":""draw_frame + 9*1000""},""level"":30,""is_boss"":false}]"	126	Claw Serpent	ClawSerpent	1		explicit-identity-plus-MonsterLookup-probe	"[""website JSON record and source description"",""website image path/sha256/size"",""current MonsterInfo identity/level/Boss fields"",""GodotClient/Formats/MonsterLookup.cs"",""Mon-*.Zl header/body-frame probe"",""duplicate-image and candidate conflict audit""]"	medium	confirmed		True	display-name-plan-only
mob-107	邪恶毒蛇	石阁庙	../images/mob/pic/37.gif	"{""present"":true,""path"":""/home/tetsuya/development/mir3-website/images/mob/pic/37.gif"",""bytes"":5303,""sha256"":""f98a4814b4708113ffc8a19247433b8d454eaa570ff6d77fd9f016581df060e5"",""width"":139,""height"":106,""mode"":""P"",""frames"":1,""format"":""GIF""}"	它比蝎蛇更大的体形和更强的破坏力。皮肤上的花纹具有魔力，保护着它，所以能经受一般的魔法攻击。它大大的钳子，长长的、锋利的牙齿也会造成致命的威胁。所以你要非常小心。	[]				0		all-evidence-paths-exhausted-no-closed-candidate	"[""website JSON record and source description"",""website image path/sha256/size"",""current MonsterInfo identity/level/Boss fields"",""GodotClient/Formats/MonsterLookup.cs"",""Mon-*.Zl header/body-frame probe"",""duplicate-image and candidate conflict audit""]"	pending	pending	no stable DB candidate after name/identity/resource/region checks	True	retain-current
mob-108	粪虫	沃玛神殿	../images/mob/pic/08.gif	"{""present"":true,""path"":""/home/tetsuya/development/mir3-website/images/mob/pic/08.gif"",""bytes"":6044,""sha256"":""ddd8015e8bd26c37beb7c79956620d8d73e745939b041bd0e6beec6792cacf8c"",""width"":139,""height"":106,""mode"":""P"",""frames"":1,""format"":""GIF""}"	它们出现在沃玛神殿。它们本来是沃玛教众，但在沃玛教主召唤时被邪恶可怕的力量变成奇怪的动物。它们具有人的某些特征，智商低下并残忍无情。他用强酸性针攻击，有时侯它们死后会掉出原先的人拥有的物品。	"[{""index"":61,""internal_name"":""Spined Dark Lizard"",""image"":""SpinedDarkLizard"",""race"":null,""shape"":6,""resource"":{""status"":""ok"",""library"":""Mon-5"",""library_number"":5,""shape"":6,""source"":""/home/tetsuya/development/zircon/GodotClient/Formats/MonsterLookup.cs"",""path"":""/home/tetsuya/development/zircon/Debug/Client/Data/Mon-5.Zl"",""library_count"":10000,""nonblank_probe_frames_0_99"":44,""sample_frames"":[{""draw_frame"":0,""index"":6000,""width"":44,""height"":68,""offsetX"":3,""offsetY"":-34},{""draw_frame"":1,""index"":6001,""width"":44,""height"":64,""offsetX"":3,""offsetY"":-35},{""draw_frame"":2,""index"":6002,""width"":44,""height"":62,""offsetX"":3,""offsetY"":-34},{""draw_frame"":3,""index"":6003,""width"":44,""height"":62,""offsetX"":3,""offsetY"":-34},{""draw_frame"":10,""index"":6010,""width"":56,""height"":62,""offsetX"":0,""offsetY"":-30},{""draw_frame"":11,""index"":6011,""width"":52,""height"":60,""offsetX"":0,""offsetY"":-29},{""draw_frame"":12,""index"":6012,""width"":56,""height"":62,""offsetX"":-2,""offsetY"":-29},{""draw_frame"":13,""index"":6013,""width"":56,""height"":60,""offsetX"":-3,""offsetY"":-29}],""body_frame_formula"":""draw_frame + 6*1000""},""level"":25,""is_boss"":false}]"	61	Spined Dark Lizard	SpinedDarkLizard	1		explicit-identity-plus-MonsterLookup-probe	"[""website JSON record and source description"",""website image path/sha256/size"",""current MonsterInfo identity/level/Boss fields"",""GodotClient/Formats/MonsterLookup.cs"",""Mon-*.Zl header/body-frame probe"",""duplicate-image and candidate conflict audit""]"	medium	confirmed		True	display-name-plan-only
mob-109	暗黑战士	沃玛神殿	../images/mob/pic/09.gif	"{""present"":true,""path"":""/home/tetsuya/development/mir3-website/images/mob/pic/09.gif"",""bytes"":6832,""sha256"":""3d4f96f88adee8ab37818e98a8f84d8539b4b2f3faf4f98d1c31cb3585503121"",""width"":139,""height"":106,""mode"":""P"",""frames"":1,""format"":""GIF""}"	黑暗出现在沃玛神殿。它曾是沃玛教的成员，但在沃玛教主复活后被邪恶和有害的力量变成奇怪的生物。它失掉人类的自然特征而成为低智商的残忍的动物。它通过射出背部的针发起攻击，这种针速度很快。它也很胆小，你接近时它会迅速跃开。	"[{""index"":62,""internal_name"":""Uma Infidel"",""image"":""UmaInfidel"",""race"":null,""shape"":1,""resource"":{""status"":""ok"",""library"":""Mon-5"",""library_number"":5,""shape"":1,""source"":""/home/tetsuya/development/zircon/GodotClient/Formats/MonsterLookup.cs"",""path"":""/home/tetsuya/development/zircon/Debug/Client/Data/Mon-5.Zl"",""library_count"":10000,""nonblank_probe_frames_0_99"":44,""sample_frames"":[{""draw_frame"":0,""index"":1000,""width"":80,""height"":112,""offsetX"":-15,""offsetY"":-74},{""draw_frame"":1,""index"":1001,""width"":80,""height"":116,""offsetX"":-15,""offsetY"":-76},{""draw_frame"":2,""index"":1002,""width"":72,""height"":114,""offsetX"":-11,""offsetY"":-78},{""draw_frame"":3,""index"":1003,""width"":76,""height"":118,""offsetX"":-13,""offsetY"":-76},{""draw_frame"":10,""index"":1010,""width"":80,""height"":100,""offsetX"":-11,""offsetY"":-70},{""draw_frame"":11,""index"":1011,""width"":88,""height"":102,""offsetX"":-19,""offsetY"":-71},{""draw_frame"":12,""index"":1012,""width"":88,""height"":104,""offsetX"":-19,""offsetY"":-73},{""draw_frame"":13,""index"":1013,""width"":84,""height"":102,""offsetX"":-16,""offsetY"":-72}],""body_frame_formula"":""draw_frame + 1*1000""},""level"":25,""is_boss"":false}]"	62	Uma Infidel	UmaInfidel	1		explicit-identity-plus-MonsterLookup-probe	"[""website JSON record and source description"",""website image path/sha256/size"",""current MonsterInfo identity/level/Boss fields"",""GodotClient/Formats/MonsterLookup.cs"",""Mon-*.Zl header/body-frame probe"",""duplicate-image and candidate conflict audit""]"	medium	confirmed		True	display-name-plan-only
mob-110	沃玛战士	沃玛神殿	../images/mob/pic/10.gif	"{""present"":true,""path"":""/home/tetsuya/development/mir3-website/images/mob/pic/10.gif"",""bytes"":4039,""sha256"":""032ecd92d76be3d66524c081b0db9b03db7e2d9329488a8bca4e3da6a8ef4e72"",""width"":139,""height"":106,""mode"":""P"",""frames"":1,""format"":""GIF""}"	它们保卫着沃玛神殿。他们曾是沃玛教的成员，沃玛教主复活后他们被杀死，死后的尸体变成沃玛战士。沃玛战士残忍地攻击敢于进入神殿的人。它们没有武器，但你会被它强有力的拳头击中而发昏。因为沃玛教还比较虚弱，沃玛战士还不能走出沃玛神殿，尽管它们在神殿里很强大。	"[{""index"":63,""internal_name"":""Uma Flame Thrower"",""image"":""UmaFlameThrower"",""race"":null,""shape"":3,""resource"":{""status"":""ok"",""library"":""Mon-5"",""library_number"":5,""shape"":3,""source"":""/home/tetsuya/development/zircon/GodotClient/Formats/MonsterLookup.cs"",""path"":""/home/tetsuya/development/zircon/Debug/Client/Data/Mon-5.Zl"",""library_count"":10000,""nonblank_probe_frames_0_99"":44,""sample_frames"":[{""draw_frame"":0,""index"":3000,""width"":96,""height"":114,""offsetX"":-22,""offsetY"":-79},{""draw_frame"":1,""index"":3001,""width"":92,""height"":120,""offsetX"":-19,""offsetY"":-82},{""draw_frame"":2,""index"":3002,""width"":88,""height"":118,""offsetX"":-18,""offsetY"":-86},{""draw_frame"":3,""index"":3003,""width"":92,""height"":120,""offsetX"":-21,""offsetY"":-82},{""draw_frame"":10,""index"":3010,""width"":96,""height"":118,""offsetX"":-27,""offsetY"":-89},{""draw_frame"":11,""index"":3011,""width"":96,""height"":118,""offsetX"":-23,""offsetY"":-90},{""draw_frame"":12,""index"":3012,""width"":92,""height"":122,""offsetX"":-22,""offsetY"":-93},{""draw_frame"":13,""index"":3013,""width"":92,""height"":120,""offsetX"":-25,""offsetY"":-91}],""body_frame_formula"":""draw_frame + 3*1000""},""level"":25,""is_boss"":false}]"	63	Uma Flame Thrower	UmaFlameThrower	1		explicit-identity-plus-MonsterLookup-probe	"[""website JSON record and source description"",""website image path/sha256/size"",""current MonsterInfo identity/level/Boss fields"",""GodotClient/Formats/MonsterLookup.cs"",""Mon-*.Zl header/body-frame probe"",""duplicate-image and candidate conflict audit""]"	medium	confirmed		True	display-name-plan-only
mob-111	沃玛勇士	沃玛神殿	../images/mob/pic/11.gif	"{""present"":true,""path"":""/home/tetsuya/development/mir3-website/images/mob/pic/11.gif"",""bytes"":6195,""sha256"":""5ec48b2a26929bf95bf373619b3bdfdccdbc456925b5f330f1b541ea5ab6319e"",""width"":139,""height"":106,""mode"":""P"",""frames"":1,""format"":""GIF""}"	沃玛勇士同样保卫着神殿，他们曾是沃玛教的成员，沃玛教主复活后他们被杀死，死后的尸体变成沃玛勇士。它们主动向敢于进入神殿的人发起攻击。它们用三叉戟做武器，比沃玛卫士更强大。因为沃玛教还比较虚弱，沃玛勇士也不能走出沃玛神殿，尽管它们在神殿里很强大。	"[{""index"":64,""internal_name"":""Uma Anguisher"",""image"":""UmaAnguisher"",""race"":null,""shape"":4,""resource"":{""status"":""ok"",""library"":""Mon-5"",""library_number"":5,""shape"":4,""source"":""/home/tetsuya/development/zircon/GodotClient/Formats/MonsterLookup.cs"",""path"":""/home/tetsuya/development/zircon/Debug/Client/Data/Mon-5.Zl"",""library_count"":10000,""nonblank_probe_frames_0_99"":44,""sample_frames"":[{""draw_frame"":0,""index"":4000,""width"":80,""height"":124,""offsetX"":-15,""offsetY"":-90},{""draw_frame"":1,""index"":4001,""width"":80,""height"":128,""offsetX"":-15,""offsetY"":-93},{""draw_frame"":2,""index"":4002,""width"":80,""height"":126,""offsetX"":-13,""offsetY"":-95},{""draw_frame"":3,""index"":4003,""width"":80,""height"":130,""offsetX"":-13,""offsetY"":-93},{""draw_frame"":10,""index"":4010,""width"":120,""height"":112,""offsetX"":-11,""offsetY"":-86},{""draw_frame"":11,""index"":4011,""width"":136,""height"":116,""offsetX"":-19,""offsetY"":-91},{""draw_frame"":12,""index"":4012,""width"":136,""height"":120,""offsetX"":-19,""offsetY"":-94},{""draw_frame"":13,""index"":4013,""width"":132,""height"":116,""offsetX"":-16,""offsetY"":-91}],""body_frame_formula"":""draw_frame + 4*1000""},""level"":250,""is_boss"":true}]"	64	Uma Anguisher	UmaAnguisher	1		explicit-identity-plus-MonsterLookup-probe	"[""website JSON record and source description"",""website image path/sha256/size"",""current MonsterInfo identity/level/Boss fields"",""GodotClient/Formats/MonsterLookup.cs"",""Mon-*.Zl header/body-frame probe"",""duplicate-image and candidate conflict audit""]"	medium	confirmed		True	display-name-plan-only
mob-112	沃玛战将	沃玛神殿	../images/mob/pic/12.gif	"{""present"":true,""path"":""/home/tetsuya/development/mir3-website/images/mob/pic/12.gif"",""bytes"":5050,""sha256"":""db483ad0159040f2886d1a7d78270d57d9e8258b63ea6cf82d1cdd21f2f75a28"",""width"":139,""height"":106,""mode"":""P"",""frames"":1,""format"":""GIF""}"	沃玛神殿的保卫者，他们曾是沃玛教的成员，沃玛教主复活后他们被杀死，死后的尸体变成沃玛战将。它们主动向敢于进入神殿的人发起攻击。在这里他们很强大，但同样不能走出神殿外。	"[{""index"":64,""internal_name"":""Uma Anguisher"",""image"":""UmaAnguisher"",""race"":null,""shape"":4,""resource"":{""status"":""ok"",""library"":""Mon-5"",""library_number"":5,""shape"":4,""source"":""/home/tetsuya/development/zircon/GodotClient/Formats/MonsterLookup.cs"",""path"":""/home/tetsuya/development/zircon/Debug/Client/Data/Mon-5.Zl"",""library_count"":10000,""nonblank_probe_frames_0_99"":44,""sample_frames"":[{""draw_frame"":0,""index"":4000,""width"":80,""height"":124,""offsetX"":-15,""offsetY"":-90},{""draw_frame"":1,""index"":4001,""width"":80,""height"":128,""offsetX"":-15,""offsetY"":-93},{""draw_frame"":2,""index"":4002,""width"":80,""height"":126,""offsetX"":-13,""offsetY"":-95},{""draw_frame"":3,""index"":4003,""width"":80,""height"":130,""offsetX"":-13,""offsetY"":-93},{""draw_frame"":10,""index"":4010,""width"":120,""height"":112,""offsetX"":-11,""offsetY"":-86},{""draw_frame"":11,""index"":4011,""width"":136,""height"":116,""offsetX"":-19,""offsetY"":-91},{""draw_frame"":12,""index"":4012,""width"":136,""height"":120,""offsetX"":-19,""offsetY"":-94},{""draw_frame"":13,""index"":4013,""width"":132,""height"":116,""offsetX"":-16,""offsetY"":-91}],""body_frame_formula"":""draw_frame + 4*1000""},""level"":250,""is_boss"":true}]"	64	Uma Anguisher	UmaAnguisher	1		explicit-identity-plus-MonsterLookup-probe	"[""website JSON record and source description"",""website image path/sha256/size"",""current MonsterInfo identity/level/Boss fields"",""GodotClient/Formats/MonsterLookup.cs"",""Mon-*.Zl header/body-frame probe"",""duplicate-image and candidate conflict audit""]"	medium	confirmed		True	display-name-plan-only
mob-113	火焰沃玛	沃玛神殿	../images/mob/pic/13.gif	"{""present"":true,""path"":""/home/tetsuya/development/mir3-website/images/mob/pic/13.gif"",""bytes"":4554,""sha256"":""8620a541e0faf8b89aeecc499c23284d50dc4ccbaf60d0889f42b178f2d61578"",""width"":139,""height"":106,""mode"":""P"",""frames"":1,""format"":""GIF""}"	它们出现在沃玛神殿，曾是沃玛教的成员，沃玛教主复活后他们被杀死，死后的尸体变成火焰沃玛。火焰沃玛在这里很强大，但也不能离开神殿。他没有武器但能喷射出强有力的火焰。作为沃玛中最高的等级，它们还长有翅膀。	"[{""index"":63,""internal_name"":""Uma Flame Thrower"",""image"":""UmaFlameThrower"",""race"":null,""shape"":3,""resource"":{""status"":""ok"",""library"":""Mon-5"",""library_number"":5,""shape"":3,""source"":""/home/tetsuya/development/zircon/GodotClient/Formats/MonsterLookup.cs"",""path"":""/home/tetsuya/development/zircon/Debug/Client/Data/Mon-5.Zl"",""library_count"":10000,""nonblank_probe_frames_0_99"":44,""sample_frames"":[{""draw_frame"":0,""index"":3000,""width"":96,""height"":114,""offsetX"":-22,""offsetY"":-79},{""draw_frame"":1,""index"":3001,""width"":92,""height"":120,""offsetX"":-19,""offsetY"":-82},{""draw_frame"":2,""index"":3002,""width"":88,""height"":118,""offsetX"":-18,""offsetY"":-86},{""draw_frame"":3,""index"":3003,""width"":92,""height"":120,""offsetX"":-21,""offsetY"":-82},{""draw_frame"":10,""index"":3010,""width"":96,""height"":118,""offsetX"":-27,""offsetY"":-89},{""draw_frame"":11,""index"":3011,""width"":96,""height"":118,""offsetX"":-23,""offsetY"":-90},{""draw_frame"":12,""index"":3012,""width"":92,""height"":122,""offsetX"":-22,""offsetY"":-93},{""draw_frame"":13,""index"":3013,""width"":92,""height"":120,""offsetX"":-25,""offsetY"":-91}],""body_frame_formula"":""draw_frame + 3*1000""},""level"":25,""is_boss"":false}]"	63	Uma Flame Thrower	UmaFlameThrower	1		explicit-identity-plus-MonsterLookup-probe	"[""website JSON record and source description"",""website image path/sha256/size"",""current MonsterInfo identity/level/Boss fields"",""GodotClient/Formats/MonsterLookup.cs"",""Mon-*.Zl header/body-frame probe"",""duplicate-image and candidate conflict audit""]"	medium	confirmed		True	display-name-plan-only
mob-114	沃玛卫士	沃玛神殿	../images/mob/pic/14.gif	"{""present"":true,""path"":""/home/tetsuya/development/mir3-website/images/mob/pic/14.gif"",""bytes"":6391,""sha256"":""7937ba0ee1ad86c981ff8cbff80c4e5b72da2ba7fbf1f93b48bc18dd5e31e623"",""width"":139,""height"":106,""mode"":""P"",""frames"":1,""format"":""GIF""}"	"沃玛卫士在神殿中保卫沃玛教主，并为保护教主重生竭尽全力。他们将魔力吹进沃玛教徒身上，使他们成为沃玛战士。他们是邪恶世界的生物，有着强大的魔法力量，该力量来自他们操纵的两种武器。一种是""Guzee-gyum""，含有黑暗的魔法，""Banwall-do""则有强大的破坏力量。它们难以战胜，但要杀掉沃玛教主就必须先解决掉它们。"	"[{""index"":65,""internal_name"":""Uma King"",""image"":""UmaKing"",""race"":null,""shape"":5,""resource"":{""status"":""ok"",""library"":""Mon-5"",""library_number"":5,""shape"":5,""source"":""/home/tetsuya/development/zircon/GodotClient/Formats/MonsterLookup.cs"",""path"":""/home/tetsuya/development/zircon/Debug/Client/Data/Mon-5.Zl"",""library_count"":10000,""nonblank_probe_frames_0_99"":44,""sample_frames"":[{""draw_frame"":0,""index"":5000,""width"":96,""height"":136,""offsetX"":-22,""offsetY"":-97},{""draw_frame"":1,""index"":5001,""width"":92,""height"":140,""offsetX"":-19,""offsetY"":-99},{""draw_frame"":2,""index"":5002,""width"":88,""height"":138,""offsetX"":-18,""offsetY"":-102},{""draw_frame"":3,""index"":5003,""width"":92,""height"":142,""offsetX"":-21,""offsetY"":-100},{""draw_frame"":10,""index"":5010,""width"":96,""height"":136,""offsetX"":-27,""offsetY"":-105},{""draw_frame"":11,""index"":5011,""width"":96,""height"":136,""offsetX"":-24,""offsetY"":-107},{""draw_frame"":12,""index"":5012,""width"":92,""height"":134,""offsetX"":-23,""offsetY"":-109},{""draw_frame"":13,""index"":5013,""width"":92,""height"":138,""offsetX"":-25,""offsetY"":-107}],""body_frame_formula"":""draw_frame + 5*1000""},""level"":250,""is_boss"":true}]"	65	Uma King	UmaKing	1		explicit-identity-plus-MonsterLookup-probe	"[""website JSON record and source description"",""website image path/sha256/size"",""current MonsterInfo identity/level/Boss fields"",""GodotClient/Formats/MonsterLookup.cs"",""Mon-*.Zl header/body-frame probe"",""duplicate-image and candidate conflict audit""]"	medium	confirmed		True	display-name-plan-only
mob-115	沃玛教主	沃玛神殿	../images/mob/pic/15.gif	"{""present"":true,""path"":""/home/tetsuya/development/mir3-website/images/mob/pic/15.gif"",""bytes"":5204,""sha256"":""879f244fb6a4c2b36b37c3ac01a19f916718021c6e5c3f3c0afe5538c55dcd20"",""width"":139,""height"":106,""mode"":""P"",""frames"":1,""format"":""GIF""}"	是个强大的魔鬼，被沃玛教徒奉为神明而被追随。当他们试图知道如何重生沃玛神的时候曾用1万沃玛教徒做牲品。尽管沃玛教主不能走出神殿，但如果有机会重聚力量，它能摧毁人类世界。尽管它无法凝聚全力，你也不能轻视它，从它手中发出的电光能很轻易地将你置于死地。 沃玛教主 可暴:沃玛号角,用于建立行会	"[{""index"":65,""internal_name"":""Uma King"",""image"":""UmaKing"",""race"":null,""shape"":5,""resource"":{""status"":""ok"",""library"":""Mon-5"",""library_number"":5,""shape"":5,""source"":""/home/tetsuya/development/zircon/GodotClient/Formats/MonsterLookup.cs"",""path"":""/home/tetsuya/development/zircon/Debug/Client/Data/Mon-5.Zl"",""library_count"":10000,""nonblank_probe_frames_0_99"":44,""sample_frames"":[{""draw_frame"":0,""index"":5000,""width"":96,""height"":136,""offsetX"":-22,""offsetY"":-97},{""draw_frame"":1,""index"":5001,""width"":92,""height"":140,""offsetX"":-19,""offsetY"":-99},{""draw_frame"":2,""index"":5002,""width"":88,""height"":138,""offsetX"":-18,""offsetY"":-102},{""draw_frame"":3,""index"":5003,""width"":92,""height"":142,""offsetX"":-21,""offsetY"":-100},{""draw_frame"":10,""index"":5010,""width"":96,""height"":136,""offsetX"":-27,""offsetY"":-105},{""draw_frame"":11,""index"":5011,""width"":96,""height"":136,""offsetX"":-24,""offsetY"":-107},{""draw_frame"":12,""index"":5012,""width"":92,""height"":134,""offsetX"":-23,""offsetY"":-109},{""draw_frame"":13,""index"":5013,""width"":92,""height"":138,""offsetX"":-25,""offsetY"":-107}],""body_frame_formula"":""draw_frame + 5*1000""},""level"":250,""is_boss"":true}]"	65	Uma King	UmaKing	1		explicit-identity-plus-MonsterLookup-probe	"[""website JSON record and source description"",""website image path/sha256/size"",""current MonsterInfo identity/level/Boss fields"",""GodotClient/Formats/MonsterLookup.cs"",""Mon-*.Zl header/body-frame probe"",""duplicate-image and candidate conflict audit""]"	high	confirmed		True	display-name-plan-only
mob-116	大老鼠	祖玛神殿	../images/mob/pic/22.gif	"{""present"":true,""path"":""/home/tetsuya/development/mir3-website/images/mob/pic/22.gif"",""bytes"":4553,""sha256"":""4b180ce6e39ac23b32ae28da987954fc65896b985ab2f8da3b1f0495c538cafb"",""width"":139,""height"":106,""mode"":""P"",""frames"":1,""format"":""GIF""}"	它用发达的前爪、尾巴和锋利的牙齿攻击你。虽然不是强大的怪物，但是动作很灵活。	"[{""index"":79,""internal_name"":""Vicious Rat"",""image"":""ViciousRat"",""race"":null,""shape"":1,""resource"":{""status"":""ok"",""library"":""Mon-9"",""library_number"":9,""shape"":1,""source"":""/home/tetsuya/development/zircon/GodotClient/Formats/MonsterLookup.cs"",""path"":""/home/tetsuya/development/zircon/Debug/Client/Data/Mon-9.Zl"",""library_count"":10000,""nonblank_probe_frames_0_99"":44,""sample_frames"":[{""draw_frame"":0,""index"":1000,""width"":48,""height"":96,""offsetX"":-7,""offsetY"":-41},{""draw_frame"":1,""index"":1001,""width"":36,""height"":110,""offsetX"":8,""offsetY"":-42},{""draw_frame"":2,""index"":1002,""width"":36,""height"":116,""offsetX"":8,""offsetY"":-47},{""draw_frame"":3,""index"":1003,""width"":36,""height"":108,""offsetX"":8,""offsetY"":-45},{""draw_frame"":10,""index"":1010,""width"":100,""height"":72,""offsetX"":-45,""offsetY"":-36},{""draw_frame"":11,""index"":1011,""width"":84,""height"":90,""offsetX"":-33,""offsetY"":-38},{""draw_frame"":12,""index"":1012,""width"":84,""height"":98,""offsetX"":-27,""offsetY"":-41},{""draw_frame"":13,""index"":1013,""width"":88,""height"":86,""offsetX"":-34,""offsetY"":-39}],""body_frame_formula"":""draw_frame + 1*1000""},""level"":45,""is_boss"":false}]"	79	Vicious Rat	ViciousRat	1		explicit-identity-plus-MonsterLookup-probe	"[""website JSON record and source description"",""website image path/sha256/size"",""current MonsterInfo identity/level/Boss fields"",""GodotClient/Formats/MonsterLookup.cs"",""Mon-*.Zl header/body-frame probe"",""duplicate-image and candidate conflict audit""]"	medium	confirmed		True	display-name-plan-only
mob-117	祖玛弓箭手	祖玛神殿	../images/mob/pic/26.gif	"{""present"":true,""path"":""/home/tetsuya/development/mir3-website/images/mob/pic/26.gif"",""bytes"":4837,""sha256"":""bbf950a0f46397499504f8984d6aa0a5e4780f56d266b20514e0d6df238e92d9"",""width"":139,""height"":106,""mode"":""P"",""frames"":1,""format"":""GIF""}"	有着羊头的它们使用弓箭以准确地攻击远距离的入侵者。它们力量并不强大，但动作迅速，能远距离攻击。如果你被它们瞄准，将处于十分危险的境地。	"[{""index"":76,""internal_name"":""Zuma Sharpshooter"",""image"":""ZumaSharpShooter"",""race"":null,""shape"":2,""resource"":{""status"":""ok"",""library"":""Mon-9"",""library_number"":9,""shape"":2,""source"":""/home/tetsuya/development/zircon/GodotClient/Formats/MonsterLookup.cs"",""path"":""/home/tetsuya/development/zircon/Debug/Client/Data/Mon-9.Zl"",""library_count"":10000,""nonblank_probe_frames_0_99"":44,""sample_frames"":[{""draw_frame"":0,""index"":2000,""width"":52,""height"":92,""offsetX"":-1,""offsetY"":-60},{""draw_frame"":1,""index"":2001,""width"":52,""height"":94,""offsetX"":-1,""offsetY"":-60},{""draw_frame"":2,""index"":2002,""width"":48,""height"":94,""offsetX"":0,""offsetY"":-59},{""draw_frame"":3,""index"":2003,""width"":52,""height"":92,""offsetX"":-1,""offsetY"":-59},{""draw_frame"":10,""index"":2010,""width"":60,""height"":88,""offsetX"":-4,""offsetY"":-59},{""draw_frame"":11,""index"":2011,""width"":56,""height"":88,""offsetX"":-4,""offsetY"":-59},{""draw_frame"":12,""index"":2012,""width"":60,""height"":88,""offsetX"":-8,""offsetY"":-59},{""draw_frame"":13,""index"":2013,""width"":60,""height"":88,""offsetX"":-8,""offsetY"":-59}],""body_frame_formula"":""draw_frame + 2*1000""},""level"":45,""is_boss"":false}]"	76	Zuma Sharpshooter	ZumaSharpShooter	1		explicit-identity-plus-MonsterLookup-probe	"[""website JSON record and source description"",""website image path/sha256/size"",""current MonsterInfo identity/level/Boss fields"",""GodotClient/Formats/MonsterLookup.cs"",""Mon-*.Zl header/body-frame probe"",""duplicate-image and candidate conflict audit""]"	medium	confirmed		True	display-name-plan-only
mob-118	祖玛雕像	祖玛神殿	../images/mob/pic/27.gif	"{""present"":true,""path"":""/home/tetsuya/development/mir3-website/images/mob/pic/27.gif"",""bytes"":4774,""sha256"":""55ca5ae058b0f928f0693e2d073ce992043097a1f360615482b45b2f29c052a0"",""width"":139,""height"":106,""mode"":""P"",""frames"":1,""format"":""GIF""}"	羊被祖玛教作为祭品而成了神的象征。这种石头雕像在祖玛神殿里随处可见，当入侵者靠得足够近时，他们那以羊血构成的化身会从雕像中出来发动攻击。杀掉入侵者后化身又会回到雕像中，这时你将伤不到他们。	"[{""index"":77,""internal_name"":""Zuma Fanatic"",""image"":""ZumaFanatic"",""race"":null,""shape"":3,""resource"":{""status"":""ok"",""library"":""Mon-9"",""library_number"":9,""shape"":3,""source"":""/home/tetsuya/development/zircon/GodotClient/Formats/MonsterLookup.cs"",""path"":""/home/tetsuya/development/zircon/Debug/Client/Data/Mon-9.Zl"",""library_count"":10000,""nonblank_probe_frames_0_99"":44,""sample_frames"":[{""draw_frame"":0,""index"":3000,""width"":68,""height"":106,""offsetX"":-3,""offsetY"":-82},{""draw_frame"":1,""index"":3001,""width"":68,""height"":104,""offsetX"":-3,""offsetY"":-83},{""draw_frame"":2,""index"":3002,""width"":68,""height"":108,""offsetX"":-3,""offsetY"":-84},{""draw_frame"":3,""index"":3003,""width"":64,""height"":110,""offsetX"":-3,""offsetY"":-82},{""draw_frame"":10,""index"":3010,""width"":80,""height"":86,""offsetX"":0,""offsetY"":-61},{""draw_frame"":11,""index"":3011,""width"":84,""height"":88,""offsetX"":-6,""offsetY"":-62},{""draw_frame"":12,""index"":3012,""width"":88,""height"":86,""offsetX"":-4,""offsetY"":-61},{""draw_frame"":13,""index"":3013,""width"":80,""height"":86,""offsetX"":-2,""offsetY"":-60}],""body_frame_formula"":""draw_frame + 3*1000""},""level"":45,""is_boss"":false}]"	77	Zuma Fanatic	ZumaFanatic	1		explicit-identity-plus-MonsterLookup-probe	"[""website JSON record and source description"",""website image path/sha256/size"",""current MonsterInfo identity/level/Boss fields"",""GodotClient/Formats/MonsterLookup.cs"",""Mon-*.Zl header/body-frame probe"",""duplicate-image and candidate conflict audit""]"	medium	confirmed		True	display-name-plan-only
mob-119	祖玛卫士	祖玛神殿	../images/mob/pic/28.gif	"{""present"":true,""path"":""/home/tetsuya/development/mir3-website/images/mob/pic/28.gif"",""bytes"":5280,""sha256"":""c49df58670755cde13ec58878ae977b1f0a97ff54e0cd6c5bc70a359d88e54f1"",""width"":139,""height"":106,""mode"":""P"",""frames"":1,""format"":""GIF""}"	它们是祖玛教的保卫者，也具有隐藏在雕像中的羊血化身。所以当入侵者靠近时，他们的化身会挥舞着巨大的锤子。它们象祖玛雕像那样分布在祖玛神殿的各个角落，而且当他们的化身隐藏在雕像中时，你不能伤到它。	"[{""index"":78,""internal_name"":""Zuma Guardian"",""image"":""ZumaGuardian"",""race"":null,""shape"":4,""resource"":{""status"":""ok"",""library"":""Mon-9"",""library_number"":9,""shape"":4,""source"":""/home/tetsuya/development/zircon/GodotClient/Formats/MonsterLookup.cs"",""path"":""/home/tetsuya/development/zircon/Debug/Client/Data/Mon-9.Zl"",""library_count"":10000,""nonblank_probe_frames_0_99"":44,""sample_frames"":[{""draw_frame"":0,""index"":4000,""width"":80,""height"":102,""offsetX"":-18,""offsetY"":-66},{""draw_frame"":1,""index"":4001,""width"":80,""height"":104,""offsetX"":-18,""offsetY"":-66},{""draw_frame"":2,""index"":4002,""width"":80,""height"":100,""offsetX"":-18,""offsetY"":-66},{""draw_frame"":3,""index"":4003,""width"":80,""height"":104,""offsetX"":-18,""offsetY"":-66},{""draw_frame"":10,""index"":4010,""width"":72,""height"":94,""offsetX"":-7,""offsetY"":-66},{""draw_frame"":11,""index"":4011,""width"":80,""height"":94,""offsetX"":-14,""offsetY"":-67},{""draw_frame"":12,""index"":4012,""width"":80,""height"":92,""offsetX"":-15,""offsetY"":-67},{""draw_frame"":13,""index"":4013,""width"":76,""height"":96,""offsetX"":-11,""offsetY"":-67}],""body_frame_formula"":""draw_frame + 4*1000""},""level"":45,""is_boss"":false},{""index"":80,""internal_name"":""Zuma Keeper"",""image"":""ZumaGuardian"",""race"":null,""shape"":4,""resource"":{""status"":""ok"",""library"":""Mon-9"",""library_number"":9,""shape"":4,""source"":""/home/tetsuya/development/zircon/GodotClient/Formats/MonsterLookup.cs"",""path"":""/home/tetsuya/development/zircon/Debug/Client/Data/Mon-9.Zl"",""library_count"":10000,""nonblank_probe_frames_0_99"":44,""sample_frames"":[{""draw_frame"":0,""index"":4000,""width"":80,""height"":102,""offsetX"":-18,""offsetY"":-66},{""draw_frame"":1,""index"":4001,""width"":80,""height"":104,""offsetX"":-18,""offsetY"":-66},{""draw_frame"":2,""index"":4002,""width"":80,""height"":100,""offsetX"":-18,""offsetY"":-66},{""draw_frame"":3,""index"":4003,""width"":80,""height"":104,""offsetX"":-18,""offsetY"":-66},{""draw_frame"":10,""index"":4010,""width"":72,""height"":94,""offsetX"":-7,""offsetY"":-66},{""draw_frame"":11,""index"":4011,""width"":80,""height"":94,""offsetX"":-14,""offsetY"":-67},{""draw_frame"":12,""index"":4012,""width"":80,""height"":92,""offsetX"":-15,""offsetY"":-67},{""draw_frame"":13,""index"":4013,""width"":76,""height"":96,""offsetX"":-11,""offsetY"":-67}],""body_frame_formula"":""draw_frame + 4*1000""},""level"":250,""is_boss"":true}]"				2		identity/resource-candidate-conflict	"[""website JSON record and source description"",""website image path/sha256/size"",""current MonsterInfo identity/level/Boss fields"",""GodotClient/Formats/MonsterLookup.cs"",""Mon-*.Zl header/body-frame probe"",""duplicate-image and candidate conflict audit""]"	medium	investigate	multiple candidates or duplicate website identity; no automatic choice	True	retain-current
mob-120	护法天	祖玛神殿	../images/mob/pic/28.gif	"{""present"":true,""path"":""/home/tetsuya/development/mir3-website/images/mob/pic/28.gif"",""bytes"":5280,""sha256"":""c49df58670755cde13ec58878ae977b1f0a97ff54e0cd6c5bc70a359d88e54f1"",""width"":139,""height"":106,""mode"":""P"",""frames"":1,""format"":""GIF""}"	它们是祖玛教的保卫者，也具有隐藏在雕像中的羊血化身。所以当入侵者靠近时，他们的化身会挥舞着巨大的锤子。它们象祖玛雕像那样分布在祖玛神殿的各个角落，而且当他们的化身隐藏在雕像中时，你不能伤到它。 小boss 生命：2000 经验值：4000	"[{""index"":78,""internal_name"":""Zuma Guardian"",""image"":""ZumaGuardian"",""race"":null,""shape"":4,""resource"":{""status"":""ok"",""library"":""Mon-9"",""library_number"":9,""shape"":4,""source"":""/home/tetsuya/development/zircon/GodotClient/Formats/MonsterLookup.cs"",""path"":""/home/tetsuya/development/zircon/Debug/Client/Data/Mon-9.Zl"",""library_count"":10000,""nonblank_probe_frames_0_99"":44,""sample_frames"":[{""draw_frame"":0,""index"":4000,""width"":80,""height"":102,""offsetX"":-18,""offsetY"":-66},{""draw_frame"":1,""index"":4001,""width"":80,""height"":104,""offsetX"":-18,""offsetY"":-66},{""draw_frame"":2,""index"":4002,""width"":80,""height"":100,""offsetX"":-18,""offsetY"":-66},{""draw_frame"":3,""index"":4003,""width"":80,""height"":104,""offsetX"":-18,""offsetY"":-66},{""draw_frame"":10,""index"":4010,""width"":72,""height"":94,""offsetX"":-7,""offsetY"":-66},{""draw_frame"":11,""index"":4011,""width"":80,""height"":94,""offsetX"":-14,""offsetY"":-67},{""draw_frame"":12,""index"":4012,""width"":80,""height"":92,""offsetX"":-15,""offsetY"":-67},{""draw_frame"":13,""index"":4013,""width"":76,""height"":96,""offsetX"":-11,""offsetY"":-67}],""body_frame_formula"":""draw_frame + 4*1000""},""level"":45,""is_boss"":false},{""index"":80,""internal_name"":""Zuma Keeper"",""image"":""ZumaGuardian"",""race"":null,""shape"":4,""resource"":{""status"":""ok"",""library"":""Mon-9"",""library_number"":9,""shape"":4,""source"":""/home/tetsuya/development/zircon/GodotClient/Formats/MonsterLookup.cs"",""path"":""/home/tetsuya/development/zircon/Debug/Client/Data/Mon-9.Zl"",""library_count"":10000,""nonblank_probe_frames_0_99"":44,""sample_frames"":[{""draw_frame"":0,""index"":4000,""width"":80,""height"":102,""offsetX"":-18,""offsetY"":-66},{""draw_frame"":1,""index"":4001,""width"":80,""height"":104,""offsetX"":-18,""offsetY"":-66},{""draw_frame"":2,""index"":4002,""width"":80,""height"":100,""offsetX"":-18,""offsetY"":-66},{""draw_frame"":3,""index"":4003,""width"":80,""height"":104,""offsetX"":-18,""offsetY"":-66},{""draw_frame"":10,""index"":4010,""width"":72,""height"":94,""offsetX"":-7,""offsetY"":-66},{""draw_frame"":11,""index"":4011,""width"":80,""height"":94,""offsetX"":-14,""offsetY"":-67},{""draw_frame"":12,""index"":4012,""width"":80,""height"":92,""offsetX"":-15,""offsetY"":-67},{""draw_frame"":13,""index"":4013,""width"":76,""height"":96,""offsetX"":-11,""offsetY"":-67}],""body_frame_formula"":""draw_frame + 4*1000""},""level"":250,""is_boss"":true}]"				2		identity/resource-candidate-conflict	"[""website JSON record and source description"",""website image path/sha256/size"",""current MonsterInfo identity/level/Boss fields"",""GodotClient/Formats/MonsterLookup.cs"",""Mon-*.Zl header/body-frame probe"",""duplicate-image and candidate conflict audit""]"	medium	investigate	multiple candidates or duplicate website identity; no automatic choice	True	retain-current
mob-121	祖玛教主	祖玛神殿	../images/mob/pic/29.gif	"{""present"":true,""path"":""/home/tetsuya/development/mir3-website/images/mob/pic/29.gif"",""bytes"":4828,""sha256"":""f65c5c79f9de4c6483d113a30d10e521e5a9ed3295ac7c5fed03e2304a01af99"",""width"":139,""height"":106,""mode"":""P"",""frames"":1,""format"":""GIF""}"	祖玛教徒把恶魔的石像供奉为它们的神。它是一尊站立在祖玛神殿深处的神像，当入侵者靠近时它就会苏醒。一旦醒来，它会发出巨大的火焰攻击它的敌人。 祖玛教主 可暴：霸龙头亏、祝福霸、黑铁、无极棍、骨玉、裁决、铁轮、霹雷、逍遥扇、特殊戒指	"[{""index"":81,""internal_name"":""Zuma King"",""image"":""ZumaKing"",""race"":null,""shape"":5,""resource"":{""status"":""ok"",""library"":""Mon-9"",""library_number"":9,""shape"":5,""source"":""/home/tetsuya/development/zircon/GodotClient/Formats/MonsterLookup.cs"",""path"":""/home/tetsuya/development/zircon/Debug/Client/Data/Mon-9.Zl"",""library_count"":10000,""nonblank_probe_frames_0_99"":44,""sample_frames"":[{""draw_frame"":0,""index"":5000,""width"":104,""height"":114,""offsetX"":-25,""offsetY"":-85},{""draw_frame"":1,""index"":5001,""width"":112,""height"":118,""offsetX"":-30,""offsetY"":-89},{""draw_frame"":2,""index"":5002,""width"":112,""height"":118,""offsetX"":-31,""offsetY"":-89},{""draw_frame"":3,""index"":5003,""width"":104,""height"":116,""offsetX"":-27,""offsetY"":-86},{""draw_frame"":10,""index"":5010,""width"":84,""height"":116,""offsetX"":-15,""offsetY"":-87},{""draw_frame"":11,""index"":5011,""width"":88,""height"":118,""offsetX"":-19,""offsetY"":-90},{""draw_frame"":12,""index"":5012,""width"":92,""height"":118,""offsetX"":-22,""offsetY"":-90},{""draw_frame"":13,""index"":5013,""width"":88,""height"":116,""offsetX"":-19,""offsetY"":-88}],""body_frame_formula"":""draw_frame + 5*1000""},""level"":250,""is_boss"":true}]"	81	Zuma King	ZumaKing	1		explicit-identity-plus-MonsterLookup-probe	"[""website JSON record and source description"",""website image path/sha256/size"",""current MonsterInfo identity/level/Boss fields"",""GodotClient/Formats/MonsterLookup.cs"",""Mon-*.Zl header/body-frame probe"",""duplicate-image and candidate conflict audit""]"	high	confirmed		True	display-name-plan-only
mob-122	骷髅士兵	潘夜石窟	../images/mob/pic/67.gif	"{""present"":true,""path"":""/home/tetsuya/development/mir3-website/images/mob/pic/67.gif"",""bytes"":3696,""sha256"":""54a5d404bc80d546987770acef67d4f99d87c5c3deeac8a3ef562c8fc58f49cc"",""width"":139,""height"":106,""mode"":""P"",""frames"":1,""format"":""GIF""}"	他是很久以前追随武林宗师同魔界怪物战斗的士兵的尸体在山洞里受魔力复活的。恐怖，仇恨和战斗成了他的本能，使用的武器是带旗的长枪。可以获得经验值380。	"[{""index"":116,""internal_name"":""Bone Archer"",""image"":""BoneArcher"",""race"":null,""shape"":4,""resource"":{""status"":""ok"",""library"":""Mon-15"",""library_number"":15,""shape"":4,""source"":""/home/tetsuya/development/zircon/GodotClient/Formats/MonsterLookup.cs"",""path"":""/home/tetsuya/development/zircon/Debug/Client/Data/Mon-15.Zl"",""library_count"":10000,""nonblank_probe_frames_0_99"":44,""sample_frames"":[{""draw_frame"":0,""index"":4000,""width"":52,""height"":78,""offsetX"":-1,""offsetY"":-55},{""draw_frame"":1,""index"":4001,""width"":52,""height"":78,""offsetX"":-1,""offsetY"":-55},{""draw_frame"":2,""index"":4002,""width"":52,""height"":76,""offsetX"":-1,""offsetY"":-54},{""draw_frame"":3,""index"":4003,""width"":52,""height"":78,""offsetX"":-1,""offsetY"":-55},{""draw_frame"":10,""index"":4010,""width"":48,""height"":78,""offsetX"":6,""offsetY"":-51},{""draw_frame"":11,""index"":4011,""width"":48,""height"":76,""offsetX"":6,""offsetY"":-50},{""draw_frame"":12,""index"":4012,""width"":48,""height"":76,""offsetX"":6,""offsetY"":-50},{""draw_frame"":13,""index"":4013,""width"":48,""height"":76,""offsetX"":6,""offsetY"":-50}],""body_frame_formula"":""draw_frame + 4*1000""},""level"":35,""is_boss"":false},{""index"":119,""internal_name"":""Bone Soldier"",""image"":""BoneSoldier"",""race"":null,""shape"":2,""resource"":{""status"":""ok"",""library"":""Mon-15"",""library_number"":15,""shape"":2,""source"":""/home/tetsuya/development/zircon/GodotClient/Formats/MonsterLookup.cs"",""path"":""/home/tetsuya/development/zircon/Debug/Client/Data/Mon-15.Zl"",""library_count"":10000,""nonblank_probe_frames_0_99"":44,""sample_frames"":[{""draw_frame"":0,""index"":2000,""width"":56,""height"":126,""offsetX"":-7,""offsetY"":-104},{""draw_frame"":1,""index"":2001,""width"":60,""height"":126,""offsetX"":-8,""offsetY"":-104},{""draw_frame"":2,""index"":2002,""width"":60,""height"":126,""offsetX"":-8,""offsetY"":-103},{""draw_frame"":3,""index"":2003,""width"":60,""height"":126,""offsetX"":-8,""offsetY"":-104},{""draw_frame"":10,""index"":2010,""width"":44,""height"":132,""offsetX"":7,""offsetY"":-106},{""draw_frame"":11,""index"":2011,""width"":44,""height"":132,""offsetX"":8,""offsetY"":-106},{""draw_frame"":12,""index"":2012,""width"":44,""height"":132,""offsetX"":8,""offsetY"":-105},{""draw_frame"":13,""index"":2013,""width"":44,""height"":132,""offsetX"":8,""offsetY"":-106}],""body_frame_formula"":""draw_frame + 2*1000""},""level"":35,""is_boss"":false}]"				2		identity/resource-candidate-conflict	"[""website JSON record and source description"",""website image path/sha256/size"",""current MonsterInfo identity/level/Boss fields"",""GodotClient/Formats/MonsterLookup.cs"",""Mon-*.Zl header/body-frame probe"",""duplicate-image and candidate conflict audit""]"	medium	investigate	multiple candidates or duplicate website identity; no automatic choice	True	retain-current
mob-123	骷髅武士	潘夜石窟	../images/mob/pic/68.gif	"{""present"":true,""path"":""/home/tetsuya/development/mir3-website/images/mob/pic/68.gif"",""bytes"":3798,""sha256"":""1d0f17bba2dd78600aaac87e6a34e3b40615186a83c5242b2c2109cd8c6f8107"",""width"":139,""height"":106,""mode"":""P"",""frames"":1,""format"":""GIF""}"	他是很久以前追随武林宗师同魔界怪物战斗的武士的尸体在山洞里受魔力复活的。恐怖，仇恨和战斗成了他的本能，使用的武器是刀背上有两个环的刀，刀法很出众。可以获得经验值380。	"[{""index"":117,""internal_name"":""Bone Bladesman"",""image"":""BoneBladesman"",""race"":null,""shape"":3,""resource"":{""status"":""ok"",""library"":""Mon-15"",""library_number"":15,""shape"":3,""source"":""/home/tetsuya/development/zircon/GodotClient/Formats/MonsterLookup.cs"",""path"":""/home/tetsuya/development/zircon/Debug/Client/Data/Mon-15.Zl"",""library_count"":10000,""nonblank_probe_frames_0_99"":44,""sample_frames"":[{""draw_frame"":0,""index"":3000,""width"":52,""height"":78,""offsetX"":-1,""offsetY"":-55},{""draw_frame"":1,""index"":3001,""width"":52,""height"":78,""offsetX"":-1,""offsetY"":-55},{""draw_frame"":2,""index"":3002,""width"":48,""height"":78,""offsetX"":-1,""offsetY"":-55},{""draw_frame"":3,""index"":3003,""width"":52,""height"":78,""offsetX"":-1,""offsetY"":-55},{""draw_frame"":10,""index"":3010,""width"":60,""height"":78,""offsetX"":5,""offsetY"":-51},{""draw_frame"":11,""index"":3011,""width"":60,""height"":78,""offsetX"":6,""offsetY"":-51},{""draw_frame"":12,""index"":3012,""width"":60,""height"":78,""offsetX"":6,""offsetY"":-51},{""draw_frame"":13,""index"":3013,""width"":60,""height"":78,""offsetX"":6,""offsetY"":-51}],""body_frame_formula"":""draw_frame + 3*1000""},""level"":35,""is_boss"":false},{""index"":119,""internal_name"":""Bone Soldier"",""image"":""BoneSoldier"",""race"":null,""shape"":2,""resource"":{""status"":""ok"",""library"":""Mon-15"",""library_number"":15,""shape"":2,""source"":""/home/tetsuya/development/zircon/GodotClient/Formats/MonsterLookup.cs"",""path"":""/home/tetsuya/development/zircon/Debug/Client/Data/Mon-15.Zl"",""library_count"":10000,""nonblank_probe_frames_0_99"":44,""sample_frames"":[{""draw_frame"":0,""index"":2000,""width"":56,""height"":126,""offsetX"":-7,""offsetY"":-104},{""draw_frame"":1,""index"":2001,""width"":60,""height"":126,""offsetX"":-8,""offsetY"":-104},{""draw_frame"":2,""index"":2002,""width"":60,""height"":126,""offsetX"":-8,""offsetY"":-103},{""draw_frame"":3,""index"":2003,""width"":60,""height"":126,""offsetX"":-8,""offsetY"":-104},{""draw_frame"":10,""index"":2010,""width"":44,""height"":132,""offsetX"":7,""offsetY"":-106},{""draw_frame"":11,""index"":2011,""width"":44,""height"":132,""offsetX"":8,""offsetY"":-106},{""draw_frame"":12,""index"":2012,""width"":44,""height"":132,""offsetX"":8,""offsetY"":-105},{""draw_frame"":13,""index"":2013,""width"":44,""height"":132,""offsetX"":8,""offsetY"":-106}],""body_frame_formula"":""draw_frame + 2*1000""},""level"":35,""is_boss"":false}]"				2		identity/resource-candidate-conflict	"[""website JSON record and source description"",""website image path/sha256/size"",""current MonsterInfo identity/level/Boss fields"",""GodotClient/Formats/MonsterLookup.cs"",""Mon-*.Zl header/body-frame probe"",""duplicate-image and candidate conflict audit""]"	medium	investigate	multiple candidates or duplicate website identity; no automatic choice	True	retain-current
mob-124	骷髅弓箭手	潘夜石窟	../images/mob/pic/69.gif	"{""present"":true,""path"":""/home/tetsuya/development/mir3-website/images/mob/pic/69.gif"",""bytes"":3970,""sha256"":""003883e439807638f934902bc985fec40707111f5a685cc113263b2e7fa83240"",""width"":139,""height"":106,""mode"":""P"",""frames"":1,""format"":""GIF""}"	他是很久以前追随武林宗师同魔界怪物战斗的弓箭手的尸体在山洞里受复活的魔王的魔力复活的。恐怖，仇恨和战斗成了他的本能，使用的武器是弓箭，百发百中，可以远距离进攻。可以获得经验值370。	"[{""index"":116,""internal_name"":""Bone Archer"",""image"":""BoneArcher"",""race"":null,""shape"":4,""resource"":{""status"":""ok"",""library"":""Mon-15"",""library_number"":15,""shape"":4,""source"":""/home/tetsuya/development/zircon/GodotClient/Formats/MonsterLookup.cs"",""path"":""/home/tetsuya/development/zircon/Debug/Client/Data/Mon-15.Zl"",""library_count"":10000,""nonblank_probe_frames_0_99"":44,""sample_frames"":[{""draw_frame"":0,""index"":4000,""width"":52,""height"":78,""offsetX"":-1,""offsetY"":-55},{""draw_frame"":1,""index"":4001,""width"":52,""height"":78,""offsetX"":-1,""offsetY"":-55},{""draw_frame"":2,""index"":4002,""width"":52,""height"":76,""offsetX"":-1,""offsetY"":-54},{""draw_frame"":3,""index"":4003,""width"":52,""height"":78,""offsetX"":-1,""offsetY"":-55},{""draw_frame"":10,""index"":4010,""width"":48,""height"":78,""offsetX"":6,""offsetY"":-51},{""draw_frame"":11,""index"":4011,""width"":48,""height"":76,""offsetX"":6,""offsetY"":-50},{""draw_frame"":12,""index"":4012,""width"":48,""height"":76,""offsetX"":6,""offsetY"":-50},{""draw_frame"":13,""index"":4013,""width"":48,""height"":76,""offsetX"":6,""offsetY"":-50}],""body_frame_formula"":""draw_frame + 4*1000""},""level"":35,""is_boss"":false}]"	116	Bone Archer	BoneArcher	1		explicit-identity-plus-MonsterLookup-probe	"[""website JSON record and source description"",""website image path/sha256/size"",""current MonsterInfo identity/level/Boss fields"",""GodotClient/Formats/MonsterLookup.cs"",""Mon-*.Zl header/body-frame probe"",""duplicate-image and candidate conflict audit""]"	medium	confirmed		True	display-name-plan-only
mob-125	骷髅武士	潘夜石窟	../images/mob/pic/70.gif	"{""present"":true,""path"":""/home/tetsuya/development/mir3-website/images/mob/pic/70.gif"",""bytes"":7096,""sha256"":""49d4c4ea3fc6bb3b7d63117d651a66503e1104865199b8682ef252bddc0205e1"",""width"":139,""height"":120,""mode"":""P"",""frames"":1,""format"":""GIF""}"	他是很久以前追随武林宗师到潘夜岛， 同魔界怪物战斗的将帅的尸体在山洞里受魔力复活的。虽然是出众的将帅，但是他嫉妒心强，心术不正，在魔界获得了更强大的力量。他已经没有人的样子，庞大的身躯和全身奇怪的变异骨头，更让你觉得恐怖。可以获得经验值390。 可爆高等级鞋子	"[{""index"":117,""internal_name"":""Bone Bladesman"",""image"":""BoneBladesman"",""race"":null,""shape"":3,""resource"":{""status"":""ok"",""library"":""Mon-15"",""library_number"":15,""shape"":3,""source"":""/home/tetsuya/development/zircon/GodotClient/Formats/MonsterLookup.cs"",""path"":""/home/tetsuya/development/zircon/Debug/Client/Data/Mon-15.Zl"",""library_count"":10000,""nonblank_probe_frames_0_99"":44,""sample_frames"":[{""draw_frame"":0,""index"":3000,""width"":52,""height"":78,""offsetX"":-1,""offsetY"":-55},{""draw_frame"":1,""index"":3001,""width"":52,""height"":78,""offsetX"":-1,""offsetY"":-55},{""draw_frame"":2,""index"":3002,""width"":48,""height"":78,""offsetX"":-1,""offsetY"":-55},{""draw_frame"":3,""index"":3003,""width"":52,""height"":78,""offsetX"":-1,""offsetY"":-55},{""draw_frame"":10,""index"":3010,""width"":60,""height"":78,""offsetX"":5,""offsetY"":-51},{""draw_frame"":11,""index"":3011,""width"":60,""height"":78,""offsetX"":6,""offsetY"":-51},{""draw_frame"":12,""index"":3012,""width"":60,""height"":78,""offsetX"":6,""offsetY"":-51},{""draw_frame"":13,""index"":3013,""width"":60,""height"":78,""offsetX"":6,""offsetY"":-51}],""body_frame_formula"":""draw_frame + 3*1000""},""level"":35,""is_boss"":false},{""index"":119,""internal_name"":""Bone Soldier"",""image"":""BoneSoldier"",""race"":null,""shape"":2,""resource"":{""status"":""ok"",""library"":""Mon-15"",""library_number"":15,""shape"":2,""source"":""/home/tetsuya/development/zircon/GodotClient/Formats/MonsterLookup.cs"",""path"":""/home/tetsuya/development/zircon/Debug/Client/Data/Mon-15.Zl"",""library_count"":10000,""nonblank_probe_frames_0_99"":44,""sample_frames"":[{""draw_frame"":0,""index"":2000,""width"":56,""height"":126,""offsetX"":-7,""offsetY"":-104},{""draw_frame"":1,""index"":2001,""width"":60,""height"":126,""offsetX"":-8,""offsetY"":-104},{""draw_frame"":2,""index"":2002,""width"":60,""height"":126,""offsetX"":-8,""offsetY"":-103},{""draw_frame"":3,""index"":2003,""width"":60,""height"":126,""offsetX"":-8,""offsetY"":-104},{""draw_frame"":10,""index"":2010,""width"":44,""height"":132,""offsetX"":7,""offsetY"":-106},{""draw_frame"":11,""index"":2011,""width"":44,""height"":132,""offsetX"":8,""offsetY"":-106},{""draw_frame"":12,""index"":2012,""width"":44,""height"":132,""offsetX"":8,""offsetY"":-105},{""draw_frame"":13,""index"":2013,""width"":44,""height"":132,""offsetX"":8,""offsetY"":-106}],""body_frame_formula"":""draw_frame + 2*1000""},""level"":35,""is_boss"":false}]"				2		identity/resource-candidate-conflict	"[""website JSON record and source description"",""website image path/sha256/size"",""current MonsterInfo identity/level/Boss fields"",""GodotClient/Formats/MonsterLookup.cs"",""Mon-*.Zl header/body-frame probe"",""duplicate-image and candidate conflict audit""]"	medium	investigate	multiple candidates or duplicate website identity; no automatic choice	True	retain-current
mob-126	鬼骨将	潘夜石窟	../images/mob/pic/70.gif	"{""present"":true,""path"":""/home/tetsuya/development/mir3-website/images/mob/pic/70.gif"",""bytes"":7096,""sha256"":""49d4c4ea3fc6bb3b7d63117d651a66503e1104865199b8682ef252bddc0205e1"",""width"":139,""height"":120,""mode"":""P"",""frames"":1,""format"":""GIF""}"	跟武将样子很像的一个小BOSS哦! 可爆高等级鞋子	"[{""index"":120,""internal_name"":""Skeleton Enforcer"",""image"":""BoneCaptain"",""race"":null,""shape"":0,""resource"":{""status"":""ok"",""library"":""Mon-15"",""library_number"":15,""shape"":0,""source"":""/home/tetsuya/development/zircon/GodotClient/Formats/MonsterLookup.cs"",""path"":""/home/tetsuya/development/zircon/Debug/Client/Data/Mon-15.Zl"",""library_count"":10000,""nonblank_probe_frames_0_99"":44,""sample_frames"":[{""draw_frame"":0,""index"":0,""width"":132,""height"":108,""offsetX"":-23,""offsetY"":-73},{""draw_frame"":1,""index"":1,""width"":132,""height"":108,""offsetX"":-24,""offsetY"":-73},{""draw_frame"":2,""index"":2,""width"":132,""height"":108,""offsetX"":-25,""offsetY"":-73},{""draw_frame"":3,""index"":3,""width"":132,""height"":108,""offsetX"":-24,""offsetY"":-73},{""draw_frame"":10,""index"":10,""width"":124,""height"":86,""offsetX"":-8,""offsetY"":-64},{""draw_frame"":11,""index"":11,""width"":124,""height"":86,""offsetX"":-8,""offsetY"":-64},{""draw_frame"":12,""index"":12,""width"":124,""height"":88,""offsetX"":-8,""offsetY"":-65},{""draw_frame"":13,""index"":13,""width"":124,""height"":88,""offsetX"":-8,""offsetY"":-65}],""body_frame_formula"":""draw_frame + 0*1000""},""level"":250,""is_boss"":true}]"	120	Skeleton Enforcer	BoneCaptain	1		explicit-identity-plus-MonsterLookup-probe	"[""website JSON record and source description"",""website image path/sha256/size"",""current MonsterInfo identity/level/Boss fields"",""GodotClient/Formats/MonsterLookup.cs"",""Mon-*.Zl header/body-frame probe"",""duplicate-image and candidate conflict audit""]"	medium	confirmed		True	display-name-plan-only
mob-127	骷髅教主	潘夜石窟	../images/mob/pic/71.gif	"{""present"":true,""path"":""/home/tetsuya/development/mir3-website/images/mob/pic/71.gif"",""bytes"":11150,""sha256"":""039eb1253bd2e31cbeb0d8f8677cbfdc93c00e616d7bf35b16ae8c01a35d70f3"",""width"":139,""height"":137,""mode"":""P"",""frames"":1,""format"":""GIF""}"	控制潘夜洞的魔王。他有着吸收死去的灵魂，并任意支配他的魔力，他将周围游荡的亡灵复活成他的部下。他可以使部下一直复活，直到粉身碎骨消失，所以叫骷髅教主。骷髅教主的魔力在于他的魔杖，这个魔杖是聚集含冤的骷髅做成的，是骷髅教主的力量源泉。 骷髅教主	"[{""index"":121,""internal_name"":""Arch Lich Taedu"",""image"":""ArchLichTaedu"",""race"":null,""shape"":1,""resource"":{""status"":""ok"",""library"":""Mon-15"",""library_number"":15,""shape"":1,""source"":""/home/tetsuya/development/zircon/GodotClient/Formats/MonsterLookup.cs"",""path"":""/home/tetsuya/development/zircon/Debug/Client/Data/Mon-15.Zl"",""library_count"":10000,""nonblank_probe_frames_0_99"":44,""sample_frames"":[{""draw_frame"":0,""index"":1000,""width"":92,""height"":122,""offsetX"":-12,""offsetY"":-89},{""draw_frame"":1,""index"":1001,""width"":92,""height"":122,""offsetX"":-12,""offsetY"":-89},{""draw_frame"":2,""index"":1002,""width"":92,""height"":122,""offsetX"":-12,""offsetY"":-89},{""draw_frame"":3,""index"":1003,""width"":92,""height"":120,""offsetX"":-12,""offsetY"":-89},{""draw_frame"":10,""index"":1010,""width"":140,""height"":130,""offsetX"":-35,""offsetY"":-93},{""draw_frame"":11,""index"":1011,""width"":140,""height"":130,""offsetX"":-35,""offsetY"":-92},{""draw_frame"":12,""index"":1012,""width"":140,""height"":130,""offsetX"":-35,""offsetY"":-92},{""draw_frame"":13,""index"":1013,""width"":144,""height"":130,""offsetX"":-36,""offsetY"":-93}],""body_frame_formula"":""draw_frame + 1*1000""},""level"":250,""is_boss"":true}]"	121	Arch Lich Taedu	ArchLichTaedu	1		explicit-identity-plus-MonsterLookup-probe	"[""website JSON record and source description"",""website image path/sha256/size"",""current MonsterInfo identity/level/Boss fields"",""GodotClient/Formats/MonsterLookup.cs"",""Mon-*.Zl header/body-frame probe"",""duplicate-image and candidate conflict audit""]"	medium	confirmed		True	display-name-plan-only
mob-128	潘夜战士	潘夜神殿	../images/mob/pic/72.gif	"{""present"":true,""path"":""/home/tetsuya/development/mir3-website/images/mob/pic/72.gif"",""bytes"":3117,""sha256"":""1b613b35e12e6e50823c78316626cd1c6a28b7c2e0abbf4ce334992d326c96cc"",""width"":139,""height"":106,""mode"":""P"",""frames"":1,""format"":""GIF""}"	他是支配畜界的潘夜族的战士，有着牛的样子。他追随潘夜牛魔王入侵人界，牛魔王被封，他也沉睡了很长时间。随着潘夜牛魔王的复活，他也获得了重生。他在潘夜神殿到处攻击入侵者。可以获得经验值1800。	"[{""index"":186,""internal_name"":""Banyo Warrior"",""image"":""LightArmedSoldier"",""race"":null,""shape"":6,""resource"":{""status"":""ok"",""library"":""Mon-1"",""library_number"":1,""shape"":6,""source"":""/home/tetsuya/development/zircon/GodotClient/Formats/MonsterLookup.cs"",""path"":""/home/tetsuya/development/zircon/Debug/Client/Data/Mon-1.Zl"",""library_count"":10000,""nonblank_probe_frames_0_99"":44,""sample_frames"":[{""draw_frame"":0,""index"":6000,""width"":68,""height"":70,""offsetX"":-7,""offsetY"":-46},{""draw_frame"":1,""index"":6001,""width"":68,""height"":70,""offsetX"":-7,""offsetY"":-46},{""draw_frame"":2,""index"":6002,""width"":68,""height"":68,""offsetX"":-7,""offsetY"":-45},{""draw_frame"":3,""index"":6003,""width"":68,""height"":70,""offsetX"":-7,""offsetY"":-46},{""draw_frame"":10,""index"":6010,""width"":68,""height"":70,""offsetX"":4,""offsetY"":-44},{""draw_frame"":11,""index"":6011,""width"":68,""height"":70,""offsetX"":4,""offsetY"":-44},{""draw_frame"":12,""index"":6012,""width"":68,""height"":70,""offsetX"":4,""offsetY"":-43},{""draw_frame"":13,""index"":6013,""width"":68,""height"":70,""offsetX"":4,""offsetY"":-44}],""body_frame_formula"":""draw_frame + 6*1000""},""level"":80,""is_boss"":false}]"	186	Banyo Warrior	LightArmedSoldier	1		explicit-identity-plus-MonsterLookup-probe	"[""website JSON record and source description"",""website image path/sha256/size"",""current MonsterInfo identity/level/Boss fields"",""GodotClient/Formats/MonsterLookup.cs"",""Mon-*.Zl header/body-frame probe"",""duplicate-image and candidate conflict audit""]"	high	confirmed		True	display-name-plan-only
mob-129	潘夜风魔	潘夜神殿	../images/mob/pic/75.gif	"{""present"":true,""path"":""/home/tetsuya/development/mir3-website/images/mob/pic/75.gif"",""bytes"":3593,""sha256"":""3699017f3bcbf1b052e4cd23fc4ecaac0d3c6af67d2f953644aa692d8df5fd55"",""width"":139,""height"":106,""mode"":""P"",""frames"":1,""format"":""GIF""}"	他是支配畜界的潘夜族的战士，和沃玛战士一样是牛的样子。潘夜族中有借风、云、火、冰的力量的潘夜四魔，潘夜风魔就是其中使用风力的那个。他穿着黑色的盔甲，武器是长柄的斧头。可以获得经验值2000。 可暴:潘夜牌武器	[]				0		all-evidence-paths-exhausted-no-closed-candidate	"[""website JSON record and source description"",""website image path/sha256/size"",""current MonsterInfo identity/level/Boss fields"",""GodotClient/Formats/MonsterLookup.cs"",""Mon-*.Zl header/body-frame probe"",""duplicate-image and candidate conflict audit""]"	pending	pending	no stable DB candidate after name/identity/resource/region checks	True	retain-current
mob-130	潘夜云魔	潘夜神殿	../images/mob/pic/74.gif	"{""present"":true,""path"":""/home/tetsuya/development/mir3-website/images/mob/pic/74.gif"",""bytes"":3243,""sha256"":""5d024862b26d25427469bb5e02b2c8581ab0183cebada00c7185ddbe02449cd4"",""width"":139,""height"":106,""mode"":""P"",""frames"":1,""format"":""GIF""}"	他是支配畜界的潘夜族的战士，和沃玛战士一样是牛的样子。潘夜族中有借风、云、火、冰的力量的潘夜四魔，潘夜云魔就是其中使用云的力量的那个。他穿着绿色的盔甲，武器是两只看起来都很重的铁锤。可以获得经验值2000。 可暴:潘夜牌武器	[]				0		all-evidence-paths-exhausted-no-closed-candidate	"[""website JSON record and source description"",""website image path/sha256/size"",""current MonsterInfo identity/level/Boss fields"",""GodotClient/Formats/MonsterLookup.cs"",""Mon-*.Zl header/body-frame probe"",""duplicate-image and candidate conflict audit""]"	pending	pending	no stable DB candidate after name/identity/resource/region checks	True	retain-current
mob-131	潘夜火魔	潘夜神殿	../images/mob/pic/76.gif	"{""present"":true,""path"":""/home/tetsuya/development/mir3-website/images/mob/pic/76.gif"",""bytes"":3502,""sha256"":""fe76be9e24fe2bd0c250db464cbf86a700480022d85c8244ba7479735f15bb83"",""width"":139,""height"":106,""mode"":""P"",""frames"":1,""format"":""GIF""}"	他是支配畜界的潘夜族的战士，和沃玛战士一样是牛的样子。潘夜族中有借风、云、火、冰的力量的潘夜四魔，潘夜火魔就是其中使用火的力量的那个。他穿着黄色的盔甲，武器是偃月刀。可以获得经验值2000。 可暴:潘夜牌武器	[]				0		all-evidence-paths-exhausted-no-closed-candidate	"[""website JSON record and source description"",""website image path/sha256/size"",""current MonsterInfo identity/level/Boss fields"",""GodotClient/Formats/MonsterLookup.cs"",""Mon-*.Zl header/body-frame probe"",""duplicate-image and candidate conflict audit""]"	pending	pending	no stable DB candidate after name/identity/resource/region checks	True	retain-current
mob-132	潘夜冰魔	潘夜神殿	../images/mob/pic/73.gif	"{""present"":true,""path"":""/home/tetsuya/development/mir3-website/images/mob/pic/73.gif"",""bytes"":4147,""sha256"":""b36c6c42ea474cf8a6e3b37ffb577263a43469769419965ab18d605d4ade9b5b"",""width"":139,""height"":106,""mode"":""P"",""frames"":1,""format"":""GIF""}"	他是支配畜界的潘夜族的战士，和沃玛战士一样是牛的样子。潘夜族中有借风、云、火、冰的力量的潘夜四魔，潘夜冰魔就是其中使用冰的力量的那个。他穿着蓝色的盔甲，武器是两把双刃斧头。可以获得经验值2000。 可暴:潘夜牌武器	[]				0		all-evidence-paths-exhausted-no-closed-candidate	"[""website JSON record and source description"",""website image path/sha256/size"",""current MonsterInfo identity/level/Boss fields"",""GodotClient/Formats/MonsterLookup.cs"",""Mon-*.Zl header/body-frame probe"",""duplicate-image and candidate conflict audit""]"	pending	pending	no stable DB candidate after name/identity/resource/region checks	True	retain-current
mob-133	潘夜左护卫	潘夜神殿	../images/mob/pic/77.gif	"{""present"":true,""path"":""/home/tetsuya/development/mir3-website/images/mob/pic/77.gif"",""bytes"":4099,""sha256"":""e15acc4a0c6525fb8513dcd68df5ed5319f31c4aa28d5dd634312bb4e999425a"",""width"":139,""height"":106,""mode"":""P"",""frames"":1,""format"":""GIF""}"	潘夜牛魔王的两个护卫之一。他有太阳（黑太阳）的灵气。在魔界有着相当高的地位，威力不亚于潘夜牛魔王。他使用多种魔法攻击，和潘夜右护卫联手会发出更强大的威力。可以获得经验值2200。 生命：1200 可暴:潘夜牌武器	[]				0		all-evidence-paths-exhausted-no-closed-candidate	"[""website JSON record and source description"",""website image path/sha256/size"",""current MonsterInfo identity/level/Boss fields"",""GodotClient/Formats/MonsterLookup.cs"",""Mon-*.Zl header/body-frame probe"",""duplicate-image and candidate conflict audit""]"	pending	pending	no stable DB candidate after name/identity/resource/region checks	True	retain-current
mob-134	潘夜右护卫	潘夜神殿	../images/mob/pic/78.gif	"{""present"":true,""path"":""/home/tetsuya/development/mir3-website/images/mob/pic/78.gif"",""bytes"":8825,""sha256"":""2721bff6981157323309c3c7f83c07eafe83b8e519f34a489a67b252b6aff76a"",""width"":139,""height"":116,""mode"":""P"",""frames"":1,""format"":""GIF""}"	潘夜牛魔王的两个护卫之一。他有月亮（黑月亮）的灵气。和潘夜左护卫一样在魔界有着相当高的地位，威力不亚于潘夜牛魔王。他使用多种魔法进行远距离或近距离攻击，和潘夜左护卫联手会发出更强大的威力。可以获得经验值2200。 生命：1200 可暴:潘夜牌武器	[]				0		all-evidence-paths-exhausted-no-closed-candidate	"[""website JSON record and source description"",""website image path/sha256/size"",""current MonsterInfo identity/level/Boss fields"",""GodotClient/Formats/MonsterLookup.cs"",""Mon-*.Zl header/body-frame probe"",""duplicate-image and candidate conflict audit""]"	pending	pending	no stable DB candidate after name/identity/resource/region checks	True	retain-current
mob-135	潘夜鬼将	潘夜神殿	../images/mob/pic/72.gif	"{""present"":true,""path"":""/home/tetsuya/development/mir3-website/images/mob/pic/72.gif"",""bytes"":3117,""sha256"":""1b613b35e12e6e50823c78316626cd1c6a28b7c2e0abbf4ce334992d326c96cc"",""width"":139,""height"":106,""mode"":""P"",""frames"":1,""format"":""GIF""}"	跟潘夜战士非常像的一个小BOSS。 生命：2000 可暴:潘夜牌武器	[]				0		all-evidence-paths-exhausted-no-closed-candidate	"[""website JSON record and source description"",""website image path/sha256/size"",""current MonsterInfo identity/level/Boss fields"",""GodotClient/Formats/MonsterLookup.cs"",""Mon-*.Zl header/body-frame probe"",""duplicate-image and candidate conflict audit""]"	pending	pending	no stable DB candidate after name/identity/resource/region checks	True	retain-current
mob-136	潘夜牛魔王	潘夜神殿	../images/mob/pic/79.gif	"{""present"":true,""path"":""/home/tetsuya/development/mir3-website/images/mob/pic/79.gif"",""bytes"":13932,""sha256"":""2e882f2e2702fe9e38e5b3163e12bcf186f47160a0bd8242685c2119c0d9e336"",""width"":139,""height"":150,""mode"":""P"",""frames"":1,""format"":""GIF""}"	他是统治畜界的魔王之一，是牛的样子。很久以前为了统治人界，他和其他几个魔闯入进来，但被传说中的武林宗师打败后押在了潘夜岛。随着时间流逝，封印的力量变弱，他又复活了。 但是他还没有完全恢复，在潘夜左右护卫的保护下，躲在潘夜山洞里养精蓄锐，等待时机。 牛魔王 生命：7000 可暴:潘夜牌武器	"[{""index"":113,""internal_name"":""Flame Minotaur"",""image"":""FlameMinotaur"",""race"":null,""shape"":6,""resource"":{""status"":""ok"",""library"":""Mon-14"",""library_number"":14,""shape"":6,""source"":""/home/tetsuya/development/zircon/GodotClient/Formats/MonsterLookup.cs"",""path"":""/home/tetsuya/development/zircon/Debug/Client/Data/Mon-14.Zl"",""library_count"":10000,""nonblank_probe_frames_0_99"":44,""sample_frames"":[{""draw_frame"":0,""index"":6000,""width"":128,""height"":92,""offsetX"":-21,""offsetY"":-66},{""draw_frame"":1,""index"":6001,""width"":128,""height"":92,""offsetX"":-21,""offsetY"":-66},{""draw_frame"":2,""index"":6002,""width"":128,""height"":92,""offsetX"":-21,""offsetY"":-65},{""draw_frame"":3,""index"":6003,""width"":128,""height"":92,""offsetX"":-21,""offsetY"":-66},{""draw_frame"":10,""index"":6010,""width"":112,""height"":86,""offsetX"":-7,""offsetY"":-57},{""draw_frame"":11,""index"":6011,""width"":112,""height"":84,""offsetX"":-6,""offsetY"":-56},{""draw_frame"":12,""index"":6012,""width"":112,""height"":84,""offsetX"":-5,""offsetY"":-56},{""draw_frame"":13,""index"":6013,""width"":112,""height"":86,""offsetX"":-6,""offsetY"":-57}],""body_frame_formula"":""draw_frame + 6*1000""},""level"":45,""is_boss"":false}]"	113	Flame Minotaur	FlameMinotaur	1		explicit-identity-plus-MonsterLookup-probe	"[""website JSON record and source description"",""website image path/sha256/size"",""current MonsterInfo identity/level/Boss fields"",""GodotClient/Formats/MonsterLookup.cs"",""Mon-*.Zl header/body-frame probe"",""duplicate-image and candidate conflict audit""]"	medium	confirmed		True	display-name-plan-only
mob-137	触角神魔	神舰	../images/mob/pic/image024.gif	"{""present"":true,""path"":""/home/tetsuya/development/mir3-website/images/mob/pic/image024.gif"",""bytes"":4293,""sha256"":""aa4640d93875d064c43dcf30e404e7da57da7ddbd952937cabfe3080028dc05f"",""width"":139,""height"":106,""mode"":""P"",""frames"":1,""format"":""GIF""}"	兼备章鱼和蜗牛的形状。靠近敌人后，伸出长长的触角贴在敌人身上进行电击，伤害敌人。	"[{""index"":421,""internal_name"":""Otherworld Tentacle Demon"",""image"":""TaintedTerror"",""race"":null,""shape"":7,""resource"":{""status"":""ok"",""library"":""Mon-20"",""library_number"":20,""shape"":7,""source"":""/home/tetsuya/development/zircon/GodotClient/Formats/MonsterLookup.cs"",""path"":""/home/tetsuya/development/zircon/Debug/Client/Data/Mon-20.Zl"",""library_count"":10000,""nonblank_probe_frames_0_99"":44,""sample_frames"":[{""draw_frame"":0,""index"":7000,""width"":128,""height"":192,""offsetX"":-39,""offsetY"":-96},{""draw_frame"":1,""index"":7001,""width"":132,""height"":192,""offsetX"":-41,""offsetY"":-96},{""draw_frame"":2,""index"":7002,""width"":132,""height"":192,""offsetX"":-42,""offsetY"":-96},{""draw_frame"":3,""index"":7003,""width"":128,""height"":192,""offsetX"":-40,""offsetY"":-96},{""draw_frame"":10,""index"":7010,""width"":164,""height"":154,""offsetX"":-74,""offsetY"":-91},{""draw_frame"":11,""index"":7011,""width"":160,""height"":162,""offsetX"":-68,""offsetY"":-91},{""draw_frame"":12,""index"":7012,""width"":144,""height"":172,""offsetX"":-50,""offsetY"":-91},{""draw_frame"":13,""index"":7013,""width"":152,""height"":168,""offsetX"":-58,""offsetY"":-91}],""body_frame_formula"":""draw_frame + 7*1000""},""level"":100,""is_boss"":false}]"	421	Otherworld Tentacle Demon	TaintedTerror	1		explicit-identity-plus-MonsterLookup-probe	"[""website JSON record and source description"",""website image path/sha256/size"",""current MonsterInfo identity/level/Boss fields"",""GodotClient/Formats/MonsterLookup.cs"",""Mon-*.Zl header/body-frame probe"",""duplicate-image and candidate conflict audit""]"	medium	confirmed		True	display-name-plan-only
mob-138	爆毒神魔	神舰	../images/mob/pic/image025.gif	"{""present"":true,""path"":""/home/tetsuya/development/mir3-website/images/mob/pic/image025.gif"",""bytes"":4747,""sha256"":""900b69196318d84b010b15d77317912ab999a2c310e1395d8be8e2036fd57b70"",""width"":139,""height"":106,""mode"":""P"",""frames"":1,""format"":""GIF""}"	从章鱼变形而来的怪物，头顶的嘴可以喷出腐蚀性物质。通过用嘴喷射腐蚀性物质来发起进攻，属于远距离进攻怪物。	"[{""index"":412,""internal_name"":""Otherworld Poison Demon"",""image"":""VenomSpitter"",""race"":null,""shape"":4,""resource"":{""status"":""ok"",""library"":""Mon-20"",""library_number"":20,""shape"":4,""source"":""/home/tetsuya/development/zircon/GodotClient/Formats/MonsterLookup.cs"",""path"":""/home/tetsuya/development/zircon/Debug/Client/Data/Mon-20.Zl"",""library_count"":10000,""nonblank_probe_frames_0_99"":44,""sample_frames"":[{""draw_frame"":0,""index"":4000,""width"":88,""height"":140,""offsetX"":-19,""offsetY"":-83},{""draw_frame"":1,""index"":4001,""width"":88,""height"":146,""offsetX"":-19,""offsetY"":-84},{""draw_frame"":2,""index"":4002,""width"":88,""height"":148,""offsetX"":-19,""offsetY"":-84},{""draw_frame"":3,""index"":4003,""width"":88,""height"":146,""offsetX"":-19,""offsetY"":-84},{""draw_frame"":10,""index"":4010,""width"":80,""height"":118,""offsetX"":-23,""offsetY"":-77},{""draw_frame"":11,""index"":4011,""width"":92,""height"":122,""offsetX"":-33,""offsetY"":-77},{""draw_frame"":12,""index"":4012,""width"":100,""height"":122,""offsetX"":-36,""offsetY"":-77},{""draw_frame"":13,""index"":4013,""width"":92,""height"":122,""offsetX"":-33,""offsetY"":-77}],""body_frame_formula"":""draw_frame + 4*1000""},""level"":100,""is_boss"":false}]"	412	Otherworld Poison Demon	VenomSpitter	1		explicit-identity-plus-MonsterLookup-probe	"[""website JSON record and source description"",""website image path/sha256/size"",""current MonsterInfo identity/level/Boss fields"",""GodotClient/Formats/MonsterLookup.cs"",""Mon-*.Zl header/body-frame probe"",""duplicate-image and candidate conflict audit""]"	medium	confirmed		True	display-name-plan-only
mob-139	恶性怪	神舰	../images/mob/pic/image026.gif	"{""present"":true,""path"":""/home/tetsuya/development/mir3-website/images/mob/pic/image026.gif"",""bytes"":4311,""sha256"":""7ef6c9a190796e68b2907407a076cb3821ef05c0d9a757bf44d289e7cf69f2fa"",""width"":139,""height"":106,""mode"":""P"",""frames"":1,""format"":""GIF""}"	利用尖锐有利的指甲挠抓对方，加以伤害。	[]				0		all-evidence-paths-exhausted-no-closed-candidate	"[""website JSON record and source description"",""website image path/sha256/size"",""current MonsterInfo identity/level/Boss fields"",""GodotClient/Formats/MonsterLookup.cs"",""Mon-*.Zl header/body-frame probe"",""duplicate-image and candidate conflict audit""]"	pending	pending	no stable DB candidate after name/identity/resource/region checks	True	retain-current
mob-140	海神将领	神舰	../images/mob/pic/image027.gif	"{""present"":true,""path"":""/home/tetsuya/development/mir3-website/images/mob/pic/image027.gif"",""bytes"":3742,""sha256"":""832e35dd9c1db52334d5a655a08d35084fe28dd1a504e3b32e4e27e6b0c9c692"",""width"":139,""height"":106,""mode"":""P"",""frames"":1,""format"":""GIF""}"	形似海豹，有肥大的身体和巨大的尾巴和鳍。使用巨大的尾巴和鳍拍打地面，通过产生的震动伤害对方。即属于魔法攻击类型。	"[{""index"":409,""internal_name"":""Otherworld Sea General"",""image"":""NetherWorldGate"",""race"":null,""shape"":5,""resource"":{""status"":""ok"",""library"":""Mon-1"",""library_number"":1,""shape"":5,""source"":""/home/tetsuya/development/zircon/GodotClient/Formats/MonsterLookup.cs"",""path"":""/home/tetsuya/development/zircon/Debug/Client/Data/Mon-1.Zl"",""library_count"":10000,""nonblank_probe_frames_0_99"":10,""sample_frames"":[{""draw_frame"":0,""index"":5000,""width"":204,""height"":152,""offsetX"":-69,""offsetY"":-67},{""draw_frame"":1,""index"":5001,""width"":204,""height"":152,""offsetX"":-69,""offsetY"":-67},{""draw_frame"":2,""index"":5002,""width"":216,""height"":150,""offsetX"":-69,""offsetY"":-66},{""draw_frame"":3,""index"":5003,""width"":212,""height"":150,""offsetX"":-69,""offsetY"":-66},{""draw_frame"":4,""index"":5004,""width"":212,""height"":150,""offsetX"":-69,""offsetY"":-66},{""draw_frame"":5,""index"":5005,""width"":216,""height"":150,""offsetX"":-69,""offsetY"":-66},{""draw_frame"":6,""index"":5006,""width"":208,""height"":150,""offsetX"":-69,""offsetY"":-66},{""draw_frame"":7,""index"":5007,""width"":220,""height"":152,""offsetX"":-69,""offsetY"":-67}],""body_frame_formula"":""draw_frame + 5*1000""},""level"":100,""is_boss"":false}]"	409	Otherworld Sea General	NetherWorldGate	1		explicit-identity-plus-MonsterLookup-probe	"[""website JSON record and source description"",""website image path/sha256/size"",""current MonsterInfo identity/level/Boss fields"",""GodotClient/Formats/MonsterLookup.cs"",""Mon-*.Zl header/body-frame probe"",""duplicate-image and candidate conflict audit""]"	medium	confirmed		True	display-name-plan-only
mob-141	犬猴魔	神舰	../images/mob/pic/image028.gif	"{""present"":true,""path"":""/home/tetsuya/development/mir3-website/images/mob/pic/image028.gif"",""bytes"":6998,""sha256"":""d9c74497e83109469174b8b23ab23fea8fdf325fb9b847011cc63da46aec1e31"",""width"":139,""height"":106,""mode"":""P"",""frames"":1,""format"":""GIF""}"	结群而行，进攻尸体和落伍的小动物，外形结合了狗和猴子的特点，前肢非常发达，但因为后肢相对较弱，跑起来有些像瘸腿。尖利的牙齿和强有力的前肢是他们的主要武器，通常不肯单独进行战斗。	[]				0		all-evidence-paths-exhausted-no-closed-candidate	"[""website JSON record and source description"",""website image path/sha256/size"",""current MonsterInfo identity/level/Boss fields"",""GodotClient/Formats/MonsterLookup.cs"",""Mon-*.Zl header/body-frame probe"",""duplicate-image and candidate conflict audit""]"	pending	pending	no stable DB candidate after name/identity/resource/region checks	True	retain-current
mob-142	神舰守卫	神舰	../images/mob/pic/image029.gif	"{""present"":true,""path"":""/home/tetsuya/development/mir3-website/images/mob/pic/image029.gif"",""bytes"":3910,""sha256"":""10baf217206d5e100a33103fddf992d47a849b7c44642ba45548840905b1ab74"",""width"":139,""height"":106,""mode"":""P"",""frames"":1,""format"":""GIF""}"	守卫神舰的士兵，用轻型防御道具和长枪武装自己。	"[{""index"":416,""internal_name"":""Otherworld Ship Guard"",""image"":""InfernalSoldier"",""race"":null,""shape"":0,""resource"":{""status"":""ok"",""library"":""Mon-26"",""library_number"":26,""shape"":0,""source"":""/home/tetsuya/development/zircon/GodotClient/Formats/MonsterLookup.cs"",""path"":""/home/tetsuya/development/zircon/Debug/Client/Data/Mon-26.Zl"",""library_count"":3000,""nonblank_probe_frames_0_99"":44,""sample_frames"":[{""draw_frame"":0,""index"":0,""width"":48,""height"":94,""offsetX"":2,""offsetY"":-98},{""draw_frame"":1,""index"":1,""width"":48,""height"":96,""offsetX"":2,""offsetY"":-98},{""draw_frame"":2,""index"":2,""width"":48,""height"":94,""offsetX"":2,""offsetY"":-97},{""draw_frame"":3,""index"":3,""width"":48,""height"":96,""offsetX"":2,""offsetY"":-98},{""draw_frame"":10,""index"":10,""width"":84,""height"":84,""offsetX"":-2,""offsetY"":-81},{""draw_frame"":11,""index"":11,""width"":84,""height"":82,""offsetX"":-3,""offsetY"":-79},{""draw_frame"":12,""index"":12,""width"":84,""height"":82,""offsetX"":-3,""offsetY"":-79},{""draw_frame"":13,""index"":13,""width"":84,""height"":82,""offsetX"":-3,""offsetY"":-80}],""body_frame_formula"":""draw_frame + 0*1000""},""level"":100,""is_boss"":false}]"	416	Otherworld Ship Guard	InfernalSoldier	1		explicit-identity-plus-MonsterLookup-probe	"[""website JSON record and source description"",""website image path/sha256/size"",""current MonsterInfo identity/level/Boss fields"",""GodotClient/Formats/MonsterLookup.cs"",""Mon-*.Zl header/body-frame probe"",""duplicate-image and candidate conflict audit""]"	medium	confirmed		True	display-name-plan-only
mob-143	轻甲守卫	神舰	../images/mob/pic/image030.gif	"{""present"":true,""path"":""/home/tetsuya/development/mir3-website/images/mob/pic/image030.gif"",""bytes"":4877,""sha256"":""167c1e6a0052e5355b0d3785b0ea1c52fa63edfe241867dd8a254dd5859fb860"",""width"":139,""height"":106,""mode"":""P"",""frames"":1,""format"":""GIF""}"	身穿十分轻便的盔甲，极为轻巧快捷的移动速度会让对方混乱。盔甲里面没有实际身体，而是一种雾状物体，死掉后，里面的雾状体会消失，只剩下空盔甲落在地上。	"[{""index"":425,""internal_name"":""Otherworld Light Guard"",""image"":""BloodStone"",""race"":null,""shape"":7,""resource"":{""status"":""ok"",""library"":""Mon-19"",""library_number"":19,""shape"":7,""source"":""/home/tetsuya/development/zircon/GodotClient/Formats/MonsterLookup.cs"",""path"":""/home/tetsuya/development/zircon/Debug/Client/Data/Mon-19.Zl"",""library_count"":10016,""nonblank_probe_frames_0_99"":4,""sample_frames"":[{""draw_frame"":0,""index"":7000,""width"":124,""height"":142,""offsetX"":-50,""offsetY"":-84},{""draw_frame"":1,""index"":7001,""width"":124,""height"":142,""offsetX"":-50,""offsetY"":-84},{""draw_frame"":2,""index"":7002,""width"":124,""height"":142,""offsetX"":-50,""offsetY"":-84},{""draw_frame"":3,""index"":7003,""width"":120,""height"":142,""offsetX"":-50,""offsetY"":-84}],""body_frame_formula"":""draw_frame + 7*1000""},""level"":100,""is_boss"":false}]"	425	Otherworld Light Guard	BloodStone	1		explicit-identity-plus-MonsterLookup-probe	"[""website JSON record and source description"",""website image path/sha256/size"",""current MonsterInfo identity/level/Boss fields"",""GodotClient/Formats/MonsterLookup.cs"",""Mon-*.Zl header/body-frame probe"",""duplicate-image and candidate conflict audit""]"	medium	confirmed		True	display-name-plan-only
mob-144	红衣法师	神舰	../images/mob/pic/image031.gif	"{""present"":true,""path"":""/home/tetsuya/development/mir3-website/images/mob/pic/image031.gif"",""bytes"":4606,""sha256"":""74d2e400fb9edb9e630fc7463926ab38255c8c22ccd7e2977cc9e80a7cc795b6"",""width"":139,""height"":106,""mode"":""P"",""frames"":1,""format"":""GIF""}"	该魔法师浑身上下用一种红色网套罩起来，会发起使用很强的魔法进行远距离进攻。死掉后，身体会消失，只有空网套和拐杖落在地上。	"[{""index"":418,""internal_name"":""Otherworld Red Mage"",""image"":""NewMob7"",""race"":null,""shape"":6,""resource"":{""status"":""ok"",""library"":""Mon-47"",""library_number"":47,""shape"":6,""source"":""/home/tetsuya/development/zircon/GodotClient/Formats/MonsterLookup.cs"",""path"":""/home/tetsuya/development/zircon/Debug/Client/Data/Mon-47.Zl"",""library_count"":10000,""nonblank_probe_frames_0_99"":44,""sample_frames"":[{""draw_frame"":0,""index"":6000,""width"":56,""height"":72,""offsetX"":-2,""offsetY"":-47},{""draw_frame"":1,""index"":6001,""width"":52,""height"":72,""offsetX"":-1,""offsetY"":-47},{""draw_frame"":2,""index"":6002,""width"":56,""height"":72,""offsetX"":-1,""offsetY"":-48},{""draw_frame"":3,""index"":6003,""width"":56,""height"":74,""offsetX"":-1,""offsetY"":-49},{""draw_frame"":10,""index"":6010,""width"":52,""height"":74,""offsetX"":6,""offsetY"":-47},{""draw_frame"":11,""index"":6011,""width"":52,""height"":74,""offsetX"":7,""offsetY"":-46},{""draw_frame"":12,""index"":6012,""width"":52,""height"":74,""offsetX"":8,""offsetY"":-47},{""draw_frame"":13,""index"":6013,""width"":52,""height"":74,""offsetX"":7,""offsetY"":-47}],""body_frame_formula"":""draw_frame + 6*1000""},""level"":100,""is_boss"":false}]"	418	Otherworld Red Mage	NewMob7	1		explicit-identity-plus-MonsterLookup-probe	"[""website JSON record and source description"",""website image path/sha256/size"",""current MonsterInfo identity/level/Boss fields"",""GodotClient/Formats/MonsterLookup.cs"",""Mon-*.Zl header/body-frame probe"",""duplicate-image and candidate conflict audit""]"	medium	confirmed		True	display-name-plan-only
mob-145	霸王守卫	神舰	../images/mob/pic/image032.gif	"{""present"":true,""path"":""/home/tetsuya/development/mir3-website/images/mob/pic/image032.gif"",""bytes"":6112,""sha256"":""db44b01d01de1b7e287908729649a8bd63588360105fac47aa461aed5529eca7"",""width"":139,""height"":106,""mode"":""P"",""frames"":1,""format"":""GIF""}"	保护霸王教主的战将，用奇形怪状的长枪和带有魔法的盔甲武装自己，毁灭所有违背霸王教主旨意的对象，使用超乎想象的强大力量压迫敌人。	[]				0		all-evidence-paths-exhausted-no-closed-candidate	"[""website JSON record and source description"",""website image path/sha256/size"",""current MonsterInfo identity/level/Boss fields"",""GodotClient/Formats/MonsterLookup.cs"",""Mon-*.Zl header/body-frame probe"",""duplicate-image and candidate conflict audit""]"	pending	pending	no stable DB candidate after name/identity/resource/region checks	True	retain-current
mob-146	霸王教主	神舰	../images/mob/pic/image033.gif	"{""present"":true,""path"":""/home/tetsuya/development/mir3-website/images/mob/pic/image033.gif"",""bytes"":5096,""sha256"":""81fd762f3879e631b99f0e7d95141b881a576bc63ae6b8f9efbdf5f55dc2f5db"",""width"":139,""height"":106,""mode"":""P"",""frames"":1,""format"":""GIF""}"	支配整个神舰的帝王。拥有超出想象的十分巨大的身体，把实体隐藏在刻有奇异纹路的盔甲里面，让人无法弄清楚其究竟。挥舞达到普通人身高几倍的大刀，兼用魔法和剑法，会在几招之内让对手的身体四分五裂。	"[{""index"":115,""internal_name"":""Emperor Sa'Woo"",""image"":""EmperorSaWoo"",""race"":null,""shape"":9,""resource"":{""status"":""ok"",""library"":""Mon-14"",""library_number"":14,""shape"":9,""source"":""/home/tetsuya/development/zircon/GodotClient/Formats/MonsterLookup.cs"",""path"":""/home/tetsuya/development/zircon/Debug/Client/Data/Mon-14.Zl"",""library_count"":10000,""nonblank_probe_frames_0_99"":44,""sample_frames"":[{""draw_frame"":0,""index"":9000,""width"":148,""height"":104,""offsetX"":-45,""offsetY"":-85},{""draw_frame"":1,""index"":9001,""width"":144,""height"":110,""offsetX"":-43,""offsetY"":-90},{""draw_frame"":2,""index"":9002,""width"":144,""height"":108,""offsetX"":-43,""offsetY"":-89},{""draw_frame"":3,""index"":9003,""width"":144,""height"":108,""offsetX"":-43,""offsetY"":-88},{""draw_frame"":10,""index"":9010,""width"":136,""height"":132,""offsetX"":-51,""offsetY"":-105},{""draw_frame"":11,""index"":9011,""width"":140,""height"":134,""offsetX"":-57,""offsetY"":-106},{""draw_frame"":12,""index"":9012,""width"":136,""height"":132,""offsetX"":-54,""offsetY"":-104},{""draw_frame"":13,""index"":9013,""width"":132,""height"":128,""offsetX"":-47,""offsetY"":-101}],""body_frame_formula"":""draw_frame + 9*1000""},""level"":250,""is_boss"":true}]"	115	Emperor Sa'Woo	EmperorSaWoo	1		explicit-identity-plus-MonsterLookup-probe	"[""website JSON record and source description"",""website image path/sha256/size"",""current MonsterInfo identity/level/Boss fields"",""GodotClient/Formats/MonsterLookup.cs"",""Mon-*.Zl header/body-frame probe"",""duplicate-image and candidate conflict audit""]"	medium	confirmed		True	display-name-plan-only
mob-147	火焰狮子	真天黑度	../images/mob/pic/ang_06.gif	"{""present"":true,""path"":""/home/tetsuya/development/mir3-website/images/mob/pic/ang_06.gif"",""bytes"":7397,""sha256"":""572dd860b5ed0da72341a1c12406321ef11e665d9310a23f21ca092ac56a3ada"",""width"":139,""height"":112,""mode"":""P"",""frames"":1,""format"":""GIF""}"	真天宫里的狮子。	"[{""index"":448,""internal_name"":""Flame Lion"",""image"":""FlameLion"",""race"":null,""shape"":5,""resource"":{""status"":""ok"",""library"":""Mon-22"",""library_number"":22,""shape"":5,""source"":""/home/tetsuya/development/zircon/GodotClient/Formats/MonsterLookup.cs"",""path"":""/home/tetsuya/development/zircon/Debug/Client/Data/Mon-22.Zl"",""library_count"":10000,""nonblank_probe_frames_0_99"":44,""sample_frames"":[{""draw_frame"":0,""index"":5000,""width"":52,""height"":34,""offsetX"":-1,""offsetY"":-9},{""draw_frame"":1,""index"":5001,""width"":52,""height"":36,""offsetX"":-1,""offsetY"":-12},{""draw_frame"":2,""index"":5002,""width"":52,""height"":38,""offsetX"":-1,""offsetY"":-14},{""draw_frame"":3,""index"":5003,""width"":52,""height"":36,""offsetX"":-1,""offsetY"":-12},{""draw_frame"":10,""index"":5010,""width"":52,""height"":42,""offsetX"":2,""offsetY"":-13},{""draw_frame"":11,""index"":5011,""width"":56,""height"":44,""offsetX"":0,""offsetY"":-14},{""draw_frame"":12,""index"":5012,""width"":56,""height"":44,""offsetX"":-1,""offsetY"":-14},{""draw_frame"":13,""index"":5013,""width"":56,""height"":42,""offsetX"":0,""offsetY"":-13}],""body_frame_formula"":""draw_frame + 5*1000""},""level"":55,""is_boss"":false}]"	448	Flame Lion	FlameLion	1		explicit-identity-plus-MonsterLookup-probe	"[""website JSON record and source description"",""website image path/sha256/size"",""current MonsterInfo identity/level/Boss fields"",""GodotClient/Formats/MonsterLookup.cs"",""Mon-*.Zl header/body-frame probe"",""duplicate-image and candidate conflict audit""]"	medium	confirmed		True	display-name-plan-only
mob-148	石像狮子	真天黑度	../images/mob/pic/ang_07.gif	"{""present"":true,""path"":""/home/tetsuya/development/mir3-website/images/mob/pic/ang_07.gif"",""bytes"":7440,""sha256"":""798f5a4a857d15479b3cba133beec7397446fa0ccde5f2094a36e8c30134d9ab"",""width"":139,""height"":112,""mode"":""P"",""frames"":1,""format"":""GIF""}"	真天宫里的狮子。	"[{""index"":484,""internal_name"":""Stone Lion"",""image"":""RazorTusk"",""race"":null,""shape"":0,""resource"":{""status"":""ok"",""library"":""Mon-16"",""library_number"":16,""shape"":0,""source"":""/home/tetsuya/development/zircon/GodotClient/Formats/MonsterLookup.cs"",""path"":""/home/tetsuya/development/zircon/Debug/Client/Data/Mon-16.Zl"",""library_count"":10000,""nonblank_probe_frames_0_99"":44,""sample_frames"":[{""draw_frame"":0,""index"":0,""width"":88,""height"":102,""offsetX"":-16,""offsetY"":-77},{""draw_frame"":1,""index"":1,""width"":92,""height"":100,""offsetX"":-19,""offsetY"":-75},{""draw_frame"":2,""index"":2,""width"":96,""height"":98,""offsetX"":-24,""offsetY"":-72},{""draw_frame"":3,""index"":3,""width"":92,""height"":100,""offsetX"":-20,""offsetY"":-75},{""draw_frame"":10,""index"":10,""width"":92,""height"":114,""offsetX"":-14,""offsetY"":-80},{""draw_frame"":11,""index"":11,""width"":96,""height"":112,""offsetX"":-18,""offsetY"":-78},{""draw_frame"":12,""index"":12,""width"":100,""height"":112,""offsetX"":-23,""offsetY"":-76},{""draw_frame"":13,""index"":13,""width"":96,""height"":112,""offsetX"":-20,""offsetY"":-78}],""body_frame_formula"":""draw_frame + 0*1000""},""level"":55,""is_boss"":false}]"	484	Stone Lion	RazorTusk	1		explicit-identity-plus-MonsterLookup-probe	"[""website JSON record and source description"",""website image path/sha256/size"",""current MonsterInfo identity/level/Boss fields"",""GodotClient/Formats/MonsterLookup.cs"",""Mon-*.Zl header/body-frame probe"",""duplicate-image and candidate conflict audit""]"	medium	confirmed		True	display-name-plan-only
mob-149	武力神将	真天黑度	../images/mob/pic/ang_08.gif	"{""present"":true,""path"":""/home/tetsuya/development/mir3-website/images/mob/pic/ang_08.gif"",""bytes"":5699,""sha256"":""7e8d8cafe9191804039353f65fc5f805dec499fea1742fcdf03d79a3ce495e82"",""width"":139,""height"":112,""mode"":""P"",""frames"":1,""format"":""GIF""}"	真天宫里的神将。	[]				0		all-evidence-paths-exhausted-no-closed-candidate	"[""website JSON record and source description"",""website image path/sha256/size"",""current MonsterInfo identity/level/Boss fields"",""GodotClient/Formats/MonsterLookup.cs"",""Mon-*.Zl header/body-frame probe"",""duplicate-image and candidate conflict audit""]"	pending	pending	no stable DB candidate after name/identity/resource/region checks	True	retain-current
mob-150	地牢女神	真天黑度	../images/mob/pic/ang_09.gif	"{""present"":true,""path"":""/home/tetsuya/development/mir3-website/images/mob/pic/ang_09.gif"",""bytes"":4246,""sha256"":""716fc089851f6ee063fafe9f9b04bbeb94a82a9d047b59b91b862fead492485f"",""width"":139,""height"":121,""mode"":""P"",""frames"":1,""format"":""GIF""}"	真天宫和黑度宫里的女神	[]				0		all-evidence-paths-exhausted-no-closed-candidate	"[""website JSON record and source description"",""website image path/sha256/size"",""current MonsterInfo identity/level/Boss fields"",""GodotClient/Formats/MonsterLookup.cs"",""Mon-*.Zl header/body-frame probe"",""duplicate-image and candidate conflict audit""]"	pending	pending	no stable DB candidate after name/identity/resource/region checks	True	retain-current
mob-151	地牢女神	真天黑度	../images/mob/pic/ang_10.gif	"{""present"":true,""path"":""/home/tetsuya/development/mir3-website/images/mob/pic/ang_10.gif"",""bytes"":4204,""sha256"":""bb1f6b73310582d9a9bec817a0923e9ab53c81a6dffe51fabea14a053fb0047f"",""width"":139,""height"":121,""mode"":""P"",""frames"":1,""format"":""GIF""}"	真天宫和黑度宫里的女神	[]				0		all-evidence-paths-exhausted-no-closed-candidate	"[""website JSON record and source description"",""website image path/sha256/size"",""current MonsterInfo identity/level/Boss fields"",""GodotClient/Formats/MonsterLookup.cs"",""Mon-*.Zl header/body-frame probe"",""duplicate-image and candidate conflict audit""]"	pending	pending	no stable DB candidate after name/identity/resource/region checks	True	retain-current
mob-152	震天首将	真天黑度	../images/mob/pic/ang_08.gif	"{""present"":true,""path"":""/home/tetsuya/development/mir3-website/images/mob/pic/ang_08.gif"",""bytes"":5699,""sha256"":""7e8d8cafe9191804039353f65fc5f805dec499fea1742fcdf03d79a3ce495e82"",""width"":139,""height"":112,""mode"":""P"",""frames"":1,""format"":""GIF""}"	真天宫里的神将。真天宫里的小BOSS 能暴:记忆套装	[]				0		all-evidence-paths-exhausted-no-closed-candidate	"[""website JSON record and source description"",""website image path/sha256/size"",""current MonsterInfo identity/level/Boss fields"",""GodotClient/Formats/MonsterLookup.cs"",""Mon-*.Zl header/body-frame probe"",""duplicate-image and candidate conflict audit""]"	pending	pending	no stable DB candidate after name/identity/resource/region checks	True	retain-current
mob-153	震天魔神	真天黑度	../images/mob/pic/ang_11.gif	"{""present"":true,""path"":""/home/tetsuya/development/mir3-website/images/mob/pic/ang_11.gif"",""bytes"":5823,""sha256"":""1ac4e95a987cf56607c4675978eac1b8a1d3082b733f75be2d00568fe9be89b8"",""width"":139,""height"":121,""mode"":""P"",""frames"":1,""format"":""GIF""}"	真天宫里大BOSS。 震天魔神 能暴:特殊饰品,屠龙,嗜魂法杖,龙纹剑	[]				0		all-evidence-paths-exhausted-no-closed-candidate	"[""website JSON record and source description"",""website image path/sha256/size"",""current MonsterInfo identity/level/Boss fields"",""GodotClient/Formats/MonsterLookup.cs"",""Mon-*.Zl header/body-frame probe"",""duplicate-image and candidate conflict audit""]"	pending	pending	no stable DB candidate after name/identity/resource/region checks	True	retain-current
