movement_index	source_map_id	source_file	source_description	source_region_index	source_region_description	source_x	source_y	source_walkable	source_in_bounds	source_map_relation	icon	need_item	required_class	raw_destination_map	raw_destination_region	resolved_destination_map	resolved_destination_file	destination_x	destination_y	destination_walkable	destination_in_bounds	destination_map_relation	directionality	source_of_truth	confidence	status	reason
2482	1	0	Bichon Town	19	Palace Entrance	186	198	True	True	variant	Building		All	0_000	35	0_000	0_000	21	51	True	True	exact	source-region-to-destination-region (MovementInfo directed edge)	1: Tools/dbeditor/workspace/MovementInfo.json + MapRegion.json | 2: reference/mir3-source/Source/GameServer/LocalDB.pas LoadMapInfos (MapInfo.txt gate model) | 3: 2026-09-25 map_manifest exact/renamed/variant/replacement/pending relation | 4: map terrain flag reader implemented independently by this audit generator	0.25	pending_manual_review	workspace region centroid is not an EI Envir gate record; no safe coordinate correction inferred
2483	2	0_000	Town Hall	34	Entrance Door	19	52	True	True	exact	Province		All	0	20	0	0	184	204	True	True	variant	source-region-to-destination-region (MovementInfo directed edge)	1: Tools/dbeditor/workspace/MovementInfo.json + MapRegion.json | 2: reference/mir3-source/Source/GameServer/LocalDB.pas LoadMapInfos (MapInfo.txt gate model) | 3: 2026-09-25 map_manifest exact/renamed/variant/replacement/pending relation | 4: map terrain flag reader implemented independently by this audit generator	0.25	pending_manual_review	workspace region centroid is not an EI Envir gate record; no safe coordinate correction inferred
2890	9	5	Desert Mud Fortress	208	Black Palace Door	317	197	True	True	replacement	Cave		All	D1301	1163	D1301	D1301	122	115	True	True	exact	source-region-to-destination-region (MovementInfo directed edge)	1: Tools/dbeditor/workspace/MovementInfo.json + MapRegion.json | 2: reference/mir3-source/Source/GameServer/LocalDB.pas LoadMapInfos (MapInfo.txt gate model) | 3: 2026-09-25 map_manifest exact/renamed/variant/replacement/pending relation | 4: map terrain flag reader implemented independently by this audit generator	0.25	pending_manual_review	workspace region centroid is not an EI Envir gate record; no safe coordinate correction inferred
2892	62	D1301	Black Palace Lv 1	1162	Mud Wall Door	121	116	True	True	exact	Exit		All	5	209	5	5	315	199	True	True	replacement	source-region-to-destination-region (MovementInfo directed edge)	1: Tools/dbeditor/workspace/MovementInfo.json + MapRegion.json | 2: reference/mir3-source/Source/GameServer/LocalDB.pas LoadMapInfos (MapInfo.txt gate model) | 3: 2026-09-25 map_manifest exact/renamed/variant/replacement/pending relation | 4: map terrain flag reader implemented independently by this audit generator	0.25	pending_manual_review	workspace region centroid is not an EI Envir gate record; no safe coordinate correction inferred
3053	610	01	边境城市	3251	Teleport Source	447	246	True	True	exact	None		All	01_001	3252	01_001	01_001	20	21	True	True	exact	source-region-to-destination-region (MovementInfo directed edge)	1: Tools/dbeditor/workspace/MovementInfo.json + MapRegion.json | 2: reference/mir3-source/Source/GameServer/LocalDB.pas LoadMapInfos (MapInfo.txt gate model) | 3: 2026-09-25 map_manifest exact/renamed/variant/replacement/pending relation | 4: map terrain flag reader implemented independently by this audit generator	0.25	pending_manual_review	workspace region centroid is not an EI Envir gate record; no safe coordinate correction inferred
3054	613	01_001	志善屋	3253	Teleport Source	19	22	True	True	exact	None		All	01	3254	01	01	446	247	True	True	exact	source-region-to-destination-region (MovementInfo directed edge)	1: Tools/dbeditor/workspace/MovementInfo.json + MapRegion.json | 2: reference/mir3-source/Source/GameServer/LocalDB.pas LoadMapInfos (MapInfo.txt gate model) | 3: 2026-09-25 map_manifest exact/renamed/variant/replacement/pending relation | 4: map terrain flag reader implemented independently by this audit generator	0.25	pending_manual_review	workspace region centroid is not an EI Envir gate record; no safe coordinate correction inferred
3055	5	1	Lost Paradise	3255	Teleport Source	429	96	True	True	variant	None		All	1_002	3256	1_002	1_002	10	17	True	True	exact	source-region-to-destination-region (MovementInfo directed edge)	1: Tools/dbeditor/workspace/MovementInfo.json + MapRegion.json | 2: reference/mir3-source/Source/GameServer/LocalDB.pas LoadMapInfos (MapInfo.txt gate model) | 3: 2026-09-25 map_manifest exact/renamed/variant/replacement/pending relation | 4: map terrain flag reader implemented independently by this audit generator	0.25	pending_manual_review	workspace region centroid is not an EI Envir gate record; no safe coordinate correction inferred
3056	640	1_002	本馆	3257	Teleport Source	9	18	True	True	exact	None		All	1	3258	1	1	428	97	True	True	variant	source-region-to-destination-region (MovementInfo directed edge)	1: Tools/dbeditor/workspace/MovementInfo.json + MapRegion.json | 2: reference/mir3-source/Source/GameServer/LocalDB.pas LoadMapInfos (MapInfo.txt gate model) | 3: 2026-09-25 map_manifest exact/renamed/variant/replacement/pending relation | 4: map terrain flag reader implemented independently by this audit generator	0.25	pending_manual_review	workspace region centroid is not an EI Envir gate record; no safe coordinate correction inferred
3057	5	1	Lost Paradise	3259	Teleport Source	394	169	True	True	variant	None		All	1_007	3260	1_007	1_007	6	17	True	True	exact	source-region-to-destination-region (MovementInfo directed edge)	1: Tools/dbeditor/workspace/MovementInfo.json + MapRegion.json | 2: reference/mir3-source/Source/GameServer/LocalDB.pas LoadMapInfos (MapInfo.txt gate model) | 3: 2026-09-25 map_manifest exact/renamed/variant/replacement/pending relation | 4: map terrain flag reader implemented independently by this audit generator	0.25	pending_manual_review	workspace region centroid is not an EI Envir gate record; no safe coordinate correction inferred
3058	645	1_007	仓库	3261	Teleport Source	5	18	True	True	exact	None		All	1	3262	1	1	393	170	True	True	variant	source-region-to-destination-region (MovementInfo directed edge)	1: Tools/dbeditor/workspace/MovementInfo.json + MapRegion.json | 2: reference/mir3-source/Source/GameServer/LocalDB.pas LoadMapInfos (MapInfo.txt gate model) | 3: 2026-09-25 map_manifest exact/renamed/variant/replacement/pending relation | 4: map terrain flag reader implemented independently by this audit generator	0.25	pending_manual_review	workspace region centroid is not an EI Envir gate record; no safe coordinate correction inferred
3059	5	1	Lost Paradise	3263	Teleport Source	388	113	True	True	variant	None		All	1_006	3264	1_006	1_006	7	15	True	True	exact	source-region-to-destination-region (MovementInfo directed edge)	1: Tools/dbeditor/workspace/MovementInfo.json + MapRegion.json | 2: reference/mir3-source/Source/GameServer/LocalDB.pas LoadMapInfos (MapInfo.txt gate model) | 3: 2026-09-25 map_manifest exact/renamed/variant/replacement/pending relation | 4: map terrain flag reader implemented independently by this audit generator	0.25	pending_manual_review	workspace region centroid is not an EI Envir gate record; no safe coordinate correction inferred
3060	644	1_006	药剂师住居	3265	Teleport Source	8	16	True	True	exact	None		All	1	3266	1	1	389	114	True	True	variant	source-region-to-destination-region (MovementInfo directed edge)	1: Tools/dbeditor/workspace/MovementInfo.json + MapRegion.json | 2: reference/mir3-source/Source/GameServer/LocalDB.pas LoadMapInfos (MapInfo.txt gate model) | 3: 2026-09-25 map_manifest exact/renamed/variant/replacement/pending relation | 4: map terrain flag reader implemented independently by this audit generator	0.25	pending_manual_review	workspace region centroid is not an EI Envir gate record; no safe coordinate correction inferred
3061	5	1	Lost Paradise	3267	Teleport Source	415	133	True	True	variant	None		All	1_003	3268	1_003	1_003	8	11	True	True	exact	source-region-to-destination-region (MovementInfo directed edge)	1: Tools/dbeditor/workspace/MovementInfo.json + MapRegion.json | 2: reference/mir3-source/Source/GameServer/LocalDB.pas LoadMapInfos (MapInfo.txt gate model) | 3: 2026-09-25 map_manifest exact/renamed/variant/replacement/pending relation | 4: map terrain flag reader implemented independently by this audit generator	0.25	pending_manual_review	workspace region centroid is not an EI Envir gate record; no safe coordinate correction inferred
3062	641	1_003	洗衣住居	3269	Teleport Source	7	12	True	True	exact	None		All	1	3270	1	1	414	134	True	True	variant	source-region-to-destination-region (MovementInfo directed edge)	1: Tools/dbeditor/workspace/MovementInfo.json + MapRegion.json | 2: reference/mir3-source/Source/GameServer/LocalDB.pas LoadMapInfos (MapInfo.txt gate model) | 3: 2026-09-25 map_manifest exact/renamed/variant/replacement/pending relation | 4: map terrain flag reader implemented independently by this audit generator	0.25	pending_manual_review	workspace region centroid is not an EI Envir gate record; no safe coordinate correction inferred
3063	5	1	Lost Paradise	3271	Teleport Source	429	120	True	True	variant	None		All	1_001	3272	1_001	1_001	6	17	True	True	exact	source-region-to-destination-region (MovementInfo directed edge)	1: Tools/dbeditor/workspace/MovementInfo.json + MapRegion.json | 2: reference/mir3-source/Source/GameServer/LocalDB.pas LoadMapInfos (MapInfo.txt gate model) | 3: 2026-09-25 map_manifest exact/renamed/variant/replacement/pending relation | 4: map terrain flag reader implemented independently by this audit generator	0.25	pending_manual_review	workspace region centroid is not an EI Envir gate record; no safe coordinate correction inferred
3064	639	1_001	武器仓库	3273	Teleport Source	5	18	True	True	exact	None		All	1	3274	1	1	428	121	True	True	variant	source-region-to-destination-region (MovementInfo directed edge)	1: Tools/dbeditor/workspace/MovementInfo.json + MapRegion.json | 2: reference/mir3-source/Source/GameServer/LocalDB.pas LoadMapInfos (MapInfo.txt gate model) | 3: 2026-09-25 map_manifest exact/renamed/variant/replacement/pending relation | 4: map terrain flag reader implemented independently by this audit generator	0.25	pending_manual_review	workspace region centroid is not an EI Envir gate record; no safe coordinate correction inferred
3065	5	1	Lost Paradise	3275	Teleport Source	367	134	True	True	variant	None		All	1_005	3276	1_005	1_005	11	15	True	True	exact	source-region-to-destination-region (MovementInfo directed edge)	1: Tools/dbeditor/workspace/MovementInfo.json + MapRegion.json | 2: reference/mir3-source/Source/GameServer/LocalDB.pas LoadMapInfos (MapInfo.txt gate model) | 3: 2026-09-25 map_manifest exact/renamed/variant/replacement/pending relation | 4: map terrain flag reader implemented independently by this audit generator	0.25	pending_manual_review	workspace region centroid is not an EI Envir gate record; no safe coordinate correction inferred
3066	643	1_005	物品研究所	3277	Teleport Source	12	16	True	True	exact	None		All	1	3278	1	1	368	135	True	True	variant	source-region-to-destination-region (MovementInfo directed edge)	1: Tools/dbeditor/workspace/MovementInfo.json + MapRegion.json | 2: reference/mir3-source/Source/GameServer/LocalDB.pas LoadMapInfos (MapInfo.txt gate model) | 3: 2026-09-25 map_manifest exact/renamed/variant/replacement/pending relation | 4: map terrain flag reader implemented independently by this audit generator	0.25	pending_manual_review	workspace region centroid is not an EI Envir gate record; no safe coordinate correction inferred
3067	5	1	Lost Paradise	3279	Teleport Source	415	96	True	True	variant	None		All	1_004	3280	1_004	1_004	11	15	True	True	exact	source-region-to-destination-region (MovementInfo directed edge)	1: Tools/dbeditor/workspace/MovementInfo.json + MapRegion.json | 2: reference/mir3-source/Source/GameServer/LocalDB.pas LoadMapInfos (MapInfo.txt gate model) | 3: 2026-09-25 map_manifest exact/renamed/variant/replacement/pending relation | 4: map terrain flag reader implemented independently by this audit generator	0.25	pending_manual_review	workspace region centroid is not an EI Envir gate record; no safe coordinate correction inferred
3068	642	1_004	书房	3281	Teleport Source	12	16	True	True	exact	None		All	1	3282	1	1	415	97	True	True	variant	source-region-to-destination-region (MovementInfo directed edge)	1: Tools/dbeditor/workspace/MovementInfo.json + MapRegion.json | 2: reference/mir3-source/Source/GameServer/LocalDB.pas LoadMapInfos (MapInfo.txt gate model) | 3: 2026-09-25 map_manifest exact/renamed/variant/replacement/pending relation | 4: map terrain flag reader implemented independently by this audit generator	0.25	pending_manual_review	workspace region centroid is not an EI Envir gate record; no safe coordinate correction inferred
3069	292	12	Banya Island	3283	Teleport Source	206	48	True	True	variant	None		All	125	3284	125	125	124	366	True	True	exact	source-region-to-destination-region (MovementInfo directed edge)	1: Tools/dbeditor/workspace/MovementInfo.json + MapRegion.json | 2: reference/mir3-source/Source/GameServer/LocalDB.pas LoadMapInfos (MapInfo.txt gate model) | 3: 2026-09-25 map_manifest exact/renamed/variant/replacement/pending relation | 4: map terrain flag reader implemented independently by this audit generator	0.25	pending_manual_review	workspace region centroid is not an EI Envir gate record; no safe coordinate correction inferred
3070	292	12	Banya Island	3285	Teleport Source	205	49	True	True	variant	None		All	125	3286	125	125	123	367	True	True	exact	source-region-to-destination-region (MovementInfo directed edge)	1: Tools/dbeditor/workspace/MovementInfo.json + MapRegion.json | 2: reference/mir3-source/Source/GameServer/LocalDB.pas LoadMapInfos (MapInfo.txt gate model) | 3: 2026-09-25 map_manifest exact/renamed/variant/replacement/pending relation | 4: map terrain flag reader implemented independently by this audit generator	0.25	pending_manual_review	workspace region centroid is not an EI Envir gate record; no safe coordinate correction inferred
3071	292	12	Banya Island	3287	Teleport Source	204	50	True	True	variant	None		All	125	3288	125	125	122	368	True	True	exact	source-region-to-destination-region (MovementInfo directed edge)	1: Tools/dbeditor/workspace/MovementInfo.json + MapRegion.json | 2: reference/mir3-source/Source/GameServer/LocalDB.pas LoadMapInfos (MapInfo.txt gate model) | 3: 2026-09-25 map_manifest exact/renamed/variant/replacement/pending relation | 4: map terrain flag reader implemented independently by this audit generator	0.25	pending_manual_review	workspace region centroid is not an EI Envir gate record; no safe coordinate correction inferred
3072	292	12	Banya Island	3289	Teleport Source	203	51	True	True	variant	None		All	125	3290	125	125	121	369	True	True	exact	source-region-to-destination-region (MovementInfo directed edge)	1: Tools/dbeditor/workspace/MovementInfo.json + MapRegion.json | 2: reference/mir3-source/Source/GameServer/LocalDB.pas LoadMapInfos (MapInfo.txt gate model) | 3: 2026-09-25 map_manifest exact/renamed/variant/replacement/pending relation | 4: map terrain flag reader implemented independently by this audit generator	0.25	pending_manual_review	workspace region centroid is not an EI Envir gate record; no safe coordinate correction inferred
3073	292	12	Banya Island	3291	Teleport Source	202	52	True	True	variant	None		All	125	3292	125	125	120	370	True	True	exact	source-region-to-destination-region (MovementInfo directed edge)	1: Tools/dbeditor/workspace/MovementInfo.json + MapRegion.json | 2: reference/mir3-source/Source/GameServer/LocalDB.pas LoadMapInfos (MapInfo.txt gate model) | 3: 2026-09-25 map_manifest exact/renamed/variant/replacement/pending relation | 4: map terrain flag reader implemented independently by this audit generator	0.25	pending_manual_review	workspace region centroid is not an EI Envir gate record; no safe coordinate correction inferred
3074	638	125	灌木林	3293	Teleport Source	125	367	True	True	exact	None		All	12	3294	12	12	207	49	True	True	variant	source-region-to-destination-region (MovementInfo directed edge)	1: Tools/dbeditor/workspace/MovementInfo.json + MapRegion.json | 2: reference/mir3-source/Source/GameServer/LocalDB.pas LoadMapInfos (MapInfo.txt gate model) | 3: 2026-09-25 map_manifest exact/renamed/variant/replacement/pending relation | 4: map terrain flag reader implemented independently by this audit generator	0.25	pending_manual_review	workspace region centroid is not an EI Envir gate record; no safe coordinate correction inferred
3075	638	125	灌木林	3295	Teleport Source	124	368	True	True	exact	None		All	12	3296	12	12	206	50	True	True	variant	source-region-to-destination-region (MovementInfo directed edge)	1: Tools/dbeditor/workspace/MovementInfo.json + MapRegion.json | 2: reference/mir3-source/Source/GameServer/LocalDB.pas LoadMapInfos (MapInfo.txt gate model) | 3: 2026-09-25 map_manifest exact/renamed/variant/replacement/pending relation | 4: map terrain flag reader implemented independently by this audit generator	0.25	pending_manual_review	workspace region centroid is not an EI Envir gate record; no safe coordinate correction inferred
3076	638	125	灌木林	3297	Teleport Source	123	369	True	True	exact	None		All	12	3298	12	12	205	51	True	True	variant	source-region-to-destination-region (MovementInfo directed edge)	1: Tools/dbeditor/workspace/MovementInfo.json + MapRegion.json | 2: reference/mir3-source/Source/GameServer/LocalDB.pas LoadMapInfos (MapInfo.txt gate model) | 3: 2026-09-25 map_manifest exact/renamed/variant/replacement/pending relation | 4: map terrain flag reader implemented independently by this audit generator	0.25	pending_manual_review	workspace region centroid is not an EI Envir gate record; no safe coordinate correction inferred
3077	638	125	灌木林	3299	Teleport Source	122	370	True	True	exact	None		All	12	3300	12	12	204	52	True	True	variant	source-region-to-destination-region (MovementInfo directed edge)	1: Tools/dbeditor/workspace/MovementInfo.json + MapRegion.json | 2: reference/mir3-source/Source/GameServer/LocalDB.pas LoadMapInfos (MapInfo.txt gate model) | 3: 2026-09-25 map_manifest exact/renamed/variant/replacement/pending relation | 4: map terrain flag reader implemented independently by this audit generator	0.25	pending_manual_review	workspace region centroid is not an EI Envir gate record; no safe coordinate correction inferred
3078	638	125	灌木林	3301	Teleport Source	121	371	True	True	exact	None		All	12	3302	12	12	203	53	True	True	variant	source-region-to-destination-region (MovementInfo directed edge)	1: Tools/dbeditor/workspace/MovementInfo.json + MapRegion.json | 2: reference/mir3-source/Source/GameServer/LocalDB.pas LoadMapInfos (MapInfo.txt gate model) | 3: 2026-09-25 map_manifest exact/renamed/variant/replacement/pending relation | 4: map terrain flag reader implemented independently by this audit generator	0.25	pending_manual_review	workspace region centroid is not an EI Envir gate record; no safe coordinate correction inferred
3079	638	125	灌木林	3303	Teleport Source	320	73	True	True	exact	None		All	122	3304	122	122	254	54	True	True	exact	source-region-to-destination-region (MovementInfo directed edge)	1: Tools/dbeditor/workspace/MovementInfo.json + MapRegion.json | 2: reference/mir3-source/Source/GameServer/LocalDB.pas LoadMapInfos (MapInfo.txt gate model) | 3: 2026-09-25 map_manifest exact/renamed/variant/replacement/pending relation | 4: map terrain flag reader implemented independently by this audit generator	0.25	pending_manual_review	workspace region centroid is not an EI Envir gate record; no safe coordinate correction inferred
3080	638	125	灌木林	3305	Teleport Source	321	74	True	True	exact	None		All	122	3306	122	122	253	53	True	True	exact	source-region-to-destination-region (MovementInfo directed edge)	1: Tools/dbeditor/workspace/MovementInfo.json + MapRegion.json | 2: reference/mir3-source/Source/GameServer/LocalDB.pas LoadMapInfos (MapInfo.txt gate model) | 3: 2026-09-25 map_manifest exact/renamed/variant/replacement/pending relation | 4: map terrain flag reader implemented independently by this audit generator	0.25	pending_manual_review	workspace region centroid is not an EI Envir gate record; no safe coordinate correction inferred
3081	638	125	灌木林	3307	Teleport Source	322	75	True	True	exact	None		All	122	3308	122	122	252	52	True	True	exact	source-region-to-destination-region (MovementInfo directed edge)	1: Tools/dbeditor/workspace/MovementInfo.json + MapRegion.json | 2: reference/mir3-source/Source/GameServer/LocalDB.pas LoadMapInfos (MapInfo.txt gate model) | 3: 2026-09-25 map_manifest exact/renamed/variant/replacement/pending relation | 4: map terrain flag reader implemented independently by this audit generator	0.25	pending_manual_review	workspace region centroid is not an EI Envir gate record; no safe coordinate correction inferred
3082	638	125	灌木林	3309	Teleport Source	323	76	True	True	exact	None		All	122	3310	122	122	251	51	True	True	exact	source-region-to-destination-region (MovementInfo directed edge)	1: Tools/dbeditor/workspace/MovementInfo.json + MapRegion.json | 2: reference/mir3-source/Source/GameServer/LocalDB.pas LoadMapInfos (MapInfo.txt gate model) | 3: 2026-09-25 map_manifest exact/renamed/variant/replacement/pending relation | 4: map terrain flag reader implemented independently by this audit generator	0.25	pending_manual_review	workspace region centroid is not an EI Envir gate record; no safe coordinate correction inferred
3083	638	125	灌木林	3311	Teleport Source	324	77	True	True	exact	None		All	122	3312	122	122	250	50	True	True	exact	source-region-to-destination-region (MovementInfo directed edge)	1: Tools/dbeditor/workspace/MovementInfo.json + MapRegion.json | 2: reference/mir3-source/Source/GameServer/LocalDB.pas LoadMapInfos (MapInfo.txt gate model) | 3: 2026-09-25 map_manifest exact/renamed/variant/replacement/pending relation | 4: map terrain flag reader implemented independently by this audit generator	0.25	pending_manual_review	workspace region centroid is not an EI Envir gate record; no safe coordinate correction inferred
3084	638	125	灌木林	3313	Teleport Source	325	78	True	True	exact	None		All	122	3314	122	122	249	49	True	True	exact	source-region-to-destination-region (MovementInfo directed edge)	1: Tools/dbeditor/workspace/MovementInfo.json + MapRegion.json | 2: reference/mir3-source/Source/GameServer/LocalDB.pas LoadMapInfos (MapInfo.txt gate model) | 3: 2026-09-25 map_manifest exact/renamed/variant/replacement/pending relation | 4: map terrain flag reader implemented independently by this audit generator	0.25	pending_manual_review	workspace region centroid is not an EI Envir gate record; no safe coordinate correction inferred
3085	635	122	灌木林	3315	Teleport Source	255	53	True	True	exact	None		All	125	3316	125	125	319	74	True	True	exact	source-region-to-destination-region (MovementInfo directed edge)	1: Tools/dbeditor/workspace/MovementInfo.json + MapRegion.json | 2: reference/mir3-source/Source/GameServer/LocalDB.pas LoadMapInfos (MapInfo.txt gate model) | 3: 2026-09-25 map_manifest exact/renamed/variant/replacement/pending relation | 4: map terrain flag reader implemented independently by this audit generator	0.25	pending_manual_review	workspace region centroid is not an EI Envir gate record; no safe coordinate correction inferred
3086	635	122	灌木林	3317	Teleport Source	254	52	True	True	exact	None		All	125	3318	125	125	320	75	True	True	exact	source-region-to-destination-region (MovementInfo directed edge)	1: Tools/dbeditor/workspace/MovementInfo.json + MapRegion.json | 2: reference/mir3-source/Source/GameServer/LocalDB.pas LoadMapInfos (MapInfo.txt gate model) | 3: 2026-09-25 map_manifest exact/renamed/variant/replacement/pending relation | 4: map terrain flag reader implemented independently by this audit generator	0.25	pending_manual_review	workspace region centroid is not an EI Envir gate record; no safe coordinate correction inferred
3087	635	122	灌木林	3319	Teleport Source	253	51	True	True	exact	None		All	125	3320	125	125	321	76	True	True	exact	source-region-to-destination-region (MovementInfo directed edge)	1: Tools/dbeditor/workspace/MovementInfo.json + MapRegion.json | 2: reference/mir3-source/Source/GameServer/LocalDB.pas LoadMapInfos (MapInfo.txt gate model) | 3: 2026-09-25 map_manifest exact/renamed/variant/replacement/pending relation | 4: map terrain flag reader implemented independently by this audit generator	0.25	pending_manual_review	workspace region centroid is not an EI Envir gate record; no safe coordinate correction inferred
3088	635	122	灌木林	3321	Teleport Source	252	50	True	True	exact	None		All	125	3322	125	125	322	77	True	True	exact	source-region-to-destination-region (MovementInfo directed edge)	1: Tools/dbeditor/workspace/MovementInfo.json + MapRegion.json | 2: reference/mir3-source/Source/GameServer/LocalDB.pas LoadMapInfos (MapInfo.txt gate model) | 3: 2026-09-25 map_manifest exact/renamed/variant/replacement/pending relation | 4: map terrain flag reader implemented independently by this audit generator	0.25	pending_manual_review	workspace region centroid is not an EI Envir gate record; no safe coordinate correction inferred
3089	635	122	灌木林	3323	Teleport Source	251	49	True	True	exact	None		All	125	3324	125	125	323	78	True	True	exact	source-region-to-destination-region (MovementInfo directed edge)	1: Tools/dbeditor/workspace/MovementInfo.json + MapRegion.json | 2: reference/mir3-source/Source/GameServer/LocalDB.pas LoadMapInfos (MapInfo.txt gate model) | 3: 2026-09-25 map_manifest exact/renamed/variant/replacement/pending relation | 4: map terrain flag reader implemented independently by this audit generator	0.25	pending_manual_review	workspace region centroid is not an EI Envir gate record; no safe coordinate correction inferred
3090	635	122	灌木林	3325	Teleport Source	250	48	True	True	exact	None		All	125	3326	125	125	324	79	True	True	exact	source-region-to-destination-region (MovementInfo directed edge)	1: Tools/dbeditor/workspace/MovementInfo.json + MapRegion.json | 2: reference/mir3-source/Source/GameServer/LocalDB.pas LoadMapInfos (MapInfo.txt gate model) | 3: 2026-09-25 map_manifest exact/renamed/variant/replacement/pending relation | 4: map terrain flag reader implemented independently by this audit generator	0.25	pending_manual_review	workspace region centroid is not an EI Envir gate record; no safe coordinate correction inferred
3091	635	122	灌木林	3327	Teleport Source	24	367	True	True	exact	None		All	12	3328	12	12	361	393	True	True	variant	source-region-to-destination-region (MovementInfo directed edge)	1: Tools/dbeditor/workspace/MovementInfo.json + MapRegion.json | 2: reference/mir3-source/Source/GameServer/LocalDB.pas LoadMapInfos (MapInfo.txt gate model) | 3: 2026-09-25 map_manifest exact/renamed/variant/replacement/pending relation | 4: map terrain flag reader implemented independently by this audit generator	0.25	pending_manual_review	workspace region centroid is not an EI Envir gate record; no safe coordinate correction inferred
3092	635	122	灌木林	3329	Teleport Source	23	366	True	True	exact	None		All	12	3330	12	12	362	392	True	True	variant	source-region-to-destination-region (MovementInfo directed edge)	1: Tools/dbeditor/workspace/MovementInfo.json + MapRegion.json | 2: reference/mir3-source/Source/GameServer/LocalDB.pas LoadMapInfos (MapInfo.txt gate model) | 3: 2026-09-25 map_manifest exact/renamed/variant/replacement/pending relation | 4: map terrain flag reader implemented independently by this audit generator	0.25	pending_manual_review	workspace region centroid is not an EI Envir gate record; no safe coordinate correction inferred
3093	635	122	灌木林	3331	Teleport Source	22	365	True	True	exact	None		All	12	3332	12	12	362	391	True	True	variant	source-region-to-destination-region (MovementInfo directed edge)	1: Tools/dbeditor/workspace/MovementInfo.json + MapRegion.json | 2: reference/mir3-source/Source/GameServer/LocalDB.pas LoadMapInfos (MapInfo.txt gate model) | 3: 2026-09-25 map_manifest exact/renamed/variant/replacement/pending relation | 4: map terrain flag reader implemented independently by this audit generator	0.25	pending_manual_review	workspace region centroid is not an EI Envir gate record; no safe coordinate correction inferred
3094	635	122	灌木林	3333	Teleport Source	21	364	True	True	exact	None		All	12	3334	12	12	363	391	True	True	variant	source-region-to-destination-region (MovementInfo directed edge)	1: Tools/dbeditor/workspace/MovementInfo.json + MapRegion.json | 2: reference/mir3-source/Source/GameServer/LocalDB.pas LoadMapInfos (MapInfo.txt gate model) | 3: 2026-09-25 map_manifest exact/renamed/variant/replacement/pending relation | 4: map terrain flag reader implemented independently by this audit generator	0.25	pending_manual_review	workspace region centroid is not an EI Envir gate record; no safe coordinate correction inferred
3095	635	122	灌木林	3335	Teleport Source	20	363	True	True	exact	None		All	12	3336	12	12	363	390	True	True	variant	source-region-to-destination-region (MovementInfo directed edge)	1: Tools/dbeditor/workspace/MovementInfo.json + MapRegion.json | 2: reference/mir3-source/Source/GameServer/LocalDB.pas LoadMapInfos (MapInfo.txt gate model) | 3: 2026-09-25 map_manifest exact/renamed/variant/replacement/pending relation | 4: map terrain flag reader implemented independently by this audit generator	0.25	pending_manual_review	workspace region centroid is not an EI Envir gate record; no safe coordinate correction inferred
3096	292	12	Banya Island	3337	Teleport Source	362	394	True	True	variant	None		All	122	3338	122	122	24	365	True	True	exact	source-region-to-destination-region (MovementInfo directed edge)	1: Tools/dbeditor/workspace/MovementInfo.json + MapRegion.json | 2: reference/mir3-source/Source/GameServer/LocalDB.pas LoadMapInfos (MapInfo.txt gate model) | 3: 2026-09-25 map_manifest exact/renamed/variant/replacement/pending relation | 4: map terrain flag reader implemented independently by this audit generator	0.25	pending_manual_review	workspace region centroid is not an EI Envir gate record; no safe coordinate correction inferred
3097	292	12	Banya Island	3339	Teleport Source	363	393	True	True	variant	None		All	122	3340	122	122	23	364	True	True	exact	source-region-to-destination-region (MovementInfo directed edge)	1: Tools/dbeditor/workspace/MovementInfo.json + MapRegion.json | 2: reference/mir3-source/Source/GameServer/LocalDB.pas LoadMapInfos (MapInfo.txt gate model) | 3: 2026-09-25 map_manifest exact/renamed/variant/replacement/pending relation | 4: map terrain flag reader implemented independently by this audit generator	0.25	pending_manual_review	workspace region centroid is not an EI Envir gate record; no safe coordinate correction inferred
3098	292	12	Banya Island	3341	Teleport Source	364	392	True	True	variant	None		All	122	3342	122	122	22	363	True	True	exact	source-region-to-destination-region (MovementInfo directed edge)	1: Tools/dbeditor/workspace/MovementInfo.json + MapRegion.json | 2: reference/mir3-source/Source/GameServer/LocalDB.pas LoadMapInfos (MapInfo.txt gate model) | 3: 2026-09-25 map_manifest exact/renamed/variant/replacement/pending relation | 4: map terrain flag reader implemented independently by this audit generator	0.25	pending_manual_review	workspace region centroid is not an EI Envir gate record; no safe coordinate correction inferred
3099	292	12	Banya Island	3343	Teleport Source	365	391	True	True	variant	None		All	122	3344	122	122	21	362	True	True	exact	source-region-to-destination-region (MovementInfo directed edge)	1: Tools/dbeditor/workspace/MovementInfo.json + MapRegion.json | 2: reference/mir3-source/Source/GameServer/LocalDB.pas LoadMapInfos (MapInfo.txt gate model) | 3: 2026-09-25 map_manifest exact/renamed/variant/replacement/pending relation | 4: map terrain flag reader implemented independently by this audit generator	0.25	pending_manual_review	workspace region centroid is not an EI Envir gate record; no safe coordinate correction inferred
3100	1	0	Bichon Town	3345	Teleport Source	333	776	True	True	variant	None		All	01	3346	01	01	564	69	True	True	exact	source-region-to-destination-region (MovementInfo directed edge)	1: Tools/dbeditor/workspace/MovementInfo.json + MapRegion.json | 2: reference/mir3-source/Source/GameServer/LocalDB.pas LoadMapInfos (MapInfo.txt gate model) | 3: 2026-09-25 map_manifest exact/renamed/variant/replacement/pending relation | 4: map terrain flag reader implemented independently by this audit generator	0.25	pending_manual_review	workspace region centroid is not an EI Envir gate record; no safe coordinate correction inferred
3101	1	0	Bichon Town	3347	Teleport Source	334	775	True	True	variant	None		All	01	3348	01	01	565	68	True	True	exact	source-region-to-destination-region (MovementInfo directed edge)	1: Tools/dbeditor/workspace/MovementInfo.json + MapRegion.json | 2: reference/mir3-source/Source/GameServer/LocalDB.pas LoadMapInfos (MapInfo.txt gate model) | 3: 2026-09-25 map_manifest exact/renamed/variant/replacement/pending relation | 4: map terrain flag reader implemented independently by this audit generator	0.25	pending_manual_review	workspace region centroid is not an EI Envir gate record; no safe coordinate correction inferred
3102	1	0	Bichon Town	3349	Teleport Source	335	774	True	True	variant	None		All	01	3350	01	01	566	67	True	True	exact	source-region-to-destination-region (MovementInfo directed edge)	1: Tools/dbeditor/workspace/MovementInfo.json + MapRegion.json | 2: reference/mir3-source/Source/GameServer/LocalDB.pas LoadMapInfos (MapInfo.txt gate model) | 3: 2026-09-25 map_manifest exact/renamed/variant/replacement/pending relation | 4: map terrain flag reader implemented independently by this audit generator	0.25	pending_manual_review	workspace region centroid is not an EI Envir gate record; no safe coordinate correction inferred
3103	610	01	边境城市	3351	Teleport Source	563	68	True	True	exact	None		All	0	3352	0	0	332	775	True	True	variant	source-region-to-destination-region (MovementInfo directed edge)	1: Tools/dbeditor/workspace/MovementInfo.json + MapRegion.json | 2: reference/mir3-source/Source/GameServer/LocalDB.pas LoadMapInfos (MapInfo.txt gate model) | 3: 2026-09-25 map_manifest exact/renamed/variant/replacement/pending relation | 4: map terrain flag reader implemented independently by this audit generator	0.25	pending_manual_review	workspace region centroid is not an EI Envir gate record; no safe coordinate correction inferred
3104	610	01	边境城市	3353	Teleport Source	564	67	True	True	exact	None		All	0	3354	0	0	333	774	True	True	variant	source-region-to-destination-region (MovementInfo directed edge)	1: Tools/dbeditor/workspace/MovementInfo.json + MapRegion.json | 2: reference/mir3-source/Source/GameServer/LocalDB.pas LoadMapInfos (MapInfo.txt gate model) | 3: 2026-09-25 map_manifest exact/renamed/variant/replacement/pending relation | 4: map terrain flag reader implemented independently by this audit generator	0.25	pending_manual_review	workspace region centroid is not an EI Envir gate record; no safe coordinate correction inferred
3105	610	01	边境城市	3355	Teleport Source	565	66	True	True	exact	None		All	0	3356	0	0	335	773	True	True	variant	source-region-to-destination-region (MovementInfo directed edge)	1: Tools/dbeditor/workspace/MovementInfo.json + MapRegion.json | 2: reference/mir3-source/Source/GameServer/LocalDB.pas LoadMapInfos (MapInfo.txt gate model) | 3: 2026-09-25 map_manifest exact/renamed/variant/replacement/pending relation | 4: map terrain flag reader implemented independently by this audit generator	0.25	pending_manual_review	workspace region centroid is not an EI Envir gate record; no safe coordinate correction inferred
3106	1	0	Bichon Town	3357	Teleport Source	779	698	True	True	variant	None		All	02	3358	02	02	30	452	True	True	exact	source-region-to-destination-region (MovementInfo directed edge)	1: Tools/dbeditor/workspace/MovementInfo.json + MapRegion.json | 2: reference/mir3-source/Source/GameServer/LocalDB.pas LoadMapInfos (MapInfo.txt gate model) | 3: 2026-09-25 map_manifest exact/renamed/variant/replacement/pending relation | 4: map terrain flag reader implemented independently by this audit generator	0.25	pending_manual_review	workspace region centroid is not an EI Envir gate record; no safe coordinate correction inferred
3107	1	0	Bichon Town	3359	Teleport Source	778	699	True	True	variant	None		All	02	3360	02	02	29	453	True	True	exact	source-region-to-destination-region (MovementInfo directed edge)	1: Tools/dbeditor/workspace/MovementInfo.json + MapRegion.json | 2: reference/mir3-source/Source/GameServer/LocalDB.pas LoadMapInfos (MapInfo.txt gate model) | 3: 2026-09-25 map_manifest exact/renamed/variant/replacement/pending relation | 4: map terrain flag reader implemented independently by this audit generator	0.25	pending_manual_review	workspace region centroid is not an EI Envir gate record; no safe coordinate correction inferred
3108	1	0	Bichon Town	3361	Teleport Source	777	700	True	True	variant	None		All	02	3362	02	02	28	454	True	True	exact	source-region-to-destination-region (MovementInfo directed edge)	1: Tools/dbeditor/workspace/MovementInfo.json + MapRegion.json | 2: reference/mir3-source/Source/GameServer/LocalDB.pas LoadMapInfos (MapInfo.txt gate model) | 3: 2026-09-25 map_manifest exact/renamed/variant/replacement/pending relation | 4: map terrain flag reader implemented independently by this audit generator	0.25	pending_manual_review	workspace region centroid is not an EI Envir gate record; no safe coordinate correction inferred
3109	1	0	Bichon Town	3363	Teleport Source	776	701	True	True	variant	None		All	02	3364	02	02	27	455	True	True	exact	source-region-to-destination-region (MovementInfo directed edge)	1: Tools/dbeditor/workspace/MovementInfo.json + MapRegion.json | 2: reference/mir3-source/Source/GameServer/LocalDB.pas LoadMapInfos (MapInfo.txt gate model) | 3: 2026-09-25 map_manifest exact/renamed/variant/replacement/pending relation | 4: map terrain flag reader implemented independently by this audit generator	0.25	pending_manual_review	workspace region centroid is not an EI Envir gate record; no safe coordinate correction inferred
3110	616	02	银杏山谷	3365	Teleport Source	29	452	True	True	exact	None		All	0	3366	0	0	778	698	True	True	variant	source-region-to-destination-region (MovementInfo directed edge)	1: Tools/dbeditor/workspace/MovementInfo.json + MapRegion.json | 2: reference/mir3-source/Source/GameServer/LocalDB.pas LoadMapInfos (MapInfo.txt gate model) | 3: 2026-09-25 map_manifest exact/renamed/variant/replacement/pending relation | 4: map terrain flag reader implemented independently by this audit generator	0.25	pending_manual_review	workspace region centroid is not an EI Envir gate record; no safe coordinate correction inferred
3111	616	02	银杏山谷	3367	Teleport Source	28	453	True	True	exact	None		All	0	3368	0	0	777	699	True	True	variant	source-region-to-destination-region (MovementInfo directed edge)	1: Tools/dbeditor/workspace/MovementInfo.json + MapRegion.json | 2: reference/mir3-source/Source/GameServer/LocalDB.pas LoadMapInfos (MapInfo.txt gate model) | 3: 2026-09-25 map_manifest exact/renamed/variant/replacement/pending relation | 4: map terrain flag reader implemented independently by this audit generator	0.25	pending_manual_review	workspace region centroid is not an EI Envir gate record; no safe coordinate correction inferred
3112	616	02	银杏山谷	3369	Teleport Source	27	454	True	True	exact	None		All	0	3370	0	0	776	700	True	True	variant	source-region-to-destination-region (MovementInfo directed edge)	1: Tools/dbeditor/workspace/MovementInfo.json + MapRegion.json | 2: reference/mir3-source/Source/GameServer/LocalDB.pas LoadMapInfos (MapInfo.txt gate model) | 3: 2026-09-25 map_manifest exact/renamed/variant/replacement/pending relation | 4: map terrain flag reader implemented independently by this audit generator	0.25	pending_manual_review	workspace region centroid is not an EI Envir gate record; no safe coordinate correction inferred
3113	616	02	银杏山谷	3371	Teleport Source	26	455	True	True	exact	None		All	0	3372	0	0	775	701	True	True	variant	source-region-to-destination-region (MovementInfo directed edge)	1: Tools/dbeditor/workspace/MovementInfo.json + MapRegion.json | 2: reference/mir3-source/Source/GameServer/LocalDB.pas LoadMapInfos (MapInfo.txt gate model) | 3: 2026-09-25 map_manifest exact/renamed/variant/replacement/pending relation | 4: map terrain flag reader implemented independently by this audit generator	0.25	pending_manual_review	workspace region centroid is not an EI Envir gate record; no safe coordinate correction inferred
3114	6	2	Banya Village	3373	Teleport Source	354	33	True	True	exact	None		All	31	3374	31	31	120	256	True	True	exact	source-region-to-destination-region (MovementInfo directed edge)	1: Tools/dbeditor/workspace/MovementInfo.json + MapRegion.json | 2: reference/mir3-source/Source/GameServer/LocalDB.pas LoadMapInfos (MapInfo.txt gate model) | 3: 2026-09-25 map_manifest exact/renamed/variant/replacement/pending relation | 4: map terrain flag reader implemented independently by this audit generator	0.25	pending_manual_review	workspace region centroid is not an EI Envir gate record; no safe coordinate correction inferred
3115	6	2	Banya Village	3375	Teleport Source	355	34	True	True	exact	None		All	31	3376	31	31	121	257	True	True	exact	source-region-to-destination-region (MovementInfo directed edge)	1: Tools/dbeditor/workspace/MovementInfo.json + MapRegion.json | 2: reference/mir3-source/Source/GameServer/LocalDB.pas LoadMapInfos (MapInfo.txt gate model) | 3: 2026-09-25 map_manifest exact/renamed/variant/replacement/pending relation | 4: map terrain flag reader implemented independently by this audit generator	0.25	pending_manual_review	workspace region centroid is not an EI Envir gate record; no safe coordinate correction inferred
3117	662	31	祖玛神殿	3379	Teleport Source	119	256	True	True	exact	None		All	2	3380	2	2	353	34	True	True	exact	source-region-to-destination-region (MovementInfo directed edge)	1: Tools/dbeditor/workspace/MovementInfo.json + MapRegion.json | 2: reference/mir3-source/Source/GameServer/LocalDB.pas LoadMapInfos (MapInfo.txt gate model) | 3: 2026-09-25 map_manifest exact/renamed/variant/replacement/pending relation | 4: map terrain flag reader implemented independently by this audit generator	0.25	pending_manual_review	workspace region centroid is not an EI Envir gate record; no safe coordinate correction inferred
3118	662	31	祖玛神殿	3381	Teleport Source	120	257	True	True	exact	None		All	2	3382	2	2	354	35	True	True	exact	source-region-to-destination-region (MovementInfo directed edge)	1: Tools/dbeditor/workspace/MovementInfo.json + MapRegion.json | 2: reference/mir3-source/Source/GameServer/LocalDB.pas LoadMapInfos (MapInfo.txt gate model) | 3: 2026-09-25 map_manifest exact/renamed/variant/replacement/pending relation | 4: map terrain flag reader implemented independently by this audit generator	0.25	pending_manual_review	workspace region centroid is not an EI Envir gate record; no safe coordinate correction inferred
3119	662	31	祖玛神殿	3383	Teleport Source	121	258	True	True	exact	None		All	2	3384	2	2	355	36	True	True	exact	source-region-to-destination-region (MovementInfo directed edge)	1: Tools/dbeditor/workspace/MovementInfo.json + MapRegion.json | 2: reference/mir3-source/Source/GameServer/LocalDB.pas LoadMapInfos (MapInfo.txt gate model) | 3: 2026-09-25 map_manifest exact/renamed/variant/replacement/pending relation | 4: map terrain flag reader implemented independently by this audit generator	0.25	pending_manual_review	workspace region centroid is not an EI Envir gate record; no safe coordinate correction inferred
3134	6	2	Banya Village	3413	Teleport Source	356	34	True	True	exact	None		All	31	3414	31	31	121	257	True	True	exact	source-region-to-destination-region (MovementInfo directed edge)	1: Tools/dbeditor/workspace/MovementInfo.json + MapRegion.json | 2: reference/mir3-source/Source/GameServer/LocalDB.pas LoadMapInfos (MapInfo.txt gate model) | 3: 2026-09-25 map_manifest exact/renamed/variant/replacement/pending relation | 4: map terrain flag reader implemented independently by this audit generator	0.25	pending_manual_review	workspace region centroid is not an EI Envir gate record; no safe coordinate correction inferred
3136	662	31	祖玛神殿	3417	Teleport Source	119	256	True	True	exact	None		All	2	3418	2	2	353	34	True	True	exact	source-region-to-destination-region (MovementInfo directed edge)	1: Tools/dbeditor/workspace/MovementInfo.json + MapRegion.json | 2: reference/mir3-source/Source/GameServer/LocalDB.pas LoadMapInfos (MapInfo.txt gate model) | 3: 2026-09-25 map_manifest exact/renamed/variant/replacement/pending relation | 4: map terrain flag reader implemented independently by this audit generator	0.25	pending_manual_review	workspace region centroid is not an EI Envir gate record; no safe coordinate correction inferred
3137	662	31	祖玛神殿	3419	Teleport Source	120	257	True	True	exact	None		All	2	3420	2	2	354	35	True	True	exact	source-region-to-destination-region (MovementInfo directed edge)	1: Tools/dbeditor/workspace/MovementInfo.json + MapRegion.json | 2: reference/mir3-source/Source/GameServer/LocalDB.pas LoadMapInfos (MapInfo.txt gate model) | 3: 2026-09-25 map_manifest exact/renamed/variant/replacement/pending relation | 4: map terrain flag reader implemented independently by this audit generator	0.25	pending_manual_review	workspace region centroid is not an EI Envir gate record; no safe coordinate correction inferred
3138	662	31	祖玛神殿	3421	Teleport Source	121	258	True	True	exact	None		All	2	3422	2	2	355	36	True	True	exact	source-region-to-destination-region (MovementInfo directed edge)	1: Tools/dbeditor/workspace/MovementInfo.json + MapRegion.json | 2: reference/mir3-source/Source/GameServer/LocalDB.pas LoadMapInfos (MapInfo.txt gate model) | 3: 2026-09-25 map_manifest exact/renamed/variant/replacement/pending relation | 4: map terrain flag reader implemented independently by this audit generator	0.25	pending_manual_review	workspace region centroid is not an EI Envir gate record; no safe coordinate correction inferred
3162	610	01	边境城市	3469	Teleport Source	86	405	True	True	exact	None		All	71	3470	71	71	379	36	True	True	exact	source-region-to-destination-region (MovementInfo directed edge)	1: Tools/dbeditor/workspace/MovementInfo.json + MapRegion.json | 2: reference/mir3-source/Source/GameServer/LocalDB.pas LoadMapInfos (MapInfo.txt gate model) | 3: 2026-09-25 map_manifest exact/renamed/variant/replacement/pending relation | 4: map terrain flag reader implemented independently by this audit generator	0.25	pending_manual_review	workspace region centroid is not an EI Envir gate record; no safe coordinate correction inferred
3163	610	01	边境城市	3471	Teleport Source	87	406	True	True	exact	None		All	71	3472	71	71	380	37	True	True	exact	source-region-to-destination-region (MovementInfo directed edge)	1: Tools/dbeditor/workspace/MovementInfo.json + MapRegion.json | 2: reference/mir3-source/Source/GameServer/LocalDB.pas LoadMapInfos (MapInfo.txt gate model) | 3: 2026-09-25 map_manifest exact/renamed/variant/replacement/pending relation | 4: map terrain flag reader implemented independently by this audit generator	0.25	pending_manual_review	workspace region centroid is not an EI Envir gate record; no safe coordinate correction inferred
3164	610	01	边境城市	3473	Teleport Source	88	407	True	True	exact	None		All	71	3474	71	71	381	38	True	True	exact	source-region-to-destination-region (MovementInfo directed edge)	1: Tools/dbeditor/workspace/MovementInfo.json + MapRegion.json | 2: reference/mir3-source/Source/GameServer/LocalDB.pas LoadMapInfos (MapInfo.txt gate model) | 3: 2026-09-25 map_manifest exact/renamed/variant/replacement/pending relation | 4: map terrain flag reader implemented independently by this audit generator	0.25	pending_manual_review	workspace region centroid is not an EI Envir gate record; no safe coordinate correction inferred
3165	610	01	边境城市	3475	Teleport Source	89	408	True	True	exact	None		All	71	3476	71	71	382	39	True	True	exact	source-region-to-destination-region (MovementInfo directed edge)	1: Tools/dbeditor/workspace/MovementInfo.json + MapRegion.json | 2: reference/mir3-source/Source/GameServer/LocalDB.pas LoadMapInfos (MapInfo.txt gate model) | 3: 2026-09-25 map_manifest exact/renamed/variant/replacement/pending relation | 4: map terrain flag reader implemented independently by this audit generator	0.25	pending_manual_review	workspace region centroid is not an EI Envir gate record; no safe coordinate correction inferred
3166	610	01	边境城市	3477	Teleport Source	90	409	True	True	exact	None		All	71	3478	71	71	383	40	True	True	exact	source-region-to-destination-region (MovementInfo directed edge)	1: Tools/dbeditor/workspace/MovementInfo.json + MapRegion.json | 2: reference/mir3-source/Source/GameServer/LocalDB.pas LoadMapInfos (MapInfo.txt gate model) | 3: 2026-09-25 map_manifest exact/renamed/variant/replacement/pending relation | 4: map terrain flag reader implemented independently by this audit generator	0.25	pending_manual_review	workspace region centroid is not an EI Envir gate record; no safe coordinate correction inferred
3167	610	01	边境城市	3479	Teleport Source	91	410	True	True	exact	None		All	71	3480	71	71	384	41	True	True	exact	source-region-to-destination-region (MovementInfo directed edge)	1: Tools/dbeditor/workspace/MovementInfo.json + MapRegion.json | 2: reference/mir3-source/Source/GameServer/LocalDB.pas LoadMapInfos (MapInfo.txt gate model) | 3: 2026-09-25 map_manifest exact/renamed/variant/replacement/pending relation | 4: map terrain flag reader implemented independently by this audit generator	0.25	pending_manual_review	workspace region centroid is not an EI Envir gate record; no safe coordinate correction inferred
3168	610	01	边境城市	3481	Teleport Source	92	411	True	True	exact	None		All	71	3482	71	71	385	42	True	True	exact	source-region-to-destination-region (MovementInfo directed edge)	1: Tools/dbeditor/workspace/MovementInfo.json + MapRegion.json | 2: reference/mir3-source/Source/GameServer/LocalDB.pas LoadMapInfos (MapInfo.txt gate model) | 3: 2026-09-25 map_manifest exact/renamed/variant/replacement/pending relation | 4: map terrain flag reader implemented independently by this audit generator	0.25	pending_manual_review	workspace region centroid is not an EI Envir gate record; no safe coordinate correction inferred
3169	683	71	沙漠	3483	Teleport Source	380	36	True	True	exact	None		All	01	3484	01	01	87	405	True	True	exact	source-region-to-destination-region (MovementInfo directed edge)	1: Tools/dbeditor/workspace/MovementInfo.json + MapRegion.json | 2: reference/mir3-source/Source/GameServer/LocalDB.pas LoadMapInfos (MapInfo.txt gate model) | 3: 2026-09-25 map_manifest exact/renamed/variant/replacement/pending relation | 4: map terrain flag reader implemented independently by this audit generator	0.25	pending_manual_review	workspace region centroid is not an EI Envir gate record; no safe coordinate correction inferred
3170	683	71	沙漠	3485	Teleport Source	381	37	True	True	exact	None		All	01	3486	01	01	88	406	True	True	exact	source-region-to-destination-region (MovementInfo directed edge)	1: Tools/dbeditor/workspace/MovementInfo.json + MapRegion.json | 2: reference/mir3-source/Source/GameServer/LocalDB.pas LoadMapInfos (MapInfo.txt gate model) | 3: 2026-09-25 map_manifest exact/renamed/variant/replacement/pending relation | 4: map terrain flag reader implemented independently by this audit generator	0.25	pending_manual_review	workspace region centroid is not an EI Envir gate record; no safe coordinate correction inferred
3171	683	71	沙漠	3487	Teleport Source	382	38	True	True	exact	None		All	01	3488	01	01	89	407	True	True	exact	source-region-to-destination-region (MovementInfo directed edge)	1: Tools/dbeditor/workspace/MovementInfo.json + MapRegion.json | 2: reference/mir3-source/Source/GameServer/LocalDB.pas LoadMapInfos (MapInfo.txt gate model) | 3: 2026-09-25 map_manifest exact/renamed/variant/replacement/pending relation | 4: map terrain flag reader implemented independently by this audit generator	0.25	pending_manual_review	workspace region centroid is not an EI Envir gate record; no safe coordinate correction inferred
3172	683	71	沙漠	3489	Teleport Source	383	39	True	True	exact	None		All	01	3490	01	01	90	408	True	True	exact	source-region-to-destination-region (MovementInfo directed edge)	1: Tools/dbeditor/workspace/MovementInfo.json + MapRegion.json | 2: reference/mir3-source/Source/GameServer/LocalDB.pas LoadMapInfos (MapInfo.txt gate model) | 3: 2026-09-25 map_manifest exact/renamed/variant/replacement/pending relation | 4: map terrain flag reader implemented independently by this audit generator	0.25	pending_manual_review	workspace region centroid is not an EI Envir gate record; no safe coordinate correction inferred
3173	683	71	沙漠	3491	Teleport Source	384	40	True	True	exact	None		All	01	3492	01	01	91	409	True	True	exact	source-region-to-destination-region (MovementInfo directed edge)	1: Tools/dbeditor/workspace/MovementInfo.json + MapRegion.json | 2: reference/mir3-source/Source/GameServer/LocalDB.pas LoadMapInfos (MapInfo.txt gate model) | 3: 2026-09-25 map_manifest exact/renamed/variant/replacement/pending relation | 4: map terrain flag reader implemented independently by this audit generator	0.25	pending_manual_review	workspace region centroid is not an EI Envir gate record; no safe coordinate correction inferred
3174	683	71	沙漠	3493	Teleport Source	385	41	True	True	exact	None		All	01	3494	01	01	92	410	True	True	exact	source-region-to-destination-region (MovementInfo directed edge)	1: Tools/dbeditor/workspace/MovementInfo.json + MapRegion.json | 2: reference/mir3-source/Source/GameServer/LocalDB.pas LoadMapInfos (MapInfo.txt gate model) | 3: 2026-09-25 map_manifest exact/renamed/variant/replacement/pending relation | 4: map terrain flag reader implemented independently by this audit generator	0.25	pending_manual_review	workspace region centroid is not an EI Envir gate record; no safe coordinate correction inferred
3175	683	71	沙漠	3495	Teleport Source	386	42	True	True	exact	None		All	01	3496	01	01	93	411	True	True	exact	source-region-to-destination-region (MovementInfo directed edge)	1: Tools/dbeditor/workspace/MovementInfo.json + MapRegion.json | 2: reference/mir3-source/Source/GameServer/LocalDB.pas LoadMapInfos (MapInfo.txt gate model) | 3: 2026-09-25 map_manifest exact/renamed/variant/replacement/pending relation | 4: map terrain flag reader implemented independently by this audit generator	0.25	pending_manual_review	workspace region centroid is not an EI Envir gate record; no safe coordinate correction inferred
3176	683	71	沙漠	3497	Teleport Source	14	90	True	True	exact	None		All	72	3498	72	72	384	39	True	True	exact	source-region-to-destination-region (MovementInfo directed edge)	1: Tools/dbeditor/workspace/MovementInfo.json + MapRegion.json | 2: reference/mir3-source/Source/GameServer/LocalDB.pas LoadMapInfos (MapInfo.txt gate model) | 3: 2026-09-25 map_manifest exact/renamed/variant/replacement/pending relation | 4: map terrain flag reader implemented independently by this audit generator	0.25	pending_manual_review	workspace region centroid is not an EI Envir gate record; no safe coordinate correction inferred
3177	683	71	沙漠	3499	Teleport Source	13	91	True	True	exact	None		All	72	3500	72	72	383	40	True	True	exact	source-region-to-destination-region (MovementInfo directed edge)	1: Tools/dbeditor/workspace/MovementInfo.json + MapRegion.json | 2: reference/mir3-source/Source/GameServer/LocalDB.pas LoadMapInfos (MapInfo.txt gate model) | 3: 2026-09-25 map_manifest exact/renamed/variant/replacement/pending relation | 4: map terrain flag reader implemented independently by this audit generator	0.25	pending_manual_review	workspace region centroid is not an EI Envir gate record; no safe coordinate correction inferred
3178	683	71	沙漠	3501	Teleport Source	12	92	True	True	exact	None		All	72	3502	72	72	382	41	True	True	exact	source-region-to-destination-region (MovementInfo directed edge)	1: Tools/dbeditor/workspace/MovementInfo.json + MapRegion.json | 2: reference/mir3-source/Source/GameServer/LocalDB.pas LoadMapInfos (MapInfo.txt gate model) | 3: 2026-09-25 map_manifest exact/renamed/variant/replacement/pending relation | 4: map terrain flag reader implemented independently by this audit generator	0.25	pending_manual_review	workspace region centroid is not an EI Envir gate record; no safe coordinate correction inferred
3179	683	71	沙漠	3503	Teleport Source	11	93	True	True	exact	None		All	72	3504	72	72	381	42	True	True	exact	source-region-to-destination-region (MovementInfo directed edge)	1: Tools/dbeditor/workspace/MovementInfo.json + MapRegion.json | 2: reference/mir3-source/Source/GameServer/LocalDB.pas LoadMapInfos (MapInfo.txt gate model) | 3: 2026-09-25 map_manifest exact/renamed/variant/replacement/pending relation | 4: map terrain flag reader implemented independently by this audit generator	0.25	pending_manual_review	workspace region centroid is not an EI Envir gate record; no safe coordinate correction inferred
3180	683	71	沙漠	3505	Teleport Source	10	94	True	True	exact	None		All	72	3506	72	72	380	43	True	True	exact	source-region-to-destination-region (MovementInfo directed edge)	1: Tools/dbeditor/workspace/MovementInfo.json + MapRegion.json | 2: reference/mir3-source/Source/GameServer/LocalDB.pas LoadMapInfos (MapInfo.txt gate model) | 3: 2026-09-25 map_manifest exact/renamed/variant/replacement/pending relation | 4: map terrain flag reader implemented independently by this audit generator	0.25	pending_manual_review	workspace region centroid is not an EI Envir gate record; no safe coordinate correction inferred
3181	683	71	沙漠	3507	Teleport Source	9	95	True	True	exact	None		All	72	3508	72	72	379	44	True	True	exact	source-region-to-destination-region (MovementInfo directed edge)	1: Tools/dbeditor/workspace/MovementInfo.json + MapRegion.json | 2: reference/mir3-source/Source/GameServer/LocalDB.pas LoadMapInfos (MapInfo.txt gate model) | 3: 2026-09-25 map_manifest exact/renamed/variant/replacement/pending relation | 4: map terrain flag reader implemented independently by this audit generator	0.25	pending_manual_review	workspace region centroid is not an EI Envir gate record; no safe coordinate correction inferred
3182	683	71	沙漠	3509	Teleport Source	8	96	True	True	exact	None		All	72	3510	72	72	378	45	True	True	exact	source-region-to-destination-region (MovementInfo directed edge)	1: Tools/dbeditor/workspace/MovementInfo.json + MapRegion.json | 2: reference/mir3-source/Source/GameServer/LocalDB.pas LoadMapInfos (MapInfo.txt gate model) | 3: 2026-09-25 map_manifest exact/renamed/variant/replacement/pending relation | 4: map terrain flag reader implemented independently by this audit generator	0.25	pending_manual_review	workspace region centroid is not an EI Envir gate record; no safe coordinate correction inferred
3183	684	72	沙漠	3511	Teleport Source	385	39	True	True	exact	None		All	71	3512	71	71	15	90	True	True	exact	source-region-to-destination-region (MovementInfo directed edge)	1: Tools/dbeditor/workspace/MovementInfo.json + MapRegion.json | 2: reference/mir3-source/Source/GameServer/LocalDB.pas LoadMapInfos (MapInfo.txt gate model) | 3: 2026-09-25 map_manifest exact/renamed/variant/replacement/pending relation | 4: map terrain flag reader implemented independently by this audit generator	0.25	pending_manual_review	workspace region centroid is not an EI Envir gate record; no safe coordinate correction inferred
3184	684	72	沙漠	3513	Teleport Source	384	40	True	True	exact	None		All	71	3514	71	71	14	91	True	True	exact	source-region-to-destination-region (MovementInfo directed edge)	1: Tools/dbeditor/workspace/MovementInfo.json + MapRegion.json | 2: reference/mir3-source/Source/GameServer/LocalDB.pas LoadMapInfos (MapInfo.txt gate model) | 3: 2026-09-25 map_manifest exact/renamed/variant/replacement/pending relation | 4: map terrain flag reader implemented independently by this audit generator	0.25	pending_manual_review	workspace region centroid is not an EI Envir gate record; no safe coordinate correction inferred
3185	684	72	沙漠	3515	Teleport Source	383	41	True	True	exact	None		All	71	3516	71	71	13	92	True	True	exact	source-region-to-destination-region (MovementInfo directed edge)	1: Tools/dbeditor/workspace/MovementInfo.json + MapRegion.json | 2: reference/mir3-source/Source/GameServer/LocalDB.pas LoadMapInfos (MapInfo.txt gate model) | 3: 2026-09-25 map_manifest exact/renamed/variant/replacement/pending relation | 4: map terrain flag reader implemented independently by this audit generator	0.25	pending_manual_review	workspace region centroid is not an EI Envir gate record; no safe coordinate correction inferred
3186	684	72	沙漠	3517	Teleport Source	382	42	True	True	exact	None		All	71	3518	71	71	12	93	True	True	exact	source-region-to-destination-region (MovementInfo directed edge)	1: Tools/dbeditor/workspace/MovementInfo.json + MapRegion.json | 2: reference/mir3-source/Source/GameServer/LocalDB.pas LoadMapInfos (MapInfo.txt gate model) | 3: 2026-09-25 map_manifest exact/renamed/variant/replacement/pending relation | 4: map terrain flag reader implemented independently by this audit generator	0.25	pending_manual_review	workspace region centroid is not an EI Envir gate record; no safe coordinate correction inferred
3187	684	72	沙漠	3519	Teleport Source	381	43	True	True	exact	None		All	71	3520	71	71	11	94	True	True	exact	source-region-to-destination-region (MovementInfo directed edge)	1: Tools/dbeditor/workspace/MovementInfo.json + MapRegion.json | 2: reference/mir3-source/Source/GameServer/LocalDB.pas LoadMapInfos (MapInfo.txt gate model) | 3: 2026-09-25 map_manifest exact/renamed/variant/replacement/pending relation | 4: map terrain flag reader implemented independently by this audit generator	0.25	pending_manual_review	workspace region centroid is not an EI Envir gate record; no safe coordinate correction inferred
3188	684	72	沙漠	3521	Teleport Source	380	44	True	True	exact	None		All	71	3522	71	71	10	95	True	True	exact	source-region-to-destination-region (MovementInfo directed edge)	1: Tools/dbeditor/workspace/MovementInfo.json + MapRegion.json | 2: reference/mir3-source/Source/GameServer/LocalDB.pas LoadMapInfos (MapInfo.txt gate model) | 3: 2026-09-25 map_manifest exact/renamed/variant/replacement/pending relation | 4: map terrain flag reader implemented independently by this audit generator	0.25	pending_manual_review	workspace region centroid is not an EI Envir gate record; no safe coordinate correction inferred
3189	684	72	沙漠	3523	Teleport Source	379	45	True	True	exact	None		All	71	3524	71	71	9	96	True	True	exact	source-region-to-destination-region (MovementInfo directed edge)	1: Tools/dbeditor/workspace/MovementInfo.json + MapRegion.json | 2: reference/mir3-source/Source/GameServer/LocalDB.pas LoadMapInfos (MapInfo.txt gate model) | 3: 2026-09-25 map_manifest exact/renamed/variant/replacement/pending relation | 4: map terrain flag reader implemented independently by this audit generator	0.25	pending_manual_review	workspace region centroid is not an EI Envir gate record; no safe coordinate correction inferred
3190	684	72	沙漠	3525	Teleport Source	26	56	True	True	exact	None		All	73	3526	73	73	356	138	True	True	exact	source-region-to-destination-region (MovementInfo directed edge)	1: Tools/dbeditor/workspace/MovementInfo.json + MapRegion.json | 2: reference/mir3-source/Source/GameServer/LocalDB.pas LoadMapInfos (MapInfo.txt gate model) | 3: 2026-09-25 map_manifest exact/renamed/variant/replacement/pending relation | 4: map terrain flag reader implemented independently by this audit generator	0.25	pending_manual_review	workspace region centroid is not an EI Envir gate record; no safe coordinate correction inferred
3191	684	72	沙漠	3527	Teleport Source	25	57	True	True	exact	None		All	73	3528	73	73	355	139	True	True	exact	source-region-to-destination-region (MovementInfo directed edge)	1: Tools/dbeditor/workspace/MovementInfo.json + MapRegion.json | 2: reference/mir3-source/Source/GameServer/LocalDB.pas LoadMapInfos (MapInfo.txt gate model) | 3: 2026-09-25 map_manifest exact/renamed/variant/replacement/pending relation | 4: map terrain flag reader implemented independently by this audit generator	0.25	pending_manual_review	workspace region centroid is not an EI Envir gate record; no safe coordinate correction inferred
3192	684	72	沙漠	3529	Teleport Source	24	58	True	True	exact	None		All	73	3530	73	73	354	140	True	True	exact	source-region-to-destination-region (MovementInfo directed edge)	1: Tools/dbeditor/workspace/MovementInfo.json + MapRegion.json | 2: reference/mir3-source/Source/GameServer/LocalDB.pas LoadMapInfos (MapInfo.txt gate model) | 3: 2026-09-25 map_manifest exact/renamed/variant/replacement/pending relation | 4: map terrain flag reader implemented independently by this audit generator	0.25	pending_manual_review	workspace region centroid is not an EI Envir gate record; no safe coordinate correction inferred
3193	684	72	沙漠	3531	Teleport Source	23	59	True	True	exact	None		All	73	3532	73	73	353	141	True	True	exact	source-region-to-destination-region (MovementInfo directed edge)	1: Tools/dbeditor/workspace/MovementInfo.json + MapRegion.json | 2: reference/mir3-source/Source/GameServer/LocalDB.pas LoadMapInfos (MapInfo.txt gate model) | 3: 2026-09-25 map_manifest exact/renamed/variant/replacement/pending relation | 4: map terrain flag reader implemented independently by this audit generator	0.25	pending_manual_review	workspace region centroid is not an EI Envir gate record; no safe coordinate correction inferred
3194	684	72	沙漠	3533	Teleport Source	22	60	True	True	exact	None		All	73	3534	73	73	352	142	True	True	exact	source-region-to-destination-region (MovementInfo directed edge)	1: Tools/dbeditor/workspace/MovementInfo.json + MapRegion.json | 2: reference/mir3-source/Source/GameServer/LocalDB.pas LoadMapInfos (MapInfo.txt gate model) | 3: 2026-09-25 map_manifest exact/renamed/variant/replacement/pending relation | 4: map terrain flag reader implemented independently by this audit generator	0.25	pending_manual_review	workspace region centroid is not an EI Envir gate record; no safe coordinate correction inferred
3195	684	72	沙漠	3535	Teleport Source	21	61	True	True	exact	None		All	73	3536	73	73	351	143	True	True	exact	source-region-to-destination-region (MovementInfo directed edge)	1: Tools/dbeditor/workspace/MovementInfo.json + MapRegion.json | 2: reference/mir3-source/Source/GameServer/LocalDB.pas LoadMapInfos (MapInfo.txt gate model) | 3: 2026-09-25 map_manifest exact/renamed/variant/replacement/pending relation | 4: map terrain flag reader implemented independently by this audit generator	0.25	pending_manual_review	workspace region centroid is not an EI Envir gate record; no safe coordinate correction inferred
3196	684	72	沙漠	3537	Teleport Source	20	62	True	True	exact	None		All	73	3538	73	73	350	144	True	True	exact	source-region-to-destination-region (MovementInfo directed edge)	1: Tools/dbeditor/workspace/MovementInfo.json + MapRegion.json | 2: reference/mir3-source/Source/GameServer/LocalDB.pas LoadMapInfos (MapInfo.txt gate model) | 3: 2026-09-25 map_manifest exact/renamed/variant/replacement/pending relation | 4: map terrain flag reader implemented independently by this audit generator	0.25	pending_manual_review	workspace region centroid is not an EI Envir gate record; no safe coordinate correction inferred
3197	685	73	沙漠	3539	Teleport Source	357	138	True	True	exact	None		All	72	3540	72	72	28	56	True	True	exact	source-region-to-destination-region (MovementInfo directed edge)	1: Tools/dbeditor/workspace/MovementInfo.json + MapRegion.json | 2: reference/mir3-source/Source/GameServer/LocalDB.pas LoadMapInfos (MapInfo.txt gate model) | 3: 2026-09-25 map_manifest exact/renamed/variant/replacement/pending relation | 4: map terrain flag reader implemented independently by this audit generator	0.25	pending_manual_review	workspace region centroid is not an EI Envir gate record; no safe coordinate correction inferred
3198	685	73	沙漠	3541	Teleport Source	356	139	True	True	exact	None		All	72	3542	72	72	27	57	True	True	exact	source-region-to-destination-region (MovementInfo directed edge)	1: Tools/dbeditor/workspace/MovementInfo.json + MapRegion.json | 2: reference/mir3-source/Source/GameServer/LocalDB.pas LoadMapInfos (MapInfo.txt gate model) | 3: 2026-09-25 map_manifest exact/renamed/variant/replacement/pending relation | 4: map terrain flag reader implemented independently by this audit generator	0.25	pending_manual_review	workspace region centroid is not an EI Envir gate record; no safe coordinate correction inferred
3199	685	73	沙漠	3543	Teleport Source	355	140	True	True	exact	None		All	72	3544	72	72	26	58	True	True	exact	source-region-to-destination-region (MovementInfo directed edge)	1: Tools/dbeditor/workspace/MovementInfo.json + MapRegion.json | 2: reference/mir3-source/Source/GameServer/LocalDB.pas LoadMapInfos (MapInfo.txt gate model) | 3: 2026-09-25 map_manifest exact/renamed/variant/replacement/pending relation | 4: map terrain flag reader implemented independently by this audit generator	0.25	pending_manual_review	workspace region centroid is not an EI Envir gate record; no safe coordinate correction inferred
3200	685	73	沙漠	3545	Teleport Source	354	141	True	True	exact	None		All	72	3546	72	72	25	59	True	True	exact	source-region-to-destination-region (MovementInfo directed edge)	1: Tools/dbeditor/workspace/MovementInfo.json + MapRegion.json | 2: reference/mir3-source/Source/GameServer/LocalDB.pas LoadMapInfos (MapInfo.txt gate model) | 3: 2026-09-25 map_manifest exact/renamed/variant/replacement/pending relation | 4: map terrain flag reader implemented independently by this audit generator	0.25	pending_manual_review	workspace region centroid is not an EI Envir gate record; no safe coordinate correction inferred
3201	685	73	沙漠	3547	Teleport Source	353	142	True	True	exact	None		All	72	3548	72	72	24	60	True	True	exact	source-region-to-destination-region (MovementInfo directed edge)	1: Tools/dbeditor/workspace/MovementInfo.json + MapRegion.json | 2: reference/mir3-source/Source/GameServer/LocalDB.pas LoadMapInfos (MapInfo.txt gate model) | 3: 2026-09-25 map_manifest exact/renamed/variant/replacement/pending relation | 4: map terrain flag reader implemented independently by this audit generator	0.25	pending_manual_review	workspace region centroid is not an EI Envir gate record; no safe coordinate correction inferred
3202	685	73	沙漠	3549	Teleport Source	352	143	True	True	exact	None		All	72	3550	72	72	23	61	True	True	exact	source-region-to-destination-region (MovementInfo directed edge)	1: Tools/dbeditor/workspace/MovementInfo.json + MapRegion.json | 2: reference/mir3-source/Source/GameServer/LocalDB.pas LoadMapInfos (MapInfo.txt gate model) | 3: 2026-09-25 map_manifest exact/renamed/variant/replacement/pending relation | 4: map terrain flag reader implemented independently by this audit generator	0.25	pending_manual_review	workspace region centroid is not an EI Envir gate record; no safe coordinate correction inferred
3203	685	73	沙漠	3551	Teleport Source	351	144	True	True	exact	None		All	72	3552	72	72	22	62	True	True	exact	source-region-to-destination-region (MovementInfo directed edge)	1: Tools/dbeditor/workspace/MovementInfo.json + MapRegion.json | 2: reference/mir3-source/Source/GameServer/LocalDB.pas LoadMapInfos (MapInfo.txt gate model) | 3: 2026-09-25 map_manifest exact/renamed/variant/replacement/pending relation | 4: map terrain flag reader implemented independently by this audit generator	0.25	pending_manual_review	workspace region centroid is not an EI Envir gate record; no safe coordinate correction inferred
3204	685	73	沙漠	3553	Teleport Source	350	145	True	True	exact	None		All	72	3554	72	72	21	63	True	True	exact	source-region-to-destination-region (MovementInfo directed edge)	1: Tools/dbeditor/workspace/MovementInfo.json + MapRegion.json | 2: reference/mir3-source/Source/GameServer/LocalDB.pas LoadMapInfos (MapInfo.txt gate model) | 3: 2026-09-25 map_manifest exact/renamed/variant/replacement/pending relation | 4: map terrain flag reader implemented independently by this audit generator	0.25	pending_manual_review	workspace region centroid is not an EI Envir gate record; no safe coordinate correction inferred
3205	685	73	沙漠	3555	Teleport Source	40	106	True	True	exact	None		All	74	3556	74	74	583	291	True	True	exact	source-region-to-destination-region (MovementInfo directed edge)	1: Tools/dbeditor/workspace/MovementInfo.json + MapRegion.json | 2: reference/mir3-source/Source/GameServer/LocalDB.pas LoadMapInfos (MapInfo.txt gate model) | 3: 2026-09-25 map_manifest exact/renamed/variant/replacement/pending relation | 4: map terrain flag reader implemented independently by this audit generator	0.25	pending_manual_review	workspace region centroid is not an EI Envir gate record; no safe coordinate correction inferred
3206	685	73	沙漠	3557	Teleport Source	39	107	True	True	exact	None		All	74	3558	74	74	582	292	True	True	exact	source-region-to-destination-region (MovementInfo directed edge)	1: Tools/dbeditor/workspace/MovementInfo.json + MapRegion.json | 2: reference/mir3-source/Source/GameServer/LocalDB.pas LoadMapInfos (MapInfo.txt gate model) | 3: 2026-09-25 map_manifest exact/renamed/variant/replacement/pending relation | 4: map terrain flag reader implemented independently by this audit generator	0.25	pending_manual_review	workspace region centroid is not an EI Envir gate record; no safe coordinate correction inferred
3207	685	73	沙漠	3559	Teleport Source	38	108	True	True	exact	None		All	74	3560	74	74	581	293	True	True	exact	source-region-to-destination-region (MovementInfo directed edge)	1: Tools/dbeditor/workspace/MovementInfo.json + MapRegion.json | 2: reference/mir3-source/Source/GameServer/LocalDB.pas LoadMapInfos (MapInfo.txt gate model) | 3: 2026-09-25 map_manifest exact/renamed/variant/replacement/pending relation | 4: map terrain flag reader implemented independently by this audit generator	0.25	pending_manual_review	workspace region centroid is not an EI Envir gate record; no safe coordinate correction inferred
3208	685	73	沙漠	3561	Teleport Source	37	109	True	True	exact	None		All	74	3562	74	74	580	294	True	True	exact	source-region-to-destination-region (MovementInfo directed edge)	1: Tools/dbeditor/workspace/MovementInfo.json + MapRegion.json | 2: reference/mir3-source/Source/GameServer/LocalDB.pas LoadMapInfos (MapInfo.txt gate model) | 3: 2026-09-25 map_manifest exact/renamed/variant/replacement/pending relation | 4: map terrain flag reader implemented independently by this audit generator	0.25	pending_manual_review	workspace region centroid is not an EI Envir gate record; no safe coordinate correction inferred
3209	685	73	沙漠	3563	Teleport Source	36	110	True	True	exact	None		All	74	3564	74	74	579	295	True	True	exact	source-region-to-destination-region (MovementInfo directed edge)	1: Tools/dbeditor/workspace/MovementInfo.json + MapRegion.json | 2: reference/mir3-source/Source/GameServer/LocalDB.pas LoadMapInfos (MapInfo.txt gate model) | 3: 2026-09-25 map_manifest exact/renamed/variant/replacement/pending relation | 4: map terrain flag reader implemented independently by this audit generator	0.25	pending_manual_review	workspace region centroid is not an EI Envir gate record; no safe coordinate correction inferred
3210	686	74	盟重县	3565	Teleport Source	585	290	True	True	exact	None		All	73	3566	73	73	41	106	True	True	exact	source-region-to-destination-region (MovementInfo directed edge)	1: Tools/dbeditor/workspace/MovementInfo.json + MapRegion.json | 2: reference/mir3-source/Source/GameServer/LocalDB.pas LoadMapInfos (MapInfo.txt gate model) | 3: 2026-09-25 map_manifest exact/renamed/variant/replacement/pending relation | 4: map terrain flag reader implemented independently by this audit generator	0.25	pending_manual_review	workspace region centroid is not an EI Envir gate record; no safe coordinate correction inferred
3211	686	74	盟重县	3567	Teleport Source	584	291	True	True	exact	None		All	73	3568	73	73	40	107	True	True	exact	source-region-to-destination-region (MovementInfo directed edge)	1: Tools/dbeditor/workspace/MovementInfo.json + MapRegion.json | 2: reference/mir3-source/Source/GameServer/LocalDB.pas LoadMapInfos (MapInfo.txt gate model) | 3: 2026-09-25 map_manifest exact/renamed/variant/replacement/pending relation | 4: map terrain flag reader implemented independently by this audit generator	0.25	pending_manual_review	workspace region centroid is not an EI Envir gate record; no safe coordinate correction inferred
3212	686	74	盟重县	3569	Teleport Source	583	292	True	True	exact	None		All	73	3570	73	73	39	108	True	True	exact	source-region-to-destination-region (MovementInfo directed edge)	1: Tools/dbeditor/workspace/MovementInfo.json + MapRegion.json | 2: reference/mir3-source/Source/GameServer/LocalDB.pas LoadMapInfos (MapInfo.txt gate model) | 3: 2026-09-25 map_manifest exact/renamed/variant/replacement/pending relation | 4: map terrain flag reader implemented independently by this audit generator	0.25	pending_manual_review	workspace region centroid is not an EI Envir gate record; no safe coordinate correction inferred
3213	686	74	盟重县	3571	Teleport Source	582	293	True	True	exact	None		All	73	3572	73	73	38	109	True	True	exact	source-region-to-destination-region (MovementInfo directed edge)	1: Tools/dbeditor/workspace/MovementInfo.json + MapRegion.json | 2: reference/mir3-source/Source/GameServer/LocalDB.pas LoadMapInfos (MapInfo.txt gate model) | 3: 2026-09-25 map_manifest exact/renamed/variant/replacement/pending relation | 4: map terrain flag reader implemented independently by this audit generator	0.25	pending_manual_review	workspace region centroid is not an EI Envir gate record; no safe coordinate correction inferred
3214	686	74	盟重县	3573	Teleport Source	581	294	True	True	exact	None		All	73	3574	73	73	37	110	True	True	exact	source-region-to-destination-region (MovementInfo directed edge)	1: Tools/dbeditor/workspace/MovementInfo.json + MapRegion.json | 2: reference/mir3-source/Source/GameServer/LocalDB.pas LoadMapInfos (MapInfo.txt gate model) | 3: 2026-09-25 map_manifest exact/renamed/variant/replacement/pending relation | 4: map terrain flag reader implemented independently by this audit generator	0.25	pending_manual_review	workspace region centroid is not an EI Envir gate record; no safe coordinate correction inferred
3215	686	74	盟重县	3575	Teleport Source	580	295	True	True	exact	None		All	73	3576	73	73	36	111	True	True	exact	source-region-to-destination-region (MovementInfo directed edge)	1: Tools/dbeditor/workspace/MovementInfo.json + MapRegion.json | 2: reference/mir3-source/Source/GameServer/LocalDB.pas LoadMapInfos (MapInfo.txt gate model) | 3: 2026-09-25 map_manifest exact/renamed/variant/replacement/pending relation | 4: map terrain flag reader implemented independently by this audit generator	0.25	pending_manual_review	workspace region centroid is not an EI Envir gate record; no safe coordinate correction inferred
3216	686	74	盟重县	3577	Teleport Source	579	296	True	True	exact	None		All	73	3578	73	73	37	111	True	True	exact	source-region-to-destination-region (MovementInfo directed edge)	1: Tools/dbeditor/workspace/MovementInfo.json + MapRegion.json | 2: reference/mir3-source/Source/GameServer/LocalDB.pas LoadMapInfos (MapInfo.txt gate model) | 3: 2026-09-25 map_manifest exact/renamed/variant/replacement/pending relation | 4: map terrain flag reader implemented independently by this audit generator	0.25	pending_manual_review	workspace region centroid is not an EI Envir gate record; no safe coordinate correction inferred
3217	686	74	盟重县	3579	Teleport Source	578	297	True	True	exact	None		All	73	3580	73	73	37	112	True	True	exact	source-region-to-destination-region (MovementInfo directed edge)	1: Tools/dbeditor/workspace/MovementInfo.json + MapRegion.json | 2: reference/mir3-source/Source/GameServer/LocalDB.pas LoadMapInfos (MapInfo.txt gate model) | 3: 2026-09-25 map_manifest exact/renamed/variant/replacement/pending relation | 4: map terrain flag reader implemented independently by this audit generator	0.25	pending_manual_review	workspace region centroid is not an EI Envir gate record; no safe coordinate correction inferred
3218	686	74	盟重县	3581	Teleport Source	26	306	True	True	exact	None		All	75	3582	75	75	384	214	True	True	exact	source-region-to-destination-region (MovementInfo directed edge)	1: Tools/dbeditor/workspace/MovementInfo.json + MapRegion.json | 2: reference/mir3-source/Source/GameServer/LocalDB.pas LoadMapInfos (MapInfo.txt gate model) | 3: 2026-09-25 map_manifest exact/renamed/variant/replacement/pending relation | 4: map terrain flag reader implemented independently by this audit generator	0.25	pending_manual_review	workspace region centroid is not an EI Envir gate record; no safe coordinate correction inferred
3219	686	74	盟重县	3583	Teleport Source	25	307	True	True	exact	None		All	75	3584	75	75	383	215	True	True	exact	source-region-to-destination-region (MovementInfo directed edge)	1: Tools/dbeditor/workspace/MovementInfo.json + MapRegion.json | 2: reference/mir3-source/Source/GameServer/LocalDB.pas LoadMapInfos (MapInfo.txt gate model) | 3: 2026-09-25 map_manifest exact/renamed/variant/replacement/pending relation | 4: map terrain flag reader implemented independently by this audit generator	0.25	pending_manual_review	workspace region centroid is not an EI Envir gate record; no safe coordinate correction inferred
3220	686	74	盟重县	3585	Teleport Source	24	308	True	True	exact	None		All	75	3586	75	75	382	216	True	True	exact	source-region-to-destination-region (MovementInfo directed edge)	1: Tools/dbeditor/workspace/MovementInfo.json + MapRegion.json | 2: reference/mir3-source/Source/GameServer/LocalDB.pas LoadMapInfos (MapInfo.txt gate model) | 3: 2026-09-25 map_manifest exact/renamed/variant/replacement/pending relation | 4: map terrain flag reader implemented independently by this audit generator	0.25	pending_manual_review	workspace region centroid is not an EI Envir gate record; no safe coordinate correction inferred
3221	686	74	盟重县	3587	Teleport Source	23	309	True	True	exact	None		All	75	3588	75	75	381	217	True	True	exact	source-region-to-destination-region (MovementInfo directed edge)	1: Tools/dbeditor/workspace/MovementInfo.json + MapRegion.json | 2: reference/mir3-source/Source/GameServer/LocalDB.pas LoadMapInfos (MapInfo.txt gate model) | 3: 2026-09-25 map_manifest exact/renamed/variant/replacement/pending relation | 4: map terrain flag reader implemented independently by this audit generator	0.25	pending_manual_review	workspace region centroid is not an EI Envir gate record; no safe coordinate correction inferred
3222	686	74	盟重县	3589	Teleport Source	22	310	True	True	exact	None		All	75	3590	75	75	380	218	True	True	exact	source-region-to-destination-region (MovementInfo directed edge)	1: Tools/dbeditor/workspace/MovementInfo.json + MapRegion.json | 2: reference/mir3-source/Source/GameServer/LocalDB.pas LoadMapInfos (MapInfo.txt gate model) | 3: 2026-09-25 map_manifest exact/renamed/variant/replacement/pending relation | 4: map terrain flag reader implemented independently by this audit generator	0.25	pending_manual_review	workspace region centroid is not an EI Envir gate record; no safe coordinate correction inferred
3223	686	74	盟重县	3591	Teleport Source	21	311	True	True	exact	None		All	75	3592	75	75	379	219	True	True	exact	source-region-to-destination-region (MovementInfo directed edge)	1: Tools/dbeditor/workspace/MovementInfo.json + MapRegion.json | 2: reference/mir3-source/Source/GameServer/LocalDB.pas LoadMapInfos (MapInfo.txt gate model) | 3: 2026-09-25 map_manifest exact/renamed/variant/replacement/pending relation | 4: map terrain flag reader implemented independently by this audit generator	0.25	pending_manual_review	workspace region centroid is not an EI Envir gate record; no safe coordinate correction inferred
3224	686	74	盟重县	3593	Teleport Source	20	312	True	True	exact	None		All	75	3594	75	75	378	220	True	True	exact	source-region-to-destination-region (MovementInfo directed edge)	1: Tools/dbeditor/workspace/MovementInfo.json + MapRegion.json | 2: reference/mir3-source/Source/GameServer/LocalDB.pas LoadMapInfos (MapInfo.txt gate model) | 3: 2026-09-25 map_manifest exact/renamed/variant/replacement/pending relation | 4: map terrain flag reader implemented independently by this audit generator	0.25	pending_manual_review	workspace region centroid is not an EI Envir gate record; no safe coordinate correction inferred
3225	687	75	石阁庙	3595	Teleport Source	385	214	True	True	exact	None		All	74	3596	74	74	27	306	True	True	exact	source-region-to-destination-region (MovementInfo directed edge)	1: Tools/dbeditor/workspace/MovementInfo.json + MapRegion.json | 2: reference/mir3-source/Source/GameServer/LocalDB.pas LoadMapInfos (MapInfo.txt gate model) | 3: 2026-09-25 map_manifest exact/renamed/variant/replacement/pending relation | 4: map terrain flag reader implemented independently by this audit generator	0.25	pending_manual_review	workspace region centroid is not an EI Envir gate record; no safe coordinate correction inferred
3226	687	75	石阁庙	3597	Teleport Source	384	215	True	True	exact	None		All	74	3598	74	74	26	307	True	True	exact	source-region-to-destination-region (MovementInfo directed edge)	1: Tools/dbeditor/workspace/MovementInfo.json + MapRegion.json | 2: reference/mir3-source/Source/GameServer/LocalDB.pas LoadMapInfos (MapInfo.txt gate model) | 3: 2026-09-25 map_manifest exact/renamed/variant/replacement/pending relation | 4: map terrain flag reader implemented independently by this audit generator	0.25	pending_manual_review	workspace region centroid is not an EI Envir gate record; no safe coordinate correction inferred
3227	687	75	石阁庙	3599	Teleport Source	383	216	True	True	exact	None		All	74	3600	74	74	25	308	True	True	exact	source-region-to-destination-region (MovementInfo directed edge)	1: Tools/dbeditor/workspace/MovementInfo.json + MapRegion.json | 2: reference/mir3-source/Source/GameServer/LocalDB.pas LoadMapInfos (MapInfo.txt gate model) | 3: 2026-09-25 map_manifest exact/renamed/variant/replacement/pending relation | 4: map terrain flag reader implemented independently by this audit generator	0.25	pending_manual_review	workspace region centroid is not an EI Envir gate record; no safe coordinate correction inferred
3228	687	75	石阁庙	3601	Teleport Source	382	217	True	True	exact	None		All	74	3602	74	74	24	309	True	True	exact	source-region-to-destination-region (MovementInfo directed edge)	1: Tools/dbeditor/workspace/MovementInfo.json + MapRegion.json | 2: reference/mir3-source/Source/GameServer/LocalDB.pas LoadMapInfos (MapInfo.txt gate model) | 3: 2026-09-25 map_manifest exact/renamed/variant/replacement/pending relation | 4: map terrain flag reader implemented independently by this audit generator	0.25	pending_manual_review	workspace region centroid is not an EI Envir gate record; no safe coordinate correction inferred
3229	687	75	石阁庙	3603	Teleport Source	381	218	True	True	exact	None		All	74	3604	74	74	23	310	True	True	exact	source-region-to-destination-region (MovementInfo directed edge)	1: Tools/dbeditor/workspace/MovementInfo.json + MapRegion.json | 2: reference/mir3-source/Source/GameServer/LocalDB.pas LoadMapInfos (MapInfo.txt gate model) | 3: 2026-09-25 map_manifest exact/renamed/variant/replacement/pending relation | 4: map terrain flag reader implemented independently by this audit generator	0.25	pending_manual_review	workspace region centroid is not an EI Envir gate record; no safe coordinate correction inferred
3230	687	75	石阁庙	3605	Teleport Source	380	219	True	True	exact	None		All	74	3606	74	74	22	311	True	True	exact	source-region-to-destination-region (MovementInfo directed edge)	1: Tools/dbeditor/workspace/MovementInfo.json + MapRegion.json | 2: reference/mir3-source/Source/GameServer/LocalDB.pas LoadMapInfos (MapInfo.txt gate model) | 3: 2026-09-25 map_manifest exact/renamed/variant/replacement/pending relation | 4: map terrain flag reader implemented independently by this audit generator	0.25	pending_manual_review	workspace region centroid is not an EI Envir gate record; no safe coordinate correction inferred
3231	687	75	石阁庙	3607	Teleport Source	379	220	True	True	exact	None		All	74	3608	74	74	21	312	True	True	exact	source-region-to-destination-region (MovementInfo directed edge)	1: Tools/dbeditor/workspace/MovementInfo.json + MapRegion.json | 2: reference/mir3-source/Source/GameServer/LocalDB.pas LoadMapInfos (MapInfo.txt gate model) | 3: 2026-09-25 map_manifest exact/renamed/variant/replacement/pending relation | 4: map terrain flag reader implemented independently by this audit generator	0.25	pending_manual_review	workspace region centroid is not an EI Envir gate record; no safe coordinate correction inferred
3232	687	75	石阁庙	3609	Teleport Source	378	221	True	True	exact	None		All	74	3610	74	74	21	313	True	True	exact	source-region-to-destination-region (MovementInfo directed edge)	1: Tools/dbeditor/workspace/MovementInfo.json + MapRegion.json | 2: reference/mir3-source/Source/GameServer/LocalDB.pas LoadMapInfos (MapInfo.txt gate model) | 3: 2026-09-25 map_manifest exact/renamed/variant/replacement/pending relation | 4: map terrain flag reader implemented independently by this audit generator	0.25	pending_manual_review	workspace region centroid is not an EI Envir gate record; no safe coordinate correction inferred
3233	687	75	石阁庙	3611	Teleport Source	26	206	True	True	exact	None		All	76	3612	76	76	356	138	True	True	exact	source-region-to-destination-region (MovementInfo directed edge)	1: Tools/dbeditor/workspace/MovementInfo.json + MapRegion.json | 2: reference/mir3-source/Source/GameServer/LocalDB.pas LoadMapInfos (MapInfo.txt gate model) | 3: 2026-09-25 map_manifest exact/renamed/variant/replacement/pending relation | 4: map terrain flag reader implemented independently by this audit generator	0.25	pending_manual_review	workspace region centroid is not an EI Envir gate record; no safe coordinate correction inferred
3234	687	75	石阁庙	3613	Teleport Source	25	207	True	True	exact	None		All	76	3614	76	76	355	139	True	True	exact	source-region-to-destination-region (MovementInfo directed edge)	1: Tools/dbeditor/workspace/MovementInfo.json + MapRegion.json | 2: reference/mir3-source/Source/GameServer/LocalDB.pas LoadMapInfos (MapInfo.txt gate model) | 3: 2026-09-25 map_manifest exact/renamed/variant/replacement/pending relation | 4: map terrain flag reader implemented independently by this audit generator	0.25	pending_manual_review	workspace region centroid is not an EI Envir gate record; no safe coordinate correction inferred
3235	687	75	石阁庙	3615	Teleport Source	24	208	True	True	exact	None		All	76	3616	76	76	354	140	True	True	exact	source-region-to-destination-region (MovementInfo directed edge)	1: Tools/dbeditor/workspace/MovementInfo.json + MapRegion.json | 2: reference/mir3-source/Source/GameServer/LocalDB.pas LoadMapInfos (MapInfo.txt gate model) | 3: 2026-09-25 map_manifest exact/renamed/variant/replacement/pending relation | 4: map terrain flag reader implemented independently by this audit generator	0.25	pending_manual_review	workspace region centroid is not an EI Envir gate record; no safe coordinate correction inferred
3236	687	75	石阁庙	3617	Teleport Source	23	209	True	True	exact	None		All	76	3618	76	76	353	141	True	True	exact	source-region-to-destination-region (MovementInfo directed edge)	1: Tools/dbeditor/workspace/MovementInfo.json + MapRegion.json | 2: reference/mir3-source/Source/GameServer/LocalDB.pas LoadMapInfos (MapInfo.txt gate model) | 3: 2026-09-25 map_manifest exact/renamed/variant/replacement/pending relation | 4: map terrain flag reader implemented independently by this audit generator	0.25	pending_manual_review	workspace region centroid is not an EI Envir gate record; no safe coordinate correction inferred
3237	687	75	石阁庙	3619	Teleport Source	22	210	True	True	exact	None		All	76	3620	76	76	352	142	True	True	exact	source-region-to-destination-region (MovementInfo directed edge)	1: Tools/dbeditor/workspace/MovementInfo.json + MapRegion.json | 2: reference/mir3-source/Source/GameServer/LocalDB.pas LoadMapInfos (MapInfo.txt gate model) | 3: 2026-09-25 map_manifest exact/renamed/variant/replacement/pending relation | 4: map terrain flag reader implemented independently by this audit generator	0.25	pending_manual_review	workspace region centroid is not an EI Envir gate record; no safe coordinate correction inferred
3238	687	75	石阁庙	3621	Teleport Source	21	211	True	True	exact	None		All	76	3622	76	76	351	143	True	True	exact	source-region-to-destination-region (MovementInfo directed edge)	1: Tools/dbeditor/workspace/MovementInfo.json + MapRegion.json | 2: reference/mir3-source/Source/GameServer/LocalDB.pas LoadMapInfos (MapInfo.txt gate model) | 3: 2026-09-25 map_manifest exact/renamed/variant/replacement/pending relation | 4: map terrain flag reader implemented independently by this audit generator	0.25	pending_manual_review	workspace region centroid is not an EI Envir gate record; no safe coordinate correction inferred
3239	687	75	石阁庙	3623	Teleport Source	20	212	True	True	exact	None		All	76	3624	76	76	350	144	True	True	exact	source-region-to-destination-region (MovementInfo directed edge)	1: Tools/dbeditor/workspace/MovementInfo.json + MapRegion.json | 2: reference/mir3-source/Source/GameServer/LocalDB.pas LoadMapInfos (MapInfo.txt gate model) | 3: 2026-09-25 map_manifest exact/renamed/variant/replacement/pending relation | 4: map terrain flag reader implemented independently by this audit generator	0.25	pending_manual_review	workspace region centroid is not an EI Envir gate record; no safe coordinate correction inferred
3240	688	76	沙漠	3625	Teleport Source	357	138	True	True	exact	None		All	75	3626	75	75	27	206	True	True	exact	source-region-to-destination-region (MovementInfo directed edge)	1: Tools/dbeditor/workspace/MovementInfo.json + MapRegion.json | 2: reference/mir3-source/Source/GameServer/LocalDB.pas LoadMapInfos (MapInfo.txt gate model) | 3: 2026-09-25 map_manifest exact/renamed/variant/replacement/pending relation | 4: map terrain flag reader implemented independently by this audit generator	0.25	pending_manual_review	workspace region centroid is not an EI Envir gate record; no safe coordinate correction inferred
3241	688	76	沙漠	3627	Teleport Source	356	139	True	True	exact	None		All	75	3628	75	75	26	207	True	True	exact	source-region-to-destination-region (MovementInfo directed edge)	1: Tools/dbeditor/workspace/MovementInfo.json + MapRegion.json | 2: reference/mir3-source/Source/GameServer/LocalDB.pas LoadMapInfos (MapInfo.txt gate model) | 3: 2026-09-25 map_manifest exact/renamed/variant/replacement/pending relation | 4: map terrain flag reader implemented independently by this audit generator	0.25	pending_manual_review	workspace region centroid is not an EI Envir gate record; no safe coordinate correction inferred
3242	688	76	沙漠	3629	Teleport Source	355	140	True	True	exact	None		All	75	3630	75	75	25	208	True	True	exact	source-region-to-destination-region (MovementInfo directed edge)	1: Tools/dbeditor/workspace/MovementInfo.json + MapRegion.json | 2: reference/mir3-source/Source/GameServer/LocalDB.pas LoadMapInfos (MapInfo.txt gate model) | 3: 2026-09-25 map_manifest exact/renamed/variant/replacement/pending relation | 4: map terrain flag reader implemented independently by this audit generator	0.25	pending_manual_review	workspace region centroid is not an EI Envir gate record; no safe coordinate correction inferred
3243	688	76	沙漠	3631	Teleport Source	354	141	True	True	exact	None		All	75	3632	75	75	24	209	True	True	exact	source-region-to-destination-region (MovementInfo directed edge)	1: Tools/dbeditor/workspace/MovementInfo.json + MapRegion.json | 2: reference/mir3-source/Source/GameServer/LocalDB.pas LoadMapInfos (MapInfo.txt gate model) | 3: 2026-09-25 map_manifest exact/renamed/variant/replacement/pending relation | 4: map terrain flag reader implemented independently by this audit generator	0.25	pending_manual_review	workspace region centroid is not an EI Envir gate record; no safe coordinate correction inferred
3244	688	76	沙漠	3633	Teleport Source	353	142	True	True	exact	None		All	75	3634	75	75	23	210	True	True	exact	source-region-to-destination-region (MovementInfo directed edge)	1: Tools/dbeditor/workspace/MovementInfo.json + MapRegion.json | 2: reference/mir3-source/Source/GameServer/LocalDB.pas LoadMapInfos (MapInfo.txt gate model) | 3: 2026-09-25 map_manifest exact/renamed/variant/replacement/pending relation | 4: map terrain flag reader implemented independently by this audit generator	0.25	pending_manual_review	workspace region centroid is not an EI Envir gate record; no safe coordinate correction inferred
3245	688	76	沙漠	3635	Teleport Source	352	143	True	True	exact	None		All	75	3636	75	75	22	211	True	True	exact	source-region-to-destination-region (MovementInfo directed edge)	1: Tools/dbeditor/workspace/MovementInfo.json + MapRegion.json | 2: reference/mir3-source/Source/GameServer/LocalDB.pas LoadMapInfos (MapInfo.txt gate model) | 3: 2026-09-25 map_manifest exact/renamed/variant/replacement/pending relation | 4: map terrain flag reader implemented independently by this audit generator	0.25	pending_manual_review	workspace region centroid is not an EI Envir gate record; no safe coordinate correction inferred
3246	688	76	沙漠	3637	Teleport Source	351	144	True	True	exact	None		All	75	3638	75	75	21	212	True	True	exact	source-region-to-destination-region (MovementInfo directed edge)	1: Tools/dbeditor/workspace/MovementInfo.json + MapRegion.json | 2: reference/mir3-source/Source/GameServer/LocalDB.pas LoadMapInfos (MapInfo.txt gate model) | 3: 2026-09-25 map_manifest exact/renamed/variant/replacement/pending relation | 4: map terrain flag reader implemented independently by this audit generator	0.25	pending_manual_review	workspace region centroid is not an EI Envir gate record; no safe coordinate correction inferred
3247	688	76	沙漠	3639	Teleport Source	350	145	True	True	exact	None		All	75	3640	75	75	21	213	True	True	exact	source-region-to-destination-region (MovementInfo directed edge)	1: Tools/dbeditor/workspace/MovementInfo.json + MapRegion.json | 2: reference/mir3-source/Source/GameServer/LocalDB.pas LoadMapInfos (MapInfo.txt gate model) | 3: 2026-09-25 map_manifest exact/renamed/variant/replacement/pending relation | 4: map terrain flag reader implemented independently by this audit generator	0.25	pending_manual_review	workspace region centroid is not an EI Envir gate record; no safe coordinate correction inferred
3248	688	76	沙漠	3641	Teleport Source	40	106	True	True	exact	None		All	77	3642	77	77	355	139	True	True	exact	source-region-to-destination-region (MovementInfo directed edge)	1: Tools/dbeditor/workspace/MovementInfo.json + MapRegion.json | 2: reference/mir3-source/Source/GameServer/LocalDB.pas LoadMapInfos (MapInfo.txt gate model) | 3: 2026-09-25 map_manifest exact/renamed/variant/replacement/pending relation | 4: map terrain flag reader implemented independently by this audit generator	0.25	pending_manual_review	workspace region centroid is not an EI Envir gate record; no safe coordinate correction inferred
3249	688	76	沙漠	3643	Teleport Source	39	107	True	True	exact	None		All	77	3644	77	77	354	140	True	True	exact	source-region-to-destination-region (MovementInfo directed edge)	1: Tools/dbeditor/workspace/MovementInfo.json + MapRegion.json | 2: reference/mir3-source/Source/GameServer/LocalDB.pas LoadMapInfos (MapInfo.txt gate model) | 3: 2026-09-25 map_manifest exact/renamed/variant/replacement/pending relation | 4: map terrain flag reader implemented independently by this audit generator	0.25	pending_manual_review	workspace region centroid is not an EI Envir gate record; no safe coordinate correction inferred
3250	688	76	沙漠	3645	Teleport Source	38	108	True	True	exact	None		All	77	3646	77	77	353	141	True	True	exact	source-region-to-destination-region (MovementInfo directed edge)	1: Tools/dbeditor/workspace/MovementInfo.json + MapRegion.json | 2: reference/mir3-source/Source/GameServer/LocalDB.pas LoadMapInfos (MapInfo.txt gate model) | 3: 2026-09-25 map_manifest exact/renamed/variant/replacement/pending relation | 4: map terrain flag reader implemented independently by this audit generator	0.25	pending_manual_review	workspace region centroid is not an EI Envir gate record; no safe coordinate correction inferred
3251	688	76	沙漠	3647	Teleport Source	37	109	True	True	exact	None		All	77	3648	77	77	352	142	True	True	exact	source-region-to-destination-region (MovementInfo directed edge)	1: Tools/dbeditor/workspace/MovementInfo.json + MapRegion.json | 2: reference/mir3-source/Source/GameServer/LocalDB.pas LoadMapInfos (MapInfo.txt gate model) | 3: 2026-09-25 map_manifest exact/renamed/variant/replacement/pending relation | 4: map terrain flag reader implemented independently by this audit generator	0.25	pending_manual_review	workspace region centroid is not an EI Envir gate record; no safe coordinate correction inferred
3252	688	76	沙漠	3649	Teleport Source	36	110	True	True	exact	None		All	77	3650	77	77	351	143	True	True	exact	source-region-to-destination-region (MovementInfo directed edge)	1: Tools/dbeditor/workspace/MovementInfo.json + MapRegion.json | 2: reference/mir3-source/Source/GameServer/LocalDB.pas LoadMapInfos (MapInfo.txt gate model) | 3: 2026-09-25 map_manifest exact/renamed/variant/replacement/pending relation | 4: map terrain flag reader implemented independently by this audit generator	0.25	pending_manual_review	workspace region centroid is not an EI Envir gate record; no safe coordinate correction inferred
3253	689	77	沙漠	3651	Teleport Source	357	138	True	True	exact	None		All	76	3652	76	76	41	106	True	True	exact	source-region-to-destination-region (MovementInfo directed edge)	1: Tools/dbeditor/workspace/MovementInfo.json + MapRegion.json | 2: reference/mir3-source/Source/GameServer/LocalDB.pas LoadMapInfos (MapInfo.txt gate model) | 3: 2026-09-25 map_manifest exact/renamed/variant/replacement/pending relation | 4: map terrain flag reader implemented independently by this audit generator	0.25	pending_manual_review	workspace region centroid is not an EI Envir gate record; no safe coordinate correction inferred
3254	689	77	沙漠	3653	Teleport Source	356	139	True	True	exact	None		All	76	3654	76	76	40	107	True	True	exact	source-region-to-destination-region (MovementInfo directed edge)	1: Tools/dbeditor/workspace/MovementInfo.json + MapRegion.json | 2: reference/mir3-source/Source/GameServer/LocalDB.pas LoadMapInfos (MapInfo.txt gate model) | 3: 2026-09-25 map_manifest exact/renamed/variant/replacement/pending relation | 4: map terrain flag reader implemented independently by this audit generator	0.25	pending_manual_review	workspace region centroid is not an EI Envir gate record; no safe coordinate correction inferred
3255	689	77	沙漠	3655	Teleport Source	355	140	True	True	exact	None		All	76	3656	76	76	39	108	True	True	exact	source-region-to-destination-region (MovementInfo directed edge)	1: Tools/dbeditor/workspace/MovementInfo.json + MapRegion.json | 2: reference/mir3-source/Source/GameServer/LocalDB.pas LoadMapInfos (MapInfo.txt gate model) | 3: 2026-09-25 map_manifest exact/renamed/variant/replacement/pending relation | 4: map terrain flag reader implemented independently by this audit generator	0.25	pending_manual_review	workspace region centroid is not an EI Envir gate record; no safe coordinate correction inferred
3256	689	77	沙漠	3657	Teleport Source	354	141	True	True	exact	None		All	76	3658	76	76	38	109	True	True	exact	source-region-to-destination-region (MovementInfo directed edge)	1: Tools/dbeditor/workspace/MovementInfo.json + MapRegion.json | 2: reference/mir3-source/Source/GameServer/LocalDB.pas LoadMapInfos (MapInfo.txt gate model) | 3: 2026-09-25 map_manifest exact/renamed/variant/replacement/pending relation | 4: map terrain flag reader implemented independently by this audit generator	0.25	pending_manual_review	workspace region centroid is not an EI Envir gate record; no safe coordinate correction inferred
3257	689	77	沙漠	3659	Teleport Source	353	142	True	True	exact	None		All	76	3660	76	76	37	110	True	True	exact	source-region-to-destination-region (MovementInfo directed edge)	1: Tools/dbeditor/workspace/MovementInfo.json + MapRegion.json | 2: reference/mir3-source/Source/GameServer/LocalDB.pas LoadMapInfos (MapInfo.txt gate model) | 3: 2026-09-25 map_manifest exact/renamed/variant/replacement/pending relation | 4: map terrain flag reader implemented independently by this audit generator	0.25	pending_manual_review	workspace region centroid is not an EI Envir gate record; no safe coordinate correction inferred
3258	689	77	沙漠	3661	Teleport Source	352	143	True	True	exact	None		All	76	3662	76	76	36	111	True	True	exact	source-region-to-destination-region (MovementInfo directed edge)	1: Tools/dbeditor/workspace/MovementInfo.json + MapRegion.json | 2: reference/mir3-source/Source/GameServer/LocalDB.pas LoadMapInfos (MapInfo.txt gate model) | 3: 2026-09-25 map_manifest exact/renamed/variant/replacement/pending relation | 4: map terrain flag reader implemented independently by this audit generator	0.25	pending_manual_review	workspace region centroid is not an EI Envir gate record; no safe coordinate correction inferred
3259	689	77	沙漠	3663	Teleport Source	351	144	True	True	exact	None		All	76	3664	76	76	37	111	True	True	exact	source-region-to-destination-region (MovementInfo directed edge)	1: Tools/dbeditor/workspace/MovementInfo.json + MapRegion.json | 2: reference/mir3-source/Source/GameServer/LocalDB.pas LoadMapInfos (MapInfo.txt gate model) | 3: 2026-09-25 map_manifest exact/renamed/variant/replacement/pending relation | 4: map terrain flag reader implemented independently by this audit generator	0.25	pending_manual_review	workspace region centroid is not an EI Envir gate record; no safe coordinate correction inferred
3260	689	77	沙漠	3665	Teleport Source	350	145	True	True	exact	None		All	76	3666	76	76	36	112	True	True	exact	source-region-to-destination-region (MovementInfo directed edge)	1: Tools/dbeditor/workspace/MovementInfo.json + MapRegion.json | 2: reference/mir3-source/Source/GameServer/LocalDB.pas LoadMapInfos (MapInfo.txt gate model) | 3: 2026-09-25 map_manifest exact/renamed/variant/replacement/pending relation | 4: map terrain flag reader implemented independently by this audit generator	0.25	pending_manual_review	workspace region centroid is not an EI Envir gate record; no safe coordinate correction inferred
3261	689	77	沙漠	3667	Teleport Source	40	106	True	True	exact	None		All	78	3668	78	78	355	139	True	True	exact	source-region-to-destination-region (MovementInfo directed edge)	1: Tools/dbeditor/workspace/MovementInfo.json + MapRegion.json | 2: reference/mir3-source/Source/GameServer/LocalDB.pas LoadMapInfos (MapInfo.txt gate model) | 3: 2026-09-25 map_manifest exact/renamed/variant/replacement/pending relation | 4: map terrain flag reader implemented independently by this audit generator	0.25	pending_manual_review	workspace region centroid is not an EI Envir gate record; no safe coordinate correction inferred
3262	689	77	沙漠	3669	Teleport Source	39	107	True	True	exact	None		All	78	3670	78	78	354	140	True	True	exact	source-region-to-destination-region (MovementInfo directed edge)	1: Tools/dbeditor/workspace/MovementInfo.json + MapRegion.json | 2: reference/mir3-source/Source/GameServer/LocalDB.pas LoadMapInfos (MapInfo.txt gate model) | 3: 2026-09-25 map_manifest exact/renamed/variant/replacement/pending relation | 4: map terrain flag reader implemented independently by this audit generator	0.25	pending_manual_review	workspace region centroid is not an EI Envir gate record; no safe coordinate correction inferred
3263	689	77	沙漠	3671	Teleport Source	38	108	True	True	exact	None		All	78	3672	78	78	353	141	True	True	exact	source-region-to-destination-region (MovementInfo directed edge)	1: Tools/dbeditor/workspace/MovementInfo.json + MapRegion.json | 2: reference/mir3-source/Source/GameServer/LocalDB.pas LoadMapInfos (MapInfo.txt gate model) | 3: 2026-09-25 map_manifest exact/renamed/variant/replacement/pending relation | 4: map terrain flag reader implemented independently by this audit generator	0.25	pending_manual_review	workspace region centroid is not an EI Envir gate record; no safe coordinate correction inferred
3264	689	77	沙漠	3673	Teleport Source	37	109	True	True	exact	None		All	78	3674	78	78	352	142	True	True	exact	source-region-to-destination-region (MovementInfo directed edge)	1: Tools/dbeditor/workspace/MovementInfo.json + MapRegion.json | 2: reference/mir3-source/Source/GameServer/LocalDB.pas LoadMapInfos (MapInfo.txt gate model) | 3: 2026-09-25 map_manifest exact/renamed/variant/replacement/pending relation | 4: map terrain flag reader implemented independently by this audit generator	0.25	pending_manual_review	workspace region centroid is not an EI Envir gate record; no safe coordinate correction inferred
3265	689	77	沙漠	3675	Teleport Source	36	110	True	True	exact	None		All	78	3676	78	78	351	143	True	True	exact	source-region-to-destination-region (MovementInfo directed edge)	1: Tools/dbeditor/workspace/MovementInfo.json + MapRegion.json | 2: reference/mir3-source/Source/GameServer/LocalDB.pas LoadMapInfos (MapInfo.txt gate model) | 3: 2026-09-25 map_manifest exact/renamed/variant/replacement/pending relation | 4: map terrain flag reader implemented independently by this audit generator	0.25	pending_manual_review	workspace region centroid is not an EI Envir gate record; no safe coordinate correction inferred
3266	690	78	沙漠	3677	Teleport Source	357	138	True	True	exact	None		All	77	3678	77	77	41	106	True	True	exact	source-region-to-destination-region (MovementInfo directed edge)	1: Tools/dbeditor/workspace/MovementInfo.json + MapRegion.json | 2: reference/mir3-source/Source/GameServer/LocalDB.pas LoadMapInfos (MapInfo.txt gate model) | 3: 2026-09-25 map_manifest exact/renamed/variant/replacement/pending relation | 4: map terrain flag reader implemented independently by this audit generator	0.25	pending_manual_review	workspace region centroid is not an EI Envir gate record; no safe coordinate correction inferred
3267	690	78	沙漠	3679	Teleport Source	356	139	True	True	exact	None		All	77	3680	77	77	40	107	True	True	exact	source-region-to-destination-region (MovementInfo directed edge)	1: Tools/dbeditor/workspace/MovementInfo.json + MapRegion.json | 2: reference/mir3-source/Source/GameServer/LocalDB.pas LoadMapInfos (MapInfo.txt gate model) | 3: 2026-09-25 map_manifest exact/renamed/variant/replacement/pending relation | 4: map terrain flag reader implemented independently by this audit generator	0.25	pending_manual_review	workspace region centroid is not an EI Envir gate record; no safe coordinate correction inferred
3268	690	78	沙漠	3681	Teleport Source	355	140	True	True	exact	None		All	77	3682	77	77	39	108	True	True	exact	source-region-to-destination-region (MovementInfo directed edge)	1: Tools/dbeditor/workspace/MovementInfo.json + MapRegion.json | 2: reference/mir3-source/Source/GameServer/LocalDB.pas LoadMapInfos (MapInfo.txt gate model) | 3: 2026-09-25 map_manifest exact/renamed/variant/replacement/pending relation | 4: map terrain flag reader implemented independently by this audit generator	0.25	pending_manual_review	workspace region centroid is not an EI Envir gate record; no safe coordinate correction inferred
3269	690	78	沙漠	3683	Teleport Source	354	141	True	True	exact	None		All	77	3684	77	77	38	109	True	True	exact	source-region-to-destination-region (MovementInfo directed edge)	1: Tools/dbeditor/workspace/MovementInfo.json + MapRegion.json | 2: reference/mir3-source/Source/GameServer/LocalDB.pas LoadMapInfos (MapInfo.txt gate model) | 3: 2026-09-25 map_manifest exact/renamed/variant/replacement/pending relation | 4: map terrain flag reader implemented independently by this audit generator	0.25	pending_manual_review	workspace region centroid is not an EI Envir gate record; no safe coordinate correction inferred
3270	690	78	沙漠	3685	Teleport Source	353	142	True	True	exact	None		All	77	3686	77	77	37	110	True	True	exact	source-region-to-destination-region (MovementInfo directed edge)	1: Tools/dbeditor/workspace/MovementInfo.json + MapRegion.json | 2: reference/mir3-source/Source/GameServer/LocalDB.pas LoadMapInfos (MapInfo.txt gate model) | 3: 2026-09-25 map_manifest exact/renamed/variant/replacement/pending relation | 4: map terrain flag reader implemented independently by this audit generator	0.25	pending_manual_review	workspace region centroid is not an EI Envir gate record; no safe coordinate correction inferred
3271	690	78	沙漠	3687	Teleport Source	352	143	True	True	exact	None		All	77	3688	77	77	36	111	True	True	exact	source-region-to-destination-region (MovementInfo directed edge)	1: Tools/dbeditor/workspace/MovementInfo.json + MapRegion.json | 2: reference/mir3-source/Source/GameServer/LocalDB.pas LoadMapInfos (MapInfo.txt gate model) | 3: 2026-09-25 map_manifest exact/renamed/variant/replacement/pending relation | 4: map terrain flag reader implemented independently by this audit generator	0.25	pending_manual_review	workspace region centroid is not an EI Envir gate record; no safe coordinate correction inferred
3272	690	78	沙漠	3689	Teleport Source	351	144	True	True	exact	None		All	77	3690	77	77	37	111	True	True	exact	source-region-to-destination-region (MovementInfo directed edge)	1: Tools/dbeditor/workspace/MovementInfo.json + MapRegion.json | 2: reference/mir3-source/Source/GameServer/LocalDB.pas LoadMapInfos (MapInfo.txt gate model) | 3: 2026-09-25 map_manifest exact/renamed/variant/replacement/pending relation | 4: map terrain flag reader implemented independently by this audit generator	0.25	pending_manual_review	workspace region centroid is not an EI Envir gate record; no safe coordinate correction inferred
3273	690	78	沙漠	3691	Teleport Source	350	145	True	True	exact	None		All	77	3692	77	77	36	112	True	True	exact	source-region-to-destination-region (MovementInfo directed edge)	1: Tools/dbeditor/workspace/MovementInfo.json + MapRegion.json | 2: reference/mir3-source/Source/GameServer/LocalDB.pas LoadMapInfos (MapInfo.txt gate model) | 3: 2026-09-25 map_manifest exact/renamed/variant/replacement/pending relation | 4: map terrain flag reader implemented independently by this audit generator	0.25	pending_manual_review	workspace region centroid is not an EI Envir gate record; no safe coordinate correction inferred
3274	8	4	Numa Village	3693	Teleport Source	476	57	True	True	exact	None		All	4_005	3694	4_005	4_005	11	26	True	True	exact	source-region-to-destination-region (MovementInfo directed edge)	1: Tools/dbeditor/workspace/MovementInfo.json + MapRegion.json | 2: reference/mir3-source/Source/GameServer/LocalDB.pas LoadMapInfos (MapInfo.txt gate model) | 3: 2026-09-25 map_manifest exact/renamed/variant/replacement/pending relation | 4: map terrain flag reader implemented independently by this audit generator	0.25	pending_manual_review	workspace region centroid is not an EI Envir gate record; no safe coordinate correction inferred
3275	671	4_005	占卜屋	3695	Teleport Source	10	27	True	True	exact	None		All	4	3696	4	4	475	58	True	True	exact	source-region-to-destination-region (MovementInfo directed edge)	1: Tools/dbeditor/workspace/MovementInfo.json + MapRegion.json | 2: reference/mir3-source/Source/GameServer/LocalDB.pas LoadMapInfos (MapInfo.txt gate model) | 3: 2026-09-25 map_manifest exact/renamed/variant/replacement/pending relation | 4: map terrain flag reader implemented independently by this audit generator	0.25	pending_manual_review	workspace region centroid is not an EI Envir gate record; no safe coordinate correction inferred
3276	8	4	Numa Village	3697	Teleport Source	449	73	True	True	exact	None		All	4_001	3698	4_001	4_001	13	13	True	True	exact	source-region-to-destination-region (MovementInfo directed edge)	1: Tools/dbeditor/workspace/MovementInfo.json + MapRegion.json | 2: reference/mir3-source/Source/GameServer/LocalDB.pas LoadMapInfos (MapInfo.txt gate model) | 3: 2026-09-25 map_manifest exact/renamed/variant/replacement/pending relation | 4: map terrain flag reader implemented independently by this audit generator	0.25	pending_manual_review	workspace region centroid is not an EI Envir gate record; no safe coordinate correction inferred
3277	667	4_001	武器店	3699	Teleport Source	14	14	True	True	exact	None		All	4	3700	4	4	450	74	True	True	exact	source-region-to-destination-region (MovementInfo directed edge)	1: Tools/dbeditor/workspace/MovementInfo.json + MapRegion.json | 2: reference/mir3-source/Source/GameServer/LocalDB.pas LoadMapInfos (MapInfo.txt gate model) | 3: 2026-09-25 map_manifest exact/renamed/variant/replacement/pending relation | 4: map terrain flag reader implemented independently by this audit generator	0.25	pending_manual_review	workspace region centroid is not an EI Envir gate record; no safe coordinate correction inferred
3278	8	4	Numa Village	3701	Teleport Source	448	93	True	True	exact	None		All	4_002	3702	4_002	4_002	8	15	True	True	exact	source-region-to-destination-region (MovementInfo directed edge)	1: Tools/dbeditor/workspace/MovementInfo.json + MapRegion.json | 2: reference/mir3-source/Source/GameServer/LocalDB.pas LoadMapInfos (MapInfo.txt gate model) | 3: 2026-09-25 map_manifest exact/renamed/variant/replacement/pending relation | 4: map terrain flag reader implemented independently by this audit generator	0.25	pending_manual_review	workspace region centroid is not an EI Envir gate record; no safe coordinate correction inferred
3279	668	4_002	民家	3703	Teleport Source	7	16	True	True	exact	None		All	4	3704	4	4	447	94	True	True	exact	source-region-to-destination-region (MovementInfo directed edge)	1: Tools/dbeditor/workspace/MovementInfo.json + MapRegion.json | 2: reference/mir3-source/Source/GameServer/LocalDB.pas LoadMapInfos (MapInfo.txt gate model) | 3: 2026-09-25 map_manifest exact/renamed/variant/replacement/pending relation | 4: map terrain flag reader implemented independently by this audit generator	0.25	pending_manual_review	workspace region centroid is not an EI Envir gate record; no safe coordinate correction inferred
3280	8	4	Numa Village	3705	Teleport Source	453	96	True	True	exact	None		All	4_002	3706	4_002	4_002	14	17	True	True	exact	source-region-to-destination-region (MovementInfo directed edge)	1: Tools/dbeditor/workspace/MovementInfo.json + MapRegion.json | 2: reference/mir3-source/Source/GameServer/LocalDB.pas LoadMapInfos (MapInfo.txt gate model) | 3: 2026-09-25 map_manifest exact/renamed/variant/replacement/pending relation | 4: map terrain flag reader implemented independently by this audit generator	0.25	pending_manual_review	workspace region centroid is not an EI Envir gate record; no safe coordinate correction inferred
3281	668	4_002	民家	3707	Teleport Source	13	18	True	True	exact	None		All	4	3708	4	4	452	96	True	True	exact	source-region-to-destination-region (MovementInfo directed edge)	1: Tools/dbeditor/workspace/MovementInfo.json + MapRegion.json | 2: reference/mir3-source/Source/GameServer/LocalDB.pas LoadMapInfos (MapInfo.txt gate model) | 3: 2026-09-25 map_manifest exact/renamed/variant/replacement/pending relation | 4: map terrain flag reader implemented independently by this audit generator	0.25	pending_manual_review	workspace region centroid is not an EI Envir gate record; no safe coordinate correction inferred
3282	8	4	Numa Village	3709	Teleport Source	433	72	True	True	exact	None		All	4_003	3710	4_003	4_003	13	13	True	True	exact	source-region-to-destination-region (MovementInfo directed edge)	1: Tools/dbeditor/workspace/MovementInfo.json + MapRegion.json | 2: reference/mir3-source/Source/GameServer/LocalDB.pas LoadMapInfos (MapInfo.txt gate model) | 3: 2026-09-25 map_manifest exact/renamed/variant/replacement/pending relation | 4: map terrain flag reader implemented independently by this audit generator	0.25	pending_manual_review	workspace region centroid is not an EI Envir gate record; no safe coordinate correction inferred
3283	669	4_003	中药商	3711	Teleport Source	14	14	True	True	exact	None		All	4	3712	4	4	434	73	True	True	exact	source-region-to-destination-region (MovementInfo directed edge)	1: Tools/dbeditor/workspace/MovementInfo.json + MapRegion.json | 2: reference/mir3-source/Source/GameServer/LocalDB.pas LoadMapInfos (MapInfo.txt gate model) | 3: 2026-09-25 map_manifest exact/renamed/variant/replacement/pending relation | 4: map terrain flag reader implemented independently by this audit generator	0.25	pending_manual_review	workspace region centroid is not an EI Envir gate record; no safe coordinate correction inferred
3284	8	4	Numa Village	3713	Teleport Source	462	89	True	True	exact	None		All	4_004	3714	4_004	4_004	8	13	True	True	exact	source-region-to-destination-region (MovementInfo directed edge)	1: Tools/dbeditor/workspace/MovementInfo.json + MapRegion.json | 2: reference/mir3-source/Source/GameServer/LocalDB.pas LoadMapInfos (MapInfo.txt gate model) | 3: 2026-09-25 map_manifest exact/renamed/variant/replacement/pending relation | 4: map terrain flag reader implemented independently by this audit generator	0.25	pending_manual_review	workspace region centroid is not an EI Envir gate record; no safe coordinate correction inferred
3285	670	4_004	布匹店	3715	Teleport Source	7	14	True	True	exact	None		All	4	3716	4	4	461	90	True	True	exact	source-region-to-destination-region (MovementInfo directed edge)	1: Tools/dbeditor/workspace/MovementInfo.json + MapRegion.json | 2: reference/mir3-source/Source/GameServer/LocalDB.pas LoadMapInfos (MapInfo.txt gate model) | 3: 2026-09-25 map_manifest exact/renamed/variant/replacement/pending relation | 4: map terrain flag reader implemented independently by this audit generator	0.25	pending_manual_review	workspace region centroid is not an EI Envir gate record; no safe coordinate correction inferred
3290	9	5	Desert Mud Fortress	3725	Teleport Source	236	161	True	True	replacement	None		All	5_0011	3726	5_0011	5_0011	24	37	True	True	exact	source-region-to-destination-region (MovementInfo directed edge)	1: Tools/dbeditor/workspace/MovementInfo.json + MapRegion.json | 2: reference/mir3-source/Source/GameServer/LocalDB.pas LoadMapInfos (MapInfo.txt gate model) | 3: 2026-09-25 map_manifest exact/renamed/variant/replacement/pending relation | 4: map terrain flag reader implemented independently by this audit generator	0.25	pending_manual_review	workspace region centroid is not an EI Envir gate record; no safe coordinate correction inferred
3291	674	5_0011	贵族屋	3727	Teleport Source	23	38	True	True	exact	None		All	5	3728	5	5	235	161	True	True	replacement	source-region-to-destination-region (MovementInfo directed edge)	1: Tools/dbeditor/workspace/MovementInfo.json + MapRegion.json | 2: reference/mir3-source/Source/GameServer/LocalDB.pas LoadMapInfos (MapInfo.txt gate model) | 3: 2026-09-25 map_manifest exact/renamed/variant/replacement/pending relation | 4: map terrain flag reader implemented independently by this audit generator	0.25	pending_manual_review	workspace region centroid is not an EI Envir gate record; no safe coordinate correction inferred
3292	9	5	Desert Mud Fortress	3729	Teleport Source	240	194	True	True	replacement	None		All	5_0012	3730	5_0012	5_0012	18	23	True	True	exact	source-region-to-destination-region (MovementInfo directed edge)	1: Tools/dbeditor/workspace/MovementInfo.json + MapRegion.json | 2: reference/mir3-source/Source/GameServer/LocalDB.pas LoadMapInfos (MapInfo.txt gate model) | 3: 2026-09-25 map_manifest exact/renamed/variant/replacement/pending relation | 4: map terrain flag reader implemented independently by this audit generator	0.25	pending_manual_review	workspace region centroid is not an EI Envir gate record; no safe coordinate correction inferred
3293	675	5_0012	贵族屋	3731	Teleport Source	17	24	True	True	exact	None		All	5	3732	5	5	239	195	True	True	replacement	source-region-to-destination-region (MovementInfo directed edge)	1: Tools/dbeditor/workspace/MovementInfo.json + MapRegion.json | 2: reference/mir3-source/Source/GameServer/LocalDB.pas LoadMapInfos (MapInfo.txt gate model) | 3: 2026-09-25 map_manifest exact/renamed/variant/replacement/pending relation | 4: map terrain flag reader implemented independently by this audit generator	0.25	pending_manual_review	workspace region centroid is not an EI Envir gate record; no safe coordinate correction inferred
3294	9	5	Desert Mud Fortress	3733	Teleport Source	206	169	True	True	replacement	None		All	5_0013	3734	5_0013	5_0013	17	47	True	True	exact	source-region-to-destination-region (MovementInfo directed edge)	1: Tools/dbeditor/workspace/MovementInfo.json + MapRegion.json | 2: reference/mir3-source/Source/GameServer/LocalDB.pas LoadMapInfos (MapInfo.txt gate model) | 3: 2026-09-25 map_manifest exact/renamed/variant/replacement/pending relation | 4: map terrain flag reader implemented independently by this audit generator	0.25	pending_manual_review	workspace region centroid is not an EI Envir gate record; no safe coordinate correction inferred
3295	676	5_0013	贵族屋	3735	Teleport Source	18	48	True	True	exact	None		All	5	3736	5	5	207	170	True	True	replacement	source-region-to-destination-region (MovementInfo directed edge)	1: Tools/dbeditor/workspace/MovementInfo.json + MapRegion.json | 2: reference/mir3-source/Source/GameServer/LocalDB.pas LoadMapInfos (MapInfo.txt gate model) | 3: 2026-09-25 map_manifest exact/renamed/variant/replacement/pending relation | 4: map terrain flag reader implemented independently by this audit generator	0.25	pending_manual_review	workspace region centroid is not an EI Envir gate record; no safe coordinate correction inferred
3296	9	5	Desert Mud Fortress	3737	Teleport Source	190	249	True	True	replacement	None		All	5_002	3738	5_002	5_002	13	17	True	True	exact	source-region-to-destination-region (MovementInfo directed edge)	1: Tools/dbeditor/workspace/MovementInfo.json + MapRegion.json | 2: reference/mir3-source/Source/GameServer/LocalDB.pas LoadMapInfos (MapInfo.txt gate model) | 3: 2026-09-25 map_manifest exact/renamed/variant/replacement/pending relation | 4: map terrain flag reader implemented independently by this audit generator	0.25	pending_manual_review	workspace region centroid is not an EI Envir gate record; no safe coordinate correction inferred
3297	677	5_002	武器商	3739	Teleport Source	14	18	True	True	exact	None		All	5	3740	5	5	191	250	True	True	replacement	source-region-to-destination-region (MovementInfo directed edge)	1: Tools/dbeditor/workspace/MovementInfo.json + MapRegion.json | 2: reference/mir3-source/Source/GameServer/LocalDB.pas LoadMapInfos (MapInfo.txt gate model) | 3: 2026-09-25 map_manifest exact/renamed/variant/replacement/pending relation | 4: map terrain flag reader implemented independently by this audit generator	0.25	pending_manual_review	workspace region centroid is not an EI Envir gate record; no safe coordinate correction inferred
3298	9	5	Desert Mud Fortress	3741	Teleport Source	193	231	True	True	replacement	None		All	5_003	3742	5_003	5_003	6	21	True	True	exact	source-region-to-destination-region (MovementInfo directed edge)	1: Tools/dbeditor/workspace/MovementInfo.json + MapRegion.json | 2: reference/mir3-source/Source/GameServer/LocalDB.pas LoadMapInfos (MapInfo.txt gate model) | 3: 2026-09-25 map_manifest exact/renamed/variant/replacement/pending relation | 4: map terrain flag reader implemented independently by this audit generator	0.25	pending_manual_review	workspace region centroid is not an EI Envir gate record; no safe coordinate correction inferred
3299	678	5_003	药房	3743	Teleport Source	6	22	True	True	exact	None		All	5	3744	5	5	194	232	True	True	replacement	source-region-to-destination-region (MovementInfo directed edge)	1: Tools/dbeditor/workspace/MovementInfo.json + MapRegion.json | 2: reference/mir3-source/Source/GameServer/LocalDB.pas LoadMapInfos (MapInfo.txt gate model) | 3: 2026-09-25 map_manifest exact/renamed/variant/replacement/pending relation | 4: map terrain flag reader implemented independently by this audit generator	0.25	pending_manual_review	workspace region centroid is not an EI Envir gate record; no safe coordinate correction inferred
3300	9	5	Desert Mud Fortress	3745	Teleport Source	197	232	True	True	replacement	None		All	5_003	3746	5_003	5_003	16	24	True	True	exact	source-region-to-destination-region (MovementInfo directed edge)	1: Tools/dbeditor/workspace/MovementInfo.json + MapRegion.json | 2: reference/mir3-source/Source/GameServer/LocalDB.pas LoadMapInfos (MapInfo.txt gate model) | 3: 2026-09-25 map_manifest exact/renamed/variant/replacement/pending relation | 4: map terrain flag reader implemented independently by this audit generator	0.25	pending_manual_review	workspace region centroid is not an EI Envir gate record; no safe coordinate correction inferred
3301	678	5_003	药房	3747	Teleport Source	15	24	True	True	exact	None		All	5	3748	5	5	196	232	True	True	replacement	source-region-to-destination-region (MovementInfo directed edge)	1: Tools/dbeditor/workspace/MovementInfo.json + MapRegion.json | 2: reference/mir3-source/Source/GameServer/LocalDB.pas LoadMapInfos (MapInfo.txt gate model) | 3: 2026-09-25 map_manifest exact/renamed/variant/replacement/pending relation | 4: map terrain flag reader implemented independently by this audit generator	0.25	pending_manual_review	workspace region centroid is not an EI Envir gate record; no safe coordinate correction inferred
3302	9	5	Desert Mud Fortress	3749	Teleport Source	179	278	True	True	replacement	None		All	5_004	3750	5_004	5_004	9	21	True	True	exact	source-region-to-destination-region (MovementInfo directed edge)	1: Tools/dbeditor/workspace/MovementInfo.json + MapRegion.json | 2: reference/mir3-source/Source/GameServer/LocalDB.pas LoadMapInfos (MapInfo.txt gate model) | 3: 2026-09-25 map_manifest exact/renamed/variant/replacement/pending relation | 4: map terrain flag reader implemented independently by this audit generator	0.25	pending_manual_review	workspace region centroid is not an EI Envir gate record; no safe coordinate correction inferred
3303	679	5_004	服饰店	3751	Teleport Source	10	22	True	True	exact	None		All	5	3752	5	5	179	279	True	True	replacement	source-region-to-destination-region (MovementInfo directed edge)	1: Tools/dbeditor/workspace/MovementInfo.json + MapRegion.json | 2: reference/mir3-source/Source/GameServer/LocalDB.pas LoadMapInfos (MapInfo.txt gate model) | 3: 2026-09-25 map_manifest exact/renamed/variant/replacement/pending relation | 4: map terrain flag reader implemented independently by this audit generator	0.25	pending_manual_review	workspace region centroid is not an EI Envir gate record; no safe coordinate correction inferred
3304	9	5	Desert Mud Fortress	3753	Teleport Source	203	241	True	True	replacement	None		All	5_005	3754	5_005	5_005	6	11	True	True	exact	source-region-to-destination-region (MovementInfo directed edge)	1: Tools/dbeditor/workspace/MovementInfo.json + MapRegion.json | 2: reference/mir3-source/Source/GameServer/LocalDB.pas LoadMapInfos (MapInfo.txt gate model) | 3: 2026-09-25 map_manifest exact/renamed/variant/replacement/pending relation | 4: map terrain flag reader implemented independently by this audit generator	0.25	pending_manual_review	workspace region centroid is not an EI Envir gate record; no safe coordinate correction inferred
3305	680	5_005	饰品店	3755	Teleport Source	5	12	True	True	exact	None		All	5	3756	5	5	203	242	True	True	replacement	source-region-to-destination-region (MovementInfo directed edge)	1: Tools/dbeditor/workspace/MovementInfo.json + MapRegion.json | 2: reference/mir3-source/Source/GameServer/LocalDB.pas LoadMapInfos (MapInfo.txt gate model) | 3: 2026-09-25 map_manifest exact/renamed/variant/replacement/pending relation | 4: map terrain flag reader implemented independently by this audit generator	0.25	pending_manual_review	workspace region centroid is not an EI Envir gate record; no safe coordinate correction inferred
3306	9	5	Desert Mud Fortress	3757	Teleport Source	159	267	True	True	replacement	None		All	5_006	3758	5_006	5_006	8	23	True	True	exact	source-region-to-destination-region (MovementInfo directed edge)	1: Tools/dbeditor/workspace/MovementInfo.json + MapRegion.json | 2: reference/mir3-source/Source/GameServer/LocalDB.pas LoadMapInfos (MapInfo.txt gate model) | 3: 2026-09-25 map_manifest exact/renamed/variant/replacement/pending relation | 4: map terrain flag reader implemented independently by this audit generator	0.25	pending_manual_review	workspace region centroid is not an EI Envir gate record; no safe coordinate correction inferred
3307	681	5_006	仓库	3759	Teleport Source	7	24	True	True	exact	None		All	5	3760	5	5	158	267	True	True	replacement	source-region-to-destination-region (MovementInfo directed edge)	1: Tools/dbeditor/workspace/MovementInfo.json + MapRegion.json | 2: reference/mir3-source/Source/GameServer/LocalDB.pas LoadMapInfos (MapInfo.txt gate model) | 3: 2026-09-25 map_manifest exact/renamed/variant/replacement/pending relation | 4: map terrain flag reader implemented independently by this audit generator	0.25	pending_manual_review	workspace region centroid is not an EI Envir gate record; no safe coordinate correction inferred
3308	9	5	Desert Mud Fortress	3761	Teleport Source	170	266	True	True	replacement	None		All	5_006	3762	5_006	5_006	19	23	True	True	exact	source-region-to-destination-region (MovementInfo directed edge)	1: Tools/dbeditor/workspace/MovementInfo.json + MapRegion.json | 2: reference/mir3-source/Source/GameServer/LocalDB.pas LoadMapInfos (MapInfo.txt gate model) | 3: 2026-09-25 map_manifest exact/renamed/variant/replacement/pending relation | 4: map terrain flag reader implemented independently by this audit generator	0.25	pending_manual_review	workspace region centroid is not an EI Envir gate record; no safe coordinate correction inferred
3309	681	5_006	仓库	3763	Teleport Source	20	24	True	True	exact	None		All	5	3764	5	5	171	267	True	True	replacement	source-region-to-destination-region (MovementInfo directed edge)	1: Tools/dbeditor/workspace/MovementInfo.json + MapRegion.json | 2: reference/mir3-source/Source/GameServer/LocalDB.pas LoadMapInfos (MapInfo.txt gate model) | 3: 2026-09-25 map_manifest exact/renamed/variant/replacement/pending relation | 4: map terrain flag reader implemented independently by this audit generator	0.25	pending_manual_review	workspace region centroid is not an EI Envir gate record; no safe coordinate correction inferred
3310	690	78	沙漠	3765	Teleport Source	40	106	True	True	exact	None		All	6	3766	6	6	770	555	True	True	variant	source-region-to-destination-region (MovementInfo directed edge)	1: Tools/dbeditor/workspace/MovementInfo.json + MapRegion.json | 2: reference/mir3-source/Source/GameServer/LocalDB.pas LoadMapInfos (MapInfo.txt gate model) | 3: 2026-09-25 map_manifest exact/renamed/variant/replacement/pending relation | 4: map terrain flag reader implemented independently by this audit generator	0.25	pending_manual_review	workspace region centroid is not an EI Envir gate record; no safe coordinate correction inferred
3311	690	78	沙漠	3767	Teleport Source	39	107	True	True	exact	None		All	6	3768	6	6	769	556	True	True	variant	source-region-to-destination-region (MovementInfo directed edge)	1: Tools/dbeditor/workspace/MovementInfo.json + MapRegion.json | 2: reference/mir3-source/Source/GameServer/LocalDB.pas LoadMapInfos (MapInfo.txt gate model) | 3: 2026-09-25 map_manifest exact/renamed/variant/replacement/pending relation | 4: map terrain flag reader implemented independently by this audit generator	0.25	pending_manual_review	workspace region centroid is not an EI Envir gate record; no safe coordinate correction inferred
3312	690	78	沙漠	3769	Teleport Source	38	108	True	True	exact	None		All	6	3770	6	6	768	557	True	True	variant	source-region-to-destination-region (MovementInfo directed edge)	1: Tools/dbeditor/workspace/MovementInfo.json + MapRegion.json | 2: reference/mir3-source/Source/GameServer/LocalDB.pas LoadMapInfos (MapInfo.txt gate model) | 3: 2026-09-25 map_manifest exact/renamed/variant/replacement/pending relation | 4: map terrain flag reader implemented independently by this audit generator	0.25	pending_manual_review	workspace region centroid is not an EI Envir gate record; no safe coordinate correction inferred
3313	690	78	沙漠	3771	Teleport Source	37	109	True	True	exact	None		All	6	3772	6	6	767	558	True	True	variant	source-region-to-destination-region (MovementInfo directed edge)	1: Tools/dbeditor/workspace/MovementInfo.json + MapRegion.json | 2: reference/mir3-source/Source/GameServer/LocalDB.pas LoadMapInfos (MapInfo.txt gate model) | 3: 2026-09-25 map_manifest exact/renamed/variant/replacement/pending relation | 4: map terrain flag reader implemented independently by this audit generator	0.25	pending_manual_review	workspace region centroid is not an EI Envir gate record; no safe coordinate correction inferred
3314	690	78	沙漠	3773	Teleport Source	36	110	True	True	exact	None		All	6	3774	6	6	766	559	True	True	variant	source-region-to-destination-region (MovementInfo directed edge)	1: Tools/dbeditor/workspace/MovementInfo.json + MapRegion.json | 2: reference/mir3-source/Source/GameServer/LocalDB.pas LoadMapInfos (MapInfo.txt gate model) | 3: 2026-09-25 map_manifest exact/renamed/variant/replacement/pending relation | 4: map terrain flag reader implemented independently by this audit generator	0.25	pending_manual_review	workspace region centroid is not an EI Envir gate record; no safe coordinate correction inferred
3315	682	6	沙漠	3775	Teleport Source	771	555	True	True	variant	None		All	78	3776	78	78	41	106	True	True	exact	source-region-to-destination-region (MovementInfo directed edge)	1: Tools/dbeditor/workspace/MovementInfo.json + MapRegion.json | 2: reference/mir3-source/Source/GameServer/LocalDB.pas LoadMapInfos (MapInfo.txt gate model) | 3: 2026-09-25 map_manifest exact/renamed/variant/replacement/pending relation | 4: map terrain flag reader implemented independently by this audit generator	0.25	pending_manual_review	workspace region centroid is not an EI Envir gate record; no safe coordinate correction inferred
3316	682	6	沙漠	3777	Teleport Source	770	556	True	True	variant	None		All	78	3778	78	78	40	107	True	True	exact	source-region-to-destination-region (MovementInfo directed edge)	1: Tools/dbeditor/workspace/MovementInfo.json + MapRegion.json | 2: reference/mir3-source/Source/GameServer/LocalDB.pas LoadMapInfos (MapInfo.txt gate model) | 3: 2026-09-25 map_manifest exact/renamed/variant/replacement/pending relation | 4: map terrain flag reader implemented independently by this audit generator	0.25	pending_manual_review	workspace region centroid is not an EI Envir gate record; no safe coordinate correction inferred
3317	682	6	沙漠	3779	Teleport Source	769	557	True	True	variant	None		All	78	3780	78	78	39	108	True	True	exact	source-region-to-destination-region (MovementInfo directed edge)	1: Tools/dbeditor/workspace/MovementInfo.json + MapRegion.json | 2: reference/mir3-source/Source/GameServer/LocalDB.pas LoadMapInfos (MapInfo.txt gate model) | 3: 2026-09-25 map_manifest exact/renamed/variant/replacement/pending relation | 4: map terrain flag reader implemented independently by this audit generator	0.25	pending_manual_review	workspace region centroid is not an EI Envir gate record; no safe coordinate correction inferred
3318	682	6	沙漠	3781	Teleport Source	768	558	True	True	variant	None		All	78	3782	78	78	38	109	True	True	exact	source-region-to-destination-region (MovementInfo directed edge)	1: Tools/dbeditor/workspace/MovementInfo.json + MapRegion.json | 2: reference/mir3-source/Source/GameServer/LocalDB.pas LoadMapInfos (MapInfo.txt gate model) | 3: 2026-09-25 map_manifest exact/renamed/variant/replacement/pending relation | 4: map terrain flag reader implemented independently by this audit generator	0.25	pending_manual_review	workspace region centroid is not an EI Envir gate record; no safe coordinate correction inferred
3319	682	6	沙漠	3783	Teleport Source	767	559	True	True	variant	None		All	78	3784	78	78	37	110	True	True	exact	source-region-to-destination-region (MovementInfo directed edge)	1: Tools/dbeditor/workspace/MovementInfo.json + MapRegion.json | 2: reference/mir3-source/Source/GameServer/LocalDB.pas LoadMapInfos (MapInfo.txt gate model) | 3: 2026-09-25 map_manifest exact/renamed/variant/replacement/pending relation | 4: map terrain flag reader implemented independently by this audit generator	0.25	pending_manual_review	workspace region centroid is not an EI Envir gate record; no safe coordinate correction inferred
3320	8	4	Numa Village	3785	Teleport Source	180	778	True	True	exact	None		All	6	3786	6	6	178	80	True	True	variant	source-region-to-destination-region (MovementInfo directed edge)	1: Tools/dbeditor/workspace/MovementInfo.json + MapRegion.json | 2: reference/mir3-source/Source/GameServer/LocalDB.pas LoadMapInfos (MapInfo.txt gate model) | 3: 2026-09-25 map_manifest exact/renamed/variant/replacement/pending relation | 4: map terrain flag reader implemented independently by this audit generator	0.25	pending_manual_review	workspace region centroid is not an EI Envir gate record; no safe coordinate correction inferred
3321	8	4	Numa Village	3787	Teleport Source	181	779	True	True	exact	None		All	6	3788	6	6	179	81	True	True	variant	source-region-to-destination-region (MovementInfo directed edge)	1: Tools/dbeditor/workspace/MovementInfo.json + MapRegion.json | 2: reference/mir3-source/Source/GameServer/LocalDB.pas LoadMapInfos (MapInfo.txt gate model) | 3: 2026-09-25 map_manifest exact/renamed/variant/replacement/pending relation | 4: map terrain flag reader implemented independently by this audit generator	0.25	pending_manual_review	workspace region centroid is not an EI Envir gate record; no safe coordinate correction inferred
3322	8	4	Numa Village	3789	Teleport Source	182	780	True	True	exact	None		All	6	3790	6	6	180	82	True	True	variant	source-region-to-destination-region (MovementInfo directed edge)	1: Tools/dbeditor/workspace/MovementInfo.json + MapRegion.json | 2: reference/mir3-source/Source/GameServer/LocalDB.pas LoadMapInfos (MapInfo.txt gate model) | 3: 2026-09-25 map_manifest exact/renamed/variant/replacement/pending relation | 4: map terrain flag reader implemented independently by this audit generator	0.25	pending_manual_review	workspace region centroid is not an EI Envir gate record; no safe coordinate correction inferred
3323	8	4	Numa Village	3791	Teleport Source	283	778	True	True	exact	None		All	6	3792	6	6	285	80	True	True	variant	source-region-to-destination-region (MovementInfo directed edge)	1: Tools/dbeditor/workspace/MovementInfo.json + MapRegion.json | 2: reference/mir3-source/Source/GameServer/LocalDB.pas LoadMapInfos (MapInfo.txt gate model) | 3: 2026-09-25 map_manifest exact/renamed/variant/replacement/pending relation | 4: map terrain flag reader implemented independently by this audit generator	0.25	pending_manual_review	workspace region centroid is not an EI Envir gate record; no safe coordinate correction inferred
3324	8	4	Numa Village	3793	Teleport Source	282	779	True	True	exact	None		All	6	3794	6	6	284	81	True	True	variant	source-region-to-destination-region (MovementInfo directed edge)	1: Tools/dbeditor/workspace/MovementInfo.json + MapRegion.json | 2: reference/mir3-source/Source/GameServer/LocalDB.pas LoadMapInfos (MapInfo.txt gate model) | 3: 2026-09-25 map_manifest exact/renamed/variant/replacement/pending relation | 4: map terrain flag reader implemented independently by this audit generator	0.25	pending_manual_review	workspace region centroid is not an EI Envir gate record; no safe coordinate correction inferred
3325	8	4	Numa Village	3795	Teleport Source	281	780	True	True	exact	None		All	6	3796	6	6	283	82	True	True	variant	source-region-to-destination-region (MovementInfo directed edge)	1: Tools/dbeditor/workspace/MovementInfo.json + MapRegion.json | 2: reference/mir3-source/Source/GameServer/LocalDB.pas LoadMapInfos (MapInfo.txt gate model) | 3: 2026-09-25 map_manifest exact/renamed/variant/replacement/pending relation | 4: map terrain flag reader implemented independently by this audit generator	0.25	pending_manual_review	workspace region centroid is not an EI Envir gate record; no safe coordinate correction inferred
3326	8	4	Numa Village	3797	Teleport Source	280	781	True	True	exact	None		All	6	3798	6	6	282	83	True	True	variant	source-region-to-destination-region (MovementInfo directed edge)	1: Tools/dbeditor/workspace/MovementInfo.json + MapRegion.json | 2: reference/mir3-source/Source/GameServer/LocalDB.pas LoadMapInfos (MapInfo.txt gate model) | 3: 2026-09-25 map_manifest exact/renamed/variant/replacement/pending relation | 4: map terrain flag reader implemented independently by this audit generator	0.25	pending_manual_review	workspace region centroid is not an EI Envir gate record; no safe coordinate correction inferred
3327	8	4	Numa Village	3799	Teleport Source	384	768	True	True	exact	None		All	6	3800	6	6	386	70	True	True	variant	source-region-to-destination-region (MovementInfo directed edge)	1: Tools/dbeditor/workspace/MovementInfo.json + MapRegion.json | 2: reference/mir3-source/Source/GameServer/LocalDB.pas LoadMapInfos (MapInfo.txt gate model) | 3: 2026-09-25 map_manifest exact/renamed/variant/replacement/pending relation | 4: map terrain flag reader implemented independently by this audit generator	0.25	pending_manual_review	workspace region centroid is not an EI Envir gate record; no safe coordinate correction inferred
3328	8	4	Numa Village	3801	Teleport Source	383	769	True	True	exact	None		All	6	3802	6	6	385	71	True	True	variant	source-region-to-destination-region (MovementInfo directed edge)	1: Tools/dbeditor/workspace/MovementInfo.json + MapRegion.json | 2: reference/mir3-source/Source/GameServer/LocalDB.pas LoadMapInfos (MapInfo.txt gate model) | 3: 2026-09-25 map_manifest exact/renamed/variant/replacement/pending relation | 4: map terrain flag reader implemented independently by this audit generator	0.25	pending_manual_review	workspace region centroid is not an EI Envir gate record; no safe coordinate correction inferred
3329	8	4	Numa Village	3803	Teleport Source	382	770	True	True	exact	None		All	6	3804	6	6	384	72	True	True	variant	source-region-to-destination-region (MovementInfo directed edge)	1: Tools/dbeditor/workspace/MovementInfo.json + MapRegion.json | 2: reference/mir3-source/Source/GameServer/LocalDB.pas LoadMapInfos (MapInfo.txt gate model) | 3: 2026-09-25 map_manifest exact/renamed/variant/replacement/pending relation | 4: map terrain flag reader implemented independently by this audit generator	0.25	pending_manual_review	workspace region centroid is not an EI Envir gate record; no safe coordinate correction inferred
3330	8	4	Numa Village	3805	Teleport Source	471	765	True	True	exact	None		All	6	3806	6	6	473	67	True	True	variant	source-region-to-destination-region (MovementInfo directed edge)	1: Tools/dbeditor/workspace/MovementInfo.json + MapRegion.json | 2: reference/mir3-source/Source/GameServer/LocalDB.pas LoadMapInfos (MapInfo.txt gate model) | 3: 2026-09-25 map_manifest exact/renamed/variant/replacement/pending relation | 4: map terrain flag reader implemented independently by this audit generator	0.25	pending_manual_review	workspace region centroid is not an EI Envir gate record; no safe coordinate correction inferred
3331	8	4	Numa Village	3807	Teleport Source	470	766	True	True	exact	None		All	6	3808	6	6	472	68	True	True	variant	source-region-to-destination-region (MovementInfo directed edge)	1: Tools/dbeditor/workspace/MovementInfo.json + MapRegion.json | 2: reference/mir3-source/Source/GameServer/LocalDB.pas LoadMapInfos (MapInfo.txt gate model) | 3: 2026-09-25 map_manifest exact/renamed/variant/replacement/pending relation | 4: map terrain flag reader implemented independently by this audit generator	0.25	pending_manual_review	workspace region centroid is not an EI Envir gate record; no safe coordinate correction inferred
3332	8	4	Numa Village	3809	Teleport Source	469	767	True	True	exact	None		All	6	3810	6	6	471	69	True	True	variant	source-region-to-destination-region (MovementInfo directed edge)	1: Tools/dbeditor/workspace/MovementInfo.json + MapRegion.json | 2: reference/mir3-source/Source/GameServer/LocalDB.pas LoadMapInfos (MapInfo.txt gate model) | 3: 2026-09-25 map_manifest exact/renamed/variant/replacement/pending relation | 4: map terrain flag reader implemented independently by this audit generator	0.25	pending_manual_review	workspace region centroid is not an EI Envir gate record; no safe coordinate correction inferred
3333	682	6	沙漠	3811	Teleport Source	179	79	True	True	variant	None		All	4	3812	4	4	181	777	True	True	exact	source-region-to-destination-region (MovementInfo directed edge)	1: Tools/dbeditor/workspace/MovementInfo.json + MapRegion.json | 2: reference/mir3-source/Source/GameServer/LocalDB.pas LoadMapInfos (MapInfo.txt gate model) | 3: 2026-09-25 map_manifest exact/renamed/variant/replacement/pending relation | 4: map terrain flag reader implemented independently by this audit generator	0.25	pending_manual_review	workspace region centroid is not an EI Envir gate record; no safe coordinate correction inferred
3334	682	6	沙漠	3813	Teleport Source	180	80	True	True	variant	None		All	4	3814	4	4	182	778	True	True	exact	source-region-to-destination-region (MovementInfo directed edge)	1: Tools/dbeditor/workspace/MovementInfo.json + MapRegion.json | 2: reference/mir3-source/Source/GameServer/LocalDB.pas LoadMapInfos (MapInfo.txt gate model) | 3: 2026-09-25 map_manifest exact/renamed/variant/replacement/pending relation | 4: map terrain flag reader implemented independently by this audit generator	0.25	pending_manual_review	workspace region centroid is not an EI Envir gate record; no safe coordinate correction inferred
3335	682	6	沙漠	3815	Teleport Source	181	81	True	True	variant	None		All	4	3816	4	4	183	779	True	True	exact	source-region-to-destination-region (MovementInfo directed edge)	1: Tools/dbeditor/workspace/MovementInfo.json + MapRegion.json | 2: reference/mir3-source/Source/GameServer/LocalDB.pas LoadMapInfos (MapInfo.txt gate model) | 3: 2026-09-25 map_manifest exact/renamed/variant/replacement/pending relation | 4: map terrain flag reader implemented independently by this audit generator	0.25	pending_manual_review	workspace region centroid is not an EI Envir gate record; no safe coordinate correction inferred
3336	682	6	沙漠	3817	Teleport Source	284	79	True	True	variant	None		All	4	3818	4	4	282	777	True	True	exact	source-region-to-destination-region (MovementInfo directed edge)	1: Tools/dbeditor/workspace/MovementInfo.json + MapRegion.json | 2: reference/mir3-source/Source/GameServer/LocalDB.pas LoadMapInfos (MapInfo.txt gate model) | 3: 2026-09-25 map_manifest exact/renamed/variant/replacement/pending relation | 4: map terrain flag reader implemented independently by this audit generator	0.25	pending_manual_review	workspace region centroid is not an EI Envir gate record; no safe coordinate correction inferred
3337	682	6	沙漠	3819	Teleport Source	283	80	True	True	variant	None		All	4	3820	4	4	281	778	True	True	exact	source-region-to-destination-region (MovementInfo directed edge)	1: Tools/dbeditor/workspace/MovementInfo.json + MapRegion.json | 2: reference/mir3-source/Source/GameServer/LocalDB.pas LoadMapInfos (MapInfo.txt gate model) | 3: 2026-09-25 map_manifest exact/renamed/variant/replacement/pending relation | 4: map terrain flag reader implemented independently by this audit generator	0.25	pending_manual_review	workspace region centroid is not an EI Envir gate record; no safe coordinate correction inferred
3338	682	6	沙漠	3821	Teleport Source	282	81	True	True	variant	None		All	4	3822	4	4	280	779	True	True	exact	source-region-to-destination-region (MovementInfo directed edge)	1: Tools/dbeditor/workspace/MovementInfo.json + MapRegion.json | 2: reference/mir3-source/Source/GameServer/LocalDB.pas LoadMapInfos (MapInfo.txt gate model) | 3: 2026-09-25 map_manifest exact/renamed/variant/replacement/pending relation | 4: map terrain flag reader implemented independently by this audit generator	0.25	pending_manual_review	workspace region centroid is not an EI Envir gate record; no safe coordinate correction inferred
3339	682	6	沙漠	3823	Teleport Source	281	82	True	True	variant	None		All	4	3824	4	4	279	780	True	True	exact	source-region-to-destination-region (MovementInfo directed edge)	1: Tools/dbeditor/workspace/MovementInfo.json + MapRegion.json | 2: reference/mir3-source/Source/GameServer/LocalDB.pas LoadMapInfos (MapInfo.txt gate model) | 3: 2026-09-25 map_manifest exact/renamed/variant/replacement/pending relation | 4: map terrain flag reader implemented independently by this audit generator	0.25	pending_manual_review	workspace region centroid is not an EI Envir gate record; no safe coordinate correction inferred
3340	682	6	沙漠	3825	Teleport Source	385	69	True	True	variant	None		All	4	3826	4	4	383	767	True	True	exact	source-region-to-destination-region (MovementInfo directed edge)	1: Tools/dbeditor/workspace/MovementInfo.json + MapRegion.json | 2: reference/mir3-source/Source/GameServer/LocalDB.pas LoadMapInfos (MapInfo.txt gate model) | 3: 2026-09-25 map_manifest exact/renamed/variant/replacement/pending relation | 4: map terrain flag reader implemented independently by this audit generator	0.25	pending_manual_review	workspace region centroid is not an EI Envir gate record; no safe coordinate correction inferred
3341	682	6	沙漠	3827	Teleport Source	384	70	True	True	variant	None		All	4	3828	4	4	382	768	True	True	exact	source-region-to-destination-region (MovementInfo directed edge)	1: Tools/dbeditor/workspace/MovementInfo.json + MapRegion.json | 2: reference/mir3-source/Source/GameServer/LocalDB.pas LoadMapInfos (MapInfo.txt gate model) | 3: 2026-09-25 map_manifest exact/renamed/variant/replacement/pending relation | 4: map terrain flag reader implemented independently by this audit generator	0.25	pending_manual_review	workspace region centroid is not an EI Envir gate record; no safe coordinate correction inferred
3342	682	6	沙漠	3829	Teleport Source	383	71	True	True	variant	None		All	4	3830	4	4	381	769	True	True	exact	source-region-to-destination-region (MovementInfo directed edge)	1: Tools/dbeditor/workspace/MovementInfo.json + MapRegion.json | 2: reference/mir3-source/Source/GameServer/LocalDB.pas LoadMapInfos (MapInfo.txt gate model) | 3: 2026-09-25 map_manifest exact/renamed/variant/replacement/pending relation | 4: map terrain flag reader implemented independently by this audit generator	0.25	pending_manual_review	workspace region centroid is not an EI Envir gate record; no safe coordinate correction inferred
3343	682	6	沙漠	3831	Teleport Source	472	66	True	True	variant	None		All	4	3832	4	4	470	764	True	True	exact	source-region-to-destination-region (MovementInfo directed edge)	1: Tools/dbeditor/workspace/MovementInfo.json + MapRegion.json | 2: reference/mir3-source/Source/GameServer/LocalDB.pas LoadMapInfos (MapInfo.txt gate model) | 3: 2026-09-25 map_manifest exact/renamed/variant/replacement/pending relation | 4: map terrain flag reader implemented independently by this audit generator	0.25	pending_manual_review	workspace region centroid is not an EI Envir gate record; no safe coordinate correction inferred
3344	682	6	沙漠	3833	Teleport Source	471	67	True	True	variant	None		All	4	3834	4	4	469	765	True	True	exact	source-region-to-destination-region (MovementInfo directed edge)	1: Tools/dbeditor/workspace/MovementInfo.json + MapRegion.json | 2: reference/mir3-source/Source/GameServer/LocalDB.pas LoadMapInfos (MapInfo.txt gate model) | 3: 2026-09-25 map_manifest exact/renamed/variant/replacement/pending relation | 4: map terrain flag reader implemented independently by this audit generator	0.25	pending_manual_review	workspace region centroid is not an EI Envir gate record; no safe coordinate correction inferred
3345	682	6	沙漠	3835	Teleport Source	470	68	True	True	variant	None		All	4	3836	4	4	468	766	True	True	exact	source-region-to-destination-region (MovementInfo directed edge)	1: Tools/dbeditor/workspace/MovementInfo.json + MapRegion.json | 2: reference/mir3-source/Source/GameServer/LocalDB.pas LoadMapInfos (MapInfo.txt gate model) | 3: 2026-09-25 map_manifest exact/renamed/variant/replacement/pending relation | 4: map terrain flag reader implemented independently by this audit generator	0.25	pending_manual_review	workspace region centroid is not an EI Envir gate record; no safe coordinate correction inferred
3346	8	4	Numa Village	3837	Teleport Source	27	231	True	True	exact	None		All	41	3838	41	41	380	345	True	True	exact	source-region-to-destination-region (MovementInfo directed edge)	1: Tools/dbeditor/workspace/MovementInfo.json + MapRegion.json | 2: reference/mir3-source/Source/GameServer/LocalDB.pas LoadMapInfos (MapInfo.txt gate model) | 3: 2026-09-25 map_manifest exact/renamed/variant/replacement/pending relation | 4: map terrain flag reader implemented independently by this audit generator	0.25	pending_manual_review	workspace region centroid is not an EI Envir gate record; no safe coordinate correction inferred
3347	8	4	Numa Village	3839	Teleport Source	28	232	True	True	exact	None		All	41	3840	41	41	381	346	True	True	exact	source-region-to-destination-region (MovementInfo directed edge)	1: Tools/dbeditor/workspace/MovementInfo.json + MapRegion.json | 2: reference/mir3-source/Source/GameServer/LocalDB.pas LoadMapInfos (MapInfo.txt gate model) | 3: 2026-09-25 map_manifest exact/renamed/variant/replacement/pending relation | 4: map terrain flag reader implemented independently by this audit generator	0.25	pending_manual_review	workspace region centroid is not an EI Envir gate record; no safe coordinate correction inferred
3348	8	4	Numa Village	3841	Teleport Source	29	233	True	True	exact	None		All	41	3842	41	41	382	347	True	True	exact	source-region-to-destination-region (MovementInfo directed edge)	1: Tools/dbeditor/workspace/MovementInfo.json + MapRegion.json | 2: reference/mir3-source/Source/GameServer/LocalDB.pas LoadMapInfos (MapInfo.txt gate model) | 3: 2026-09-25 map_manifest exact/renamed/variant/replacement/pending relation | 4: map terrain flag reader implemented independently by this audit generator	0.25	pending_manual_review	workspace region centroid is not an EI Envir gate record; no safe coordinate correction inferred
3349	8	4	Numa Village	3843	Teleport Source	30	234	True	True	exact	None		All	41	3844	41	41	383	348	True	True	exact	source-region-to-destination-region (MovementInfo directed edge)	1: Tools/dbeditor/workspace/MovementInfo.json + MapRegion.json | 2: reference/mir3-source/Source/GameServer/LocalDB.pas LoadMapInfos (MapInfo.txt gate model) | 3: 2026-09-25 map_manifest exact/renamed/variant/replacement/pending relation | 4: map terrain flag reader implemented independently by this audit generator	0.25	pending_manual_review	workspace region centroid is not an EI Envir gate record; no safe coordinate correction inferred
3350	663	41	诺玛沙漠	3845	Teleport Source	381	345	True	True	exact	None		All	4	3846	4	4	28	231	True	True	exact	source-region-to-destination-region (MovementInfo directed edge)	1: Tools/dbeditor/workspace/MovementInfo.json + MapRegion.json | 2: reference/mir3-source/Source/GameServer/LocalDB.pas LoadMapInfos (MapInfo.txt gate model) | 3: 2026-09-25 map_manifest exact/renamed/variant/replacement/pending relation | 4: map terrain flag reader implemented independently by this audit generator	0.25	pending_manual_review	workspace region centroid is not an EI Envir gate record; no safe coordinate correction inferred
3351	663	41	诺玛沙漠	3847	Teleport Source	382	346	True	True	exact	None		All	4	3848	4	4	29	232	True	True	exact	source-region-to-destination-region (MovementInfo directed edge)	1: Tools/dbeditor/workspace/MovementInfo.json + MapRegion.json | 2: reference/mir3-source/Source/GameServer/LocalDB.pas LoadMapInfos (MapInfo.txt gate model) | 3: 2026-09-25 map_manifest exact/renamed/variant/replacement/pending relation | 4: map terrain flag reader implemented independently by this audit generator	0.25	pending_manual_review	workspace region centroid is not an EI Envir gate record; no safe coordinate correction inferred
3352	663	41	诺玛沙漠	3849	Teleport Source	383	347	True	True	exact	None		All	4	3850	4	4	30	233	True	True	exact	source-region-to-destination-region (MovementInfo directed edge)	1: Tools/dbeditor/workspace/MovementInfo.json + MapRegion.json | 2: reference/mir3-source/Source/GameServer/LocalDB.pas LoadMapInfos (MapInfo.txt gate model) | 3: 2026-09-25 map_manifest exact/renamed/variant/replacement/pending relation | 4: map terrain flag reader implemented independently by this audit generator	0.25	pending_manual_review	workspace region centroid is not an EI Envir gate record; no safe coordinate correction inferred
3353	663	41	诺玛沙漠	3851	Teleport Source	384	348	True	True	exact	None		All	4	3852	4	4	31	234	True	True	exact	source-region-to-destination-region (MovementInfo directed edge)	1: Tools/dbeditor/workspace/MovementInfo.json + MapRegion.json | 2: reference/mir3-source/Source/GameServer/LocalDB.pas LoadMapInfos (MapInfo.txt gate model) | 3: 2026-09-25 map_manifest exact/renamed/variant/replacement/pending relation | 4: map terrain flag reader implemented independently by this audit generator	0.25	pending_manual_review	workspace region centroid is not an EI Envir gate record; no safe coordinate correction inferred
3354	663	41	诺玛沙漠	3853	Teleport Source	385	349	True	True	exact	None		All	4	3854	4	4	31	234	True	True	exact	source-region-to-destination-region (MovementInfo directed edge)	1: Tools/dbeditor/workspace/MovementInfo.json + MapRegion.json | 2: reference/mir3-source/Source/GameServer/LocalDB.pas LoadMapInfos (MapInfo.txt gate model) | 3: 2026-09-25 map_manifest exact/renamed/variant/replacement/pending relation | 4: map terrain flag reader implemented independently by this audit generator	0.25	pending_manual_review	workspace region centroid is not an EI Envir gate record; no safe coordinate correction inferred
3355	663	41	诺玛沙漠	3855	Teleport Source	33	137	True	True	exact	None		All	42	3856	42	42	375	324	True	True	exact	source-region-to-destination-region (MovementInfo directed edge)	1: Tools/dbeditor/workspace/MovementInfo.json + MapRegion.json | 2: reference/mir3-source/Source/GameServer/LocalDB.pas LoadMapInfos (MapInfo.txt gate model) | 3: 2026-09-25 map_manifest exact/renamed/variant/replacement/pending relation | 4: map terrain flag reader implemented independently by this audit generator	0.25	pending_manual_review	workspace region centroid is not an EI Envir gate record; no safe coordinate correction inferred
3356	663	41	诺玛沙漠	3857	Teleport Source	32	138	True	True	exact	None		All	42	3858	42	42	374	325	True	True	exact	source-region-to-destination-region (MovementInfo directed edge)	1: Tools/dbeditor/workspace/MovementInfo.json + MapRegion.json | 2: reference/mir3-source/Source/GameServer/LocalDB.pas LoadMapInfos (MapInfo.txt gate model) | 3: 2026-09-25 map_manifest exact/renamed/variant/replacement/pending relation | 4: map terrain flag reader implemented independently by this audit generator	0.25	pending_manual_review	workspace region centroid is not an EI Envir gate record; no safe coordinate correction inferred
3357	663	41	诺玛沙漠	3859	Teleport Source	31	139	True	True	exact	None		All	42	3860	42	42	373	326	True	True	exact	source-region-to-destination-region (MovementInfo directed edge)	1: Tools/dbeditor/workspace/MovementInfo.json + MapRegion.json | 2: reference/mir3-source/Source/GameServer/LocalDB.pas LoadMapInfos (MapInfo.txt gate model) | 3: 2026-09-25 map_manifest exact/renamed/variant/replacement/pending relation | 4: map terrain flag reader implemented independently by this audit generator	0.25	pending_manual_review	workspace region centroid is not an EI Envir gate record; no safe coordinate correction inferred
3358	663	41	诺玛沙漠	3861	Teleport Source	30	140	True	True	exact	None		All	42	3862	42	42	372	327	True	True	exact	source-region-to-destination-region (MovementInfo directed edge)	1: Tools/dbeditor/workspace/MovementInfo.json + MapRegion.json | 2: reference/mir3-source/Source/GameServer/LocalDB.pas LoadMapInfos (MapInfo.txt gate model) | 3: 2026-09-25 map_manifest exact/renamed/variant/replacement/pending relation | 4: map terrain flag reader implemented independently by this audit generator	0.25	pending_manual_review	workspace region centroid is not an EI Envir gate record; no safe coordinate correction inferred
3359	663	41	诺玛沙漠	3863	Teleport Source	29	141	True	True	exact	None		All	42	3864	42	42	371	328	True	True	exact	source-region-to-destination-region (MovementInfo directed edge)	1: Tools/dbeditor/workspace/MovementInfo.json + MapRegion.json | 2: reference/mir3-source/Source/GameServer/LocalDB.pas LoadMapInfos (MapInfo.txt gate model) | 3: 2026-09-25 map_manifest exact/renamed/variant/replacement/pending relation | 4: map terrain flag reader implemented independently by this audit generator	0.25	pending_manual_review	workspace region centroid is not an EI Envir gate record; no safe coordinate correction inferred
3360	664	42	沙漠	3865	Teleport Source	376	324	True	True	exact	None		All	41	3866	41	41	34	137	True	True	exact	source-region-to-destination-region (MovementInfo directed edge)	1: Tools/dbeditor/workspace/MovementInfo.json + MapRegion.json | 2: reference/mir3-source/Source/GameServer/LocalDB.pas LoadMapInfos (MapInfo.txt gate model) | 3: 2026-09-25 map_manifest exact/renamed/variant/replacement/pending relation | 4: map terrain flag reader implemented independently by this audit generator	0.25	pending_manual_review	workspace region centroid is not an EI Envir gate record; no safe coordinate correction inferred
3361	664	42	沙漠	3867	Teleport Source	375	325	True	True	exact	None		All	41	3868	41	41	33	138	True	True	exact	source-region-to-destination-region (MovementInfo directed edge)	1: Tools/dbeditor/workspace/MovementInfo.json + MapRegion.json | 2: reference/mir3-source/Source/GameServer/LocalDB.pas LoadMapInfos (MapInfo.txt gate model) | 3: 2026-09-25 map_manifest exact/renamed/variant/replacement/pending relation | 4: map terrain flag reader implemented independently by this audit generator	0.25	pending_manual_review	workspace region centroid is not an EI Envir gate record; no safe coordinate correction inferred
3362	664	42	沙漠	3869	Teleport Source	374	326	True	True	exact	None		All	41	3870	41	41	32	139	True	True	exact	source-region-to-destination-region (MovementInfo directed edge)	1: Tools/dbeditor/workspace/MovementInfo.json + MapRegion.json | 2: reference/mir3-source/Source/GameServer/LocalDB.pas LoadMapInfos (MapInfo.txt gate model) | 3: 2026-09-25 map_manifest exact/renamed/variant/replacement/pending relation | 4: map terrain flag reader implemented independently by this audit generator	0.25	pending_manual_review	workspace region centroid is not an EI Envir gate record; no safe coordinate correction inferred
3363	664	42	沙漠	3871	Teleport Source	373	327	True	True	exact	None		All	41	3872	41	41	31	140	True	True	exact	source-region-to-destination-region (MovementInfo directed edge)	1: Tools/dbeditor/workspace/MovementInfo.json + MapRegion.json | 2: reference/mir3-source/Source/GameServer/LocalDB.pas LoadMapInfos (MapInfo.txt gate model) | 3: 2026-09-25 map_manifest exact/renamed/variant/replacement/pending relation | 4: map terrain flag reader implemented independently by this audit generator	0.25	pending_manual_review	workspace region centroid is not an EI Envir gate record; no safe coordinate correction inferred
3364	664	42	沙漠	3873	Teleport Source	372	328	True	True	exact	None		All	41	3874	41	41	30	141	True	True	exact	source-region-to-destination-region (MovementInfo directed edge)	1: Tools/dbeditor/workspace/MovementInfo.json + MapRegion.json | 2: reference/mir3-source/Source/GameServer/LocalDB.pas LoadMapInfos (MapInfo.txt gate model) | 3: 2026-09-25 map_manifest exact/renamed/variant/replacement/pending relation | 4: map terrain flag reader implemented independently by this audit generator	0.25	pending_manual_review	workspace region centroid is not an EI Envir gate record; no safe coordinate correction inferred
3365	664	42	沙漠	3875	Teleport Source	34	189	True	True	exact	None		All	43	3876	43	43	332	65	True	True	exact	source-region-to-destination-region (MovementInfo directed edge)	1: Tools/dbeditor/workspace/MovementInfo.json + MapRegion.json | 2: reference/mir3-source/Source/GameServer/LocalDB.pas LoadMapInfos (MapInfo.txt gate model) | 3: 2026-09-25 map_manifest exact/renamed/variant/replacement/pending relation | 4: map terrain flag reader implemented independently by this audit generator	0.25	pending_manual_review	workspace region centroid is not an EI Envir gate record; no safe coordinate correction inferred
3366	664	42	沙漠	3877	Teleport Source	35	190	True	True	exact	None		All	43	3878	43	43	333	66	True	True	exact	source-region-to-destination-region (MovementInfo directed edge)	1: Tools/dbeditor/workspace/MovementInfo.json + MapRegion.json | 2: reference/mir3-source/Source/GameServer/LocalDB.pas LoadMapInfos (MapInfo.txt gate model) | 3: 2026-09-25 map_manifest exact/renamed/variant/replacement/pending relation | 4: map terrain flag reader implemented independently by this audit generator	0.25	pending_manual_review	workspace region centroid is not an EI Envir gate record; no safe coordinate correction inferred
3367	664	42	沙漠	3879	Teleport Source	36	191	True	True	exact	None		All	43	3880	43	43	334	67	True	True	exact	source-region-to-destination-region (MovementInfo directed edge)	1: Tools/dbeditor/workspace/MovementInfo.json + MapRegion.json | 2: reference/mir3-source/Source/GameServer/LocalDB.pas LoadMapInfos (MapInfo.txt gate model) | 3: 2026-09-25 map_manifest exact/renamed/variant/replacement/pending relation | 4: map terrain flag reader implemented independently by this audit generator	0.25	pending_manual_review	workspace region centroid is not an EI Envir gate record; no safe coordinate correction inferred
3368	664	42	沙漠	3881	Teleport Source	37	192	True	True	exact	None		All	43	3882	43	43	335	68	True	True	exact	source-region-to-destination-region (MovementInfo directed edge)	1: Tools/dbeditor/workspace/MovementInfo.json + MapRegion.json | 2: reference/mir3-source/Source/GameServer/LocalDB.pas LoadMapInfos (MapInfo.txt gate model) | 3: 2026-09-25 map_manifest exact/renamed/variant/replacement/pending relation | 4: map terrain flag reader implemented independently by this audit generator	0.25	pending_manual_review	workspace region centroid is not an EI Envir gate record; no safe coordinate correction inferred
3370	665	43	沙漠	3885	Teleport Source	333	64	True	True	exact	None		All	42	3886	42	42	35	188	True	True	exact	source-region-to-destination-region (MovementInfo directed edge)	1: Tools/dbeditor/workspace/MovementInfo.json + MapRegion.json | 2: reference/mir3-source/Source/GameServer/LocalDB.pas LoadMapInfos (MapInfo.txt gate model) | 3: 2026-09-25 map_manifest exact/renamed/variant/replacement/pending relation | 4: map terrain flag reader implemented independently by this audit generator	0.25	pending_manual_review	workspace region centroid is not an EI Envir gate record; no safe coordinate correction inferred
3371	665	43	沙漠	3887	Teleport Source	334	65	True	True	exact	None		All	42	3888	42	42	36	189	True	True	exact	source-region-to-destination-region (MovementInfo directed edge)	1: Tools/dbeditor/workspace/MovementInfo.json + MapRegion.json | 2: reference/mir3-source/Source/GameServer/LocalDB.pas LoadMapInfos (MapInfo.txt gate model) | 3: 2026-09-25 map_manifest exact/renamed/variant/replacement/pending relation | 4: map terrain flag reader implemented independently by this audit generator	0.25	pending_manual_review	workspace region centroid is not an EI Envir gate record; no safe coordinate correction inferred
3372	665	43	沙漠	3889	Teleport Source	335	66	True	True	exact	None		All	42	3890	42	42	37	190	True	True	exact	source-region-to-destination-region (MovementInfo directed edge)	1: Tools/dbeditor/workspace/MovementInfo.json + MapRegion.json | 2: reference/mir3-source/Source/GameServer/LocalDB.pas LoadMapInfos (MapInfo.txt gate model) | 3: 2026-09-25 map_manifest exact/renamed/variant/replacement/pending relation | 4: map terrain flag reader implemented independently by this audit generator	0.25	pending_manual_review	workspace region centroid is not an EI Envir gate record; no safe coordinate correction inferred
3373	665	43	沙漠	3891	Teleport Source	336	67	True	True	exact	None		All	42	3892	42	42	38	191	True	True	exact	source-region-to-destination-region (MovementInfo directed edge)	1: Tools/dbeditor/workspace/MovementInfo.json + MapRegion.json | 2: reference/mir3-source/Source/GameServer/LocalDB.pas LoadMapInfos (MapInfo.txt gate model) | 3: 2026-09-25 map_manifest exact/renamed/variant/replacement/pending relation | 4: map terrain flag reader implemented independently by this audit generator	0.25	pending_manual_review	workspace region centroid is not an EI Envir gate record; no safe coordinate correction inferred
3374	665	43	沙漠	3893	Teleport Source	337	68	True	True	exact	None		All	42	3894	42	42	39	192	True	True	exact	source-region-to-destination-region (MovementInfo directed edge)	1: Tools/dbeditor/workspace/MovementInfo.json + MapRegion.json | 2: reference/mir3-source/Source/GameServer/LocalDB.pas LoadMapInfos (MapInfo.txt gate model) | 3: 2026-09-25 map_manifest exact/renamed/variant/replacement/pending relation | 4: map terrain flag reader implemented independently by this audit generator	0.25	pending_manual_review	workspace region centroid is not an EI Envir gate record; no safe coordinate correction inferred
3375	665	43	沙漠	3895	Teleport Source	41	204	True	True	exact	None		All	44	3896	44	44	333	333	True	True	exact	source-region-to-destination-region (MovementInfo directed edge)	1: Tools/dbeditor/workspace/MovementInfo.json + MapRegion.json | 2: reference/mir3-source/Source/GameServer/LocalDB.pas LoadMapInfos (MapInfo.txt gate model) | 3: 2026-09-25 map_manifest exact/renamed/variant/replacement/pending relation | 4: map terrain flag reader implemented independently by this audit generator	0.25	pending_manual_review	workspace region centroid is not an EI Envir gate record; no safe coordinate correction inferred
3376	665	43	沙漠	3897	Teleport Source	42	205	True	True	exact	None		All	44	3898	44	44	334	334	True	True	exact	source-region-to-destination-region (MovementInfo directed edge)	1: Tools/dbeditor/workspace/MovementInfo.json + MapRegion.json | 2: reference/mir3-source/Source/GameServer/LocalDB.pas LoadMapInfos (MapInfo.txt gate model) | 3: 2026-09-25 map_manifest exact/renamed/variant/replacement/pending relation | 4: map terrain flag reader implemented independently by this audit generator	0.25	pending_manual_review	workspace region centroid is not an EI Envir gate record; no safe coordinate correction inferred
3377	665	43	沙漠	3899	Teleport Source	43	206	True	True	exact	None		All	44	3900	44	44	335	335	True	True	exact	source-region-to-destination-region (MovementInfo directed edge)	1: Tools/dbeditor/workspace/MovementInfo.json + MapRegion.json | 2: reference/mir3-source/Source/GameServer/LocalDB.pas LoadMapInfos (MapInfo.txt gate model) | 3: 2026-09-25 map_manifest exact/renamed/variant/replacement/pending relation | 4: map terrain flag reader implemented independently by this audit generator	0.25	pending_manual_review	workspace region centroid is not an EI Envir gate record; no safe coordinate correction inferred
3378	665	43	沙漠	3901	Teleport Source	44	207	True	True	exact	None		All	44	3902	44	44	336	336	True	True	exact	source-region-to-destination-region (MovementInfo directed edge)	1: Tools/dbeditor/workspace/MovementInfo.json + MapRegion.json | 2: reference/mir3-source/Source/GameServer/LocalDB.pas LoadMapInfos (MapInfo.txt gate model) | 3: 2026-09-25 map_manifest exact/renamed/variant/replacement/pending relation | 4: map terrain flag reader implemented independently by this audit generator	0.25	pending_manual_review	workspace region centroid is not an EI Envir gate record; no safe coordinate correction inferred
3379	665	43	沙漠	3903	Teleport Source	45	208	True	True	exact	None		All	44	3904	44	44	337	337	True	True	exact	source-region-to-destination-region (MovementInfo directed edge)	1: Tools/dbeditor/workspace/MovementInfo.json + MapRegion.json | 2: reference/mir3-source/Source/GameServer/LocalDB.pas LoadMapInfos (MapInfo.txt gate model) | 3: 2026-09-25 map_manifest exact/renamed/variant/replacement/pending relation | 4: map terrain flag reader implemented independently by this audit generator	0.25	pending_manual_review	workspace region centroid is not an EI Envir gate record; no safe coordinate correction inferred
3380	665	43	沙漠	3905	Teleport Source	46	209	True	True	exact	None		All	44	3906	44	44	337	338	True	True	exact	source-region-to-destination-region (MovementInfo directed edge)	1: Tools/dbeditor/workspace/MovementInfo.json + MapRegion.json | 2: reference/mir3-source/Source/GameServer/LocalDB.pas LoadMapInfos (MapInfo.txt gate model) | 3: 2026-09-25 map_manifest exact/renamed/variant/replacement/pending relation | 4: map terrain flag reader implemented independently by this audit generator	0.25	pending_manual_review	workspace region centroid is not an EI Envir gate record; no safe coordinate correction inferred
3381	666	44	沙漠	3907	Teleport Source	334	333	True	True	exact	None		All	43	3908	43	43	42	204	True	True	exact	source-region-to-destination-region (MovementInfo directed edge)	1: Tools/dbeditor/workspace/MovementInfo.json + MapRegion.json | 2: reference/mir3-source/Source/GameServer/LocalDB.pas LoadMapInfos (MapInfo.txt gate model) | 3: 2026-09-25 map_manifest exact/renamed/variant/replacement/pending relation | 4: map terrain flag reader implemented independently by this audit generator	0.25	pending_manual_review	workspace region centroid is not an EI Envir gate record; no safe coordinate correction inferred
3382	666	44	沙漠	3909	Teleport Source	335	334	True	True	exact	None		All	43	3910	43	43	42	204	True	True	exact	source-region-to-destination-region (MovementInfo directed edge)	1: Tools/dbeditor/workspace/MovementInfo.json + MapRegion.json | 2: reference/mir3-source/Source/GameServer/LocalDB.pas LoadMapInfos (MapInfo.txt gate model) | 3: 2026-09-25 map_manifest exact/renamed/variant/replacement/pending relation | 4: map terrain flag reader implemented independently by this audit generator	0.25	pending_manual_review	workspace region centroid is not an EI Envir gate record; no safe coordinate correction inferred
3383	666	44	沙漠	3911	Teleport Source	336	335	True	True	exact	None		All	43	3912	43	43	43	205	True	True	exact	source-region-to-destination-region (MovementInfo directed edge)	1: Tools/dbeditor/workspace/MovementInfo.json + MapRegion.json | 2: reference/mir3-source/Source/GameServer/LocalDB.pas LoadMapInfos (MapInfo.txt gate model) | 3: 2026-09-25 map_manifest exact/renamed/variant/replacement/pending relation | 4: map terrain flag reader implemented independently by this audit generator	0.25	pending_manual_review	workspace region centroid is not an EI Envir gate record; no safe coordinate correction inferred
3384	666	44	沙漠	3913	Teleport Source	337	336	True	True	exact	None		All	43	3914	43	43	44	206	True	True	exact	source-region-to-destination-region (MovementInfo directed edge)	1: Tools/dbeditor/workspace/MovementInfo.json + MapRegion.json | 2: reference/mir3-source/Source/GameServer/LocalDB.pas LoadMapInfos (MapInfo.txt gate model) | 3: 2026-09-25 map_manifest exact/renamed/variant/replacement/pending relation | 4: map terrain flag reader implemented independently by this audit generator	0.25	pending_manual_review	workspace region centroid is not an EI Envir gate record; no safe coordinate correction inferred
3385	666	44	沙漠	3915	Teleport Source	338	337	True	True	exact	None		All	43	3916	43	43	45	207	True	True	exact	source-region-to-destination-region (MovementInfo directed edge)	1: Tools/dbeditor/workspace/MovementInfo.json + MapRegion.json | 2: reference/mir3-source/Source/GameServer/LocalDB.pas LoadMapInfos (MapInfo.txt gate model) | 3: 2026-09-25 map_manifest exact/renamed/variant/replacement/pending relation | 4: map terrain flag reader implemented independently by this audit generator	0.25	pending_manual_review	workspace region centroid is not an EI Envir gate record; no safe coordinate correction inferred
3386	666	44	沙漠	3917	Teleport Source	338	338	True	True	exact	None		All	43	3918	43	43	46	208	True	True	exact	source-region-to-destination-region (MovementInfo directed edge)	1: Tools/dbeditor/workspace/MovementInfo.json + MapRegion.json | 2: reference/mir3-source/Source/GameServer/LocalDB.pas LoadMapInfos (MapInfo.txt gate model) | 3: 2026-09-25 map_manifest exact/renamed/variant/replacement/pending relation | 4: map terrain flag reader implemented independently by this audit generator	0.25	pending_manual_review	workspace region centroid is not an EI Envir gate record; no safe coordinate correction inferred
3387	8	4	Numa Village	3919	Teleport Source	73	461	True	True	exact	None		All	44	3920	44	44	375	112	True	True	exact	source-region-to-destination-region (MovementInfo directed edge)	1: Tools/dbeditor/workspace/MovementInfo.json + MapRegion.json | 2: reference/mir3-source/Source/GameServer/LocalDB.pas LoadMapInfos (MapInfo.txt gate model) | 3: 2026-09-25 map_manifest exact/renamed/variant/replacement/pending relation | 4: map terrain flag reader implemented independently by this audit generator	0.25	pending_manual_review	workspace region centroid is not an EI Envir gate record; no safe coordinate correction inferred
3388	8	4	Numa Village	3921	Teleport Source	72	462	True	True	exact	None		All	44	3922	44	44	374	113	True	True	exact	source-region-to-destination-region (MovementInfo directed edge)	1: Tools/dbeditor/workspace/MovementInfo.json + MapRegion.json | 2: reference/mir3-source/Source/GameServer/LocalDB.pas LoadMapInfos (MapInfo.txt gate model) | 3: 2026-09-25 map_manifest exact/renamed/variant/replacement/pending relation | 4: map terrain flag reader implemented independently by this audit generator	0.25	pending_manual_review	workspace region centroid is not an EI Envir gate record; no safe coordinate correction inferred
3389	8	4	Numa Village	3923	Teleport Source	71	463	True	True	exact	None		All	44	3924	44	44	373	114	True	True	exact	source-region-to-destination-region (MovementInfo directed edge)	1: Tools/dbeditor/workspace/MovementInfo.json + MapRegion.json | 2: reference/mir3-source/Source/GameServer/LocalDB.pas LoadMapInfos (MapInfo.txt gate model) | 3: 2026-09-25 map_manifest exact/renamed/variant/replacement/pending relation | 4: map terrain flag reader implemented independently by this audit generator	0.25	pending_manual_review	workspace region centroid is not an EI Envir gate record; no safe coordinate correction inferred
3390	8	4	Numa Village	3925	Teleport Source	70	464	True	True	exact	None		All	44	3926	44	44	372	115	True	True	exact	source-region-to-destination-region (MovementInfo directed edge)	1: Tools/dbeditor/workspace/MovementInfo.json + MapRegion.json | 2: reference/mir3-source/Source/GameServer/LocalDB.pas LoadMapInfos (MapInfo.txt gate model) | 3: 2026-09-25 map_manifest exact/renamed/variant/replacement/pending relation | 4: map terrain flag reader implemented independently by this audit generator	0.25	pending_manual_review	workspace region centroid is not an EI Envir gate record; no safe coordinate correction inferred
3391	8	4	Numa Village	3927	Teleport Source	69	465	True	True	exact	None		All	44	3928	44	44	371	116	True	True	exact	source-region-to-destination-region (MovementInfo directed edge)	1: Tools/dbeditor/workspace/MovementInfo.json + MapRegion.json | 2: reference/mir3-source/Source/GameServer/LocalDB.pas LoadMapInfos (MapInfo.txt gate model) | 3: 2026-09-25 map_manifest exact/renamed/variant/replacement/pending relation | 4: map terrain flag reader implemented independently by this audit generator	0.25	pending_manual_review	workspace region centroid is not an EI Envir gate record; no safe coordinate correction inferred
3392	8	4	Numa Village	3929	Teleport Source	68	466	True	True	exact	None		All	44	3930	44	44	370	117	True	True	exact	source-region-to-destination-region (MovementInfo directed edge)	1: Tools/dbeditor/workspace/MovementInfo.json + MapRegion.json | 2: reference/mir3-source/Source/GameServer/LocalDB.pas LoadMapInfos (MapInfo.txt gate model) | 3: 2026-09-25 map_manifest exact/renamed/variant/replacement/pending relation | 4: map terrain flag reader implemented independently by this audit generator	0.25	pending_manual_review	workspace region centroid is not an EI Envir gate record; no safe coordinate correction inferred
3393	666	44	沙漠	3931	Teleport Source	376	112	True	True	exact	None		All	4	3932	4	4	74	461	True	True	exact	source-region-to-destination-region (MovementInfo directed edge)	1: Tools/dbeditor/workspace/MovementInfo.json + MapRegion.json | 2: reference/mir3-source/Source/GameServer/LocalDB.pas LoadMapInfos (MapInfo.txt gate model) | 3: 2026-09-25 map_manifest exact/renamed/variant/replacement/pending relation | 4: map terrain flag reader implemented independently by this audit generator	0.25	pending_manual_review	workspace region centroid is not an EI Envir gate record; no safe coordinate correction inferred
3394	666	44	沙漠	3933	Teleport Source	375	113	True	True	exact	None		All	4	3934	4	4	73	462	True	True	exact	source-region-to-destination-region (MovementInfo directed edge)	1: Tools/dbeditor/workspace/MovementInfo.json + MapRegion.json | 2: reference/mir3-source/Source/GameServer/LocalDB.pas LoadMapInfos (MapInfo.txt gate model) | 3: 2026-09-25 map_manifest exact/renamed/variant/replacement/pending relation | 4: map terrain flag reader implemented independently by this audit generator	0.25	pending_manual_review	workspace region centroid is not an EI Envir gate record; no safe coordinate correction inferred
3395	666	44	沙漠	3935	Teleport Source	374	114	True	True	exact	None		All	4	3936	4	4	72	463	True	True	exact	source-region-to-destination-region (MovementInfo directed edge)	1: Tools/dbeditor/workspace/MovementInfo.json + MapRegion.json | 2: reference/mir3-source/Source/GameServer/LocalDB.pas LoadMapInfos (MapInfo.txt gate model) | 3: 2026-09-25 map_manifest exact/renamed/variant/replacement/pending relation | 4: map terrain flag reader implemented independently by this audit generator	0.25	pending_manual_review	workspace region centroid is not an EI Envir gate record; no safe coordinate correction inferred
3396	666	44	沙漠	3937	Teleport Source	373	115	True	True	exact	None		All	4	3938	4	4	71	464	True	True	exact	source-region-to-destination-region (MovementInfo directed edge)	1: Tools/dbeditor/workspace/MovementInfo.json + MapRegion.json | 2: reference/mir3-source/Source/GameServer/LocalDB.pas LoadMapInfos (MapInfo.txt gate model) | 3: 2026-09-25 map_manifest exact/renamed/variant/replacement/pending relation | 4: map terrain flag reader implemented independently by this audit generator	0.25	pending_manual_review	workspace region centroid is not an EI Envir gate record; no safe coordinate correction inferred
3397	666	44	沙漠	3939	Teleport Source	372	116	True	True	exact	None		All	4	3940	4	4	70	465	True	True	exact	source-region-to-destination-region (MovementInfo directed edge)	1: Tools/dbeditor/workspace/MovementInfo.json + MapRegion.json | 2: reference/mir3-source/Source/GameServer/LocalDB.pas LoadMapInfos (MapInfo.txt gate model) | 3: 2026-09-25 map_manifest exact/renamed/variant/replacement/pending relation | 4: map terrain flag reader implemented independently by this audit generator	0.25	pending_manual_review	workspace region centroid is not an EI Envir gate record; no safe coordinate correction inferred
3398	666	44	沙漠	3941	Teleport Source	371	117	True	True	exact	None		All	4	3942	4	4	69	466	True	True	exact	source-region-to-destination-region (MovementInfo directed edge)	1: Tools/dbeditor/workspace/MovementInfo.json + MapRegion.json | 2: reference/mir3-source/Source/GameServer/LocalDB.pas LoadMapInfos (MapInfo.txt gate model) | 3: 2026-09-25 map_manifest exact/renamed/variant/replacement/pending relation | 4: map terrain flag reader implemented independently by this audit generator	0.25	pending_manual_review	workspace region centroid is not an EI Envir gate record; no safe coordinate correction inferred
3399	13	D002	Desert	3943	Teleport Source	191	231	True	True	exact	None		All	DM001	3944	DM001	DM001	5	10	True	True	exact	source-region-to-destination-region (MovementInfo directed edge)	1: Tools/dbeditor/workspace/MovementInfo.json + MapRegion.json | 2: reference/mir3-source/Source/GameServer/LocalDB.pas LoadMapInfos (MapInfo.txt gate model) | 3: 2026-09-25 map_manifest exact/renamed/variant/replacement/pending relation | 4: map terrain flag reader implemented independently by this audit generator	0.25	pending_manual_review	workspace region centroid is not an EI Envir gate record; no safe coordinate correction inferred
3400	1058	DM001	奸商	3945	Teleport Source	6	10	True	True	exact	None		All	D002	3946	D002	D002	191	232	True	True	exact	source-region-to-destination-region (MovementInfo directed edge)	1: Tools/dbeditor/workspace/MovementInfo.json + MapRegion.json | 2: reference/mir3-source/Source/GameServer/LocalDB.pas LoadMapInfos (MapInfo.txt gate model) | 3: 2026-09-25 map_manifest exact/renamed/variant/replacement/pending relation | 4: map terrain flag reader implemented independently by this audit generator	0.25	pending_manual_review	workspace region centroid is not an EI Envir gate record; no safe coordinate correction inferred
3401	13	D002	Desert	3947	Teleport Source	225	175	True	True	exact	None		All	DM002	3948	DM002	DM002	8	28	True	True	exact	source-region-to-destination-region (MovementInfo directed edge)	1: Tools/dbeditor/workspace/MovementInfo.json + MapRegion.json | 2: reference/mir3-source/Source/GameServer/LocalDB.pas LoadMapInfos (MapInfo.txt gate model) | 3: 2026-09-25 map_manifest exact/renamed/variant/replacement/pending relation | 4: map terrain flag reader implemented independently by this audit generator	0.25	pending_manual_review	workspace region centroid is not an EI Envir gate record; no safe coordinate correction inferred
3402	1059	DM002	王陵	3949	Teleport Source	7	28	True	True	exact	None		All	D002	3950	D002	D002	225	176	True	True	exact	source-region-to-destination-region (MovementInfo directed edge)	1: Tools/dbeditor/workspace/MovementInfo.json + MapRegion.json | 2: reference/mir3-source/Source/GameServer/LocalDB.pas LoadMapInfos (MapInfo.txt gate model) | 3: 2026-09-25 map_manifest exact/renamed/variant/replacement/pending relation | 4: map terrain flag reader implemented independently by this audit generator	0.25	pending_manual_review	workspace region centroid is not an EI Envir gate record; no safe coordinate correction inferred
3403	14	D003	Lost Paradise Forest	3951	Teleport Source	78	229	True	True	exact	None		All	E001	3952	E001	E001	9	14	True	True	exact	source-region-to-destination-region (MovementInfo directed edge)	1: Tools/dbeditor/workspace/MovementInfo.json + MapRegion.json | 2: reference/mir3-source/Source/GameServer/LocalDB.pas LoadMapInfos (MapInfo.txt gate model) | 3: 2026-09-25 map_manifest exact/renamed/variant/replacement/pending relation | 4: map terrain flag reader implemented independently by this audit generator	0.25	pending_manual_review	workspace region centroid is not an EI Envir gate record; no safe coordinate correction inferred
3404	1061	E001	行会大战	3953	Teleport Source	8	13	True	True	exact	None		All	D003	3954	D003	D003	77	230	True	True	exact	source-region-to-destination-region (MovementInfo directed edge)	1: Tools/dbeditor/workspace/MovementInfo.json + MapRegion.json | 2: reference/mir3-source/Source/GameServer/LocalDB.pas LoadMapInfos (MapInfo.txt gate model) | 3: 2026-09-25 map_manifest exact/renamed/variant/replacement/pending relation | 4: map terrain flag reader implemented independently by this audit generator	0.25	pending_manual_review	workspace region centroid is not an EI Envir gate record; no safe coordinate correction inferred
3405	1061	E001	行会大战	3955	Teleport Source	85	15	True	True	exact	None		All	E002	3956	E002	E002	85	10	True	True	exact	source-region-to-destination-region (MovementInfo directed edge)	1: Tools/dbeditor/workspace/MovementInfo.json + MapRegion.json | 2: reference/mir3-source/Source/GameServer/LocalDB.pas LoadMapInfos (MapInfo.txt gate model) | 3: 2026-09-25 map_manifest exact/renamed/variant/replacement/pending relation | 4: map terrain flag reader implemented independently by this audit generator	0.25	pending_manual_review	workspace region centroid is not an EI Envir gate record; no safe coordinate correction inferred
3406	1062	E002	半兽天然洞穴	3957	Teleport Source	84	9	True	True	exact	None		All	E001	3958	E001	E001	84	16	True	True	exact	source-region-to-destination-region (MovementInfo directed edge)	1: Tools/dbeditor/workspace/MovementInfo.json + MapRegion.json | 2: reference/mir3-source/Source/GameServer/LocalDB.pas LoadMapInfos (MapInfo.txt gate model) | 3: 2026-09-25 map_manifest exact/renamed/variant/replacement/pending relation | 4: map terrain flag reader implemented independently by this audit generator	0.25	pending_manual_review	workspace region centroid is not an EI Envir gate record; no safe coordinate correction inferred
3407	1062	E002	半兽天然洞穴	3959	Teleport Source	36	81	True	True	exact	None		All	D012	3960	D012	D012	378	65	True	True	exact	source-region-to-destination-region (MovementInfo directed edge)	1: Tools/dbeditor/workspace/MovementInfo.json + MapRegion.json | 2: reference/mir3-source/Source/GameServer/LocalDB.pas LoadMapInfos (MapInfo.txt gate model) | 3: 2026-09-25 map_manifest exact/renamed/variant/replacement/pending relation | 4: map terrain flag reader implemented independently by this audit generator	0.25	pending_manual_review	workspace region centroid is not an EI Envir gate record; no safe coordinate correction inferred
3408	756	D012	天然洞穴2层	3961	Teleport Source	377	64	True	True	exact	None		All	E002	3962	E002	E002	35	82	True	True	exact	source-region-to-destination-region (MovementInfo directed edge)	1: Tools/dbeditor/workspace/MovementInfo.json + MapRegion.json | 2: reference/mir3-source/Source/GameServer/LocalDB.pas LoadMapInfos (MapInfo.txt gate model) | 3: 2026-09-25 map_manifest exact/renamed/variant/replacement/pending relation | 4: map terrain flag reader implemented independently by this audit generator	0.25	pending_manual_review	workspace region centroid is not an EI Envir gate record; no safe coordinate correction inferred
3409	14	D003	Lost Paradise Forest	3963	Teleport Source	290	293	True	True	exact	None		All	E402	3964	E402	E402	13	73	True	True	exact	source-region-to-destination-region (MovementInfo directed edge)	1: Tools/dbeditor/workspace/MovementInfo.json + MapRegion.json | 2: reference/mir3-source/Source/GameServer/LocalDB.pas LoadMapInfos (MapInfo.txt gate model) | 3: 2026-09-25 map_manifest exact/renamed/variant/replacement/pending relation | 4: map terrain flag reader implemented independently by this audit generator	0.25	pending_manual_review	workspace region centroid is not an EI Envir gate record; no safe coordinate correction inferred
3410	1065	E402	连接通路	3965	Teleport Source	14	72	True	True	exact	None		All	D003	3966	D003	D003	291	294	True	True	exact	source-region-to-destination-region (MovementInfo directed edge)	1: Tools/dbeditor/workspace/MovementInfo.json + MapRegion.json | 2: reference/mir3-source/Source/GameServer/LocalDB.pas LoadMapInfos (MapInfo.txt gate model) | 3: 2026-09-25 map_manifest exact/renamed/variant/replacement/pending relation | 4: map terrain flag reader implemented independently by this audit generator	0.25	pending_manual_review	workspace region centroid is not an EI Envir gate record; no safe coordinate correction inferred
3411	1065	E402	连接通路	3967	Teleport Source	69	14	True	True	exact	None		All	D404	3968	D404	D404	151	20	True	True	exact	source-region-to-destination-region (MovementInfo directed edge)	1: Tools/dbeditor/workspace/MovementInfo.json + MapRegion.json | 2: reference/mir3-source/Source/GameServer/LocalDB.pas LoadMapInfos (MapInfo.txt gate model) | 3: 2026-09-25 map_manifest exact/renamed/variant/replacement/pending relation | 4: map terrain flag reader implemented independently by this audit generator	0.25	pending_manual_review	workspace region centroid is not an EI Envir gate record; no safe coordinate correction inferred
3412	145	D404	Ant Cave East	3969	Teleport Source	152	19	True	True	exact	None		All	E402	3970	E402	E402	70	15	True	True	exact	source-region-to-destination-region (MovementInfo directed edge)	1: Tools/dbeditor/workspace/MovementInfo.json + MapRegion.json | 2: reference/mir3-source/Source/GameServer/LocalDB.pas LoadMapInfos (MapInfo.txt gate model) | 3: 2026-09-25 map_manifest exact/renamed/variant/replacement/pending relation | 4: map terrain flag reader implemented independently by this audit generator	0.25	pending_manual_review	workspace region centroid is not an EI Envir gate record; no safe coordinate correction inferred
3413	1066	E402_001	连接通路	3971	Teleport Source	26	12	True	True	exact	None		All	E402	3972	E402	E402	63	72	True	True	exact	source-region-to-destination-region (MovementInfo directed edge)	1: Tools/dbeditor/workspace/MovementInfo.json + MapRegion.json | 2: reference/mir3-source/Source/GameServer/LocalDB.pas LoadMapInfos (MapInfo.txt gate model) | 3: 2026-09-25 map_manifest exact/renamed/variant/replacement/pending relation | 4: map terrain flag reader implemented independently by this audit generator	0.25	pending_manual_review	workspace region centroid is not an EI Envir gate record; no safe coordinate correction inferred
3414	1065	E402	连接通路	3973	Teleport Source	62	71	True	True	exact	None		All	E402_001	3974	E402_001	E402_001	25	12	True	True	exact	source-region-to-destination-region (MovementInfo directed edge)	1: Tools/dbeditor/workspace/MovementInfo.json + MapRegion.json | 2: reference/mir3-source/Source/GameServer/LocalDB.pas LoadMapInfos (MapInfo.txt gate model) | 3: 2026-09-25 map_manifest exact/renamed/variant/replacement/pending relation | 4: map terrain flag reader implemented independently by this audit generator	0.25	pending_manual_review	workspace region centroid is not an EI Envir gate record; no safe coordinate correction inferred
3415	616	02	银杏山谷	3975	Teleport Source	483	322	True	True	exact	None		All	D011	3976	D011	D011	154	367	True	True	exact	source-region-to-destination-region (MovementInfo directed edge)	1: Tools/dbeditor/workspace/MovementInfo.json + MapRegion.json | 2: reference/mir3-source/Source/GameServer/LocalDB.pas LoadMapInfos (MapInfo.txt gate model) | 3: 2026-09-25 map_manifest exact/renamed/variant/replacement/pending relation | 4: map terrain flag reader implemented independently by this audit generator	0.25	pending_manual_review	workspace region centroid is not an EI Envir gate record; no safe coordinate correction inferred
3416	755	D011	天然洞穴1层	3977	Teleport Source	155	368	True	True	exact	None		All	02	3978	02	02	481	324	True	True	exact	source-region-to-destination-region (MovementInfo directed edge)	1: Tools/dbeditor/workspace/MovementInfo.json + MapRegion.json | 2: reference/mir3-source/Source/GameServer/LocalDB.pas LoadMapInfos (MapInfo.txt gate model) | 3: 2026-09-25 map_manifest exact/renamed/variant/replacement/pending relation | 4: map terrain flag reader implemented independently by this audit generator	0.25	pending_manual_review	workspace region centroid is not an EI Envir gate record; no safe coordinate correction inferred
3417	755	D011	天然洞穴1层	3979	Teleport Source	155	367	True	True	exact	None		All	02	3980	02	02	481	324	True	True	exact	source-region-to-destination-region (MovementInfo directed edge)	1: Tools/dbeditor/workspace/MovementInfo.json + MapRegion.json | 2: reference/mir3-source/Source/GameServer/LocalDB.pas LoadMapInfos (MapInfo.txt gate model) | 3: 2026-09-25 map_manifest exact/renamed/variant/replacement/pending relation | 4: map terrain flag reader implemented independently by this audit generator	0.25	pending_manual_review	workspace region centroid is not an EI Envir gate record; no safe coordinate correction inferred
3418	755	D011	天然洞穴1层	3981	Teleport Source	330	115	True	True	exact	None		All	D012	3982	D012	D012	337	105	True	True	exact	source-region-to-destination-region (MovementInfo directed edge)	1: Tools/dbeditor/workspace/MovementInfo.json + MapRegion.json | 2: reference/mir3-source/Source/GameServer/LocalDB.pas LoadMapInfos (MapInfo.txt gate model) | 3: 2026-09-25 map_manifest exact/renamed/variant/replacement/pending relation | 4: map terrain flag reader implemented independently by this audit generator	0.25	pending_manual_review	workspace region centroid is not an EI Envir gate record; no safe coordinate correction inferred
3419	756	D012	天然洞穴2层	3983	Teleport Source	337	104	True	True	exact	None		All	D011	3984	D011	D011	330	116	True	True	exact	source-region-to-destination-region (MovementInfo directed edge)	1: Tools/dbeditor/workspace/MovementInfo.json + MapRegion.json | 2: reference/mir3-source/Source/GameServer/LocalDB.pas LoadMapInfos (MapInfo.txt gate model) | 3: 2026-09-25 map_manifest exact/renamed/variant/replacement/pending relation | 4: map terrain flag reader implemented independently by this audit generator	0.25	pending_manual_review	workspace region centroid is not an EI Envir gate record; no safe coordinate correction inferred
3420	755	D011	天然洞穴1层	3985	Teleport Source	127	201	True	True	exact	None		All	D012	3986	D012	D012	77	198	True	True	exact	source-region-to-destination-region (MovementInfo directed edge)	1: Tools/dbeditor/workspace/MovementInfo.json + MapRegion.json | 2: reference/mir3-source/Source/GameServer/LocalDB.pas LoadMapInfos (MapInfo.txt gate model) | 3: 2026-09-25 map_manifest exact/renamed/variant/replacement/pending relation | 4: map terrain flag reader implemented independently by this audit generator	0.25	pending_manual_review	workspace region centroid is not an EI Envir gate record; no safe coordinate correction inferred
3421	756	D012	天然洞穴2层	3987	Teleport Source	77	197	True	True	exact	None		All	D011	3988	D011	D011	127	202	True	True	exact	source-region-to-destination-region (MovementInfo directed edge)	1: Tools/dbeditor/workspace/MovementInfo.json + MapRegion.json | 2: reference/mir3-source/Source/GameServer/LocalDB.pas LoadMapInfos (MapInfo.txt gate model) | 3: 2026-09-25 map_manifest exact/renamed/variant/replacement/pending relation | 4: map terrain flag reader implemented independently by this audit generator	0.25	pending_manual_review	workspace region centroid is not an EI Envir gate record; no safe coordinate correction inferred
3422	756	D012	天然洞穴2层	3989	Teleport Source	189	144	True	True	exact	None		All	DM011	3990	DM011	DM011	5	10	True	True	exact	source-region-to-destination-region (MovementInfo directed edge)	1: Tools/dbeditor/workspace/MovementInfo.json + MapRegion.json | 2: reference/mir3-source/Source/GameServer/LocalDB.pas LoadMapInfos (MapInfo.txt gate model) | 3: 2026-09-25 map_manifest exact/renamed/variant/replacement/pending relation | 4: map terrain flag reader implemented independently by this audit generator	0.25	pending_manual_review	workspace region centroid is not an EI Envir gate record; no safe coordinate correction inferred
3423	1060	DM011	洞穴奸商	3991	Teleport Source	6	10	True	True	exact	None		All	D012	3992	D012	D012	189	145	True	True	exact	source-region-to-destination-region (MovementInfo directed edge)	1: Tools/dbeditor/workspace/MovementInfo.json + MapRegion.json | 2: reference/mir3-source/Source/GameServer/LocalDB.pas LoadMapInfos (MapInfo.txt gate model) | 3: 2026-09-25 map_manifest exact/renamed/variant/replacement/pending relation | 4: map terrain flag reader implemented independently by this audit generator	0.25	pending_manual_review	workspace region centroid is not an EI Envir gate record; no safe coordinate correction inferred
3424	142	D401	Ant Cave North	3993	Teleport Source	76	15	True	True	exact	None		All	D411	3994	D411	D411	59	8	True	True	exact	source-region-to-destination-region (MovementInfo directed edge)	1: Tools/dbeditor/workspace/MovementInfo.json + MapRegion.json | 2: reference/mir3-source/Source/GameServer/LocalDB.pas LoadMapInfos (MapInfo.txt gate model) | 3: 2026-09-25 map_manifest exact/renamed/variant/replacement/pending relation | 4: map terrain flag reader implemented independently by this audit generator	0.25	pending_manual_review	workspace region centroid is not an EI Envir gate record; no safe coordinate correction inferred
3425	849	D411	地下1层第一间房	3995	Teleport Source	60	7	True	True	exact	None		All	D401	3996	D401	D401	77	14	True	True	exact	source-region-to-destination-region (MovementInfo directed edge)	1: Tools/dbeditor/workspace/MovementInfo.json + MapRegion.json | 2: reference/mir3-source/Source/GameServer/LocalDB.pas LoadMapInfos (MapInfo.txt gate model) | 3: 2026-09-25 map_manifest exact/renamed/variant/replacement/pending relation | 4: map terrain flag reader implemented independently by this audit generator	0.25	pending_manual_review	workspace region centroid is not an EI Envir gate record; no safe coordinate correction inferred
3426	142	D401	Ant Cave North	3997	Teleport Source	179	109	True	True	exact	None		All	D413	3998	D413	D413	11	8	True	True	exact	source-region-to-destination-region (MovementInfo directed edge)	1: Tools/dbeditor/workspace/MovementInfo.json + MapRegion.json | 2: reference/mir3-source/Source/GameServer/LocalDB.pas LoadMapInfos (MapInfo.txt gate model) | 3: 2026-09-25 map_manifest exact/renamed/variant/replacement/pending relation | 4: map terrain flag reader implemented independently by this audit generator	0.25	pending_manual_review	workspace region centroid is not an EI Envir gate record; no safe coordinate correction inferred
3427	851	D413	地下1层第二间房	3999	Teleport Source	10	7	True	True	exact	None		All	D401	4000	D401	D401	179	108	True	True	exact	source-region-to-destination-region (MovementInfo directed edge)	1: Tools/dbeditor/workspace/MovementInfo.json + MapRegion.json | 2: reference/mir3-source/Source/GameServer/LocalDB.pas LoadMapInfos (MapInfo.txt gate model) | 3: 2026-09-25 map_manifest exact/renamed/variant/replacement/pending relation | 4: map terrain flag reader implemented independently by this audit generator	0.25	pending_manual_review	workspace region centroid is not an EI Envir gate record; no safe coordinate correction inferred
3428	851	D413	地下1层第二间房	4001	Teleport Source	86	9	True	True	exact	None		All	D402	4002	D402	D402	9	146	True	True	exact	source-region-to-destination-region (MovementInfo directed edge)	1: Tools/dbeditor/workspace/MovementInfo.json + MapRegion.json | 2: reference/mir3-source/Source/GameServer/LocalDB.pas LoadMapInfos (MapInfo.txt gate model) | 3: 2026-09-25 map_manifest exact/renamed/variant/replacement/pending relation | 4: map terrain flag reader implemented independently by this audit generator	0.25	pending_manual_review	workspace region centroid is not an EI Envir gate record; no safe coordinate correction inferred
3429	143	D402	Ant Cave South	4003	Teleport Source	8	147	True	True	exact	None		All	D413	4004	D413	D413	85	10	True	True	exact	source-region-to-destination-region (MovementInfo directed edge)	1: Tools/dbeditor/workspace/MovementInfo.json + MapRegion.json | 2: reference/mir3-source/Source/GameServer/LocalDB.pas LoadMapInfos (MapInfo.txt gate model) | 3: 2026-09-25 map_manifest exact/renamed/variant/replacement/pending relation | 4: map terrain flag reader implemented independently by this audit generator	0.25	pending_manual_review	workspace region centroid is not an EI Envir gate record; no safe coordinate correction inferred
3430	143	D402	Ant Cave South	4005	Teleport Source	195	81	True	True	exact	None		All	D414	4006	D414	D414	15	78	True	True	exact	source-region-to-destination-region (MovementInfo directed edge)	1: Tools/dbeditor/workspace/MovementInfo.json + MapRegion.json | 2: reference/mir3-source/Source/GameServer/LocalDB.pas LoadMapInfos (MapInfo.txt gate model) | 3: 2026-09-25 map_manifest exact/renamed/variant/replacement/pending relation | 4: map terrain flag reader implemented independently by this audit generator	0.25	pending_manual_review	workspace region centroid is not an EI Envir gate record; no safe coordinate correction inferred
3431	852	D414	地下1层第三间房	4007	Teleport Source	14	79	True	True	exact	None		All	D402	4008	D402	D402	194	82	True	True	exact	source-region-to-destination-region (MovementInfo directed edge)	1: Tools/dbeditor/workspace/MovementInfo.json + MapRegion.json | 2: reference/mir3-source/Source/GameServer/LocalDB.pas LoadMapInfos (MapInfo.txt gate model) | 3: 2026-09-25 map_manifest exact/renamed/variant/replacement/pending relation | 4: map terrain flag reader implemented independently by this audit generator	0.25	pending_manual_review	workspace region centroid is not an EI Envir gate record; no safe coordinate correction inferred
3432	144	D403	Ant Cave West	4009	Teleport Source	10	106	True	True	exact	None		All	D414	4010	D414	D414	70	20	True	True	exact	source-region-to-destination-region (MovementInfo directed edge)	1: Tools/dbeditor/workspace/MovementInfo.json + MapRegion.json | 2: reference/mir3-source/Source/GameServer/LocalDB.pas LoadMapInfos (MapInfo.txt gate model) | 3: 2026-09-25 map_manifest exact/renamed/variant/replacement/pending relation | 4: map terrain flag reader implemented independently by this audit generator	0.25	pending_manual_review	workspace region centroid is not an EI Envir gate record; no safe coordinate correction inferred
3433	852	D414	地下1层第三间房	4011	Teleport Source	71	19	True	True	exact	None		All	D403	4012	D403	D403	11	105	True	True	exact	source-region-to-destination-region (MovementInfo directed edge)	1: Tools/dbeditor/workspace/MovementInfo.json + MapRegion.json | 2: reference/mir3-source/Source/GameServer/LocalDB.pas LoadMapInfos (MapInfo.txt gate model) | 3: 2026-09-25 map_manifest exact/renamed/variant/replacement/pending relation | 4: map terrain flag reader implemented independently by this audit generator	0.25	pending_manual_review	workspace region centroid is not an EI Envir gate record; no safe coordinate correction inferred
3434	144	D403	Ant Cave West	4013	Teleport Source	121	191	True	True	exact	None		All	D412	4014	D412	D412	55	24	True	True	exact	source-region-to-destination-region (MovementInfo directed edge)	1: Tools/dbeditor/workspace/MovementInfo.json + MapRegion.json | 2: reference/mir3-source/Source/GameServer/LocalDB.pas LoadMapInfos (MapInfo.txt gate model) | 3: 2026-09-25 map_manifest exact/renamed/variant/replacement/pending relation | 4: map terrain flag reader implemented independently by this audit generator	0.25	pending_manual_review	workspace region centroid is not an EI Envir gate record; no safe coordinate correction inferred
3435	850	D412	天桥2	4015	Teleport Source	54	23	True	True	exact	None		All	D403	4016	D403	D403	120	190	True	True	exact	source-region-to-destination-region (MovementInfo directed edge)	1: Tools/dbeditor/workspace/MovementInfo.json + MapRegion.json | 2: reference/mir3-source/Source/GameServer/LocalDB.pas LoadMapInfos (MapInfo.txt gate model) | 3: 2026-09-25 map_manifest exact/renamed/variant/replacement/pending relation | 4: map terrain flag reader implemented independently by this audit generator	0.25	pending_manual_review	workspace region centroid is not an EI Envir gate record; no safe coordinate correction inferred
3436	145	D404	Ant Cave East	4017	Teleport Source	129	42	True	True	exact	None		All	D412	4018	D412	D412	52	53	True	True	exact	source-region-to-destination-region (MovementInfo directed edge)	1: Tools/dbeditor/workspace/MovementInfo.json + MapRegion.json | 2: reference/mir3-source/Source/GameServer/LocalDB.pas LoadMapInfos (MapInfo.txt gate model) | 3: 2026-09-25 map_manifest exact/renamed/variant/replacement/pending relation | 4: map terrain flag reader implemented independently by this audit generator	0.25	pending_manual_review	workspace region centroid is not an EI Envir gate record; no safe coordinate correction inferred
3437	850	D412	天桥2	4019	Teleport Source	53	52	True	True	exact	None		All	D404	4020	D404	D404	130	42	True	True	exact	source-region-to-destination-region (MovementInfo directed edge)	1: Tools/dbeditor/workspace/MovementInfo.json + MapRegion.json | 2: reference/mir3-source/Source/GameServer/LocalDB.pas LoadMapInfos (MapInfo.txt gate model) | 3: 2026-09-25 map_manifest exact/renamed/variant/replacement/pending relation | 4: map terrain flag reader implemented independently by this audit generator	0.25	pending_manual_review	workspace region centroid is not an EI Envir gate record; no safe coordinate correction inferred
3438	145	D404	Ant Cave East	4021	Teleport Source	9	152	True	True	exact	None		All	D416	4022	D416	D416	89	17	True	True	exact	source-region-to-destination-region (MovementInfo directed edge)	1: Tools/dbeditor/workspace/MovementInfo.json + MapRegion.json | 2: reference/mir3-source/Source/GameServer/LocalDB.pas LoadMapInfos (MapInfo.txt gate model) | 3: 2026-09-25 map_manifest exact/renamed/variant/replacement/pending relation | 4: map terrain flag reader implemented independently by this audit generator	0.25	pending_manual_review	workspace region centroid is not an EI Envir gate record; no safe coordinate correction inferred
3439	854	D416	天桥3	4023	Teleport Source	90	16	True	True	exact	None		All	D404	4024	D404	D404	10	151	True	True	exact	source-region-to-destination-region (MovementInfo directed edge)	1: Tools/dbeditor/workspace/MovementInfo.json + MapRegion.json | 2: reference/mir3-source/Source/GameServer/LocalDB.pas LoadMapInfos (MapInfo.txt gate model) | 3: 2026-09-25 map_manifest exact/renamed/variant/replacement/pending relation | 4: map terrain flag reader implemented independently by this audit generator	0.25	pending_manual_review	workspace region centroid is not an EI Envir gate record; no safe coordinate correction inferred
3440	845	D405	矿石储藏所	4025	Teleport Source	166	138	True	True	exact	None		All	D416	4026	D416	D416	7	55	True	True	exact	source-region-to-destination-region (MovementInfo directed edge)	1: Tools/dbeditor/workspace/MovementInfo.json + MapRegion.json | 2: reference/mir3-source/Source/GameServer/LocalDB.pas LoadMapInfos (MapInfo.txt gate model) | 3: 2026-09-25 map_manifest exact/renamed/variant/replacement/pending relation | 4: map terrain flag reader implemented independently by this audit generator	0.25	pending_manual_review	workspace region centroid is not an EI Envir gate record; no safe coordinate correction inferred
3441	854	D416	天桥3	4027	Teleport Source	6	54	True	True	exact	None		All	D405	4028	D405	D405	165	137	True	True	exact	source-region-to-destination-region (MovementInfo directed edge)	1: Tools/dbeditor/workspace/MovementInfo.json + MapRegion.json | 2: reference/mir3-source/Source/GameServer/LocalDB.pas LoadMapInfos (MapInfo.txt gate model) | 3: 2026-09-25 map_manifest exact/renamed/variant/replacement/pending relation | 4: map terrain flag reader implemented independently by this audit generator	0.25	pending_manual_review	workspace region centroid is not an EI Envir gate record; no safe coordinate correction inferred
3442	845	D405	矿石储藏所	4029	Teleport Source	11	148	True	True	exact	None		All	D415	4030	D415	D415	83	17	True	True	exact	source-region-to-destination-region (MovementInfo directed edge)	1: Tools/dbeditor/workspace/MovementInfo.json + MapRegion.json | 2: reference/mir3-source/Source/GameServer/LocalDB.pas LoadMapInfos (MapInfo.txt gate model) | 3: 2026-09-25 map_manifest exact/renamed/variant/replacement/pending relation | 4: map terrain flag reader implemented independently by this audit generator	0.25	pending_manual_review	workspace region centroid is not an EI Envir gate record; no safe coordinate correction inferred
3443	853	D415	天桥1	4031	Teleport Source	84	16	True	True	exact	None		All	D405	4032	D405	D405	12	147	True	True	exact	source-region-to-destination-region (MovementInfo directed edge)	1: Tools/dbeditor/workspace/MovementInfo.json + MapRegion.json | 2: reference/mir3-source/Source/GameServer/LocalDB.pas LoadMapInfos (MapInfo.txt gate model) | 3: 2026-09-25 map_manifest exact/renamed/variant/replacement/pending relation | 4: map terrain flag reader implemented independently by this audit generator	0.25	pending_manual_review	workspace region centroid is not an EI Envir gate record; no safe coordinate correction inferred
3444	847	D406	废矿南部洞穴	4033	Teleport Source	186	119	True	True	exact	None		All	D415	4034	D415	D415	9	85	True	True	exact	source-region-to-destination-region (MovementInfo directed edge)	1: Tools/dbeditor/workspace/MovementInfo.json + MapRegion.json | 2: reference/mir3-source/Source/GameServer/LocalDB.pas LoadMapInfos (MapInfo.txt gate model) | 3: 2026-09-25 map_manifest exact/renamed/variant/replacement/pending relation | 4: map terrain flag reader implemented independently by this audit generator	0.25	pending_manual_review	workspace region centroid is not an EI Envir gate record; no safe coordinate correction inferred
3445	853	D415	天桥1	4035	Teleport Source	8	86	True	True	exact	None		All	D406	4036	D406	D406	185	120	True	True	exact	source-region-to-destination-region (MovementInfo directed edge)	1: Tools/dbeditor/workspace/MovementInfo.json + MapRegion.json | 2: reference/mir3-source/Source/GameServer/LocalDB.pas LoadMapInfos (MapInfo.txt gate model) | 3: 2026-09-25 map_manifest exact/renamed/variant/replacement/pending relation | 4: map terrain flag reader implemented independently by this audit generator	0.25	pending_manual_review	workspace region centroid is not an EI Envir gate record; no safe coordinate correction inferred
3446	847	D406	废矿南部洞穴	4037	Teleport Source	23	15	True	True	exact	None		All	D411	4038	D411	D411	94	48	True	True	exact	source-region-to-destination-region (MovementInfo directed edge)	1: Tools/dbeditor/workspace/MovementInfo.json + MapRegion.json | 2: reference/mir3-source/Source/GameServer/LocalDB.pas LoadMapInfos (MapInfo.txt gate model) | 3: 2026-09-25 map_manifest exact/renamed/variant/replacement/pending relation | 4: map terrain flag reader implemented independently by this audit generator	0.25	pending_manual_review	workspace region centroid is not an EI Envir gate record; no safe coordinate correction inferred
3447	849	D411	地下1层第一间房	4039	Teleport Source	95	49	True	True	exact	None		All	D406	4040	D406	D406	24	16	True	True	exact	source-region-to-destination-region (MovementInfo directed edge)	1: Tools/dbeditor/workspace/MovementInfo.json + MapRegion.json | 2: reference/mir3-source/Source/GameServer/LocalDB.pas LoadMapInfos (MapInfo.txt gate model) | 3: 2026-09-25 map_manifest exact/renamed/variant/replacement/pending relation | 4: map terrain flag reader implemented independently by this audit generator	0.25	pending_manual_review	workspace region centroid is not an EI Envir gate record; no safe coordinate correction inferred
3448	6	2	Banya Village	4041	Teleport Source	366	200	True	True	exact	None		All	D421	4042	D421	D421	30	374	True	True	exact	source-region-to-destination-region (MovementInfo directed edge)	1: Tools/dbeditor/workspace/MovementInfo.json + MapRegion.json | 2: reference/mir3-source/Source/GameServer/LocalDB.pas LoadMapInfos (MapInfo.txt gate model) | 3: 2026-09-25 map_manifest exact/renamed/variant/replacement/pending relation | 4: map terrain flag reader implemented independently by this audit generator	0.25	pending_manual_review	workspace region centroid is not an EI Envir gate record; no safe coordinate correction inferred
3449	856	D421	矿山1层	4043	Teleport Source	30	375	True	True	exact	None		All	2	4044	2	2	365	201	True	True	exact	source-region-to-destination-region (MovementInfo directed edge)	1: Tools/dbeditor/workspace/MovementInfo.json + MapRegion.json | 2: reference/mir3-source/Source/GameServer/LocalDB.pas LoadMapInfos (MapInfo.txt gate model) | 3: 2026-09-25 map_manifest exact/renamed/variant/replacement/pending relation | 4: map terrain flag reader implemented independently by this audit generator	0.25	pending_manual_review	workspace region centroid is not an EI Envir gate record; no safe coordinate correction inferred
3450	6	2	Banya Village	4045	Teleport Source	342	137	True	True	exact	None		All	D431	4046	D431	D431	25	181	True	True	exact	source-region-to-destination-region (MovementInfo directed edge)	1: Tools/dbeditor/workspace/MovementInfo.json + MapRegion.json | 2: reference/mir3-source/Source/GameServer/LocalDB.pas LoadMapInfos (MapInfo.txt gate model) | 3: 2026-09-25 map_manifest exact/renamed/variant/replacement/pending relation | 4: map terrain flag reader implemented independently by this audit generator	0.25	pending_manual_review	workspace region centroid is not an EI Envir gate record; no safe coordinate correction inferred
3451	862	D431	北部矿山入口	4047	Teleport Source	24	182	True	True	exact	None		All	2	4048	2	2	341	138	True	True	exact	source-region-to-destination-region (MovementInfo directed edge)	1: Tools/dbeditor/workspace/MovementInfo.json + MapRegion.json | 2: reference/mir3-source/Source/GameServer/LocalDB.pas LoadMapInfos (MapInfo.txt gate model) | 3: 2026-09-25 map_manifest exact/renamed/variant/replacement/pending relation | 4: map terrain flag reader implemented independently by this audit generator	0.25	pending_manual_review	workspace region centroid is not an EI Envir gate record; no safe coordinate correction inferred
3452	862	D431	北部矿山入口	4049	Teleport Source	76	15	True	True	exact	None		All	D441	4050	D441	D441	59	8	True	True	exact	source-region-to-destination-region (MovementInfo directed edge)	1: Tools/dbeditor/workspace/MovementInfo.json + MapRegion.json | 2: reference/mir3-source/Source/GameServer/LocalDB.pas LoadMapInfos (MapInfo.txt gate model) | 3: 2026-09-25 map_manifest exact/renamed/variant/replacement/pending relation | 4: map terrain flag reader implemented independently by this audit generator	0.25	pending_manual_review	workspace region centroid is not an EI Envir gate record; no safe coordinate correction inferred
3453	875	D441	北部地下1层第一间房	4051	Teleport Source	60	7	True	True	exact	None		All	D431	4052	D431	D431	77	14	True	True	exact	source-region-to-destination-region (MovementInfo directed edge)	1: Tools/dbeditor/workspace/MovementInfo.json + MapRegion.json | 2: reference/mir3-source/Source/GameServer/LocalDB.pas LoadMapInfos (MapInfo.txt gate model) | 3: 2026-09-25 map_manifest exact/renamed/variant/replacement/pending relation | 4: map terrain flag reader implemented independently by this audit generator	0.25	pending_manual_review	workspace region centroid is not an EI Envir gate record; no safe coordinate correction inferred
3454	862	D431	北部矿山入口	4053	Teleport Source	179	109	True	True	exact	None		All	D443	4054	D443	D443	11	8	True	True	exact	source-region-to-destination-region (MovementInfo directed edge)	1: Tools/dbeditor/workspace/MovementInfo.json + MapRegion.json | 2: reference/mir3-source/Source/GameServer/LocalDB.pas LoadMapInfos (MapInfo.txt gate model) | 3: 2026-09-25 map_manifest exact/renamed/variant/replacement/pending relation | 4: map terrain flag reader implemented independently by this audit generator	0.25	pending_manual_review	workspace region centroid is not an EI Envir gate record; no safe coordinate correction inferred
3455	877	D443	北部地下1层第二间房	4055	Teleport Source	10	7	True	True	exact	None		All	D431	4056	D431	D431	179	108	True	True	exact	source-region-to-destination-region (MovementInfo directed edge)	1: Tools/dbeditor/workspace/MovementInfo.json + MapRegion.json | 2: reference/mir3-source/Source/GameServer/LocalDB.pas LoadMapInfos (MapInfo.txt gate model) | 3: 2026-09-25 map_manifest exact/renamed/variant/replacement/pending relation | 4: map terrain flag reader implemented independently by this audit generator	0.25	pending_manual_review	workspace region centroid is not an EI Envir gate record; no safe coordinate correction inferred
3456	877	D443	北部地下1层第二间房	4057	Teleport Source	86	9	True	True	exact	None		All	D432	4058	D432	D432	9	146	True	True	exact	source-region-to-destination-region (MovementInfo directed edge)	1: Tools/dbeditor/workspace/MovementInfo.json + MapRegion.json | 2: reference/mir3-source/Source/GameServer/LocalDB.pas LoadMapInfos (MapInfo.txt gate model) | 3: 2026-09-25 map_manifest exact/renamed/variant/replacement/pending relation | 4: map terrain flag reader implemented independently by this audit generator	0.25	pending_manual_review	workspace region centroid is not an EI Envir gate record; no safe coordinate correction inferred
3457	864	D432	北部矿山东面洞穴	4059	Teleport Source	8	147	True	True	exact	None		All	D443	4060	D443	D443	85	10	True	True	exact	source-region-to-destination-region (MovementInfo directed edge)	1: Tools/dbeditor/workspace/MovementInfo.json + MapRegion.json | 2: reference/mir3-source/Source/GameServer/LocalDB.pas LoadMapInfos (MapInfo.txt gate model) | 3: 2026-09-25 map_manifest exact/renamed/variant/replacement/pending relation | 4: map terrain flag reader implemented independently by this audit generator	0.25	pending_manual_review	workspace region centroid is not an EI Envir gate record; no safe coordinate correction inferred
3458	864	D432	北部矿山东面洞穴	4061	Teleport Source	195	81	True	True	exact	None		All	D444	4062	D444	D444	15	78	True	True	exact	source-region-to-destination-region (MovementInfo directed edge)	1: Tools/dbeditor/workspace/MovementInfo.json + MapRegion.json | 2: reference/mir3-source/Source/GameServer/LocalDB.pas LoadMapInfos (MapInfo.txt gate model) | 3: 2026-09-25 map_manifest exact/renamed/variant/replacement/pending relation | 4: map terrain flag reader implemented independently by this audit generator	0.25	pending_manual_review	workspace region centroid is not an EI Envir gate record; no safe coordinate correction inferred
3459	878	D444	北部地下1层第三间房	4063	Teleport Source	14	79	True	True	exact	None		All	D432	4064	D432	D432	194	82	True	True	exact	source-region-to-destination-region (MovementInfo directed edge)	1: Tools/dbeditor/workspace/MovementInfo.json + MapRegion.json | 2: reference/mir3-source/Source/GameServer/LocalDB.pas LoadMapInfos (MapInfo.txt gate model) | 3: 2026-09-25 map_manifest exact/renamed/variant/replacement/pending relation | 4: map terrain flag reader implemented independently by this audit generator	0.25	pending_manual_review	workspace region centroid is not an EI Envir gate record; no safe coordinate correction inferred
3460	866	D433	北部地下1层采矿所	4065	Teleport Source	10	106	True	True	exact	None		All	D444	4066	D444	D444	70	20	True	True	exact	source-region-to-destination-region (MovementInfo directed edge)	1: Tools/dbeditor/workspace/MovementInfo.json + MapRegion.json | 2: reference/mir3-source/Source/GameServer/LocalDB.pas LoadMapInfos (MapInfo.txt gate model) | 3: 2026-09-25 map_manifest exact/renamed/variant/replacement/pending relation | 4: map terrain flag reader implemented independently by this audit generator	0.25	pending_manual_review	workspace region centroid is not an EI Envir gate record; no safe coordinate correction inferred
3461	878	D444	北部地下1层第三间房	4067	Teleport Source	71	19	True	True	exact	None		All	D433	4068	D433	D433	11	105	True	True	exact	source-region-to-destination-region (MovementInfo directed edge)	1: Tools/dbeditor/workspace/MovementInfo.json + MapRegion.json | 2: reference/mir3-source/Source/GameServer/LocalDB.pas LoadMapInfos (MapInfo.txt gate model) | 3: 2026-09-25 map_manifest exact/renamed/variant/replacement/pending relation | 4: map terrain flag reader implemented independently by this audit generator	0.25	pending_manual_review	workspace region centroid is not an EI Envir gate record; no safe coordinate correction inferred
3462	866	D433	北部地下1层采矿所	4069	Teleport Source	121	191	True	True	exact	None		All	D442	4070	D442	D442	55	24	True	True	exact	source-region-to-destination-region (MovementInfo directed edge)	1: Tools/dbeditor/workspace/MovementInfo.json + MapRegion.json | 2: reference/mir3-source/Source/GameServer/LocalDB.pas LoadMapInfos (MapInfo.txt gate model) | 3: 2026-09-25 map_manifest exact/renamed/variant/replacement/pending relation | 4: map terrain flag reader implemented independently by this audit generator	0.25	pending_manual_review	workspace region centroid is not an EI Envir gate record; no safe coordinate correction inferred
3463	876	D442	北部天桥2	4071	Teleport Source	54	23	True	True	exact	None		All	D433	4072	D433	D433	120	190	True	True	exact	source-region-to-destination-region (MovementInfo directed edge)	1: Tools/dbeditor/workspace/MovementInfo.json + MapRegion.json | 2: reference/mir3-source/Source/GameServer/LocalDB.pas LoadMapInfos (MapInfo.txt gate model) | 3: 2026-09-25 map_manifest exact/renamed/variant/replacement/pending relation | 4: map terrain flag reader implemented independently by this audit generator	0.25	pending_manual_review	workspace region centroid is not an EI Envir gate record; no safe coordinate correction inferred
3464	868	D434	北部地下2层采矿所	4073	Teleport Source	129	42	True	True	exact	None		All	D442	4074	D442	D442	52	53	True	True	exact	source-region-to-destination-region (MovementInfo directed edge)	1: Tools/dbeditor/workspace/MovementInfo.json + MapRegion.json | 2: reference/mir3-source/Source/GameServer/LocalDB.pas LoadMapInfos (MapInfo.txt gate model) | 3: 2026-09-25 map_manifest exact/renamed/variant/replacement/pending relation | 4: map terrain flag reader implemented independently by this audit generator	0.25	pending_manual_review	workspace region centroid is not an EI Envir gate record; no safe coordinate correction inferred
3465	876	D442	北部天桥2	4075	Teleport Source	53	52	True	True	exact	None		All	D434	4076	D434	D434	130	42	True	True	exact	source-region-to-destination-region (MovementInfo directed edge)	1: Tools/dbeditor/workspace/MovementInfo.json + MapRegion.json | 2: reference/mir3-source/Source/GameServer/LocalDB.pas LoadMapInfos (MapInfo.txt gate model) | 3: 2026-09-25 map_manifest exact/renamed/variant/replacement/pending relation | 4: map terrain flag reader implemented independently by this audit generator	0.25	pending_manual_review	workspace region centroid is not an EI Envir gate record; no safe coordinate correction inferred
3466	868	D434	北部地下2层采矿所	4077	Teleport Source	9	152	True	True	exact	None		All	D446	4078	D446	D446	89	17	True	True	exact	source-region-to-destination-region (MovementInfo directed edge)	1: Tools/dbeditor/workspace/MovementInfo.json + MapRegion.json | 2: reference/mir3-source/Source/GameServer/LocalDB.pas LoadMapInfos (MapInfo.txt gate model) | 3: 2026-09-25 map_manifest exact/renamed/variant/replacement/pending relation | 4: map terrain flag reader implemented independently by this audit generator	0.25	pending_manual_review	workspace region centroid is not an EI Envir gate record; no safe coordinate correction inferred
3467	880	D446	北部天桥3	4079	Teleport Source	90	16	True	True	exact	None		All	D434	4080	D434	D434	10	151	True	True	exact	source-region-to-destination-region (MovementInfo directed edge)	1: Tools/dbeditor/workspace/MovementInfo.json + MapRegion.json | 2: reference/mir3-source/Source/GameServer/LocalDB.pas LoadMapInfos (MapInfo.txt gate model) | 3: 2026-09-25 map_manifest exact/renamed/variant/replacement/pending relation | 4: map terrain flag reader implemented independently by this audit generator	0.25	pending_manual_review	workspace region centroid is not an EI Envir gate record; no safe coordinate correction inferred
3468	871	D435	北部矿石储藏所	4081	Teleport Source	166	138	True	True	exact	None		All	D446	4082	D446	D446	7	55	True	True	exact	source-region-to-destination-region (MovementInfo directed edge)	1: Tools/dbeditor/workspace/MovementInfo.json + MapRegion.json | 2: reference/mir3-source/Source/GameServer/LocalDB.pas LoadMapInfos (MapInfo.txt gate model) | 3: 2026-09-25 map_manifest exact/renamed/variant/replacement/pending relation | 4: map terrain flag reader implemented independently by this audit generator	0.25	pending_manual_review	workspace region centroid is not an EI Envir gate record; no safe coordinate correction inferred
3469	880	D446	北部天桥3	4083	Teleport Source	6	54	True	True	exact	None		All	D435	4084	D435	D435	165	137	True	True	exact	source-region-to-destination-region (MovementInfo directed edge)	1: Tools/dbeditor/workspace/MovementInfo.json + MapRegion.json | 2: reference/mir3-source/Source/GameServer/LocalDB.pas LoadMapInfos (MapInfo.txt gate model) | 3: 2026-09-25 map_manifest exact/renamed/variant/replacement/pending relation | 4: map terrain flag reader implemented independently by this audit generator	0.25	pending_manual_review	workspace region centroid is not an EI Envir gate record; no safe coordinate correction inferred
3470	871	D435	北部矿石储藏所	4085	Teleport Source	11	148	True	True	exact	None		All	D445	4086	D445	D445	83	17	True	True	exact	source-region-to-destination-region (MovementInfo directed edge)	1: Tools/dbeditor/workspace/MovementInfo.json + MapRegion.json | 2: reference/mir3-source/Source/GameServer/LocalDB.pas LoadMapInfos (MapInfo.txt gate model) | 3: 2026-09-25 map_manifest exact/renamed/variant/replacement/pending relation | 4: map terrain flag reader implemented independently by this audit generator	0.25	pending_manual_review	workspace region centroid is not an EI Envir gate record; no safe coordinate correction inferred
3471	879	D445	北部天桥1	4087	Teleport Source	84	16	True	True	exact	None		All	D435	4088	D435	D435	12	147	True	True	exact	source-region-to-destination-region (MovementInfo directed edge)	1: Tools/dbeditor/workspace/MovementInfo.json + MapRegion.json | 2: reference/mir3-source/Source/GameServer/LocalDB.pas LoadMapInfos (MapInfo.txt gate model) | 3: 2026-09-25 map_manifest exact/renamed/variant/replacement/pending relation | 4: map terrain flag reader implemented independently by this audit generator	0.25	pending_manual_review	workspace region centroid is not an EI Envir gate record; no safe coordinate correction inferred
3472	873	D436	北部废矿南面洞穴	4089	Teleport Source	186	119	True	True	exact	None		All	D445	4090	D445	D445	9	85	True	True	exact	source-region-to-destination-region (MovementInfo directed edge)	1: Tools/dbeditor/workspace/MovementInfo.json + MapRegion.json | 2: reference/mir3-source/Source/GameServer/LocalDB.pas LoadMapInfos (MapInfo.txt gate model) | 3: 2026-09-25 map_manifest exact/renamed/variant/replacement/pending relation | 4: map terrain flag reader implemented independently by this audit generator	0.25	pending_manual_review	workspace region centroid is not an EI Envir gate record; no safe coordinate correction inferred
3473	879	D445	北部天桥1	4091	Teleport Source	8	86	True	True	exact	None		All	D436	4092	D436	D436	185	120	True	True	exact	source-region-to-destination-region (MovementInfo directed edge)	1: Tools/dbeditor/workspace/MovementInfo.json + MapRegion.json | 2: reference/mir3-source/Source/GameServer/LocalDB.pas LoadMapInfos (MapInfo.txt gate model) | 3: 2026-09-25 map_manifest exact/renamed/variant/replacement/pending relation | 4: map terrain flag reader implemented independently by this audit generator	0.25	pending_manual_review	workspace region centroid is not an EI Envir gate record; no safe coordinate correction inferred
3474	873	D436	北部废矿南面洞穴	4093	Teleport Source	23	15	True	True	exact	None		All	D441	4094	D441	D441	94	48	True	True	exact	source-region-to-destination-region (MovementInfo directed edge)	1: Tools/dbeditor/workspace/MovementInfo.json + MapRegion.json | 2: reference/mir3-source/Source/GameServer/LocalDB.pas LoadMapInfos (MapInfo.txt gate model) | 3: 2026-09-25 map_manifest exact/renamed/variant/replacement/pending relation | 4: map terrain flag reader implemented independently by this audit generator	0.25	pending_manual_review	workspace region centroid is not an EI Envir gate record; no safe coordinate correction inferred
3475	875	D441	北部地下1层第一间房	4095	Teleport Source	95	49	True	True	exact	None		All	D436	4096	D436	D436	24	16	True	True	exact	source-region-to-destination-region (MovementInfo directed edge)	1: Tools/dbeditor/workspace/MovementInfo.json + MapRegion.json | 2: reference/mir3-source/Source/GameServer/LocalDB.pas LoadMapInfos (MapInfo.txt gate model) | 3: 2026-09-25 map_manifest exact/renamed/variant/replacement/pending relation | 4: map terrain flag reader implemented independently by this audit generator	0.25	pending_manual_review	workspace region centroid is not an EI Envir gate record; no safe coordinate correction inferred
3476	6	2	Banya Village	4097	Teleport Source	350	261	True	True	exact	None		All	D451	4098	D451	D451	30	374	True	True	exact	source-region-to-destination-region (MovementInfo directed edge)	1: Tools/dbeditor/workspace/MovementInfo.json + MapRegion.json | 2: reference/mir3-source/Source/GameServer/LocalDB.pas LoadMapInfos (MapInfo.txt gate model) | 3: 2026-09-25 map_manifest exact/renamed/variant/replacement/pending relation | 4: map terrain flag reader implemented independently by this audit generator	0.25	pending_manual_review	workspace region centroid is not an EI Envir gate record; no safe coordinate correction inferred
3477	881	D451	南部矿山1层	4099	Teleport Source	30	375	True	True	exact	None		All	2	4100	2	2	349	262	True	True	exact	source-region-to-destination-region (MovementInfo directed edge)	1: Tools/dbeditor/workspace/MovementInfo.json + MapRegion.json | 2: reference/mir3-source/Source/GameServer/LocalDB.pas LoadMapInfos (MapInfo.txt gate model) | 3: 2026-09-25 map_manifest exact/renamed/variant/replacement/pending relation | 4: map terrain flag reader implemented independently by this audit generator	0.25	pending_manual_review	workspace region centroid is not an EI Envir gate record; no safe coordinate correction inferred
3478	142	D401	Ant Cave North	4101	Teleport Source	80	172	True	True	exact	None		All	D401_001	4102	D401_001	D401_001	15	15	True	True	exact	source-region-to-destination-region (MovementInfo directed edge)	1: Tools/dbeditor/workspace/MovementInfo.json + MapRegion.json | 2: reference/mir3-source/Source/GameServer/LocalDB.pas LoadMapInfos (MapInfo.txt gate model) | 3: 2026-09-25 map_manifest exact/renamed/variant/replacement/pending relation | 4: map terrain flag reader implemented independently by this audit generator	0.25	pending_manual_review	workspace region centroid is not an EI Envir gate record; no safe coordinate correction inferred
3479	142	D401	Ant Cave North	4103	Teleport Source	81	92	True	True	exact	None		All	D401_001	4104	D401_001	D401_001	15	15	True	True	exact	source-region-to-destination-region (MovementInfo directed edge)	1: Tools/dbeditor/workspace/MovementInfo.json + MapRegion.json | 2: reference/mir3-source/Source/GameServer/LocalDB.pas LoadMapInfos (MapInfo.txt gate model) | 3: 2026-09-25 map_manifest exact/renamed/variant/replacement/pending relation | 4: map terrain flag reader implemented independently by this audit generator	0.25	pending_manual_review	workspace region centroid is not an EI Envir gate record; no safe coordinate correction inferred
3480	142	D401	Ant Cave North	4105	Teleport Source	127	156	True	True	exact	None		All	D401_001	4106	D401_001	D401_001	15	15	True	True	exact	source-region-to-destination-region (MovementInfo directed edge)	1: Tools/dbeditor/workspace/MovementInfo.json + MapRegion.json | 2: reference/mir3-source/Source/GameServer/LocalDB.pas LoadMapInfos (MapInfo.txt gate model) | 3: 2026-09-25 map_manifest exact/renamed/variant/replacement/pending relation | 4: map terrain flag reader implemented independently by this audit generator	0.25	pending_manual_review	workspace region centroid is not an EI Envir gate record; no safe coordinate correction inferred
3481	142	D401	Ant Cave North	4107	Teleport Source	152	118	True	True	exact	None		All	D401_001	4108	D401_001	D401_001	15	15	True	True	exact	source-region-to-destination-region (MovementInfo directed edge)	1: Tools/dbeditor/workspace/MovementInfo.json + MapRegion.json | 2: reference/mir3-source/Source/GameServer/LocalDB.pas LoadMapInfos (MapInfo.txt gate model) | 3: 2026-09-25 map_manifest exact/renamed/variant/replacement/pending relation | 4: map terrain flag reader implemented independently by this audit generator	0.25	pending_manual_review	workspace region centroid is not an EI Envir gate record; no safe coordinate correction inferred
3482	142	D401	Ant Cave North	4109	Teleport Source	120	109	True	True	exact	None		All	D401_001	4110	D401_001	D401_001	15	15	True	True	exact	source-region-to-destination-region (MovementInfo directed edge)	1: Tools/dbeditor/workspace/MovementInfo.json + MapRegion.json | 2: reference/mir3-source/Source/GameServer/LocalDB.pas LoadMapInfos (MapInfo.txt gate model) | 3: 2026-09-25 map_manifest exact/renamed/variant/replacement/pending relation | 4: map terrain flag reader implemented independently by this audit generator	0.25	pending_manual_review	workspace region centroid is not an EI Envir gate record; no safe coordinate correction inferred
3483	143	D402	Ant Cave South	4111	Teleport Source	27	116	True	True	exact	None		All	D402_001	4112	D402_001	D402_001	15	15	True	True	exact	source-region-to-destination-region (MovementInfo directed edge)	1: Tools/dbeditor/workspace/MovementInfo.json + MapRegion.json | 2: reference/mir3-source/Source/GameServer/LocalDB.pas LoadMapInfos (MapInfo.txt gate model) | 3: 2026-09-25 map_manifest exact/renamed/variant/replacement/pending relation | 4: map terrain flag reader implemented independently by this audit generator	0.25	pending_manual_review	workspace region centroid is not an EI Envir gate record; no safe coordinate correction inferred
3484	143	D402	Ant Cave South	4113	Teleport Source	89	62	True	True	exact	None		All	D402_001	4114	D402_001	D402_001	15	15	True	True	exact	source-region-to-destination-region (MovementInfo directed edge)	1: Tools/dbeditor/workspace/MovementInfo.json + MapRegion.json | 2: reference/mir3-source/Source/GameServer/LocalDB.pas LoadMapInfos (MapInfo.txt gate model) | 3: 2026-09-25 map_manifest exact/renamed/variant/replacement/pending relation | 4: map terrain flag reader implemented independently by this audit generator	0.25	pending_manual_review	workspace region centroid is not an EI Envir gate record; no safe coordinate correction inferred
3485	143	D402	Ant Cave South	4115	Teleport Source	22	105	True	True	exact	None		All	D402_001	4116	D402_001	D402_001	15	15	True	True	exact	source-region-to-destination-region (MovementInfo directed edge)	1: Tools/dbeditor/workspace/MovementInfo.json + MapRegion.json | 2: reference/mir3-source/Source/GameServer/LocalDB.pas LoadMapInfos (MapInfo.txt gate model) | 3: 2026-09-25 map_manifest exact/renamed/variant/replacement/pending relation | 4: map terrain flag reader implemented independently by this audit generator	0.25	pending_manual_review	workspace region centroid is not an EI Envir gate record; no safe coordinate correction inferred
3486	143	D402	Ant Cave South	4117	Teleport Source	151	16	True	True	exact	None		All	D402_001	4118	D402_001	D402_001	15	15	True	True	exact	source-region-to-destination-region (MovementInfo directed edge)	1: Tools/dbeditor/workspace/MovementInfo.json + MapRegion.json | 2: reference/mir3-source/Source/GameServer/LocalDB.pas LoadMapInfos (MapInfo.txt gate model) | 3: 2026-09-25 map_manifest exact/renamed/variant/replacement/pending relation | 4: map terrain flag reader implemented independently by this audit generator	0.25	pending_manual_review	workspace region centroid is not an EI Envir gate record; no safe coordinate correction inferred
3487	143	D402	Ant Cave South	4119	Teleport Source	143	75	True	True	exact	None		All	D402_001	4120	D402_001	D402_001	15	15	True	True	exact	source-region-to-destination-region (MovementInfo directed edge)	1: Tools/dbeditor/workspace/MovementInfo.json + MapRegion.json | 2: reference/mir3-source/Source/GameServer/LocalDB.pas LoadMapInfos (MapInfo.txt gate model) | 3: 2026-09-25 map_manifest exact/renamed/variant/replacement/pending relation | 4: map terrain flag reader implemented independently by this audit generator	0.25	pending_manual_review	workspace region centroid is not an EI Envir gate record; no safe coordinate correction inferred
3488	144	D403	Ant Cave West	4121	Teleport Source	28	144	True	True	exact	None		All	D403_001	4122	D403_001	D403_001	15	15	True	True	exact	source-region-to-destination-region (MovementInfo directed edge)	1: Tools/dbeditor/workspace/MovementInfo.json + MapRegion.json | 2: reference/mir3-source/Source/GameServer/LocalDB.pas LoadMapInfos (MapInfo.txt gate model) | 3: 2026-09-25 map_manifest exact/renamed/variant/replacement/pending relation | 4: map terrain flag reader implemented independently by this audit generator	0.25	pending_manual_review	workspace region centroid is not an EI Envir gate record; no safe coordinate correction inferred
3489	144	D403	Ant Cave West	4123	Teleport Source	86	118	True	True	exact	None		All	D403_001	4124	D403_001	D403_001	15	15	True	True	exact	source-region-to-destination-region (MovementInfo directed edge)	1: Tools/dbeditor/workspace/MovementInfo.json + MapRegion.json | 2: reference/mir3-source/Source/GameServer/LocalDB.pas LoadMapInfos (MapInfo.txt gate model) | 3: 2026-09-25 map_manifest exact/renamed/variant/replacement/pending relation | 4: map terrain flag reader implemented independently by this audit generator	0.25	pending_manual_review	workspace region centroid is not an EI Envir gate record; no safe coordinate correction inferred
3490	144	D403	Ant Cave West	4125	Teleport Source	88	116	True	True	exact	None		All	D403_001	4126	D403_001	D403_001	15	15	True	True	exact	source-region-to-destination-region (MovementInfo directed edge)	1: Tools/dbeditor/workspace/MovementInfo.json + MapRegion.json | 2: reference/mir3-source/Source/GameServer/LocalDB.pas LoadMapInfos (MapInfo.txt gate model) | 3: 2026-09-25 map_manifest exact/renamed/variant/replacement/pending relation | 4: map terrain flag reader implemented independently by this audit generator	0.25	pending_manual_review	workspace region centroid is not an EI Envir gate record; no safe coordinate correction inferred
3491	144	D403	Ant Cave West	4127	Teleport Source	160	70	True	True	exact	None		All	D403_001	4128	D403_001	D403_001	15	15	True	True	exact	source-region-to-destination-region (MovementInfo directed edge)	1: Tools/dbeditor/workspace/MovementInfo.json + MapRegion.json | 2: reference/mir3-source/Source/GameServer/LocalDB.pas LoadMapInfos (MapInfo.txt gate model) | 3: 2026-09-25 map_manifest exact/renamed/variant/replacement/pending relation | 4: map terrain flag reader implemented independently by this audit generator	0.25	pending_manual_review	workspace region centroid is not an EI Envir gate record; no safe coordinate correction inferred
3492	144	D403	Ant Cave West	4129	Teleport Source	146	152	True	True	exact	None		All	D403_001	4130	D403_001	D403_001	15	15	True	True	exact	source-region-to-destination-region (MovementInfo directed edge)	1: Tools/dbeditor/workspace/MovementInfo.json + MapRegion.json | 2: reference/mir3-source/Source/GameServer/LocalDB.pas LoadMapInfos (MapInfo.txt gate model) | 3: 2026-09-25 map_manifest exact/renamed/variant/replacement/pending relation | 4: map terrain flag reader implemented independently by this audit generator	0.25	pending_manual_review	workspace region centroid is not an EI Envir gate record; no safe coordinate correction inferred
3493	145	D404	Ant Cave East	4131	Teleport Source	78	80	True	True	exact	None		All	D404_001	4132	D404_001	D404_001	15	15	True	True	exact	source-region-to-destination-region (MovementInfo directed edge)	1: Tools/dbeditor/workspace/MovementInfo.json + MapRegion.json | 2: reference/mir3-source/Source/GameServer/LocalDB.pas LoadMapInfos (MapInfo.txt gate model) | 3: 2026-09-25 map_manifest exact/renamed/variant/replacement/pending relation | 4: map terrain flag reader implemented independently by this audit generator	0.25	pending_manual_review	workspace region centroid is not an EI Envir gate record; no safe coordinate correction inferred
3494	145	D404	Ant Cave East	4133	Teleport Source	82	69	True	True	exact	None		All	D404_001	4134	D404_001	D404_001	15	15	True	True	exact	source-region-to-destination-region (MovementInfo directed edge)	1: Tools/dbeditor/workspace/MovementInfo.json + MapRegion.json | 2: reference/mir3-source/Source/GameServer/LocalDB.pas LoadMapInfos (MapInfo.txt gate model) | 3: 2026-09-25 map_manifest exact/renamed/variant/replacement/pending relation | 4: map terrain flag reader implemented independently by this audit generator	0.25	pending_manual_review	workspace region centroid is not an EI Envir gate record; no safe coordinate correction inferred
3495	145	D404	Ant Cave East	4135	Teleport Source	150	186	True	True	exact	None		All	D404_001	4136	D404_001	D404_001	15	15	True	True	exact	source-region-to-destination-region (MovementInfo directed edge)	1: Tools/dbeditor/workspace/MovementInfo.json + MapRegion.json | 2: reference/mir3-source/Source/GameServer/LocalDB.pas LoadMapInfos (MapInfo.txt gate model) | 3: 2026-09-25 map_manifest exact/renamed/variant/replacement/pending relation | 4: map terrain flag reader implemented independently by this audit generator	0.25	pending_manual_review	workspace region centroid is not an EI Envir gate record; no safe coordinate correction inferred
3496	145	D404	Ant Cave East	4137	Teleport Source	78	152	True	True	exact	None		All	D404_001	4138	D404_001	D404_001	15	15	True	True	exact	source-region-to-destination-region (MovementInfo directed edge)	1: Tools/dbeditor/workspace/MovementInfo.json + MapRegion.json | 2: reference/mir3-source/Source/GameServer/LocalDB.pas LoadMapInfos (MapInfo.txt gate model) | 3: 2026-09-25 map_manifest exact/renamed/variant/replacement/pending relation | 4: map terrain flag reader implemented independently by this audit generator	0.25	pending_manual_review	workspace region centroid is not an EI Envir gate record; no safe coordinate correction inferred
3497	145	D404	Ant Cave East	4139	Teleport Source	104	99	True	True	exact	None		All	D404_001	4140	D404_001	D404_001	15	15	True	True	exact	source-region-to-destination-region (MovementInfo directed edge)	1: Tools/dbeditor/workspace/MovementInfo.json + MapRegion.json | 2: reference/mir3-source/Source/GameServer/LocalDB.pas LoadMapInfos (MapInfo.txt gate model) | 3: 2026-09-25 map_manifest exact/renamed/variant/replacement/pending relation | 4: map terrain flag reader implemented independently by this audit generator	0.25	pending_manual_review	workspace region centroid is not an EI Envir gate record; no safe coordinate correction inferred
3498	845	D405	矿石储藏所	4141	Teleport Source	82	154	True	True	exact	None		All	D405_001	4142	D405_001	D405_001	15	15	True	True	exact	source-region-to-destination-region (MovementInfo directed edge)	1: Tools/dbeditor/workspace/MovementInfo.json + MapRegion.json | 2: reference/mir3-source/Source/GameServer/LocalDB.pas LoadMapInfos (MapInfo.txt gate model) | 3: 2026-09-25 map_manifest exact/renamed/variant/replacement/pending relation | 4: map terrain flag reader implemented independently by this audit generator	0.25	pending_manual_review	workspace region centroid is not an EI Envir gate record; no safe coordinate correction inferred
3499	845	D405	矿石储藏所	4143	Teleport Source	176	61	True	True	exact	None		All	D405_001	4144	D405_001	D405_001	15	15	True	True	exact	source-region-to-destination-region (MovementInfo directed edge)	1: Tools/dbeditor/workspace/MovementInfo.json + MapRegion.json | 2: reference/mir3-source/Source/GameServer/LocalDB.pas LoadMapInfos (MapInfo.txt gate model) | 3: 2026-09-25 map_manifest exact/renamed/variant/replacement/pending relation | 4: map terrain flag reader implemented independently by this audit generator	0.25	pending_manual_review	workspace region centroid is not an EI Envir gate record; no safe coordinate correction inferred
3500	845	D405	矿石储藏所	4145	Teleport Source	80	153	True	True	exact	None		All	D405_001	4146	D405_001	D405_001	15	15	True	True	exact	source-region-to-destination-region (MovementInfo directed edge)	1: Tools/dbeditor/workspace/MovementInfo.json + MapRegion.json | 2: reference/mir3-source/Source/GameServer/LocalDB.pas LoadMapInfos (MapInfo.txt gate model) | 3: 2026-09-25 map_manifest exact/renamed/variant/replacement/pending relation | 4: map terrain flag reader implemented independently by this audit generator	0.25	pending_manual_review	workspace region centroid is not an EI Envir gate record; no safe coordinate correction inferred
3501	845	D405	矿石储藏所	4147	Teleport Source	69	95	True	True	exact	None		All	D405_001	4148	D405_001	D405_001	15	15	True	True	exact	source-region-to-destination-region (MovementInfo directed edge)	1: Tools/dbeditor/workspace/MovementInfo.json + MapRegion.json | 2: reference/mir3-source/Source/GameServer/LocalDB.pas LoadMapInfos (MapInfo.txt gate model) | 3: 2026-09-25 map_manifest exact/renamed/variant/replacement/pending relation | 4: map terrain flag reader implemented independently by this audit generator	0.25	pending_manual_review	workspace region centroid is not an EI Envir gate record; no safe coordinate correction inferred
3502	845	D405	矿石储藏所	4149	Teleport Source	128	100	True	True	exact	None		All	D405_001	4150	D405_001	D405_001	15	15	True	True	exact	source-region-to-destination-region (MovementInfo directed edge)	1: Tools/dbeditor/workspace/MovementInfo.json + MapRegion.json | 2: reference/mir3-source/Source/GameServer/LocalDB.pas LoadMapInfos (MapInfo.txt gate model) | 3: 2026-09-25 map_manifest exact/renamed/variant/replacement/pending relation | 4: map terrain flag reader implemented independently by this audit generator	0.25	pending_manual_review	workspace region centroid is not an EI Envir gate record; no safe coordinate correction inferred
3503	847	D406	废矿南部洞穴	4151	Teleport Source	142	134	True	True	exact	None		All	D406_001	4152	D406_001	D406_001	15	15	True	True	exact	source-region-to-destination-region (MovementInfo directed edge)	1: Tools/dbeditor/workspace/MovementInfo.json + MapRegion.json | 2: reference/mir3-source/Source/GameServer/LocalDB.pas LoadMapInfos (MapInfo.txt gate model) | 3: 2026-09-25 map_manifest exact/renamed/variant/replacement/pending relation | 4: map terrain flag reader implemented independently by this audit generator	0.25	pending_manual_review	workspace region centroid is not an EI Envir gate record; no safe coordinate correction inferred
3504	847	D406	废矿南部洞穴	4153	Teleport Source	152	17	True	True	exact	None		All	D406_001	4154	D406_001	D406_001	15	15	True	True	exact	source-region-to-destination-region (MovementInfo directed edge)	1: Tools/dbeditor/workspace/MovementInfo.json + MapRegion.json | 2: reference/mir3-source/Source/GameServer/LocalDB.pas LoadMapInfos (MapInfo.txt gate model) | 3: 2026-09-25 map_manifest exact/renamed/variant/replacement/pending relation | 4: map terrain flag reader implemented independently by this audit generator	0.25	pending_manual_review	workspace region centroid is not an EI Envir gate record; no safe coordinate correction inferred
3505	847	D406	废矿南部洞穴	4155	Teleport Source	122	79	True	True	exact	None		All	D406_001	4156	D406_001	D406_001	15	15	True	True	exact	source-region-to-destination-region (MovementInfo directed edge)	1: Tools/dbeditor/workspace/MovementInfo.json + MapRegion.json | 2: reference/mir3-source/Source/GameServer/LocalDB.pas LoadMapInfos (MapInfo.txt gate model) | 3: 2026-09-25 map_manifest exact/renamed/variant/replacement/pending relation | 4: map terrain flag reader implemented independently by this audit generator	0.25	pending_manual_review	workspace region centroid is not an EI Envir gate record; no safe coordinate correction inferred
3506	847	D406	废矿南部洞穴	4157	Teleport Source	85	60	True	True	exact	None		All	D406_001	4158	D406_001	D406_001	15	15	True	True	exact	source-region-to-destination-region (MovementInfo directed edge)	1: Tools/dbeditor/workspace/MovementInfo.json + MapRegion.json | 2: reference/mir3-source/Source/GameServer/LocalDB.pas LoadMapInfos (MapInfo.txt gate model) | 3: 2026-09-25 map_manifest exact/renamed/variant/replacement/pending relation | 4: map terrain flag reader implemented independently by this audit generator	0.25	pending_manual_review	workspace region centroid is not an EI Envir gate record; no safe coordinate correction inferred
3507	847	D406	废矿南部洞穴	4159	Teleport Source	79	72	True	True	exact	None		All	D406_001	4160	D406_001	D406_001	15	15	True	True	exact	source-region-to-destination-region (MovementInfo directed edge)	1: Tools/dbeditor/workspace/MovementInfo.json + MapRegion.json | 2: reference/mir3-source/Source/GameServer/LocalDB.pas LoadMapInfos (MapInfo.txt gate model) | 3: 2026-09-25 map_manifest exact/renamed/variant/replacement/pending relation | 4: map terrain flag reader implemented independently by this audit generator	0.25	pending_manual_review	workspace region centroid is not an EI Envir gate record; no safe coordinate correction inferred
3508	856	D421	矿山1层	4161	Teleport Source	196	315	True	True	exact	None		All	D421_001	4162	D421_001	D421_001	15	15	True	True	exact	source-region-to-destination-region (MovementInfo directed edge)	1: Tools/dbeditor/workspace/MovementInfo.json + MapRegion.json | 2: reference/mir3-source/Source/GameServer/LocalDB.pas LoadMapInfos (MapInfo.txt gate model) | 3: 2026-09-25 map_manifest exact/renamed/variant/replacement/pending relation | 4: map terrain flag reader implemented independently by this audit generator	0.25	pending_manual_review	workspace region centroid is not an EI Envir gate record; no safe coordinate correction inferred
3509	856	D421	矿山1层	4163	Teleport Source	159	102	True	True	exact	None		All	D421_001	4164	D421_001	D421_001	15	15	True	True	exact	source-region-to-destination-region (MovementInfo directed edge)	1: Tools/dbeditor/workspace/MovementInfo.json + MapRegion.json | 2: reference/mir3-source/Source/GameServer/LocalDB.pas LoadMapInfos (MapInfo.txt gate model) | 3: 2026-09-25 map_manifest exact/renamed/variant/replacement/pending relation | 4: map terrain flag reader implemented independently by this audit generator	0.25	pending_manual_review	workspace region centroid is not an EI Envir gate record; no safe coordinate correction inferred
3510	856	D421	矿山1层	4165	Teleport Source	80	202	True	True	exact	None		All	D421_001	4166	D421_001	D421_001	15	15	True	True	exact	source-region-to-destination-region (MovementInfo directed edge)	1: Tools/dbeditor/workspace/MovementInfo.json + MapRegion.json | 2: reference/mir3-source/Source/GameServer/LocalDB.pas LoadMapInfos (MapInfo.txt gate model) | 3: 2026-09-25 map_manifest exact/renamed/variant/replacement/pending relation | 4: map terrain flag reader implemented independently by this audit generator	0.25	pending_manual_review	workspace region centroid is not an EI Envir gate record; no safe coordinate correction inferred
3511	856	D421	矿山1层	4167	Teleport Source	154	191	True	True	exact	None		All	D421_001	4168	D421_001	D421_001	15	15	True	True	exact	source-region-to-destination-region (MovementInfo directed edge)	1: Tools/dbeditor/workspace/MovementInfo.json + MapRegion.json | 2: reference/mir3-source/Source/GameServer/LocalDB.pas LoadMapInfos (MapInfo.txt gate model) | 3: 2026-09-25 map_manifest exact/renamed/variant/replacement/pending relation | 4: map terrain flag reader implemented independently by this audit generator	0.25	pending_manual_review	workspace region centroid is not an EI Envir gate record; no safe coordinate correction inferred
3512	856	D421	矿山1层	4169	Teleport Source	316	240	True	True	exact	None		All	D421_001	4170	D421_001	D421_001	15	15	True	True	exact	source-region-to-destination-region (MovementInfo directed edge)	1: Tools/dbeditor/workspace/MovementInfo.json + MapRegion.json | 2: reference/mir3-source/Source/GameServer/LocalDB.pas LoadMapInfos (MapInfo.txt gate model) | 3: 2026-09-25 map_manifest exact/renamed/variant/replacement/pending relation | 4: map terrain flag reader implemented independently by this audit generator	0.25	pending_manual_review	workspace region centroid is not an EI Envir gate record; no safe coordinate correction inferred
3513	858	D422	矿山2层	4171	Teleport Source	226	304	True	True	exact	None		All	D422_001	4172	D422_001	D422_001	15	15	True	True	exact	source-region-to-destination-region (MovementInfo directed edge)	1: Tools/dbeditor/workspace/MovementInfo.json + MapRegion.json | 2: reference/mir3-source/Source/GameServer/LocalDB.pas LoadMapInfos (MapInfo.txt gate model) | 3: 2026-09-25 map_manifest exact/renamed/variant/replacement/pending relation | 4: map terrain flag reader implemented independently by this audit generator	0.25	pending_manual_review	workspace region centroid is not an EI Envir gate record; no safe coordinate correction inferred
3514	858	D422	矿山2层	4173	Teleport Source	233	59	True	True	exact	None		All	D422_001	4174	D422_001	D422_001	15	15	True	True	exact	source-region-to-destination-region (MovementInfo directed edge)	1: Tools/dbeditor/workspace/MovementInfo.json + MapRegion.json | 2: reference/mir3-source/Source/GameServer/LocalDB.pas LoadMapInfos (MapInfo.txt gate model) | 3: 2026-09-25 map_manifest exact/renamed/variant/replacement/pending relation | 4: map terrain flag reader implemented independently by this audit generator	0.25	pending_manual_review	workspace region centroid is not an EI Envir gate record; no safe coordinate correction inferred
3515	858	D422	矿山2层	4175	Teleport Source	273	251	True	True	exact	None		All	D422_001	4176	D422_001	D422_001	15	15	True	True	exact	source-region-to-destination-region (MovementInfo directed edge)	1: Tools/dbeditor/workspace/MovementInfo.json + MapRegion.json | 2: reference/mir3-source/Source/GameServer/LocalDB.pas LoadMapInfos (MapInfo.txt gate model) | 3: 2026-09-25 map_manifest exact/renamed/variant/replacement/pending relation | 4: map terrain flag reader implemented independently by this audit generator	0.25	pending_manual_review	workspace region centroid is not an EI Envir gate record; no safe coordinate correction inferred
3516	858	D422	矿山2层	4177	Teleport Source	217	105	True	True	exact	None		All	D422_001	4178	D422_001	D422_001	15	15	True	True	exact	source-region-to-destination-region (MovementInfo directed edge)	1: Tools/dbeditor/workspace/MovementInfo.json + MapRegion.json | 2: reference/mir3-source/Source/GameServer/LocalDB.pas LoadMapInfos (MapInfo.txt gate model) | 3: 2026-09-25 map_manifest exact/renamed/variant/replacement/pending relation | 4: map terrain flag reader implemented independently by this audit generator	0.25	pending_manual_review	workspace region centroid is not an EI Envir gate record; no safe coordinate correction inferred
3517	858	D422	矿山2层	4179	Teleport Source	128	101	True	True	exact	None		All	D422_001	4180	D422_001	D422_001	15	15	True	True	exact	source-region-to-destination-region (MovementInfo directed edge)	1: Tools/dbeditor/workspace/MovementInfo.json + MapRegion.json | 2: reference/mir3-source/Source/GameServer/LocalDB.pas LoadMapInfos (MapInfo.txt gate model) | 3: 2026-09-25 map_manifest exact/renamed/variant/replacement/pending relation | 4: map terrain flag reader implemented independently by this audit generator	0.25	pending_manual_review	workspace region centroid is not an EI Envir gate record; no safe coordinate correction inferred
3518	862	D431	北部矿山入口	4181	Teleport Source	80	172	True	True	exact	None		All	D431_001	4182	D431_001	D431_001	15	15	True	True	exact	source-region-to-destination-region (MovementInfo directed edge)	1: Tools/dbeditor/workspace/MovementInfo.json + MapRegion.json | 2: reference/mir3-source/Source/GameServer/LocalDB.pas LoadMapInfos (MapInfo.txt gate model) | 3: 2026-09-25 map_manifest exact/renamed/variant/replacement/pending relation | 4: map terrain flag reader implemented independently by this audit generator	0.25	pending_manual_review	workspace region centroid is not an EI Envir gate record; no safe coordinate correction inferred
3519	862	D431	北部矿山入口	4183	Teleport Source	81	92	True	True	exact	None		All	D431_001	4184	D431_001	D431_001	15	15	True	True	exact	source-region-to-destination-region (MovementInfo directed edge)	1: Tools/dbeditor/workspace/MovementInfo.json + MapRegion.json | 2: reference/mir3-source/Source/GameServer/LocalDB.pas LoadMapInfos (MapInfo.txt gate model) | 3: 2026-09-25 map_manifest exact/renamed/variant/replacement/pending relation | 4: map terrain flag reader implemented independently by this audit generator	0.25	pending_manual_review	workspace region centroid is not an EI Envir gate record; no safe coordinate correction inferred
3520	862	D431	北部矿山入口	4185	Teleport Source	127	156	True	True	exact	None		All	D431_001	4186	D431_001	D431_001	15	15	True	True	exact	source-region-to-destination-region (MovementInfo directed edge)	1: Tools/dbeditor/workspace/MovementInfo.json + MapRegion.json | 2: reference/mir3-source/Source/GameServer/LocalDB.pas LoadMapInfos (MapInfo.txt gate model) | 3: 2026-09-25 map_manifest exact/renamed/variant/replacement/pending relation | 4: map terrain flag reader implemented independently by this audit generator	0.25	pending_manual_review	workspace region centroid is not an EI Envir gate record; no safe coordinate correction inferred
3521	862	D431	北部矿山入口	4187	Teleport Source	152	118	True	True	exact	None		All	D431_001	4188	D431_001	D431_001	15	15	True	True	exact	source-region-to-destination-region (MovementInfo directed edge)	1: Tools/dbeditor/workspace/MovementInfo.json + MapRegion.json | 2: reference/mir3-source/Source/GameServer/LocalDB.pas LoadMapInfos (MapInfo.txt gate model) | 3: 2026-09-25 map_manifest exact/renamed/variant/replacement/pending relation | 4: map terrain flag reader implemented independently by this audit generator	0.25	pending_manual_review	workspace region centroid is not an EI Envir gate record; no safe coordinate correction inferred
3522	862	D431	北部矿山入口	4189	Teleport Source	120	109	True	True	exact	None		All	D431_001	4190	D431_001	D431_001	15	15	True	True	exact	source-region-to-destination-region (MovementInfo directed edge)	1: Tools/dbeditor/workspace/MovementInfo.json + MapRegion.json | 2: reference/mir3-source/Source/GameServer/LocalDB.pas LoadMapInfos (MapInfo.txt gate model) | 3: 2026-09-25 map_manifest exact/renamed/variant/replacement/pending relation | 4: map terrain flag reader implemented independently by this audit generator	0.25	pending_manual_review	workspace region centroid is not an EI Envir gate record; no safe coordinate correction inferred
3523	864	D432	北部矿山东面洞穴	4191	Teleport Source	27	116	True	True	exact	None		All	D432_001	4192	D432_001	D432_001	15	15	True	True	exact	source-region-to-destination-region (MovementInfo directed edge)	1: Tools/dbeditor/workspace/MovementInfo.json + MapRegion.json | 2: reference/mir3-source/Source/GameServer/LocalDB.pas LoadMapInfos (MapInfo.txt gate model) | 3: 2026-09-25 map_manifest exact/renamed/variant/replacement/pending relation | 4: map terrain flag reader implemented independently by this audit generator	0.25	pending_manual_review	workspace region centroid is not an EI Envir gate record; no safe coordinate correction inferred
3524	864	D432	北部矿山东面洞穴	4193	Teleport Source	89	62	True	True	exact	None		All	D432_001	4194	D432_001	D432_001	15	15	True	True	exact	source-region-to-destination-region (MovementInfo directed edge)	1: Tools/dbeditor/workspace/MovementInfo.json + MapRegion.json | 2: reference/mir3-source/Source/GameServer/LocalDB.pas LoadMapInfos (MapInfo.txt gate model) | 3: 2026-09-25 map_manifest exact/renamed/variant/replacement/pending relation | 4: map terrain flag reader implemented independently by this audit generator	0.25	pending_manual_review	workspace region centroid is not an EI Envir gate record; no safe coordinate correction inferred
3525	864	D432	北部矿山东面洞穴	4195	Teleport Source	22	105	True	True	exact	None		All	D432_001	4196	D432_001	D432_001	15	15	True	True	exact	source-region-to-destination-region (MovementInfo directed edge)	1: Tools/dbeditor/workspace/MovementInfo.json + MapRegion.json | 2: reference/mir3-source/Source/GameServer/LocalDB.pas LoadMapInfos (MapInfo.txt gate model) | 3: 2026-09-25 map_manifest exact/renamed/variant/replacement/pending relation | 4: map terrain flag reader implemented independently by this audit generator	0.25	pending_manual_review	workspace region centroid is not an EI Envir gate record; no safe coordinate correction inferred
3526	864	D432	北部矿山东面洞穴	4197	Teleport Source	151	16	True	True	exact	None		All	D432_001	4198	D432_001	D432_001	15	15	True	True	exact	source-region-to-destination-region (MovementInfo directed edge)	1: Tools/dbeditor/workspace/MovementInfo.json + MapRegion.json | 2: reference/mir3-source/Source/GameServer/LocalDB.pas LoadMapInfos (MapInfo.txt gate model) | 3: 2026-09-25 map_manifest exact/renamed/variant/replacement/pending relation | 4: map terrain flag reader implemented independently by this audit generator	0.25	pending_manual_review	workspace region centroid is not an EI Envir gate record; no safe coordinate correction inferred
3527	864	D432	北部矿山东面洞穴	4199	Teleport Source	143	75	True	True	exact	None		All	D432_001	4200	D432_001	D432_001	15	15	True	True	exact	source-region-to-destination-region (MovementInfo directed edge)	1: Tools/dbeditor/workspace/MovementInfo.json + MapRegion.json | 2: reference/mir3-source/Source/GameServer/LocalDB.pas LoadMapInfos (MapInfo.txt gate model) | 3: 2026-09-25 map_manifest exact/renamed/variant/replacement/pending relation | 4: map terrain flag reader implemented independently by this audit generator	0.25	pending_manual_review	workspace region centroid is not an EI Envir gate record; no safe coordinate correction inferred
3528	866	D433	北部地下1层采矿所	4201	Teleport Source	28	144	True	True	exact	None		All	D433_001	4202	D433_001	D433_001	15	15	True	True	exact	source-region-to-destination-region (MovementInfo directed edge)	1: Tools/dbeditor/workspace/MovementInfo.json + MapRegion.json | 2: reference/mir3-source/Source/GameServer/LocalDB.pas LoadMapInfos (MapInfo.txt gate model) | 3: 2026-09-25 map_manifest exact/renamed/variant/replacement/pending relation | 4: map terrain flag reader implemented independently by this audit generator	0.25	pending_manual_review	workspace region centroid is not an EI Envir gate record; no safe coordinate correction inferred
3529	866	D433	北部地下1层采矿所	4203	Teleport Source	86	118	True	True	exact	None		All	D433_001	4204	D433_001	D433_001	15	15	True	True	exact	source-region-to-destination-region (MovementInfo directed edge)	1: Tools/dbeditor/workspace/MovementInfo.json + MapRegion.json | 2: reference/mir3-source/Source/GameServer/LocalDB.pas LoadMapInfos (MapInfo.txt gate model) | 3: 2026-09-25 map_manifest exact/renamed/variant/replacement/pending relation | 4: map terrain flag reader implemented independently by this audit generator	0.25	pending_manual_review	workspace region centroid is not an EI Envir gate record; no safe coordinate correction inferred
3530	866	D433	北部地下1层采矿所	4205	Teleport Source	88	116	True	True	exact	None		All	D433_001	4206	D433_001	D433_001	15	15	True	True	exact	source-region-to-destination-region (MovementInfo directed edge)	1: Tools/dbeditor/workspace/MovementInfo.json + MapRegion.json | 2: reference/mir3-source/Source/GameServer/LocalDB.pas LoadMapInfos (MapInfo.txt gate model) | 3: 2026-09-25 map_manifest exact/renamed/variant/replacement/pending relation | 4: map terrain flag reader implemented independently by this audit generator	0.25	pending_manual_review	workspace region centroid is not an EI Envir gate record; no safe coordinate correction inferred
3531	866	D433	北部地下1层采矿所	4207	Teleport Source	160	70	True	True	exact	None		All	D433_001	4208	D433_001	D433_001	15	15	True	True	exact	source-region-to-destination-region (MovementInfo directed edge)	1: Tools/dbeditor/workspace/MovementInfo.json + MapRegion.json | 2: reference/mir3-source/Source/GameServer/LocalDB.pas LoadMapInfos (MapInfo.txt gate model) | 3: 2026-09-25 map_manifest exact/renamed/variant/replacement/pending relation | 4: map terrain flag reader implemented independently by this audit generator	0.25	pending_manual_review	workspace region centroid is not an EI Envir gate record; no safe coordinate correction inferred
3532	866	D433	北部地下1层采矿所	4209	Teleport Source	146	152	True	True	exact	None		All	D433_001	4210	D433_001	D433_001	15	15	True	True	exact	source-region-to-destination-region (MovementInfo directed edge)	1: Tools/dbeditor/workspace/MovementInfo.json + MapRegion.json | 2: reference/mir3-source/Source/GameServer/LocalDB.pas LoadMapInfos (MapInfo.txt gate model) | 3: 2026-09-25 map_manifest exact/renamed/variant/replacement/pending relation | 4: map terrain flag reader implemented independently by this audit generator	0.25	pending_manual_review	workspace region centroid is not an EI Envir gate record; no safe coordinate correction inferred
3533	868	D434	北部地下2层采矿所	4211	Teleport Source	78	80	True	True	exact	None		All	D434_001	4212	D434_001	D434_001	15	15	True	True	exact	source-region-to-destination-region (MovementInfo directed edge)	1: Tools/dbeditor/workspace/MovementInfo.json + MapRegion.json | 2: reference/mir3-source/Source/GameServer/LocalDB.pas LoadMapInfos (MapInfo.txt gate model) | 3: 2026-09-25 map_manifest exact/renamed/variant/replacement/pending relation | 4: map terrain flag reader implemented independently by this audit generator	0.25	pending_manual_review	workspace region centroid is not an EI Envir gate record; no safe coordinate correction inferred
3534	868	D434	北部地下2层采矿所	4213	Teleport Source	82	69	True	True	exact	None		All	D434_001	4214	D434_001	D434_001	15	15	True	True	exact	source-region-to-destination-region (MovementInfo directed edge)	1: Tools/dbeditor/workspace/MovementInfo.json + MapRegion.json | 2: reference/mir3-source/Source/GameServer/LocalDB.pas LoadMapInfos (MapInfo.txt gate model) | 3: 2026-09-25 map_manifest exact/renamed/variant/replacement/pending relation | 4: map terrain flag reader implemented independently by this audit generator	0.25	pending_manual_review	workspace region centroid is not an EI Envir gate record; no safe coordinate correction inferred
3535	868	D434	北部地下2层采矿所	4215	Teleport Source	150	186	True	True	exact	None		All	D434_001	4216	D434_001	D434_001	15	15	True	True	exact	source-region-to-destination-region (MovementInfo directed edge)	1: Tools/dbeditor/workspace/MovementInfo.json + MapRegion.json | 2: reference/mir3-source/Source/GameServer/LocalDB.pas LoadMapInfos (MapInfo.txt gate model) | 3: 2026-09-25 map_manifest exact/renamed/variant/replacement/pending relation | 4: map terrain flag reader implemented independently by this audit generator	0.25	pending_manual_review	workspace region centroid is not an EI Envir gate record; no safe coordinate correction inferred
3536	868	D434	北部地下2层采矿所	4217	Teleport Source	78	152	True	True	exact	None		All	D434_001	4218	D434_001	D434_001	15	15	True	True	exact	source-region-to-destination-region (MovementInfo directed edge)	1: Tools/dbeditor/workspace/MovementInfo.json + MapRegion.json | 2: reference/mir3-source/Source/GameServer/LocalDB.pas LoadMapInfos (MapInfo.txt gate model) | 3: 2026-09-25 map_manifest exact/renamed/variant/replacement/pending relation | 4: map terrain flag reader implemented independently by this audit generator	0.25	pending_manual_review	workspace region centroid is not an EI Envir gate record; no safe coordinate correction inferred
3537	868	D434	北部地下2层采矿所	4219	Teleport Source	104	99	True	True	exact	None		All	D434_001	4220	D434_001	D434_001	15	15	True	True	exact	source-region-to-destination-region (MovementInfo directed edge)	1: Tools/dbeditor/workspace/MovementInfo.json + MapRegion.json | 2: reference/mir3-source/Source/GameServer/LocalDB.pas LoadMapInfos (MapInfo.txt gate model) | 3: 2026-09-25 map_manifest exact/renamed/variant/replacement/pending relation | 4: map terrain flag reader implemented independently by this audit generator	0.25	pending_manual_review	workspace region centroid is not an EI Envir gate record; no safe coordinate correction inferred
3538	871	D435	北部矿石储藏所	4221	Teleport Source	82	154	True	True	exact	None		All	D435_001	4222	D435_001	D435_001	15	15	True	True	exact	source-region-to-destination-region (MovementInfo directed edge)	1: Tools/dbeditor/workspace/MovementInfo.json + MapRegion.json | 2: reference/mir3-source/Source/GameServer/LocalDB.pas LoadMapInfos (MapInfo.txt gate model) | 3: 2026-09-25 map_manifest exact/renamed/variant/replacement/pending relation | 4: map terrain flag reader implemented independently by this audit generator	0.25	pending_manual_review	workspace region centroid is not an EI Envir gate record; no safe coordinate correction inferred
3539	871	D435	北部矿石储藏所	4223	Teleport Source	176	61	True	True	exact	None		All	D435_001	4224	D435_001	D435_001	15	15	True	True	exact	source-region-to-destination-region (MovementInfo directed edge)	1: Tools/dbeditor/workspace/MovementInfo.json + MapRegion.json | 2: reference/mir3-source/Source/GameServer/LocalDB.pas LoadMapInfos (MapInfo.txt gate model) | 3: 2026-09-25 map_manifest exact/renamed/variant/replacement/pending relation | 4: map terrain flag reader implemented independently by this audit generator	0.25	pending_manual_review	workspace region centroid is not an EI Envir gate record; no safe coordinate correction inferred
3540	871	D435	北部矿石储藏所	4225	Teleport Source	80	153	True	True	exact	None		All	D435_001	4226	D435_001	D435_001	15	15	True	True	exact	source-region-to-destination-region (MovementInfo directed edge)	1: Tools/dbeditor/workspace/MovementInfo.json + MapRegion.json | 2: reference/mir3-source/Source/GameServer/LocalDB.pas LoadMapInfos (MapInfo.txt gate model) | 3: 2026-09-25 map_manifest exact/renamed/variant/replacement/pending relation | 4: map terrain flag reader implemented independently by this audit generator	0.25	pending_manual_review	workspace region centroid is not an EI Envir gate record; no safe coordinate correction inferred
3541	871	D435	北部矿石储藏所	4227	Teleport Source	69	95	True	True	exact	None		All	D435_001	4228	D435_001	D435_001	15	15	True	True	exact	source-region-to-destination-region (MovementInfo directed edge)	1: Tools/dbeditor/workspace/MovementInfo.json + MapRegion.json | 2: reference/mir3-source/Source/GameServer/LocalDB.pas LoadMapInfos (MapInfo.txt gate model) | 3: 2026-09-25 map_manifest exact/renamed/variant/replacement/pending relation | 4: map terrain flag reader implemented independently by this audit generator	0.25	pending_manual_review	workspace region centroid is not an EI Envir gate record; no safe coordinate correction inferred
3542	871	D435	北部矿石储藏所	4229	Teleport Source	128	100	True	True	exact	None		All	D435_001	4230	D435_001	D435_001	15	15	True	True	exact	source-region-to-destination-region (MovementInfo directed edge)	1: Tools/dbeditor/workspace/MovementInfo.json + MapRegion.json | 2: reference/mir3-source/Source/GameServer/LocalDB.pas LoadMapInfos (MapInfo.txt gate model) | 3: 2026-09-25 map_manifest exact/renamed/variant/replacement/pending relation | 4: map terrain flag reader implemented independently by this audit generator	0.25	pending_manual_review	workspace region centroid is not an EI Envir gate record; no safe coordinate correction inferred
3543	873	D436	北部废矿南面洞穴	4231	Teleport Source	142	134	True	True	exact	None		All	D436_001	4232	D436_001	D436_001	15	15	True	True	exact	source-region-to-destination-region (MovementInfo directed edge)	1: Tools/dbeditor/workspace/MovementInfo.json + MapRegion.json | 2: reference/mir3-source/Source/GameServer/LocalDB.pas LoadMapInfos (MapInfo.txt gate model) | 3: 2026-09-25 map_manifest exact/renamed/variant/replacement/pending relation | 4: map terrain flag reader implemented independently by this audit generator	0.25	pending_manual_review	workspace region centroid is not an EI Envir gate record; no safe coordinate correction inferred
3544	873	D436	北部废矿南面洞穴	4233	Teleport Source	152	17	True	True	exact	None		All	D436_001	4234	D436_001	D436_001	15	15	True	True	exact	source-region-to-destination-region (MovementInfo directed edge)	1: Tools/dbeditor/workspace/MovementInfo.json + MapRegion.json | 2: reference/mir3-source/Source/GameServer/LocalDB.pas LoadMapInfos (MapInfo.txt gate model) | 3: 2026-09-25 map_manifest exact/renamed/variant/replacement/pending relation | 4: map terrain flag reader implemented independently by this audit generator	0.25	pending_manual_review	workspace region centroid is not an EI Envir gate record; no safe coordinate correction inferred
3545	873	D436	北部废矿南面洞穴	4235	Teleport Source	122	79	True	True	exact	None		All	D436_001	4236	D436_001	D436_001	15	15	True	True	exact	source-region-to-destination-region (MovementInfo directed edge)	1: Tools/dbeditor/workspace/MovementInfo.json + MapRegion.json | 2: reference/mir3-source/Source/GameServer/LocalDB.pas LoadMapInfos (MapInfo.txt gate model) | 3: 2026-09-25 map_manifest exact/renamed/variant/replacement/pending relation | 4: map terrain flag reader implemented independently by this audit generator	0.25	pending_manual_review	workspace region centroid is not an EI Envir gate record; no safe coordinate correction inferred
3546	873	D436	北部废矿南面洞穴	4237	Teleport Source	85	60	True	True	exact	None		All	D436_001	4238	D436_001	D436_001	15	15	True	True	exact	source-region-to-destination-region (MovementInfo directed edge)	1: Tools/dbeditor/workspace/MovementInfo.json + MapRegion.json | 2: reference/mir3-source/Source/GameServer/LocalDB.pas LoadMapInfos (MapInfo.txt gate model) | 3: 2026-09-25 map_manifest exact/renamed/variant/replacement/pending relation | 4: map terrain flag reader implemented independently by this audit generator	0.25	pending_manual_review	workspace region centroid is not an EI Envir gate record; no safe coordinate correction inferred
3547	873	D436	北部废矿南面洞穴	4239	Teleport Source	79	72	True	True	exact	None		All	D436_001	4240	D436_001	D436_001	15	15	True	True	exact	source-region-to-destination-region (MovementInfo directed edge)	1: Tools/dbeditor/workspace/MovementInfo.json + MapRegion.json | 2: reference/mir3-source/Source/GameServer/LocalDB.pas LoadMapInfos (MapInfo.txt gate model) | 3: 2026-09-25 map_manifest exact/renamed/variant/replacement/pending relation | 4: map terrain flag reader implemented independently by this audit generator	0.25	pending_manual_review	workspace region centroid is not an EI Envir gate record; no safe coordinate correction inferred
3548	881	D451	南部矿山1层	4241	Teleport Source	196	315	True	True	exact	None		All	D451_001	4242	D451_001	D451_001	15	15	True	True	exact	source-region-to-destination-region (MovementInfo directed edge)	1: Tools/dbeditor/workspace/MovementInfo.json + MapRegion.json | 2: reference/mir3-source/Source/GameServer/LocalDB.pas LoadMapInfos (MapInfo.txt gate model) | 3: 2026-09-25 map_manifest exact/renamed/variant/replacement/pending relation | 4: map terrain flag reader implemented independently by this audit generator	0.25	pending_manual_review	workspace region centroid is not an EI Envir gate record; no safe coordinate correction inferred
3549	881	D451	南部矿山1层	4243	Teleport Source	159	102	True	True	exact	None		All	D451_001	4244	D451_001	D451_001	15	15	True	True	exact	source-region-to-destination-region (MovementInfo directed edge)	1: Tools/dbeditor/workspace/MovementInfo.json + MapRegion.json | 2: reference/mir3-source/Source/GameServer/LocalDB.pas LoadMapInfos (MapInfo.txt gate model) | 3: 2026-09-25 map_manifest exact/renamed/variant/replacement/pending relation | 4: map terrain flag reader implemented independently by this audit generator	0.25	pending_manual_review	workspace region centroid is not an EI Envir gate record; no safe coordinate correction inferred
3550	881	D451	南部矿山1层	4245	Teleport Source	80	202	True	True	exact	None		All	D451_001	4246	D451_001	D451_001	15	15	True	True	exact	source-region-to-destination-region (MovementInfo directed edge)	1: Tools/dbeditor/workspace/MovementInfo.json + MapRegion.json | 2: reference/mir3-source/Source/GameServer/LocalDB.pas LoadMapInfos (MapInfo.txt gate model) | 3: 2026-09-25 map_manifest exact/renamed/variant/replacement/pending relation | 4: map terrain flag reader implemented independently by this audit generator	0.25	pending_manual_review	workspace region centroid is not an EI Envir gate record; no safe coordinate correction inferred
3551	881	D451	南部矿山1层	4247	Teleport Source	154	191	True	True	exact	None		All	D451_001	4248	D451_001	D451_001	15	15	True	True	exact	source-region-to-destination-region (MovementInfo directed edge)	1: Tools/dbeditor/workspace/MovementInfo.json + MapRegion.json | 2: reference/mir3-source/Source/GameServer/LocalDB.pas LoadMapInfos (MapInfo.txt gate model) | 3: 2026-09-25 map_manifest exact/renamed/variant/replacement/pending relation | 4: map terrain flag reader implemented independently by this audit generator	0.25	pending_manual_review	workspace region centroid is not an EI Envir gate record; no safe coordinate correction inferred
3552	881	D451	南部矿山1层	4249	Teleport Source	316	240	True	True	exact	None		All	D451_001	4250	D451_001	D451_001	15	15	True	True	exact	source-region-to-destination-region (MovementInfo directed edge)	1: Tools/dbeditor/workspace/MovementInfo.json + MapRegion.json | 2: reference/mir3-source/Source/GameServer/LocalDB.pas LoadMapInfos (MapInfo.txt gate model) | 3: 2026-09-25 map_manifest exact/renamed/variant/replacement/pending relation | 4: map terrain flag reader implemented independently by this audit generator	0.25	pending_manual_review	workspace region centroid is not an EI Envir gate record; no safe coordinate correction inferred
3553	883	D452	南部矿山2层	4251	Teleport Source	226	304	True	True	exact	None		All	D452_001	4252	D452_001	D452_001	15	15	True	True	exact	source-region-to-destination-region (MovementInfo directed edge)	1: Tools/dbeditor/workspace/MovementInfo.json + MapRegion.json | 2: reference/mir3-source/Source/GameServer/LocalDB.pas LoadMapInfos (MapInfo.txt gate model) | 3: 2026-09-25 map_manifest exact/renamed/variant/replacement/pending relation | 4: map terrain flag reader implemented independently by this audit generator	0.25	pending_manual_review	workspace region centroid is not an EI Envir gate record; no safe coordinate correction inferred
3554	883	D452	南部矿山2层	4253	Teleport Source	233	59	True	True	exact	None		All	D452_001	4254	D452_001	D452_001	15	15	True	True	exact	source-region-to-destination-region (MovementInfo directed edge)	1: Tools/dbeditor/workspace/MovementInfo.json + MapRegion.json | 2: reference/mir3-source/Source/GameServer/LocalDB.pas LoadMapInfos (MapInfo.txt gate model) | 3: 2026-09-25 map_manifest exact/renamed/variant/replacement/pending relation | 4: map terrain flag reader implemented independently by this audit generator	0.25	pending_manual_review	workspace region centroid is not an EI Envir gate record; no safe coordinate correction inferred
3555	883	D452	南部矿山2层	4255	Teleport Source	273	251	True	True	exact	None		All	D452_001	4256	D452_001	D452_001	15	15	True	True	exact	source-region-to-destination-region (MovementInfo directed edge)	1: Tools/dbeditor/workspace/MovementInfo.json + MapRegion.json | 2: reference/mir3-source/Source/GameServer/LocalDB.pas LoadMapInfos (MapInfo.txt gate model) | 3: 2026-09-25 map_manifest exact/renamed/variant/replacement/pending relation | 4: map terrain flag reader implemented independently by this audit generator	0.25	pending_manual_review	workspace region centroid is not an EI Envir gate record; no safe coordinate correction inferred
3556	883	D452	南部矿山2层	4257	Teleport Source	217	105	True	True	exact	None		All	D452_001	4258	D452_001	D452_001	15	15	True	True	exact	source-region-to-destination-region (MovementInfo directed edge)	1: Tools/dbeditor/workspace/MovementInfo.json + MapRegion.json | 2: reference/mir3-source/Source/GameServer/LocalDB.pas LoadMapInfos (MapInfo.txt gate model) | 3: 2026-09-25 map_manifest exact/renamed/variant/replacement/pending relation | 4: map terrain flag reader implemented independently by this audit generator	0.25	pending_manual_review	workspace region centroid is not an EI Envir gate record; no safe coordinate correction inferred
3557	883	D452	南部矿山2层	4259	Teleport Source	128	101	True	True	exact	None		All	D452_001	4260	D452_001	D452_001	15	15	True	True	exact	source-region-to-destination-region (MovementInfo directed edge)	1: Tools/dbeditor/workspace/MovementInfo.json + MapRegion.json | 2: reference/mir3-source/Source/GameServer/LocalDB.pas LoadMapInfos (MapInfo.txt gate model) | 3: 2026-09-25 map_manifest exact/renamed/variant/replacement/pending relation | 4: map terrain flag reader implemented independently by this audit generator	0.25	pending_manual_review	workspace region centroid is not an EI Envir gate record; no safe coordinate correction inferred
3558	616	02	银杏山谷	4261	Teleport Source	281	73	True	True	exact	None		All	D1311	4262	D1311	D1311	358	378	True	True	exact	source-region-to-destination-region (MovementInfo directed edge)	1: Tools/dbeditor/workspace/MovementInfo.json + MapRegion.json | 2: reference/mir3-source/Source/GameServer/LocalDB.pas LoadMapInfos (MapInfo.txt gate model) | 3: 2026-09-25 map_manifest exact/renamed/variant/replacement/pending relation | 4: map terrain flag reader implemented independently by this audit generator	0.25	pending_manual_review	workspace region centroid is not an EI Envir gate record; no safe coordinate correction inferred
3559	817	D1311	北部银杏废矿1层	4263	Teleport Source	357	379	True	True	exact	None		All	02	4264	02	02	280	74	True	True	exact	source-region-to-destination-region (MovementInfo directed edge)	1: Tools/dbeditor/workspace/MovementInfo.json + MapRegion.json | 2: reference/mir3-source/Source/GameServer/LocalDB.pas LoadMapInfos (MapInfo.txt gate model) | 3: 2026-09-25 map_manifest exact/renamed/variant/replacement/pending relation | 4: map terrain flag reader implemented independently by this audit generator	0.25	pending_manual_review	workspace region centroid is not an EI Envir gate record; no safe coordinate correction inferred
3560	817	D1311	北部银杏废矿1层	4265	Teleport Source	155	31	True	True	exact	None		All	D1312	4266	D1312	D1312	367	353	True	True	exact	source-region-to-destination-region (MovementInfo directed edge)	1: Tools/dbeditor/workspace/MovementInfo.json + MapRegion.json | 2: reference/mir3-source/Source/GameServer/LocalDB.pas LoadMapInfos (MapInfo.txt gate model) | 3: 2026-09-25 map_manifest exact/renamed/variant/replacement/pending relation | 4: map terrain flag reader implemented independently by this audit generator	0.25	pending_manual_review	workspace region centroid is not an EI Envir gate record; no safe coordinate correction inferred
3561	818	D1312	北部银杏废矿2层	4267	Teleport Source	368	354	True	True	exact	None		All	D1311	4268	D1311	D1311	156	32	True	True	exact	source-region-to-destination-region (MovementInfo directed edge)	1: Tools/dbeditor/workspace/MovementInfo.json + MapRegion.json | 2: reference/mir3-source/Source/GameServer/LocalDB.pas LoadMapInfos (MapInfo.txt gate model) | 3: 2026-09-25 map_manifest exact/renamed/variant/replacement/pending relation | 4: map terrain flag reader implemented independently by this audit generator	0.25	pending_manual_review	workspace region centroid is not an EI Envir gate record; no safe coordinate correction inferred
3562	818	D1312	北部银杏废矿2层	4269	Teleport Source	119	23	True	True	exact	None		All	D1313	4270	D1313	D1313	49	362	True	True	exact	source-region-to-destination-region (MovementInfo directed edge)	1: Tools/dbeditor/workspace/MovementInfo.json + MapRegion.json | 2: reference/mir3-source/Source/GameServer/LocalDB.pas LoadMapInfos (MapInfo.txt gate model) | 3: 2026-09-25 map_manifest exact/renamed/variant/replacement/pending relation | 4: map terrain flag reader implemented independently by this audit generator	0.25	pending_manual_review	workspace region centroid is not an EI Envir gate record; no safe coordinate correction inferred
3563	819	D1313	北部银杏废矿3层	4271	Teleport Source	48	363	True	True	exact	None		All	D1312	4272	D1312	D1312	118	24	True	True	exact	source-region-to-destination-region (MovementInfo directed edge)	1: Tools/dbeditor/workspace/MovementInfo.json + MapRegion.json | 2: reference/mir3-source/Source/GameServer/LocalDB.pas LoadMapInfos (MapInfo.txt gate model) | 3: 2026-09-25 map_manifest exact/renamed/variant/replacement/pending relation | 4: map terrain flag reader implemented independently by this audit generator	0.25	pending_manual_review	workspace region centroid is not an EI Envir gate record; no safe coordinate correction inferred
3564	819	D1313	北部银杏废矿3层	4273	Teleport Source	359	27	True	True	exact	None		All	D1314	4274	D1314	D1314	69	352	True	True	exact	source-region-to-destination-region (MovementInfo directed edge)	1: Tools/dbeditor/workspace/MovementInfo.json + MapRegion.json | 2: reference/mir3-source/Source/GameServer/LocalDB.pas LoadMapInfos (MapInfo.txt gate model) | 3: 2026-09-25 map_manifest exact/renamed/variant/replacement/pending relation | 4: map terrain flag reader implemented independently by this audit generator	0.25	pending_manual_review	workspace region centroid is not an EI Envir gate record; no safe coordinate correction inferred
3565	820	D1314	北部银杏废矿4层	4275	Teleport Source	68	353	True	True	exact	None		All	D1313	4276	D1313	D1313	358	28	True	True	exact	source-region-to-destination-region (MovementInfo directed edge)	1: Tools/dbeditor/workspace/MovementInfo.json + MapRegion.json | 2: reference/mir3-source/Source/GameServer/LocalDB.pas LoadMapInfos (MapInfo.txt gate model) | 3: 2026-09-25 map_manifest exact/renamed/variant/replacement/pending relation | 4: map terrain flag reader implemented independently by this audit generator	0.25	pending_manual_review	workspace region centroid is not an EI Envir gate record; no safe coordinate correction inferred
3566	820	D1314	北部银杏废矿4层	4277	Teleport Source	347	37	True	True	exact	None		All	D1315	4278	D1315	D1315	360	354	True	True	exact	source-region-to-destination-region (MovementInfo directed edge)	1: Tools/dbeditor/workspace/MovementInfo.json + MapRegion.json | 2: reference/mir3-source/Source/GameServer/LocalDB.pas LoadMapInfos (MapInfo.txt gate model) | 3: 2026-09-25 map_manifest exact/renamed/variant/replacement/pending relation | 4: map terrain flag reader implemented independently by this audit generator	0.25	pending_manual_review	workspace region centroid is not an EI Envir gate record; no safe coordinate correction inferred
3567	821	D1315	北部银杏废矿5层	4279	Teleport Source	361	355	True	True	exact	None		All	D1314	4280	D1314	D1314	348	38	True	True	exact	source-region-to-destination-region (MovementInfo directed edge)	1: Tools/dbeditor/workspace/MovementInfo.json + MapRegion.json | 2: reference/mir3-source/Source/GameServer/LocalDB.pas LoadMapInfos (MapInfo.txt gate model) | 3: 2026-09-25 map_manifest exact/renamed/variant/replacement/pending relation | 4: map terrain flag reader implemented independently by this audit generator	0.25	pending_manual_review	workspace region centroid is not an EI Envir gate record; no safe coordinate correction inferred
3568	616	02	银杏山谷	4281	Teleport Source	346	120	True	True	exact	None		All	D1301	4282	D1301	D1301	358	378	True	True	exact	source-region-to-destination-region (MovementInfo directed edge)	1: Tools/dbeditor/workspace/MovementInfo.json + MapRegion.json | 2: reference/mir3-source/Source/GameServer/LocalDB.pas LoadMapInfos (MapInfo.txt gate model) | 3: 2026-09-25 map_manifest exact/renamed/variant/replacement/pending relation | 4: map terrain flag reader implemented independently by this audit generator	0.25	pending_manual_review	workspace region centroid is not an EI Envir gate record; no safe coordinate correction inferred
3569	62	D1301	Black Palace Lv 1	4283	Teleport Source	357	379	True	True	exact	None		All	02	4284	02	02	345	121	True	True	exact	source-region-to-destination-region (MovementInfo directed edge)	1: Tools/dbeditor/workspace/MovementInfo.json + MapRegion.json | 2: reference/mir3-source/Source/GameServer/LocalDB.pas LoadMapInfos (MapInfo.txt gate model) | 3: 2026-09-25 map_manifest exact/renamed/variant/replacement/pending relation | 4: map terrain flag reader implemented independently by this audit generator	0.25	pending_manual_review	workspace region centroid is not an EI Envir gate record; no safe coordinate correction inferred
3570	62	D1301	Black Palace Lv 1	4285	Teleport Source	155	31	True	True	exact	None		All	D1302	4286	D1302	D1302	367	353	True	True	exact	source-region-to-destination-region (MovementInfo directed edge)	1: Tools/dbeditor/workspace/MovementInfo.json + MapRegion.json | 2: reference/mir3-source/Source/GameServer/LocalDB.pas LoadMapInfos (MapInfo.txt gate model) | 3: 2026-09-25 map_manifest exact/renamed/variant/replacement/pending relation | 4: map terrain flag reader implemented independently by this audit generator	0.25	pending_manual_review	workspace region centroid is not an EI Envir gate record; no safe coordinate correction inferred
3571	816	D1302	东部银杏废矿2层	4287	Teleport Source	368	354	True	True	exact	None		All	D1301	4288	D1301	D1301	156	32	True	True	exact	source-region-to-destination-region (MovementInfo directed edge)	1: Tools/dbeditor/workspace/MovementInfo.json + MapRegion.json | 2: reference/mir3-source/Source/GameServer/LocalDB.pas LoadMapInfos (MapInfo.txt gate model) | 3: 2026-09-25 map_manifest exact/renamed/variant/replacement/pending relation | 4: map terrain flag reader implemented independently by this audit generator	0.25	pending_manual_review	workspace region centroid is not an EI Envir gate record; no safe coordinate correction inferred
3572	816	D1302	东部银杏废矿2层	4289	Teleport Source	119	23	True	True	exact	None		All	D1303	4290	D1303	D1303	49	362	True	True	exact	source-region-to-destination-region (MovementInfo directed edge)	1: Tools/dbeditor/workspace/MovementInfo.json + MapRegion.json | 2: reference/mir3-source/Source/GameServer/LocalDB.pas LoadMapInfos (MapInfo.txt gate model) | 3: 2026-09-25 map_manifest exact/renamed/variant/replacement/pending relation | 4: map terrain flag reader implemented independently by this audit generator	0.25	pending_manual_review	workspace region centroid is not an EI Envir gate record; no safe coordinate correction inferred
3573	65	D1303	Black Palace Lv 3	4291	Teleport Source	48	363	True	True	exact	None		All	D1302	4292	D1302	D1302	118	24	True	True	exact	source-region-to-destination-region (MovementInfo directed edge)	1: Tools/dbeditor/workspace/MovementInfo.json + MapRegion.json | 2: reference/mir3-source/Source/GameServer/LocalDB.pas LoadMapInfos (MapInfo.txt gate model) | 3: 2026-09-25 map_manifest exact/renamed/variant/replacement/pending relation | 4: map terrain flag reader implemented independently by this audit generator	0.25	pending_manual_review	workspace region centroid is not an EI Envir gate record; no safe coordinate correction inferred
3574	616	02	银杏山谷	4293	Teleport Source	129	157	True	True	exact	None		All	D1321	4294	D1321	D1321	358	378	True	True	exact	source-region-to-destination-region (MovementInfo directed edge)	1: Tools/dbeditor/workspace/MovementInfo.json + MapRegion.json | 2: reference/mir3-source/Source/GameServer/LocalDB.pas LoadMapInfos (MapInfo.txt gate model) | 3: 2026-09-25 map_manifest exact/renamed/variant/replacement/pending relation | 4: map terrain flag reader implemented independently by this audit generator	0.25	pending_manual_review	workspace region centroid is not an EI Envir gate record; no safe coordinate correction inferred
3575	822	D1321	西部银杏废矿1层	4295	Teleport Source	357	379	True	True	exact	None		All	02	4296	02	02	128	158	True	True	exact	source-region-to-destination-region (MovementInfo directed edge)	1: Tools/dbeditor/workspace/MovementInfo.json + MapRegion.json | 2: reference/mir3-source/Source/GameServer/LocalDB.pas LoadMapInfos (MapInfo.txt gate model) | 3: 2026-09-25 map_manifest exact/renamed/variant/replacement/pending relation | 4: map terrain flag reader implemented independently by this audit generator	0.25	pending_manual_review	workspace region centroid is not an EI Envir gate record; no safe coordinate correction inferred
3576	822	D1321	西部银杏废矿1层	4297	Teleport Source	155	31	True	True	exact	None		All	D1322	4298	D1322	D1322	367	353	True	True	exact	source-region-to-destination-region (MovementInfo directed edge)	1: Tools/dbeditor/workspace/MovementInfo.json + MapRegion.json | 2: reference/mir3-source/Source/GameServer/LocalDB.pas LoadMapInfos (MapInfo.txt gate model) | 3: 2026-09-25 map_manifest exact/renamed/variant/replacement/pending relation | 4: map terrain flag reader implemented independently by this audit generator	0.25	pending_manual_review	workspace region centroid is not an EI Envir gate record; no safe coordinate correction inferred
3577	823	D1322	西部银杏废矿2层	4299	Teleport Source	368	354	True	True	exact	None		All	D1321	4300	D1321	D1321	156	32	True	True	exact	source-region-to-destination-region (MovementInfo directed edge)	1: Tools/dbeditor/workspace/MovementInfo.json + MapRegion.json | 2: reference/mir3-source/Source/GameServer/LocalDB.pas LoadMapInfos (MapInfo.txt gate model) | 3: 2026-09-25 map_manifest exact/renamed/variant/replacement/pending relation | 4: map terrain flag reader implemented independently by this audit generator	0.25	pending_manual_review	workspace region centroid is not an EI Envir gate record; no safe coordinate correction inferred
3578	823	D1322	西部银杏废矿2层	4301	Teleport Source	119	23	True	True	exact	None		All	D1323	4302	D1323	D1323	49	362	True	True	exact	source-region-to-destination-region (MovementInfo directed edge)	1: Tools/dbeditor/workspace/MovementInfo.json + MapRegion.json | 2: reference/mir3-source/Source/GameServer/LocalDB.pas LoadMapInfos (MapInfo.txt gate model) | 3: 2026-09-25 map_manifest exact/renamed/variant/replacement/pending relation | 4: map terrain flag reader implemented independently by this audit generator	0.25	pending_manual_review	workspace region centroid is not an EI Envir gate record; no safe coordinate correction inferred
3579	824	D1323	西部银杏废矿3层	4303	Teleport Source	48	363	True	True	exact	None		All	D1322	4304	D1322	D1322	118	24	True	True	exact	source-region-to-destination-region (MovementInfo directed edge)	1: Tools/dbeditor/workspace/MovementInfo.json + MapRegion.json | 2: reference/mir3-source/Source/GameServer/LocalDB.pas LoadMapInfos (MapInfo.txt gate model) | 3: 2026-09-25 map_manifest exact/renamed/variant/replacement/pending relation | 4: map terrain flag reader implemented independently by this audit generator	0.25	pending_manual_review	workspace region centroid is not an EI Envir gate record; no safe coordinate correction inferred
3580	824	D1323	西部银杏废矿3层	4305	Teleport Source	359	27	True	True	exact	None		All	D1324	4306	D1324	D1324	69	352	True	True	exact	source-region-to-destination-region (MovementInfo directed edge)	1: Tools/dbeditor/workspace/MovementInfo.json + MapRegion.json | 2: reference/mir3-source/Source/GameServer/LocalDB.pas LoadMapInfos (MapInfo.txt gate model) | 3: 2026-09-25 map_manifest exact/renamed/variant/replacement/pending relation | 4: map terrain flag reader implemented independently by this audit generator	0.25	pending_manual_review	workspace region centroid is not an EI Envir gate record; no safe coordinate correction inferred
3581	825	D1324	西部银杏废矿4层	4307	Teleport Source	68	353	True	True	exact	None		All	D1323	4308	D1323	D1323	358	28	True	True	exact	source-region-to-destination-region (MovementInfo directed edge)	1: Tools/dbeditor/workspace/MovementInfo.json + MapRegion.json | 2: reference/mir3-source/Source/GameServer/LocalDB.pas LoadMapInfos (MapInfo.txt gate model) | 3: 2026-09-25 map_manifest exact/renamed/variant/replacement/pending relation | 4: map terrain flag reader implemented independently by this audit generator	0.25	pending_manual_review	workspace region centroid is not an EI Envir gate record; no safe coordinate correction inferred
3582	825	D1324	西部银杏废矿4层	4309	Teleport Source	347	37	True	True	exact	None		All	D1325	4310	D1325	D1325	360	354	True	True	exact	source-region-to-destination-region (MovementInfo directed edge)	1: Tools/dbeditor/workspace/MovementInfo.json + MapRegion.json | 2: reference/mir3-source/Source/GameServer/LocalDB.pas LoadMapInfos (MapInfo.txt gate model) | 3: 2026-09-25 map_manifest exact/renamed/variant/replacement/pending relation | 4: map terrain flag reader implemented independently by this audit generator	0.25	pending_manual_review	workspace region centroid is not an EI Envir gate record; no safe coordinate correction inferred
3583	826	D1325	西部银杏废矿5层	4311	Teleport Source	361	355	True	True	exact	None		All	D1324	4312	D1324	D1324	348	38	True	True	exact	source-region-to-destination-region (MovementInfo directed edge)	1: Tools/dbeditor/workspace/MovementInfo.json + MapRegion.json | 2: reference/mir3-source/Source/GameServer/LocalDB.pas LoadMapInfos (MapInfo.txt gate model) | 3: 2026-09-25 map_manifest exact/renamed/variant/replacement/pending relation | 4: map terrain flag reader implemented independently by this audit generator	0.25	pending_manual_review	workspace region centroid is not an EI Envir gate record; no safe coordinate correction inferred
3584	610	01	边境城市	4313	Teleport Source	355	65	True	True	exact	None		All	D1411	4314	D1411	D1411	92	387	True	True	exact	source-region-to-destination-region (MovementInfo directed edge)	1: Tools/dbeditor/workspace/MovementInfo.json + MapRegion.json | 2: reference/mir3-source/Source/GameServer/LocalDB.pas LoadMapInfos (MapInfo.txt gate model) | 3: 2026-09-25 map_manifest exact/renamed/variant/replacement/pending relation | 4: map terrain flag reader implemented independently by this audit generator	0.25	pending_manual_review	workspace region centroid is not an EI Envir gate record; no safe coordinate correction inferred
3585	827	D1411	北部石矿1层	4315	Teleport Source	91	388	True	True	exact	None		All	01	4316	01	01	354	66	True	True	exact	source-region-to-destination-region (MovementInfo directed edge)	1: Tools/dbeditor/workspace/MovementInfo.json + MapRegion.json | 2: reference/mir3-source/Source/GameServer/LocalDB.pas LoadMapInfos (MapInfo.txt gate model) | 3: 2026-09-25 map_manifest exact/renamed/variant/replacement/pending relation | 4: map terrain flag reader implemented independently by this audit generator	0.25	pending_manual_review	workspace region centroid is not an EI Envir gate record; no safe coordinate correction inferred
3586	827	D1411	北部石矿1层	4317	Teleport Source	347	47	True	True	exact	None		All	D1412	4318	D1412	D1412	314	373	True	True	exact	source-region-to-destination-region (MovementInfo directed edge)	1: Tools/dbeditor/workspace/MovementInfo.json + MapRegion.json | 2: reference/mir3-source/Source/GameServer/LocalDB.pas LoadMapInfos (MapInfo.txt gate model) | 3: 2026-09-25 map_manifest exact/renamed/variant/replacement/pending relation | 4: map terrain flag reader implemented independently by this audit generator	0.25	pending_manual_review	workspace region centroid is not an EI Envir gate record; no safe coordinate correction inferred
3587	828	D1412	北部石矿2层	4319	Teleport Source	313	374	True	True	exact	None		All	D1411	4320	D1411	D1411	346	48	True	True	exact	source-region-to-destination-region (MovementInfo directed edge)	1: Tools/dbeditor/workspace/MovementInfo.json + MapRegion.json | 2: reference/mir3-source/Source/GameServer/LocalDB.pas LoadMapInfos (MapInfo.txt gate model) | 3: 2026-09-25 map_manifest exact/renamed/variant/replacement/pending relation | 4: map terrain flag reader implemented independently by this audit generator	0.25	pending_manual_review	workspace region centroid is not an EI Envir gate record; no safe coordinate correction inferred
3588	828	D1412	北部石矿2层	4321	Teleport Source	35	354	True	True	exact	None		All	D1413	4322	D1413	D1413	315	354	True	True	exact	source-region-to-destination-region (MovementInfo directed edge)	1: Tools/dbeditor/workspace/MovementInfo.json + MapRegion.json | 2: reference/mir3-source/Source/GameServer/LocalDB.pas LoadMapInfos (MapInfo.txt gate model) | 3: 2026-09-25 map_manifest exact/renamed/variant/replacement/pending relation | 4: map terrain flag reader implemented independently by this audit generator	0.25	pending_manual_review	workspace region centroid is not an EI Envir gate record; no safe coordinate correction inferred
3589	829	D1413	北部石矿3层	4323	Teleport Source	314	355	True	True	exact	None		All	D1412	4324	D1412	D1412	36	355	True	True	exact	source-region-to-destination-region (MovementInfo directed edge)	1: Tools/dbeditor/workspace/MovementInfo.json + MapRegion.json | 2: reference/mir3-source/Source/GameServer/LocalDB.pas LoadMapInfos (MapInfo.txt gate model) | 3: 2026-09-25 map_manifest exact/renamed/variant/replacement/pending relation | 4: map terrain flag reader implemented independently by this audit generator	0.25	pending_manual_review	workspace region centroid is not an EI Envir gate record; no safe coordinate correction inferred
3590	829	D1413	北部石矿3层	4325	Teleport Source	101	44	True	True	exact	None		All	D1414	4326	D1414	D1414	50	355	True	True	exact	source-region-to-destination-region (MovementInfo directed edge)	1: Tools/dbeditor/workspace/MovementInfo.json + MapRegion.json | 2: reference/mir3-source/Source/GameServer/LocalDB.pas LoadMapInfos (MapInfo.txt gate model) | 3: 2026-09-25 map_manifest exact/renamed/variant/replacement/pending relation | 4: map terrain flag reader implemented independently by this audit generator	0.25	pending_manual_review	workspace region centroid is not an EI Envir gate record; no safe coordinate correction inferred
3591	830	D1414	北部石矿4层	4327	Teleport Source	49	356	True	True	exact	None		All	D1413	4328	D1413	D1413	100	45	True	True	exact	source-region-to-destination-region (MovementInfo directed edge)	1: Tools/dbeditor/workspace/MovementInfo.json + MapRegion.json | 2: reference/mir3-source/Source/GameServer/LocalDB.pas LoadMapInfos (MapInfo.txt gate model) | 3: 2026-09-25 map_manifest exact/renamed/variant/replacement/pending relation | 4: map terrain flag reader implemented independently by this audit generator	0.25	pending_manual_review	workspace region centroid is not an EI Envir gate record; no safe coordinate correction inferred
3592	830	D1414	北部石矿4层	4329	Teleport Source	376	61	True	True	exact	None		All	D1415	4330	D1415	D1415	86	365	True	True	exact	source-region-to-destination-region (MovementInfo directed edge)	1: Tools/dbeditor/workspace/MovementInfo.json + MapRegion.json | 2: reference/mir3-source/Source/GameServer/LocalDB.pas LoadMapInfos (MapInfo.txt gate model) | 3: 2026-09-25 map_manifest exact/renamed/variant/replacement/pending relation | 4: map terrain flag reader implemented independently by this audit generator	0.25	pending_manual_review	workspace region centroid is not an EI Envir gate record; no safe coordinate correction inferred
3593	831	D1415	北部石矿5层	4331	Teleport Source	85	366	True	True	exact	None		All	D1414	4332	D1414	D1414	375	62	True	True	exact	source-region-to-destination-region (MovementInfo directed edge)	1: Tools/dbeditor/workspace/MovementInfo.json + MapRegion.json | 2: reference/mir3-source/Source/GameServer/LocalDB.pas LoadMapInfos (MapInfo.txt gate model) | 3: 2026-09-25 map_manifest exact/renamed/variant/replacement/pending relation | 4: map terrain flag reader implemented independently by this audit generator	0.25	pending_manual_review	workspace region centroid is not an EI Envir gate record; no safe coordinate correction inferred
3594	610	01	边境城市	4333	Teleport Source	497	86	True	True	exact	None		All	D1405	4334	D1405	D1405	86	365	True	True	exact	source-region-to-destination-region (MovementInfo directed edge)	1: Tools/dbeditor/workspace/MovementInfo.json + MapRegion.json | 2: reference/mir3-source/Source/GameServer/LocalDB.pas LoadMapInfos (MapInfo.txt gate model) | 3: 2026-09-25 map_manifest exact/renamed/variant/replacement/pending relation | 4: map terrain flag reader implemented independently by this audit generator	0.25	pending_manual_review	workspace region centroid is not an EI Envir gate record; no safe coordinate correction inferred
3595	72	D1405	Phantom Ship Lv 1	4335	Teleport Source	85	366	True	True	exact	None		All	01	4336	01	01	496	87	True	True	exact	source-region-to-destination-region (MovementInfo directed edge)	1: Tools/dbeditor/workspace/MovementInfo.json + MapRegion.json | 2: reference/mir3-source/Source/GameServer/LocalDB.pas LoadMapInfos (MapInfo.txt gate model) | 3: 2026-09-25 map_manifest exact/renamed/variant/replacement/pending relation | 4: map terrain flag reader implemented independently by this audit generator	0.25	pending_manual_review	workspace region centroid is not an EI Envir gate record; no safe coordinate correction inferred
3596	610	01	边境城市	4337	Teleport Source	294	153	True	True	exact	None		All	D1421	4338	D1421	D1421	92	387	True	True	exact	source-region-to-destination-region (MovementInfo directed edge)	1: Tools/dbeditor/workspace/MovementInfo.json + MapRegion.json | 2: reference/mir3-source/Source/GameServer/LocalDB.pas LoadMapInfos (MapInfo.txt gate model) | 3: 2026-09-25 map_manifest exact/renamed/variant/replacement/pending relation | 4: map terrain flag reader implemented independently by this audit generator	0.25	pending_manual_review	workspace region centroid is not an EI Envir gate record; no safe coordinate correction inferred
3597	832	D1421	西部石矿1层	4339	Teleport Source	91	388	True	True	exact	None		All	01	4340	01	01	293	154	True	True	exact	source-region-to-destination-region (MovementInfo directed edge)	1: Tools/dbeditor/workspace/MovementInfo.json + MapRegion.json | 2: reference/mir3-source/Source/GameServer/LocalDB.pas LoadMapInfos (MapInfo.txt gate model) | 3: 2026-09-25 map_manifest exact/renamed/variant/replacement/pending relation | 4: map terrain flag reader implemented independently by this audit generator	0.25	pending_manual_review	workspace region centroid is not an EI Envir gate record; no safe coordinate correction inferred
3598	832	D1421	西部石矿1层	4341	Teleport Source	347	47	True	True	exact	None		All	D1422	4342	D1422	D1422	314	373	True	True	exact	source-region-to-destination-region (MovementInfo directed edge)	1: Tools/dbeditor/workspace/MovementInfo.json + MapRegion.json | 2: reference/mir3-source/Source/GameServer/LocalDB.pas LoadMapInfos (MapInfo.txt gate model) | 3: 2026-09-25 map_manifest exact/renamed/variant/replacement/pending relation | 4: map terrain flag reader implemented independently by this audit generator	0.25	pending_manual_review	workspace region centroid is not an EI Envir gate record; no safe coordinate correction inferred
3599	833	D1422	西部石矿2层	4343	Teleport Source	313	374	True	True	exact	None		All	D1421	4344	D1421	D1421	346	48	True	True	exact	source-region-to-destination-region (MovementInfo directed edge)	1: Tools/dbeditor/workspace/MovementInfo.json + MapRegion.json | 2: reference/mir3-source/Source/GameServer/LocalDB.pas LoadMapInfos (MapInfo.txt gate model) | 3: 2026-09-25 map_manifest exact/renamed/variant/replacement/pending relation | 4: map terrain flag reader implemented independently by this audit generator	0.25	pending_manual_review	workspace region centroid is not an EI Envir gate record; no safe coordinate correction inferred
3600	833	D1422	西部石矿2层	4345	Teleport Source	35	354	True	True	exact	None		All	D1423	4346	D1423	D1423	315	354	True	True	exact	source-region-to-destination-region (MovementInfo directed edge)	1: Tools/dbeditor/workspace/MovementInfo.json + MapRegion.json | 2: reference/mir3-source/Source/GameServer/LocalDB.pas LoadMapInfos (MapInfo.txt gate model) | 3: 2026-09-25 map_manifest exact/renamed/variant/replacement/pending relation | 4: map terrain flag reader implemented independently by this audit generator	0.25	pending_manual_review	workspace region centroid is not an EI Envir gate record; no safe coordinate correction inferred
3601	834	D1423	西部石矿3层	4347	Teleport Source	314	355	True	True	exact	None		All	D1422	4348	D1422	D1422	36	355	True	True	exact	source-region-to-destination-region (MovementInfo directed edge)	1: Tools/dbeditor/workspace/MovementInfo.json + MapRegion.json | 2: reference/mir3-source/Source/GameServer/LocalDB.pas LoadMapInfos (MapInfo.txt gate model) | 3: 2026-09-25 map_manifest exact/renamed/variant/replacement/pending relation | 4: map terrain flag reader implemented independently by this audit generator	0.25	pending_manual_review	workspace region centroid is not an EI Envir gate record; no safe coordinate correction inferred
3602	834	D1423	西部石矿3层	4349	Teleport Source	101	44	True	True	exact	None		All	D1424	4350	D1424	D1424	50	355	True	True	exact	source-region-to-destination-region (MovementInfo directed edge)	1: Tools/dbeditor/workspace/MovementInfo.json + MapRegion.json | 2: reference/mir3-source/Source/GameServer/LocalDB.pas LoadMapInfos (MapInfo.txt gate model) | 3: 2026-09-25 map_manifest exact/renamed/variant/replacement/pending relation | 4: map terrain flag reader implemented independently by this audit generator	0.25	pending_manual_review	workspace region centroid is not an EI Envir gate record; no safe coordinate correction inferred
3603	835	D1424	西部石矿4层	4351	Teleport Source	49	356	True	True	exact	None		All	D1423	4352	D1423	D1423	100	45	True	True	exact	source-region-to-destination-region (MovementInfo directed edge)	1: Tools/dbeditor/workspace/MovementInfo.json + MapRegion.json | 2: reference/mir3-source/Source/GameServer/LocalDB.pas LoadMapInfos (MapInfo.txt gate model) | 3: 2026-09-25 map_manifest exact/renamed/variant/replacement/pending relation | 4: map terrain flag reader implemented independently by this audit generator	0.25	pending_manual_review	workspace region centroid is not an EI Envir gate record; no safe coordinate correction inferred
3604	835	D1424	西部石矿4层	4353	Teleport Source	376	61	True	True	exact	None		All	D1425	4354	D1425	D1425	86	365	True	True	exact	source-region-to-destination-region (MovementInfo directed edge)	1: Tools/dbeditor/workspace/MovementInfo.json + MapRegion.json | 2: reference/mir3-source/Source/GameServer/LocalDB.pas LoadMapInfos (MapInfo.txt gate model) | 3: 2026-09-25 map_manifest exact/renamed/variant/replacement/pending relation | 4: map terrain flag reader implemented independently by this audit generator	0.25	pending_manual_review	workspace region centroid is not an EI Envir gate record; no safe coordinate correction inferred
3605	836	D1425	西部石矿5层	4355	Teleport Source	85	366	True	True	exact	None		All	D1424	4356	D1424	D1424	375	62	True	True	exact	source-region-to-destination-region (MovementInfo directed edge)	1: Tools/dbeditor/workspace/MovementInfo.json + MapRegion.json | 2: reference/mir3-source/Source/GameServer/LocalDB.pas LoadMapInfos (MapInfo.txt gate model) | 3: 2026-09-25 map_manifest exact/renamed/variant/replacement/pending relation | 4: map terrain flag reader implemented independently by this audit generator	0.25	pending_manual_review	workspace region centroid is not an EI Envir gate record; no safe coordinate correction inferred
3606	5	1	Lost Paradise	4357	Teleport Source	54	370	True	True	variant	None		All	D021	4358	D021	D021	76	74	True	True	exact	source-region-to-destination-region (MovementInfo directed edge)	1: Tools/dbeditor/workspace/MovementInfo.json + MapRegion.json | 2: reference/mir3-source/Source/GameServer/LocalDB.pas LoadMapInfos (MapInfo.txt gate model) | 3: 2026-09-25 map_manifest exact/renamed/variant/replacement/pending relation | 4: map terrain flag reader implemented independently by this audit generator	0.25	pending_manual_review	workspace region centroid is not an EI Envir gate record; no safe coordinate correction inferred
3607	5	1	Lost Paradise	4359	Teleport Source	54	369	True	True	variant	None		All	D021	4360	D021	D021	76	75	True	True	exact	source-region-to-destination-region (MovementInfo directed edge)	1: Tools/dbeditor/workspace/MovementInfo.json + MapRegion.json | 2: reference/mir3-source/Source/GameServer/LocalDB.pas LoadMapInfos (MapInfo.txt gate model) | 3: 2026-09-25 map_manifest exact/renamed/variant/replacement/pending relation | 4: map terrain flag reader implemented independently by this audit generator	0.25	pending_manual_review	workspace region centroid is not an EI Envir gate record; no safe coordinate correction inferred
3608	758	D021	沃玛神殿入口	4361	Teleport Source	77	75	True	True	exact	None		All	1	4362	1	1	55	371	True	True	variant	source-region-to-destination-region (MovementInfo directed edge)	1: Tools/dbeditor/workspace/MovementInfo.json + MapRegion.json | 2: reference/mir3-source/Source/GameServer/LocalDB.pas LoadMapInfos (MapInfo.txt gate model) | 3: 2026-09-25 map_manifest exact/renamed/variant/replacement/pending relation | 4: map terrain flag reader implemented independently by this audit generator	0.25	pending_manual_review	workspace region centroid is not an EI Envir gate record; no safe coordinate correction inferred
3609	758	D021	沃玛神殿入口	4363	Teleport Source	77	76	True	True	exact	None		All	1	4364	1	1	55	370	True	True	variant	source-region-to-destination-region (MovementInfo directed edge)	1: Tools/dbeditor/workspace/MovementInfo.json + MapRegion.json | 2: reference/mir3-source/Source/GameServer/LocalDB.pas LoadMapInfos (MapInfo.txt gate model) | 3: 2026-09-25 map_manifest exact/renamed/variant/replacement/pending relation | 4: map terrain flag reader implemented independently by this audit generator	0.25	pending_manual_review	workspace region centroid is not an EI Envir gate record; no safe coordinate correction inferred
3610	758	D021	沃玛神殿入口	4365	Teleport Source	26	27	True	True	exact	None		All	D022	4366	D022	D022	338	356	True	True	exact	source-region-to-destination-region (MovementInfo directed edge)	1: Tools/dbeditor/workspace/MovementInfo.json + MapRegion.json | 2: reference/mir3-source/Source/GameServer/LocalDB.pas LoadMapInfos (MapInfo.txt gate model) | 3: 2026-09-25 map_manifest exact/renamed/variant/replacement/pending relation | 4: map terrain flag reader implemented independently by this audit generator	0.25	pending_manual_review	workspace region centroid is not an EI Envir gate record; no safe coordinate correction inferred
3611	758	D021	沃玛神殿入口	4367	Teleport Source	26	26	True	True	exact	None		All	D022	4368	D022	D022	339	355	True	True	exact	source-region-to-destination-region (MovementInfo directed edge)	1: Tools/dbeditor/workspace/MovementInfo.json + MapRegion.json | 2: reference/mir3-source/Source/GameServer/LocalDB.pas LoadMapInfos (MapInfo.txt gate model) | 3: 2026-09-25 map_manifest exact/renamed/variant/replacement/pending relation | 4: map terrain flag reader implemented independently by this audit generator	0.25	pending_manual_review	workspace region centroid is not an EI Envir gate record; no safe coordinate correction inferred
3612	759	D022	沃玛神殿1层	4369	Teleport Source	338	355	True	True	exact	None		All	D021	4370	D021	D021	25	26	True	True	exact	source-region-to-destination-region (MovementInfo directed edge)	1: Tools/dbeditor/workspace/MovementInfo.json + MapRegion.json | 2: reference/mir3-source/Source/GameServer/LocalDB.pas LoadMapInfos (MapInfo.txt gate model) | 3: 2026-09-25 map_manifest exact/renamed/variant/replacement/pending relation | 4: map terrain flag reader implemented independently by this audit generator	0.25	pending_manual_review	workspace region centroid is not an EI Envir gate record; no safe coordinate correction inferred
3613	759	D022	沃玛神殿1层	4371	Teleport Source	338	354	True	True	exact	None		All	D021	4372	D021	D021	25	25	True	True	exact	source-region-to-destination-region (MovementInfo directed edge)	1: Tools/dbeditor/workspace/MovementInfo.json + MapRegion.json | 2: reference/mir3-source/Source/GameServer/LocalDB.pas LoadMapInfos (MapInfo.txt gate model) | 3: 2026-09-25 map_manifest exact/renamed/variant/replacement/pending relation | 4: map terrain flag reader implemented independently by this audit generator	0.25	pending_manual_review	workspace region centroid is not an EI Envir gate record; no safe coordinate correction inferred
3614	759	D022	沃玛神殿1层	4373	Teleport Source	251	207	True	True	exact	None		All	D023	4374	D023	D023	198	195	True	True	exact	source-region-to-destination-region (MovementInfo directed edge)	1: Tools/dbeditor/workspace/MovementInfo.json + MapRegion.json | 2: reference/mir3-source/Source/GameServer/LocalDB.pas LoadMapInfos (MapInfo.txt gate model) | 3: 2026-09-25 map_manifest exact/renamed/variant/replacement/pending relation | 4: map terrain flag reader implemented independently by this audit generator	0.25	pending_manual_review	workspace region centroid is not an EI Envir gate record; no safe coordinate correction inferred
3615	759	D022	沃玛神殿1层	4375	Teleport Source	251	206	True	True	exact	None		All	D023	4376	D023	D023	199	194	True	True	exact	source-region-to-destination-region (MovementInfo directed edge)	1: Tools/dbeditor/workspace/MovementInfo.json + MapRegion.json | 2: reference/mir3-source/Source/GameServer/LocalDB.pas LoadMapInfos (MapInfo.txt gate model) | 3: 2026-09-25 map_manifest exact/renamed/variant/replacement/pending relation | 4: map terrain flag reader implemented independently by this audit generator	0.25	pending_manual_review	workspace region centroid is not an EI Envir gate record; no safe coordinate correction inferred
3616	761	D023	沃玛神殿2层	4377	Teleport Source	198	194	True	True	exact	None		All	D022	4378	D022	D022	250	206	True	True	exact	source-region-to-destination-region (MovementInfo directed edge)	1: Tools/dbeditor/workspace/MovementInfo.json + MapRegion.json | 2: reference/mir3-source/Source/GameServer/LocalDB.pas LoadMapInfos (MapInfo.txt gate model) | 3: 2026-09-25 map_manifest exact/renamed/variant/replacement/pending relation | 4: map terrain flag reader implemented independently by this audit generator	0.25	pending_manual_review	workspace region centroid is not an EI Envir gate record; no safe coordinate correction inferred
3617	761	D023	沃玛神殿2层	4379	Teleport Source	198	193	True	True	exact	None		All	D022	4380	D022	D022	250	205	True	True	exact	source-region-to-destination-region (MovementInfo directed edge)	1: Tools/dbeditor/workspace/MovementInfo.json + MapRegion.json | 2: reference/mir3-source/Source/GameServer/LocalDB.pas LoadMapInfos (MapInfo.txt gate model) | 3: 2026-09-25 map_manifest exact/renamed/variant/replacement/pending relation | 4: map terrain flag reader implemented independently by this audit generator	0.25	pending_manual_review	workspace region centroid is not an EI Envir gate record; no safe coordinate correction inferred
3618	761	D023	沃玛神殿2层	4381	Teleport Source	52	366	True	True	exact	None		All	D024	4382	D024	D024	16	19	True	True	variant	source-region-to-destination-region (MovementInfo directed edge)	1: Tools/dbeditor/workspace/MovementInfo.json + MapRegion.json | 2: reference/mir3-source/Source/GameServer/LocalDB.pas LoadMapInfos (MapInfo.txt gate model) | 3: 2026-09-25 map_manifest exact/renamed/variant/replacement/pending relation | 4: map terrain flag reader implemented independently by this audit generator	0.25	pending_manual_review	workspace region centroid is not an EI Envir gate record; no safe coordinate correction inferred
3619	758	D021	沃玛神殿入口	4383	Teleport Source	47	37	True	True	exact	None		All	D032	4384	D032	D032	338	356	True	True	exact	source-region-to-destination-region (MovementInfo directed edge)	1: Tools/dbeditor/workspace/MovementInfo.json + MapRegion.json | 2: reference/mir3-source/Source/GameServer/LocalDB.pas LoadMapInfos (MapInfo.txt gate model) | 3: 2026-09-25 map_manifest exact/renamed/variant/replacement/pending relation | 4: map terrain flag reader implemented independently by this audit generator	0.25	pending_manual_review	workspace region centroid is not an EI Envir gate record; no safe coordinate correction inferred
3620	765	D032	沃玛神殿1层	4385	Teleport Source	338	355	True	True	exact	None		All	D021	4386	D021	D021	46	36	True	True	exact	source-region-to-destination-region (MovementInfo directed edge)	1: Tools/dbeditor/workspace/MovementInfo.json + MapRegion.json | 2: reference/mir3-source/Source/GameServer/LocalDB.pas LoadMapInfos (MapInfo.txt gate model) | 3: 2026-09-25 map_manifest exact/renamed/variant/replacement/pending relation | 4: map terrain flag reader implemented independently by this audit generator	0.25	pending_manual_review	workspace region centroid is not an EI Envir gate record; no safe coordinate correction inferred
3621	765	D032	沃玛神殿1层	4387	Teleport Source	338	354	True	True	exact	None		All	D021	4388	D021	D021	46	36	True	True	exact	source-region-to-destination-region (MovementInfo directed edge)	1: Tools/dbeditor/workspace/MovementInfo.json + MapRegion.json | 2: reference/mir3-source/Source/GameServer/LocalDB.pas LoadMapInfos (MapInfo.txt gate model) | 3: 2026-09-25 map_manifest exact/renamed/variant/replacement/pending relation | 4: map terrain flag reader implemented independently by this audit generator	0.25	pending_manual_review	workspace region centroid is not an EI Envir gate record; no safe coordinate correction inferred
3622	765	D032	沃玛神殿1层	4389	Teleport Source	251	207	True	True	exact	None		All	D033	4390	D033	D033	198	195	True	True	exact	source-region-to-destination-region (MovementInfo directed edge)	1: Tools/dbeditor/workspace/MovementInfo.json + MapRegion.json | 2: reference/mir3-source/Source/GameServer/LocalDB.pas LoadMapInfos (MapInfo.txt gate model) | 3: 2026-09-25 map_manifest exact/renamed/variant/replacement/pending relation | 4: map terrain flag reader implemented independently by this audit generator	0.25	pending_manual_review	workspace region centroid is not an EI Envir gate record; no safe coordinate correction inferred
3623	765	D032	沃玛神殿1层	4391	Teleport Source	251	206	True	True	exact	None		All	D033	4392	D033	D033	199	194	True	True	exact	source-region-to-destination-region (MovementInfo directed edge)	1: Tools/dbeditor/workspace/MovementInfo.json + MapRegion.json | 2: reference/mir3-source/Source/GameServer/LocalDB.pas LoadMapInfos (MapInfo.txt gate model) | 3: 2026-09-25 map_manifest exact/renamed/variant/replacement/pending relation | 4: map terrain flag reader implemented independently by this audit generator	0.25	pending_manual_review	workspace region centroid is not an EI Envir gate record; no safe coordinate correction inferred
3624	766	D033	沃玛神殿2层	4393	Teleport Source	198	194	True	True	exact	None		All	D032	4394	D032	D032	250	206	True	True	exact	source-region-to-destination-region (MovementInfo directed edge)	1: Tools/dbeditor/workspace/MovementInfo.json + MapRegion.json | 2: reference/mir3-source/Source/GameServer/LocalDB.pas LoadMapInfos (MapInfo.txt gate model) | 3: 2026-09-25 map_manifest exact/renamed/variant/replacement/pending relation | 4: map terrain flag reader implemented independently by this audit generator	0.25	pending_manual_review	workspace region centroid is not an EI Envir gate record; no safe coordinate correction inferred
3625	766	D033	沃玛神殿2层	4395	Teleport Source	198	193	True	True	exact	None		All	D032	4396	D032	D032	250	205	True	True	exact	source-region-to-destination-region (MovementInfo directed edge)	1: Tools/dbeditor/workspace/MovementInfo.json + MapRegion.json | 2: reference/mir3-source/Source/GameServer/LocalDB.pas LoadMapInfos (MapInfo.txt gate model) | 3: 2026-09-25 map_manifest exact/renamed/variant/replacement/pending relation | 4: map terrain flag reader implemented independently by this audit generator	0.25	pending_manual_review	workspace region centroid is not an EI Envir gate record; no safe coordinate correction inferred
3626	766	D033	沃玛神殿2层	4397	Teleport Source	52	366	True	True	exact	None		All	D024	4398	D024	D024	47	29	True	True	variant	source-region-to-destination-region (MovementInfo directed edge)	1: Tools/dbeditor/workspace/MovementInfo.json + MapRegion.json | 2: reference/mir3-source/Source/GameServer/LocalDB.pas LoadMapInfos (MapInfo.txt gate model) | 3: 2026-09-25 map_manifest exact/renamed/variant/replacement/pending relation | 4: map terrain flag reader implemented independently by this audit generator	0.25	pending_manual_review	workspace region centroid is not an EI Envir gate record; no safe coordinate correction inferred
3627	758	D021	沃玛神殿入口	4399	Teleport Source	34	50	True	True	exact	None		All	D042	4400	D042	D042	338	356	True	True	exact	source-region-to-destination-region (MovementInfo directed edge)	1: Tools/dbeditor/workspace/MovementInfo.json + MapRegion.json | 2: reference/mir3-source/Source/GameServer/LocalDB.pas LoadMapInfos (MapInfo.txt gate model) | 3: 2026-09-25 map_manifest exact/renamed/variant/replacement/pending relation | 4: map terrain flag reader implemented independently by this audit generator	0.25	pending_manual_review	workspace region centroid is not an EI Envir gate record; no safe coordinate correction inferred
3628	767	D042	沃玛神殿1层	4401	Teleport Source	338	355	True	True	exact	None		All	D021	4402	D021	D021	33	49	True	True	exact	source-region-to-destination-region (MovementInfo directed edge)	1: Tools/dbeditor/workspace/MovementInfo.json + MapRegion.json | 2: reference/mir3-source/Source/GameServer/LocalDB.pas LoadMapInfos (MapInfo.txt gate model) | 3: 2026-09-25 map_manifest exact/renamed/variant/replacement/pending relation | 4: map terrain flag reader implemented independently by this audit generator	0.25	pending_manual_review	workspace region centroid is not an EI Envir gate record; no safe coordinate correction inferred
3629	767	D042	沃玛神殿1层	4403	Teleport Source	338	354	True	True	exact	None		All	D021	4404	D021	D021	33	49	True	True	exact	source-region-to-destination-region (MovementInfo directed edge)	1: Tools/dbeditor/workspace/MovementInfo.json + MapRegion.json | 2: reference/mir3-source/Source/GameServer/LocalDB.pas LoadMapInfos (MapInfo.txt gate model) | 3: 2026-09-25 map_manifest exact/renamed/variant/replacement/pending relation | 4: map terrain flag reader implemented independently by this audit generator	0.25	pending_manual_review	workspace region centroid is not an EI Envir gate record; no safe coordinate correction inferred
3630	767	D042	沃玛神殿1层	4405	Teleport Source	251	207	True	True	exact	None		All	D043	4406	D043	D043	198	195	True	True	exact	source-region-to-destination-region (MovementInfo directed edge)	1: Tools/dbeditor/workspace/MovementInfo.json + MapRegion.json | 2: reference/mir3-source/Source/GameServer/LocalDB.pas LoadMapInfos (MapInfo.txt gate model) | 3: 2026-09-25 map_manifest exact/renamed/variant/replacement/pending relation | 4: map terrain flag reader implemented independently by this audit generator	0.25	pending_manual_review	workspace region centroid is not an EI Envir gate record; no safe coordinate correction inferred
3631	767	D042	沃玛神殿1层	4407	Teleport Source	251	206	True	True	exact	None		All	D043	4408	D043	D043	199	194	True	True	exact	source-region-to-destination-region (MovementInfo directed edge)	1: Tools/dbeditor/workspace/MovementInfo.json + MapRegion.json | 2: reference/mir3-source/Source/GameServer/LocalDB.pas LoadMapInfos (MapInfo.txt gate model) | 3: 2026-09-25 map_manifest exact/renamed/variant/replacement/pending relation | 4: map terrain flag reader implemented independently by this audit generator	0.25	pending_manual_review	workspace region centroid is not an EI Envir gate record; no safe coordinate correction inferred
3632	768	D043	沃玛神殿2层	4409	Teleport Source	198	194	True	True	exact	None		All	D042	4410	D042	D042	250	206	True	True	exact	source-region-to-destination-region (MovementInfo directed edge)	1: Tools/dbeditor/workspace/MovementInfo.json + MapRegion.json | 2: reference/mir3-source/Source/GameServer/LocalDB.pas LoadMapInfos (MapInfo.txt gate model) | 3: 2026-09-25 map_manifest exact/renamed/variant/replacement/pending relation | 4: map terrain flag reader implemented independently by this audit generator	0.25	pending_manual_review	workspace region centroid is not an EI Envir gate record; no safe coordinate correction inferred
3633	768	D043	沃玛神殿2层	4411	Teleport Source	198	193	True	True	exact	None		All	D042	4412	D042	D042	250	205	True	True	exact	source-region-to-destination-region (MovementInfo directed edge)	1: Tools/dbeditor/workspace/MovementInfo.json + MapRegion.json | 2: reference/mir3-source/Source/GameServer/LocalDB.pas LoadMapInfos (MapInfo.txt gate model) | 3: 2026-09-25 map_manifest exact/renamed/variant/replacement/pending relation | 4: map terrain flag reader implemented independently by this audit generator	0.25	pending_manual_review	workspace region centroid is not an EI Envir gate record; no safe coordinate correction inferred
3634	768	D043	沃玛神殿2层	4413	Teleport Source	52	366	True	True	exact	None		All	D024	4414	D024	D024	29	47	True	True	variant	source-region-to-destination-region (MovementInfo directed edge)	1: Tools/dbeditor/workspace/MovementInfo.json + MapRegion.json | 2: reference/mir3-source/Source/GameServer/LocalDB.pas LoadMapInfos (MapInfo.txt gate model) | 3: 2026-09-25 map_manifest exact/renamed/variant/replacement/pending relation | 4: map terrain flag reader implemented independently by this audit generator	0.25	pending_manual_review	workspace region centroid is not an EI Envir gate record; no safe coordinate correction inferred
3635	769	D052	沃玛神殿1层	4415	Teleport Source	251	207	True	True	exact	None		All	D053	4416	D053	D053	198	195	True	True	exact	source-region-to-destination-region (MovementInfo directed edge)	1: Tools/dbeditor/workspace/MovementInfo.json + MapRegion.json | 2: reference/mir3-source/Source/GameServer/LocalDB.pas LoadMapInfos (MapInfo.txt gate model) | 3: 2026-09-25 map_manifest exact/renamed/variant/replacement/pending relation | 4: map terrain flag reader implemented independently by this audit generator	0.25	pending_manual_review	workspace region centroid is not an EI Envir gate record; no safe coordinate correction inferred
3636	769	D052	沃玛神殿1层	4417	Teleport Source	251	206	True	True	exact	None		All	D053	4418	D053	D053	199	194	True	True	exact	source-region-to-destination-region (MovementInfo directed edge)	1: Tools/dbeditor/workspace/MovementInfo.json + MapRegion.json | 2: reference/mir3-source/Source/GameServer/LocalDB.pas LoadMapInfos (MapInfo.txt gate model) | 3: 2026-09-25 map_manifest exact/renamed/variant/replacement/pending relation | 4: map terrain flag reader implemented independently by this audit generator	0.25	pending_manual_review	workspace region centroid is not an EI Envir gate record; no safe coordinate correction inferred
3637	770	D053	沃玛神殿2层	4419	Teleport Source	198	194	True	True	exact	None		All	D052	4420	D052	D052	250	206	True	True	exact	source-region-to-destination-region (MovementInfo directed edge)	1: Tools/dbeditor/workspace/MovementInfo.json + MapRegion.json | 2: reference/mir3-source/Source/GameServer/LocalDB.pas LoadMapInfos (MapInfo.txt gate model) | 3: 2026-09-25 map_manifest exact/renamed/variant/replacement/pending relation | 4: map terrain flag reader implemented independently by this audit generator	0.25	pending_manual_review	workspace region centroid is not an EI Envir gate record; no safe coordinate correction inferred
3638	770	D053	沃玛神殿2层	4421	Teleport Source	198	193	True	True	exact	None		All	D052	4422	D052	D052	250	205	True	True	exact	source-region-to-destination-region (MovementInfo directed edge)	1: Tools/dbeditor/workspace/MovementInfo.json + MapRegion.json | 2: reference/mir3-source/Source/GameServer/LocalDB.pas LoadMapInfos (MapInfo.txt gate model) | 3: 2026-09-25 map_manifest exact/renamed/variant/replacement/pending relation | 4: map terrain flag reader implemented independently by this audit generator	0.25	pending_manual_review	workspace region centroid is not an EI Envir gate record; no safe coordinate correction inferred
3639	20	D1004	Banya Temple Lv 4	4423	Teleport Source	217	133	True	True	exact	None		All	D10052	4424	D10052	D10052	97	184	True	True	exact	source-region-to-destination-region (MovementInfo directed edge)	1: Tools/dbeditor/workspace/MovementInfo.json + MapRegion.json | 2: reference/mir3-source/Source/GameServer/LocalDB.pas LoadMapInfos (MapInfo.txt gate model) | 3: 2026-09-25 map_manifest exact/renamed/variant/replacement/pending relation | 4: map terrain flag reader implemented independently by this audit generator	0.25	pending_manual_review	workspace region centroid is not an EI Envir gate record; no safe coordinate correction inferred
3640	775	D10052	赤月山谷5层	4425	Teleport Source	98	185	True	True	exact	None		All	D1004	4426	D1004	D1004	216	132	True	True	exact	source-region-to-destination-region (MovementInfo directed edge)	1: Tools/dbeditor/workspace/MovementInfo.json + MapRegion.json | 2: reference/mir3-source/Source/GameServer/LocalDB.pas LoadMapInfos (MapInfo.txt gate model) | 3: 2026-09-25 map_manifest exact/renamed/variant/replacement/pending relation | 4: map terrain flag reader implemented independently by this audit generator	0.25	pending_manual_review	workspace region centroid is not an EI Envir gate record; no safe coordinate correction inferred
3641	20	D1004	Banya Temple Lv 4	4427	Teleport Source	146	110	True	True	exact	None		All	D10051	4428	D10051	D10051	48	188	True	True	exact	source-region-to-destination-region (MovementInfo directed edge)	1: Tools/dbeditor/workspace/MovementInfo.json + MapRegion.json | 2: reference/mir3-source/Source/GameServer/LocalDB.pas LoadMapInfos (MapInfo.txt gate model) | 3: 2026-09-25 map_manifest exact/renamed/variant/replacement/pending relation | 4: map terrain flag reader implemented independently by this audit generator	0.25	pending_manual_review	workspace region centroid is not an EI Envir gate record; no safe coordinate correction inferred
3642	774	D10051	赤月山谷5层	4429	Teleport Source	47	189	True	True	exact	None		All	D1004	4430	D1004	D1004	145	111	True	True	exact	source-region-to-destination-region (MovementInfo directed edge)	1: Tools/dbeditor/workspace/MovementInfo.json + MapRegion.json | 2: reference/mir3-source/Source/GameServer/LocalDB.pas LoadMapInfos (MapInfo.txt gate model) | 3: 2026-09-25 map_manifest exact/renamed/variant/replacement/pending relation | 4: map terrain flag reader implemented independently by this audit generator	0.25	pending_manual_review	workspace region centroid is not an EI Envir gate record; no safe coordinate correction inferred
3643	30	D1012	Banya Temple	4431	Teleport Source	274	109	True	True	exact	None		All	D10131	4432	D10131	D10131	286	142	True	True	exact	source-region-to-destination-region (MovementInfo directed edge)	1: Tools/dbeditor/workspace/MovementInfo.json + MapRegion.json | 2: reference/mir3-source/Source/GameServer/LocalDB.pas LoadMapInfos (MapInfo.txt gate model) | 3: 2026-09-25 map_manifest exact/renamed/variant/replacement/pending relation | 4: map terrain flag reader implemented independently by this audit generator	0.25	pending_manual_review	workspace region centroid is not an EI Envir gate record; no safe coordinate correction inferred
3644	781	D10131	赤月山谷3层	4433	Teleport Source	287	141	True	True	exact	None		All	D1012	4434	D1012	D1012	275	108	True	True	exact	source-region-to-destination-region (MovementInfo directed edge)	1: Tools/dbeditor/workspace/MovementInfo.json + MapRegion.json | 2: reference/mir3-source/Source/GameServer/LocalDB.pas LoadMapInfos (MapInfo.txt gate model) | 3: 2026-09-25 map_manifest exact/renamed/variant/replacement/pending relation | 4: map terrain flag reader implemented independently by this audit generator	0.25	pending_manual_review	workspace region centroid is not an EI Envir gate record; no safe coordinate correction inferred
3645	30	D1012	Banya Temple	4435	Teleport Source	134	15	True	True	exact	None		All	D10132	4436	D10132	D10132	18	82	True	True	exact	source-region-to-destination-region (MovementInfo directed edge)	1: Tools/dbeditor/workspace/MovementInfo.json + MapRegion.json | 2: reference/mir3-source/Source/GameServer/LocalDB.pas LoadMapInfos (MapInfo.txt gate model) | 3: 2026-09-25 map_manifest exact/renamed/variant/replacement/pending relation | 4: map terrain flag reader implemented independently by this audit generator	0.25	pending_manual_review	workspace region centroid is not an EI Envir gate record; no safe coordinate correction inferred
3646	782	D10132	赤月山谷3层	4437	Teleport Source	17	83	True	True	exact	None		All	D1012	4438	D1012	D1012	133	16	True	True	exact	source-region-to-destination-region (MovementInfo directed edge)	1: Tools/dbeditor/workspace/MovementInfo.json + MapRegion.json | 2: reference/mir3-source/Source/GameServer/LocalDB.pas LoadMapInfos (MapInfo.txt gate model) | 3: 2026-09-25 map_manifest exact/renamed/variant/replacement/pending relation | 4: map terrain flag reader implemented independently by this audit generator	0.25	pending_manual_review	workspace region centroid is not an EI Envir gate record; no safe coordinate correction inferred
3647	781	D10131	赤月山谷3层	4439	Teleport Source	11	99	True	True	exact	None		All	D1014	4440	D1014	D1014	198	290	True	True	exact	source-region-to-destination-region (MovementInfo directed edge)	1: Tools/dbeditor/workspace/MovementInfo.json + MapRegion.json | 2: reference/mir3-source/Source/GameServer/LocalDB.pas LoadMapInfos (MapInfo.txt gate model) | 3: 2026-09-25 map_manifest exact/renamed/variant/replacement/pending relation | 4: map terrain flag reader implemented independently by this audit generator	0.25	pending_manual_review	workspace region centroid is not an EI Envir gate record; no safe coordinate correction inferred
3648	783	D1014	赤月山谷4层	4441	Teleport Source	199	291	True	True	exact	None		All	D10131	4442	D10131	D10131	12	100	True	True	exact	source-region-to-destination-region (MovementInfo directed edge)	1: Tools/dbeditor/workspace/MovementInfo.json + MapRegion.json | 2: reference/mir3-source/Source/GameServer/LocalDB.pas LoadMapInfos (MapInfo.txt gate model) | 3: 2026-09-25 map_manifest exact/renamed/variant/replacement/pending relation | 4: map terrain flag reader implemented independently by this audit generator	0.25	pending_manual_review	workspace region centroid is not an EI Envir gate record; no safe coordinate correction inferred
3649	782	D10132	赤月山谷3层	4443	Teleport Source	234	25	True	True	exact	None		All	D1014	4444	D1014	D1014	153	254	True	True	exact	source-region-to-destination-region (MovementInfo directed edge)	1: Tools/dbeditor/workspace/MovementInfo.json + MapRegion.json | 2: reference/mir3-source/Source/GameServer/LocalDB.pas LoadMapInfos (MapInfo.txt gate model) | 3: 2026-09-25 map_manifest exact/renamed/variant/replacement/pending relation | 4: map terrain flag reader implemented independently by this audit generator	0.25	pending_manual_review	workspace region centroid is not an EI Envir gate record; no safe coordinate correction inferred
3650	783	D1014	赤月山谷4层	4445	Teleport Source	152	255	True	True	exact	None		All	D10132	4446	D10132	D10132	233	26	True	True	exact	source-region-to-destination-region (MovementInfo directed edge)	1: Tools/dbeditor/workspace/MovementInfo.json + MapRegion.json | 2: reference/mir3-source/Source/GameServer/LocalDB.pas LoadMapInfos (MapInfo.txt gate model) | 3: 2026-09-25 map_manifest exact/renamed/variant/replacement/pending relation | 4: map terrain flag reader implemented independently by this audit generator	0.25	pending_manual_review	workspace region centroid is not an EI Envir gate record; no safe coordinate correction inferred
3651	783	D1014	赤月山谷4层	4447	Teleport Source	208	21	True	True	exact	None		All	D10151	4448	D10151	D10151	89	51	True	True	exact	source-region-to-destination-region (MovementInfo directed edge)	1: Tools/dbeditor/workspace/MovementInfo.json + MapRegion.json | 2: reference/mir3-source/Source/GameServer/LocalDB.pas LoadMapInfos (MapInfo.txt gate model) | 3: 2026-09-25 map_manifest exact/renamed/variant/replacement/pending relation | 4: map terrain flag reader implemented independently by this audit generator	0.25	pending_manual_review	workspace region centroid is not an EI Envir gate record; no safe coordinate correction inferred
3652	784	D10151	赤月山谷5层	4449	Teleport Source	88	52	True	True	exact	None		All	D1014	4450	D1014	D1014	207	22	True	True	exact	source-region-to-destination-region (MovementInfo directed edge)	1: Tools/dbeditor/workspace/MovementInfo.json + MapRegion.json | 2: reference/mir3-source/Source/GameServer/LocalDB.pas LoadMapInfos (MapInfo.txt gate model) | 3: 2026-09-25 map_manifest exact/renamed/variant/replacement/pending relation | 4: map terrain flag reader implemented independently by this audit generator	0.25	pending_manual_review	workspace region centroid is not an EI Envir gate record; no safe coordinate correction inferred
3653	783	D1014	赤月山谷4层	4451	Teleport Source	91	12	True	True	exact	None		All	D10152	4452	D10152	D10152	50	190	True	True	exact	source-region-to-destination-region (MovementInfo directed edge)	1: Tools/dbeditor/workspace/MovementInfo.json + MapRegion.json | 2: reference/mir3-source/Source/GameServer/LocalDB.pas LoadMapInfos (MapInfo.txt gate model) | 3: 2026-09-25 map_manifest exact/renamed/variant/replacement/pending relation | 4: map terrain flag reader implemented independently by this audit generator	0.25	pending_manual_review	workspace region centroid is not an EI Envir gate record; no safe coordinate correction inferred
3654	785	D10152	赤月山谷5层	4453	Teleport Source	51	191	True	True	exact	None		All	D1014	4454	D1014	D1014	92	13	True	True	exact	source-region-to-destination-region (MovementInfo directed edge)	1: Tools/dbeditor/workspace/MovementInfo.json + MapRegion.json | 2: reference/mir3-source/Source/GameServer/LocalDB.pas LoadMapInfos (MapInfo.txt gate model) | 3: 2026-09-25 map_manifest exact/renamed/variant/replacement/pending relation | 4: map terrain flag reader implemented independently by this audit generator	0.25	pending_manual_review	workspace region centroid is not an EI Envir gate record; no safe coordinate correction inferred
3655	784	D10151	赤月山谷5层	4455	Teleport Source	152	16	True	True	exact	None		All	D10162	4456	D10162	D10162	12	24	True	True	variant	source-region-to-destination-region (MovementInfo directed edge)	1: Tools/dbeditor/workspace/MovementInfo.json + MapRegion.json | 2: reference/mir3-source/Source/GameServer/LocalDB.pas LoadMapInfos (MapInfo.txt gate model) | 3: 2026-09-25 map_manifest exact/renamed/variant/replacement/pending relation | 4: map terrain flag reader implemented independently by this audit generator	0.25	pending_manual_review	workspace region centroid is not an EI Envir gate record; no safe coordinate correction inferred
3656	292	12	Banya Island	4457	Teleport Source	46	143	True	True	variant	None		All	D1021	4458	D1021	D1021	288	287	True	True	exact	source-region-to-destination-region (MovementInfo directed edge)	1: Tools/dbeditor/workspace/MovementInfo.json + MapRegion.json | 2: reference/mir3-source/Source/GameServer/LocalDB.pas LoadMapInfos (MapInfo.txt gate model) | 3: 2026-09-25 map_manifest exact/renamed/variant/replacement/pending relation | 4: map terrain flag reader implemented independently by this audit generator	0.25	pending_manual_review	workspace region centroid is not an EI Envir gate record; no safe coordinate correction inferred
3657	787	D1021	赤月山谷1层	4459	Teleport Source	289	288	True	True	exact	None		All	12	4460	12	12	45	144	True	True	variant	source-region-to-destination-region (MovementInfo directed edge)	1: Tools/dbeditor/workspace/MovementInfo.json + MapRegion.json | 2: reference/mir3-source/Source/GameServer/LocalDB.pas LoadMapInfos (MapInfo.txt gate model) | 3: 2026-09-25 map_manifest exact/renamed/variant/replacement/pending relation | 4: map terrain flag reader implemented independently by this audit generator	0.25	pending_manual_review	workspace region centroid is not an EI Envir gate record; no safe coordinate correction inferred
3658	787	D1021	赤月山谷1层	4461	Teleport Source	148	12	True	True	exact	None		All	D1022	4462	D1022	D1022	32	244	True	True	exact	source-region-to-destination-region (MovementInfo directed edge)	1: Tools/dbeditor/workspace/MovementInfo.json + MapRegion.json | 2: reference/mir3-source/Source/GameServer/LocalDB.pas LoadMapInfos (MapInfo.txt gate model) | 3: 2026-09-25 map_manifest exact/renamed/variant/replacement/pending relation | 4: map terrain flag reader implemented independently by this audit generator	0.25	pending_manual_review	workspace region centroid is not an EI Envir gate record; no safe coordinate correction inferred
3659	788	D1022	赤月山谷2层	4463	Teleport Source	31	245	True	True	exact	None		All	D1021	4464	D1021	D1021	147	13	True	True	exact	source-region-to-destination-region (MovementInfo directed edge)	1: Tools/dbeditor/workspace/MovementInfo.json + MapRegion.json | 2: reference/mir3-source/Source/GameServer/LocalDB.pas LoadMapInfos (MapInfo.txt gate model) | 3: 2026-09-25 map_manifest exact/renamed/variant/replacement/pending relation | 4: map terrain flag reader implemented independently by this audit generator	0.25	pending_manual_review	workspace region centroid is not an EI Envir gate record; no safe coordinate correction inferred
3660	788	D1022	赤月山谷2层	4465	Teleport Source	46	32	True	True	exact	None		All	D10231	4466	D10231	D10231	148	152	True	True	exact	source-region-to-destination-region (MovementInfo directed edge)	1: Tools/dbeditor/workspace/MovementInfo.json + MapRegion.json | 2: reference/mir3-source/Source/GameServer/LocalDB.pas LoadMapInfos (MapInfo.txt gate model) | 3: 2026-09-25 map_manifest exact/renamed/variant/replacement/pending relation | 4: map terrain flag reader implemented independently by this audit generator	0.25	pending_manual_review	workspace region centroid is not an EI Envir gate record; no safe coordinate correction inferred
3661	789	D10231	赤月山谷3层	4467	Teleport Source	149	153	True	True	exact	None		All	D1022	4468	D1022	D1022	47	33	True	True	exact	source-region-to-destination-region (MovementInfo directed edge)	1: Tools/dbeditor/workspace/MovementInfo.json + MapRegion.json | 2: reference/mir3-source/Source/GameServer/LocalDB.pas LoadMapInfos (MapInfo.txt gate model) | 3: 2026-09-25 map_manifest exact/renamed/variant/replacement/pending relation | 4: map terrain flag reader implemented independently by this audit generator	0.25	pending_manual_review	workspace region centroid is not an EI Envir gate record; no safe coordinate correction inferred
3662	788	D1022	赤月山谷2层	4469	Teleport Source	195	22	True	True	exact	None		All	D10232	4470	D10232	D10232	52	98	True	True	exact	source-region-to-destination-region (MovementInfo directed edge)	1: Tools/dbeditor/workspace/MovementInfo.json + MapRegion.json | 2: reference/mir3-source/Source/GameServer/LocalDB.pas LoadMapInfos (MapInfo.txt gate model) | 3: 2026-09-25 map_manifest exact/renamed/variant/replacement/pending relation | 4: map terrain flag reader implemented independently by this audit generator	0.25	pending_manual_review	workspace region centroid is not an EI Envir gate record; no safe coordinate correction inferred
3663	790	D10232	赤月山谷3层	4471	Teleport Source	51	99	True	True	exact	None		All	D1022	4472	D1022	D1022	194	23	True	True	exact	source-region-to-destination-region (MovementInfo directed edge)	1: Tools/dbeditor/workspace/MovementInfo.json + MapRegion.json | 2: reference/mir3-source/Source/GameServer/LocalDB.pas LoadMapInfos (MapInfo.txt gate model) | 3: 2026-09-25 map_manifest exact/renamed/variant/replacement/pending relation | 4: map terrain flag reader implemented independently by this audit generator	0.25	pending_manual_review	workspace region centroid is not an EI Envir gate record; no safe coordinate correction inferred
3664	789	D10231	赤月山谷3层	4473	Teleport Source	49	11	True	True	exact	None		All	D1024	4474	D1024	D1024	194	279	True	True	exact	source-region-to-destination-region (MovementInfo directed edge)	1: Tools/dbeditor/workspace/MovementInfo.json + MapRegion.json | 2: reference/mir3-source/Source/GameServer/LocalDB.pas LoadMapInfos (MapInfo.txt gate model) | 3: 2026-09-25 map_manifest exact/renamed/variant/replacement/pending relation | 4: map terrain flag reader implemented independently by this audit generator	0.25	pending_manual_review	workspace region centroid is not an EI Envir gate record; no safe coordinate correction inferred
3665	791	D1024	赤月山谷4层	4475	Teleport Source	195	280	True	True	exact	None		All	D10231	4476	D10231	D10231	50	12	True	True	exact	source-region-to-destination-region (MovementInfo directed edge)	1: Tools/dbeditor/workspace/MovementInfo.json + MapRegion.json | 2: reference/mir3-source/Source/GameServer/LocalDB.pas LoadMapInfos (MapInfo.txt gate model) | 3: 2026-09-25 map_manifest exact/renamed/variant/replacement/pending relation | 4: map terrain flag reader implemented independently by this audit generator	0.25	pending_manual_review	workspace region centroid is not an EI Envir gate record; no safe coordinate correction inferred
3666	790	D10232	赤月山谷3层	4477	Teleport Source	133	22	True	True	exact	None		All	D1024	4478	D1024	D1024	282	264	True	True	exact	source-region-to-destination-region (MovementInfo directed edge)	1: Tools/dbeditor/workspace/MovementInfo.json + MapRegion.json | 2: reference/mir3-source/Source/GameServer/LocalDB.pas LoadMapInfos (MapInfo.txt gate model) | 3: 2026-09-25 map_manifest exact/renamed/variant/replacement/pending relation | 4: map terrain flag reader implemented independently by this audit generator	0.25	pending_manual_review	workspace region centroid is not an EI Envir gate record; no safe coordinate correction inferred
3667	791	D1024	赤月山谷4层	4479	Teleport Source	283	265	True	True	exact	None		All	D10232	4480	D10232	D10232	134	23	True	True	exact	source-region-to-destination-region (MovementInfo directed edge)	1: Tools/dbeditor/workspace/MovementInfo.json + MapRegion.json | 2: reference/mir3-source/Source/GameServer/LocalDB.pas LoadMapInfos (MapInfo.txt gate model) | 3: 2026-09-25 map_manifest exact/renamed/variant/replacement/pending relation | 4: map terrain flag reader implemented independently by this audit generator	0.25	pending_manual_review	workspace region centroid is not an EI Envir gate record; no safe coordinate correction inferred
3668	791	D1024	赤月山谷4层	4481	Teleport Source	284	51	True	True	exact	None		All	D10251	4482	D10251	D10251	11	58	True	True	exact	source-region-to-destination-region (MovementInfo directed edge)	1: Tools/dbeditor/workspace/MovementInfo.json + MapRegion.json | 2: reference/mir3-source/Source/GameServer/LocalDB.pas LoadMapInfos (MapInfo.txt gate model) | 3: 2026-09-25 map_manifest exact/renamed/variant/replacement/pending relation | 4: map terrain flag reader implemented independently by this audit generator	0.25	pending_manual_review	workspace region centroid is not an EI Envir gate record; no safe coordinate correction inferred
3669	792	D10251	赤月山谷5层	4483	Teleport Source	10	59	True	True	exact	None		All	D1024	4484	D1024	D1024	283	52	True	True	exact	source-region-to-destination-region (MovementInfo directed edge)	1: Tools/dbeditor/workspace/MovementInfo.json + MapRegion.json | 2: reference/mir3-source/Source/GameServer/LocalDB.pas LoadMapInfos (MapInfo.txt gate model) | 3: 2026-09-25 map_manifest exact/renamed/variant/replacement/pending relation | 4: map terrain flag reader implemented independently by this audit generator	0.25	pending_manual_review	workspace region centroid is not an EI Envir gate record; no safe coordinate correction inferred
3670	791	D1024	赤月山谷4层	4485	Teleport Source	115	13	True	True	exact	None		All	D10252	4486	D10252	D10252	182	143	True	True	exact	source-region-to-destination-region (MovementInfo directed edge)	1: Tools/dbeditor/workspace/MovementInfo.json + MapRegion.json | 2: reference/mir3-source/Source/GameServer/LocalDB.pas LoadMapInfos (MapInfo.txt gate model) | 3: 2026-09-25 map_manifest exact/renamed/variant/replacement/pending relation | 4: map terrain flag reader implemented independently by this audit generator	0.25	pending_manual_review	workspace region centroid is not an EI Envir gate record; no safe coordinate correction inferred
3671	793	D10252	赤月山谷5层	4487	Teleport Source	183	144	True	True	exact	None		All	D1024	4488	D1024	D1024	116	14	True	True	exact	source-region-to-destination-region (MovementInfo directed edge)	1: Tools/dbeditor/workspace/MovementInfo.json + MapRegion.json | 2: reference/mir3-source/Source/GameServer/LocalDB.pas LoadMapInfos (MapInfo.txt gate model) | 3: 2026-09-25 map_manifest exact/renamed/variant/replacement/pending relation | 4: map terrain flag reader implemented independently by this audit generator	0.25	pending_manual_review	workspace region centroid is not an EI Envir gate record; no safe coordinate correction inferred
3672	686	74	盟重县	4489	Teleport Source	334	72	True	True	exact	None		All	d60011	4490	d60011	d60011	207	237	True	True	exact	source-region-to-destination-region (MovementInfo directed edge)	1: Tools/dbeditor/workspace/MovementInfo.json + MapRegion.json | 2: reference/mir3-source/Source/GameServer/LocalDB.pas LoadMapInfos (MapInfo.txt gate model) | 3: 2026-09-25 map_manifest exact/renamed/variant/replacement/pending relation | 4: map terrain flag reader implemented independently by this audit generator	0.25	pending_manual_review	workspace region centroid is not an EI Envir gate record; no safe coordinate correction inferred
3673	904	d60011	绝命谷1层南部	4491	Teleport Source	208	238	True	True	exact	None		All	74	4492	74	74	335	73	True	True	exact	source-region-to-destination-region (MovementInfo directed edge)	1: Tools/dbeditor/workspace/MovementInfo.json + MapRegion.json | 2: reference/mir3-source/Source/GameServer/LocalDB.pas LoadMapInfos (MapInfo.txt gate model) | 3: 2026-09-25 map_manifest exact/renamed/variant/replacement/pending relation | 4: map terrain flag reader implemented independently by this audit generator	0.25	pending_manual_review	workspace region centroid is not an EI Envir gate record; no safe coordinate correction inferred
3674	905	d60012	绝命谷1层西部	4493	Teleport Source	177	33	True	True	exact	None		All	d607	4494	d607	d607	33	40	True	True	exact	source-region-to-destination-region (MovementInfo directed edge)	1: Tools/dbeditor/workspace/MovementInfo.json + MapRegion.json | 2: reference/mir3-source/Source/GameServer/LocalDB.pas LoadMapInfos (MapInfo.txt gate model) | 3: 2026-09-25 map_manifest exact/renamed/variant/replacement/pending relation | 4: map terrain flag reader implemented independently by this audit generator	0.25	pending_manual_review	workspace region centroid is not an EI Envir gate record; no safe coordinate correction inferred
3675	926	d607	奇岩通路	4495	Teleport Source	32	40	True	True	exact	None		All	d60012	4496	d60012	d60012	177	34	True	True	exact	source-region-to-destination-region (MovementInfo directed edge)	1: Tools/dbeditor/workspace/MovementInfo.json + MapRegion.json | 2: reference/mir3-source/Source/GameServer/LocalDB.pas LoadMapInfos (MapInfo.txt gate model) | 3: 2026-09-25 map_manifest exact/renamed/variant/replacement/pending relation | 4: map terrain flag reader implemented independently by this audit generator	0.25	pending_manual_review	workspace region centroid is not an EI Envir gate record; no safe coordinate correction inferred
3676	907	d60021	绝命谷2层西部	4497	Teleport Source	155	36	True	True	exact	None		All	d607	4498	d607	d607	33	70	True	True	exact	source-region-to-destination-region (MovementInfo directed edge)	1: Tools/dbeditor/workspace/MovementInfo.json + MapRegion.json | 2: reference/mir3-source/Source/GameServer/LocalDB.pas LoadMapInfos (MapInfo.txt gate model) | 3: 2026-09-25 map_manifest exact/renamed/variant/replacement/pending relation | 4: map terrain flag reader implemented independently by this audit generator	0.25	pending_manual_review	workspace region centroid is not an EI Envir gate record; no safe coordinate correction inferred
3677	926	d607	奇岩通路	4499	Teleport Source	32	71	True	True	exact	None		All	d60021	4500	d60021	d60021	155	37	True	True	exact	source-region-to-destination-region (MovementInfo directed edge)	1: Tools/dbeditor/workspace/MovementInfo.json + MapRegion.json | 2: reference/mir3-source/Source/GameServer/LocalDB.pas LoadMapInfos (MapInfo.txt gate model) | 3: 2026-09-25 map_manifest exact/renamed/variant/replacement/pending relation | 4: map terrain flag reader implemented independently by this audit generator	0.25	pending_manual_review	workspace region centroid is not an EI Envir gate record; no safe coordinate correction inferred
3678	154	D605	Banya Stone Cave Lv 5	4501	Teleport Source	14	34	True	True	exact	None		All	d60022	4502	d60022	d60022	43	125	True	True	exact	source-region-to-destination-region (MovementInfo directed edge)	1: Tools/dbeditor/workspace/MovementInfo.json + MapRegion.json | 2: reference/mir3-source/Source/GameServer/LocalDB.pas LoadMapInfos (MapInfo.txt gate model) | 3: 2026-09-25 map_manifest exact/renamed/variant/replacement/pending relation | 4: map terrain flag reader implemented independently by this audit generator	0.25	pending_manual_review	workspace region centroid is not an EI Envir gate record; no safe coordinate correction inferred
3679	908	d60022	绝命谷2层北部	4503	Teleport Source	42	124	True	True	exact	None		All	D605	4504	D605	D605	15	33	True	True	exact	source-region-to-destination-region (MovementInfo directed edge)	1: Tools/dbeditor/workspace/MovementInfo.json + MapRegion.json | 2: reference/mir3-source/Source/GameServer/LocalDB.pas LoadMapInfos (MapInfo.txt gate model) | 3: 2026-09-25 map_manifest exact/renamed/variant/replacement/pending relation | 4: map terrain flag reader implemented independently by this audit generator	0.25	pending_manual_review	workspace region centroid is not an EI Envir gate record; no safe coordinate correction inferred
3680	908	d60022	绝命谷2层北部	4505	Teleport Source	42	19	True	True	exact	None		All	D604	4506	D604	D604	31	31	True	True	exact	source-region-to-destination-region (MovementInfo directed edge)	1: Tools/dbeditor/workspace/MovementInfo.json + MapRegion.json | 2: reference/mir3-source/Source/GameServer/LocalDB.pas LoadMapInfos (MapInfo.txt gate model) | 3: 2026-09-25 map_manifest exact/renamed/variant/replacement/pending relation | 4: map terrain flag reader implemented independently by this audit generator	0.25	pending_manual_review	workspace region centroid is not an EI Envir gate record; no safe coordinate correction inferred
3681	153	D604	Banya Stone Cave Lv 4	4507	Teleport Source	32	32	True	True	exact	None		All	d60022	4508	d60022	d60022	43	20	True	True	exact	source-region-to-destination-region (MovementInfo directed edge)	1: Tools/dbeditor/workspace/MovementInfo.json + MapRegion.json | 2: reference/mir3-source/Source/GameServer/LocalDB.pas LoadMapInfos (MapInfo.txt gate model) | 3: 2026-09-25 map_manifest exact/renamed/variant/replacement/pending relation | 4: map terrain flag reader implemented independently by this audit generator	0.25	pending_manual_review	workspace region centroid is not an EI Envir gate record; no safe coordinate correction inferred
3682	906	d60013	绝命谷1层北部	4509	Teleport Source	41	194	True	True	exact	None		All	D604	4510	D604	D604	19	23	True	True	exact	source-region-to-destination-region (MovementInfo directed edge)	1: Tools/dbeditor/workspace/MovementInfo.json + MapRegion.json | 2: reference/mir3-source/Source/GameServer/LocalDB.pas LoadMapInfos (MapInfo.txt gate model) | 3: 2026-09-25 map_manifest exact/renamed/variant/replacement/pending relation | 4: map terrain flag reader implemented independently by this audit generator	0.25	pending_manual_review	workspace region centroid is not an EI Envir gate record; no safe coordinate correction inferred
3683	153	D604	Banya Stone Cave Lv 4	4511	Teleport Source	18	22	True	True	exact	None		All	d60013	4512	d60013	d60013	40	195	True	True	exact	source-region-to-destination-region (MovementInfo directed edge)	1: Tools/dbeditor/workspace/MovementInfo.json + MapRegion.json | 2: reference/mir3-source/Source/GameServer/LocalDB.pas LoadMapInfos (MapInfo.txt gate model) | 3: 2026-09-25 map_manifest exact/renamed/variant/replacement/pending relation | 4: map terrain flag reader implemented independently by this audit generator	0.25	pending_manual_review	workspace region centroid is not an EI Envir gate record; no safe coordinate correction inferred
3684	153	D604	Banya Stone Cave Lv 4	4513	Teleport Source	17	33	True	True	exact	None		All	d60021	4514	d60021	d60021	149	133	True	True	exact	source-region-to-destination-region (MovementInfo directed edge)	1: Tools/dbeditor/workspace/MovementInfo.json + MapRegion.json | 2: reference/mir3-source/Source/GameServer/LocalDB.pas LoadMapInfos (MapInfo.txt gate model) | 3: 2026-09-25 map_manifest exact/renamed/variant/replacement/pending relation | 4: map terrain flag reader implemented independently by this audit generator	0.25	pending_manual_review	workspace region centroid is not an EI Envir gate record; no safe coordinate correction inferred
3685	907	d60021	绝命谷2层西部	4515	Teleport Source	149	132	True	True	exact	None		All	D604	4516	D604	D604	18	32	True	True	exact	source-region-to-destination-region (MovementInfo directed edge)	1: Tools/dbeditor/workspace/MovementInfo.json + MapRegion.json | 2: reference/mir3-source/Source/GameServer/LocalDB.pas LoadMapInfos (MapInfo.txt gate model) | 3: 2026-09-25 map_manifest exact/renamed/variant/replacement/pending relation | 4: map terrain flag reader implemented independently by this audit generator	0.25	pending_manual_review	workspace region centroid is not an EI Envir gate record; no safe coordinate correction inferred
3686	904	d60011	绝命谷1层南部	4517	Teleport Source	52	14	True	True	exact	None		All	D603	4518	D603	D603	17	27	True	True	exact	source-region-to-destination-region (MovementInfo directed edge)	1: Tools/dbeditor/workspace/MovementInfo.json + MapRegion.json | 2: reference/mir3-source/Source/GameServer/LocalDB.pas LoadMapInfos (MapInfo.txt gate model) | 3: 2026-09-25 map_manifest exact/renamed/variant/replacement/pending relation | 4: map terrain flag reader implemented independently by this audit generator	0.25	pending_manual_review	workspace region centroid is not an EI Envir gate record; no safe coordinate correction inferred
3687	152	D603	Banya Stone Cave Lv 3	4519	Teleport Source	16	29	True	True	exact	None		All	d60011	4520	d60011	d60011	52	15	True	True	exact	source-region-to-destination-region (MovementInfo directed edge)	1: Tools/dbeditor/workspace/MovementInfo.json + MapRegion.json | 2: reference/mir3-source/Source/GameServer/LocalDB.pas LoadMapInfos (MapInfo.txt gate model) | 3: 2026-09-25 map_manifest exact/renamed/variant/replacement/pending relation | 4: map terrain flag reader implemented independently by this audit generator	0.25	pending_manual_review	workspace region centroid is not an EI Envir gate record; no safe coordinate correction inferred
3688	904	d60011	绝命谷1层南部	4521	Teleport Source	149	55	True	True	exact	None		All	d606	4522	d606	d606	29	28	True	True	exact	source-region-to-destination-region (MovementInfo directed edge)	1: Tools/dbeditor/workspace/MovementInfo.json + MapRegion.json | 2: reference/mir3-source/Source/GameServer/LocalDB.pas LoadMapInfos (MapInfo.txt gate model) | 3: 2026-09-25 map_manifest exact/renamed/variant/replacement/pending relation | 4: map terrain flag reader implemented independently by this audit generator	0.25	pending_manual_review	workspace region centroid is not an EI Envir gate record; no safe coordinate correction inferred
3689	925	d606	奇岩石屋	4523	Teleport Source	30	30	True	True	exact	None		All	d60011	4524	d60011	d60011	150	56	True	True	exact	source-region-to-destination-region (MovementInfo directed edge)	1: Tools/dbeditor/workspace/MovementInfo.json + MapRegion.json | 2: reference/mir3-source/Source/GameServer/LocalDB.pas LoadMapInfos (MapInfo.txt gate model) | 3: 2026-09-25 map_manifest exact/renamed/variant/replacement/pending relation | 4: map terrain flag reader implemented independently by this audit generator	0.25	pending_manual_review	workspace region centroid is not an EI Envir gate record; no safe coordinate correction inferred
3690	905	d60012	绝命谷1层西部	4525	Teleport Source	110	86	True	True	exact	None		All	D603	4526	D603	D603	31	9	True	True	exact	source-region-to-destination-region (MovementInfo directed edge)	1: Tools/dbeditor/workspace/MovementInfo.json + MapRegion.json | 2: reference/mir3-source/Source/GameServer/LocalDB.pas LoadMapInfos (MapInfo.txt gate model) | 3: 2026-09-25 map_manifest exact/renamed/variant/replacement/pending relation | 4: map terrain flag reader implemented independently by this audit generator	0.25	pending_manual_review	workspace region centroid is not an EI Envir gate record; no safe coordinate correction inferred
3691	152	D603	Banya Stone Cave Lv 3	4527	Teleport Source	31	8	True	True	exact	None		All	d60012	4528	d60012	d60012	110	87	True	True	exact	source-region-to-destination-region (MovementInfo directed edge)	1: Tools/dbeditor/workspace/MovementInfo.json + MapRegion.json | 2: reference/mir3-source/Source/GameServer/LocalDB.pas LoadMapInfos (MapInfo.txt gate model) | 3: 2026-09-25 map_manifest exact/renamed/variant/replacement/pending relation | 4: map terrain flag reader implemented independently by this audit generator	0.25	pending_manual_review	workspace region centroid is not an EI Envir gate record; no safe coordinate correction inferred
3692	906	d60013	绝命谷1层北部	4529	Teleport Source	81	81	True	True	exact	None		All	d606	4530	d606	d606	29	16	True	True	exact	source-region-to-destination-region (MovementInfo directed edge)	1: Tools/dbeditor/workspace/MovementInfo.json + MapRegion.json | 2: reference/mir3-source/Source/GameServer/LocalDB.pas LoadMapInfos (MapInfo.txt gate model) | 3: 2026-09-25 map_manifest exact/renamed/variant/replacement/pending relation | 4: map terrain flag reader implemented independently by this audit generator	0.25	pending_manual_review	workspace region centroid is not an EI Envir gate record; no safe coordinate correction inferred
3693	925	d606	奇岩石屋	4531	Teleport Source	30	15	True	True	exact	None		All	d60013	4532	d60013	d60013	81	82	True	True	exact	source-region-to-destination-region (MovementInfo directed edge)	1: Tools/dbeditor/workspace/MovementInfo.json + MapRegion.json | 2: reference/mir3-source/Source/GameServer/LocalDB.pas LoadMapInfos (MapInfo.txt gate model) | 3: 2026-09-25 map_manifest exact/renamed/variant/replacement/pending relation | 4: map terrain flag reader implemented independently by this audit generator	0.25	pending_manual_review	workspace region centroid is not an EI Envir gate record; no safe coordinate correction inferred
3694	905	d60012	绝命谷1层西部	4533	Teleport Source	45	22	True	True	exact	None		All	d60022	4534	d60022	d60022	172	61	True	True	exact	source-region-to-destination-region (MovementInfo directed edge)	1: Tools/dbeditor/workspace/MovementInfo.json + MapRegion.json | 2: reference/mir3-source/Source/GameServer/LocalDB.pas LoadMapInfos (MapInfo.txt gate model) | 3: 2026-09-25 map_manifest exact/renamed/variant/replacement/pending relation | 4: map terrain flag reader implemented independently by this audit generator	0.25	pending_manual_review	workspace region centroid is not an EI Envir gate record; no safe coordinate correction inferred
3695	908	d60022	绝命谷2层北部	4535	Teleport Source	173	60	True	True	exact	None		All	d60012	4536	d60012	d60012	46	23	True	True	exact	source-region-to-destination-region (MovementInfo directed edge)	1: Tools/dbeditor/workspace/MovementInfo.json + MapRegion.json | 2: reference/mir3-source/Source/GameServer/LocalDB.pas LoadMapInfos (MapInfo.txt gate model) | 3: 2026-09-25 map_manifest exact/renamed/variant/replacement/pending relation | 4: map terrain flag reader implemented independently by this audit generator	0.25	pending_manual_review	workspace region centroid is not an EI Envir gate record; no safe coordinate correction inferred
3696	906	d60013	绝命谷1层北部	4537	Teleport Source	185	82	True	True	exact	None		All	d607	4538	d607	d607	55	38	True	True	exact	source-region-to-destination-region (MovementInfo directed edge)	1: Tools/dbeditor/workspace/MovementInfo.json + MapRegion.json | 2: reference/mir3-source/Source/GameServer/LocalDB.pas LoadMapInfos (MapInfo.txt gate model) | 3: 2026-09-25 map_manifest exact/renamed/variant/replacement/pending relation | 4: map terrain flag reader implemented independently by this audit generator	0.25	pending_manual_review	workspace region centroid is not an EI Envir gate record; no safe coordinate correction inferred
3697	926	d607	奇岩通路	4539	Teleport Source	55	37	True	True	exact	None		All	d60013	4540	d60013	d60013	186	81	True	True	exact	source-region-to-destination-region (MovementInfo directed edge)	1: Tools/dbeditor/workspace/MovementInfo.json + MapRegion.json | 2: reference/mir3-source/Source/GameServer/LocalDB.pas LoadMapInfos (MapInfo.txt gate model) | 3: 2026-09-25 map_manifest exact/renamed/variant/replacement/pending relation | 4: map terrain flag reader implemented independently by this audit generator	0.25	pending_manual_review	workspace region centroid is not an EI Envir gate record; no safe coordinate correction inferred
3698	926	d607	奇岩通路	4541	Teleport Source	58	70	True	True	exact	None		All	d6004	4542	d6004	d6004	40	25	True	True	exact	source-region-to-destination-region (MovementInfo directed edge)	1: Tools/dbeditor/workspace/MovementInfo.json + MapRegion.json | 2: reference/mir3-source/Source/GameServer/LocalDB.pas LoadMapInfos (MapInfo.txt gate model) | 3: 2026-09-25 map_manifest exact/renamed/variant/replacement/pending relation | 4: map terrain flag reader implemented independently by this audit generator	0.25	pending_manual_review	workspace region centroid is not an EI Envir gate record; no safe coordinate correction inferred
3699	910	d6004	绝命谷3层	4543	Teleport Source	39	24	True	True	exact	None		All	d607	4544	d607	d607	57	69	True	True	exact	source-region-to-destination-region (MovementInfo directed edge)	1: Tools/dbeditor/workspace/MovementInfo.json + MapRegion.json | 2: reference/mir3-source/Source/GameServer/LocalDB.pas LoadMapInfos (MapInfo.txt gate model) | 3: 2026-09-25 map_manifest exact/renamed/variant/replacement/pending relation | 4: map terrain flag reader implemented independently by this audit generator	0.25	pending_manual_review	workspace region centroid is not an EI Envir gate record; no safe coordinate correction inferred
3700	154	D605	Banya Stone Cave Lv 5	4545	Teleport Source	22	13	True	True	exact	None		All	D6012	4546	D6012	D6012	200	52	True	True	exact	source-region-to-destination-region (MovementInfo directed edge)	1: Tools/dbeditor/workspace/MovementInfo.json + MapRegion.json | 2: reference/mir3-source/Source/GameServer/LocalDB.pas LoadMapInfos (MapInfo.txt gate model) | 3: 2026-09-25 map_manifest exact/renamed/variant/replacement/pending relation | 4: map terrain flag reader implemented independently by this audit generator	0.25	pending_manual_review	workspace region centroid is not an EI Envir gate record; no safe coordinate correction inferred
3701	912	D6012	万年原谷	4547	Teleport Source	199	51	True	True	exact	None		All	D605	4548	D605	D605	22	14	True	True	exact	source-region-to-destination-region (MovementInfo directed edge)	1: Tools/dbeditor/workspace/MovementInfo.json + MapRegion.json | 2: reference/mir3-source/Source/GameServer/LocalDB.pas LoadMapInfos (MapInfo.txt gate model) | 3: 2026-09-25 map_manifest exact/renamed/variant/replacement/pending relation | 4: map terrain flag reader implemented independently by this audit generator	0.25	pending_manual_review	workspace region centroid is not an EI Envir gate record; no safe coordinate correction inferred
3702	686	74	盟重县	4549	Teleport Source	78	227	True	True	exact	None		All	d6011	4550	d6011	d6011	159	168	True	True	exact	source-region-to-destination-region (MovementInfo directed edge)	1: Tools/dbeditor/workspace/MovementInfo.json + MapRegion.json | 2: reference/mir3-source/Source/GameServer/LocalDB.pas LoadMapInfos (MapInfo.txt gate model) | 3: 2026-09-25 map_manifest exact/renamed/variant/replacement/pending relation | 4: map terrain flag reader implemented independently by this audit generator	0.25	pending_manual_review	workspace region centroid is not an EI Envir gate record; no safe coordinate correction inferred
3703	911	d6011	万年谷	4551	Teleport Source	160	169	True	True	exact	None		All	74	4552	74	74	78	229	True	True	exact	source-region-to-destination-region (MovementInfo directed edge)	1: Tools/dbeditor/workspace/MovementInfo.json + MapRegion.json | 2: reference/mir3-source/Source/GameServer/LocalDB.pas LoadMapInfos (MapInfo.txt gate model) | 3: 2026-09-25 map_manifest exact/renamed/variant/replacement/pending relation | 4: map terrain flag reader implemented independently by this audit generator	0.25	pending_manual_review	workspace region centroid is not an EI Envir gate record; no safe coordinate correction inferred
3704	911	d6011	万年谷	4553	Teleport Source	29	32	True	True	exact	None		All	D6012	4554	D6012	D6012	12	16	True	True	exact	source-region-to-destination-region (MovementInfo directed edge)	1: Tools/dbeditor/workspace/MovementInfo.json + MapRegion.json | 2: reference/mir3-source/Source/GameServer/LocalDB.pas LoadMapInfos (MapInfo.txt gate model) | 3: 2026-09-25 map_manifest exact/renamed/variant/replacement/pending relation | 4: map terrain flag reader implemented independently by this audit generator	0.25	pending_manual_review	workspace region centroid is not an EI Envir gate record; no safe coordinate correction inferred
3705	912	D6012	万年原谷	4555	Teleport Source	11	15	True	True	exact	None		All	d6011	4556	d6011	d6011	30	33	True	True	exact	source-region-to-destination-region (MovementInfo directed edge)	1: Tools/dbeditor/workspace/MovementInfo.json + MapRegion.json | 2: reference/mir3-source/Source/GameServer/LocalDB.pas LoadMapInfos (MapInfo.txt gate model) | 3: 2026-09-25 map_manifest exact/renamed/variant/replacement/pending relation | 4: map terrain flag reader implemented independently by this audit generator	0.25	pending_manual_review	workspace region centroid is not an EI Envir gate record; no safe coordinate correction inferred
3706	912	D6012	万年原谷	4557	Teleport Source	202	187	True	True	exact	None		All	D60131	4558	D60131	D60131	9	51	True	True	exact	source-region-to-destination-region (MovementInfo directed edge)	1: Tools/dbeditor/workspace/MovementInfo.json + MapRegion.json | 2: reference/mir3-source/Source/GameServer/LocalDB.pas LoadMapInfos (MapInfo.txt gate model) | 3: 2026-09-25 map_manifest exact/renamed/variant/replacement/pending relation | 4: map terrain flag reader implemented independently by this audit generator	0.25	pending_manual_review	workspace region centroid is not an EI Envir gate record; no safe coordinate correction inferred
3707	913	D60131	万年谷中部	4559	Teleport Source	8	50	True	True	exact	None		All	D6012	4560	D6012	D6012	203	188	True	True	exact	source-region-to-destination-region (MovementInfo directed edge)	1: Tools/dbeditor/workspace/MovementInfo.json + MapRegion.json | 2: reference/mir3-source/Source/GameServer/LocalDB.pas LoadMapInfos (MapInfo.txt gate model) | 3: 2026-09-25 map_manifest exact/renamed/variant/replacement/pending relation | 4: map terrain flag reader implemented independently by this audit generator	0.25	pending_manual_review	workspace region centroid is not an EI Envir gate record; no safe coordinate correction inferred
3708	912	D6012	万年原谷	4561	Teleport Source	9	182	True	True	exact	None		All	D60132	4562	D60132	D60132	70	66	True	True	exact	source-region-to-destination-region (MovementInfo directed edge)	1: Tools/dbeditor/workspace/MovementInfo.json + MapRegion.json | 2: reference/mir3-source/Source/GameServer/LocalDB.pas LoadMapInfos (MapInfo.txt gate model) | 3: 2026-09-25 map_manifest exact/renamed/variant/replacement/pending relation | 4: map terrain flag reader implemented independently by this audit generator	0.25	pending_manual_review	workspace region centroid is not an EI Envir gate record; no safe coordinate correction inferred
3709	914	D60132	万年谷南部	4563	Teleport Source	69	65	True	True	exact	None		All	D6012	4564	D6012	D6012	10	183	True	True	exact	source-region-to-destination-region (MovementInfo directed edge)	1: Tools/dbeditor/workspace/MovementInfo.json + MapRegion.json | 2: reference/mir3-source/Source/GameServer/LocalDB.pas LoadMapInfos (MapInfo.txt gate model) | 3: 2026-09-25 map_manifest exact/renamed/variant/replacement/pending relation | 4: map terrain flag reader implemented independently by this audit generator	0.25	pending_manual_review	workspace region centroid is not an EI Envir gate record; no safe coordinate correction inferred
3710	912	D6012	万年原谷	4565	Teleport Source	283	232	True	True	exact	None		All	D60134	4566	D60134	D60134	25	17	True	True	exact	source-region-to-destination-region (MovementInfo directed edge)	1: Tools/dbeditor/workspace/MovementInfo.json + MapRegion.json | 2: reference/mir3-source/Source/GameServer/LocalDB.pas LoadMapInfos (MapInfo.txt gate model) | 3: 2026-09-25 map_manifest exact/renamed/variant/replacement/pending relation | 4: map terrain flag reader implemented independently by this audit generator	0.25	pending_manual_review	workspace region centroid is not an EI Envir gate record; no safe coordinate correction inferred
3711	916	D60134	万年谷北部	4567	Teleport Source	26	16	True	True	exact	None		All	D6012	4568	D6012	D6012	284	233	True	True	exact	source-region-to-destination-region (MovementInfo directed edge)	1: Tools/dbeditor/workspace/MovementInfo.json + MapRegion.json | 2: reference/mir3-source/Source/GameServer/LocalDB.pas LoadMapInfos (MapInfo.txt gate model) | 3: 2026-09-25 map_manifest exact/renamed/variant/replacement/pending relation | 4: map terrain flag reader implemented independently by this audit generator	0.25	pending_manual_review	workspace region centroid is not an EI Envir gate record; no safe coordinate correction inferred
3712	914	D60132	万年谷南部	4569	Teleport Source	13	19	True	True	exact	None		All	D60133	4570	D60133	D60133	63	83	True	True	exact	source-region-to-destination-region (MovementInfo directed edge)	1: Tools/dbeditor/workspace/MovementInfo.json + MapRegion.json | 2: reference/mir3-source/Source/GameServer/LocalDB.pas LoadMapInfos (MapInfo.txt gate model) | 3: 2026-09-25 map_manifest exact/renamed/variant/replacement/pending relation | 4: map terrain flag reader implemented independently by this audit generator	0.25	pending_manual_review	workspace region centroid is not an EI Envir gate record; no safe coordinate correction inferred
3713	915	D60133	万年谷西部	4571	Teleport Source	64	82	True	True	exact	None		All	D60132	4572	D60132	D60132	14	20	True	True	exact	source-region-to-destination-region (MovementInfo directed edge)	1: Tools/dbeditor/workspace/MovementInfo.json + MapRegion.json | 2: reference/mir3-source/Source/GameServer/LocalDB.pas LoadMapInfos (MapInfo.txt gate model) | 3: 2026-09-25 map_manifest exact/renamed/variant/replacement/pending relation | 4: map terrain flag reader implemented independently by this audit generator	0.25	pending_manual_review	workspace region centroid is not an EI Envir gate record; no safe coordinate correction inferred
3714	916	D60134	万年谷北部	4573	Teleport Source	86	17	True	True	exact	None		All	D60135	4574	D60135	D60135	44	43	True	True	exact	source-region-to-destination-region (MovementInfo directed edge)	1: Tools/dbeditor/workspace/MovementInfo.json + MapRegion.json | 2: reference/mir3-source/Source/GameServer/LocalDB.pas LoadMapInfos (MapInfo.txt gate model) | 3: 2026-09-25 map_manifest exact/renamed/variant/replacement/pending relation | 4: map terrain flag reader implemented independently by this audit generator	0.25	pending_manual_review	workspace region centroid is not an EI Envir gate record; no safe coordinate correction inferred
3715	917	D60135	万年谷东部	4575	Teleport Source	43	42	True	True	exact	None		All	D60134	4576	D60134	D60134	85	18	True	True	exact	source-region-to-destination-region (MovementInfo directed edge)	1: Tools/dbeditor/workspace/MovementInfo.json + MapRegion.json | 2: reference/mir3-source/Source/GameServer/LocalDB.pas LoadMapInfos (MapInfo.txt gate model) | 3: 2026-09-25 map_manifest exact/renamed/variant/replacement/pending relation | 4: map terrain flag reader implemented independently by this audit generator	0.25	pending_manual_review	workspace region centroid is not an EI Envir gate record; no safe coordinate correction inferred
3716	913	D60131	万年谷中部	4577	Teleport Source	12	13	True	True	exact	None		All	D6014	4578	D6014	D6014	150	66	True	True	exact	source-region-to-destination-region (MovementInfo directed edge)	1: Tools/dbeditor/workspace/MovementInfo.json + MapRegion.json | 2: reference/mir3-source/Source/GameServer/LocalDB.pas LoadMapInfos (MapInfo.txt gate model) | 3: 2026-09-25 map_manifest exact/renamed/variant/replacement/pending relation | 4: map terrain flag reader implemented independently by this audit generator	0.25	pending_manual_review	workspace region centroid is not an EI Envir gate record; no safe coordinate correction inferred
3717	918	D6014	万年独孤关	4579	Teleport Source	149	65	True	True	exact	None		All	D60131	4580	D60131	D60131	13	14	True	True	exact	source-region-to-destination-region (MovementInfo directed edge)	1: Tools/dbeditor/workspace/MovementInfo.json + MapRegion.json | 2: reference/mir3-source/Source/GameServer/LocalDB.pas LoadMapInfos (MapInfo.txt gate model) | 3: 2026-09-25 map_manifest exact/renamed/variant/replacement/pending relation | 4: map terrain flag reader implemented independently by this audit generator	0.25	pending_manual_review	workspace region centroid is not an EI Envir gate record; no safe coordinate correction inferred
3718	915	D60133	万年谷西部	4581	Teleport Source	88	75	True	True	exact	None		All	D6014	4582	D6014	D6014	14	84	True	True	exact	source-region-to-destination-region (MovementInfo directed edge)	1: Tools/dbeditor/workspace/MovementInfo.json + MapRegion.json | 2: reference/mir3-source/Source/GameServer/LocalDB.pas LoadMapInfos (MapInfo.txt gate model) | 3: 2026-09-25 map_manifest exact/renamed/variant/replacement/pending relation | 4: map terrain flag reader implemented independently by this audit generator	0.25	pending_manual_review	workspace region centroid is not an EI Envir gate record; no safe coordinate correction inferred
3719	918	D6014	万年独孤关	4583	Teleport Source	13	83	True	True	exact	None		All	D60133	4584	D60133	D60133	87	76	True	True	exact	source-region-to-destination-region (MovementInfo directed edge)	1: Tools/dbeditor/workspace/MovementInfo.json + MapRegion.json | 2: reference/mir3-source/Source/GameServer/LocalDB.pas LoadMapInfos (MapInfo.txt gate model) | 3: 2026-09-25 map_manifest exact/renamed/variant/replacement/pending relation | 4: map terrain flag reader implemented independently by this audit generator	0.25	pending_manual_review	workspace region centroid is not an EI Envir gate record; no safe coordinate correction inferred
3720	917	D60135	万年谷东部	4585	Teleport Source	90	11	True	True	exact	None		All	D6014	4586	D6014	D6014	52	22	True	True	exact	source-region-to-destination-region (MovementInfo directed edge)	1: Tools/dbeditor/workspace/MovementInfo.json + MapRegion.json | 2: reference/mir3-source/Source/GameServer/LocalDB.pas LoadMapInfos (MapInfo.txt gate model) | 3: 2026-09-25 map_manifest exact/renamed/variant/replacement/pending relation | 4: map terrain flag reader implemented independently by this audit generator	0.25	pending_manual_review	workspace region centroid is not an EI Envir gate record; no safe coordinate correction inferred
3721	918	D6014	万年独孤关	4587	Teleport Source	53	21	True	True	exact	None		All	D60135	4588	D60135	D60135	89	12	True	True	exact	source-region-to-destination-region (MovementInfo directed edge)	1: Tools/dbeditor/workspace/MovementInfo.json + MapRegion.json | 2: reference/mir3-source/Source/GameServer/LocalDB.pas LoadMapInfos (MapInfo.txt gate model) | 3: 2026-09-25 map_manifest exact/renamed/variant/replacement/pending relation | 4: map terrain flag reader implemented independently by this audit generator	0.25	pending_manual_review	workspace region centroid is not an EI Envir gate record; no safe coordinate correction inferred
3722	918	D6014	万年独孤关	4589	Teleport Source	160	170	True	True	exact	None		All	d6015	4590	d6015	d6015	10	26	True	True	exact	source-region-to-destination-region (MovementInfo directed edge)	1: Tools/dbeditor/workspace/MovementInfo.json + MapRegion.json | 2: reference/mir3-source/Source/GameServer/LocalDB.pas LoadMapInfos (MapInfo.txt gate model) | 3: 2026-09-25 map_manifest exact/renamed/variant/replacement/pending relation | 4: map terrain flag reader implemented independently by this audit generator	0.25	pending_manual_review	workspace region centroid is not an EI Envir gate record; no safe coordinate correction inferred
3723	919	d6015	生死关	4591	Teleport Source	9	25	True	True	exact	None		All	D6014	4592	D6014	D6014	159	171	True	True	exact	source-region-to-destination-region (MovementInfo directed edge)	1: Tools/dbeditor/workspace/MovementInfo.json + MapRegion.json | 2: reference/mir3-source/Source/GameServer/LocalDB.pas LoadMapInfos (MapInfo.txt gate model) | 3: 2026-09-25 map_manifest exact/renamed/variant/replacement/pending relation | 4: map terrain flag reader implemented independently by this audit generator	0.25	pending_manual_review	workspace region centroid is not an EI Envir gate record; no safe coordinate correction inferred
3724	686	74	盟重县	4593	Teleport Source	132	503	True	True	exact	None		All	d6021	4594	d6021	d6021	42	167	True	True	exact	source-region-to-destination-region (MovementInfo directed edge)	1: Tools/dbeditor/workspace/MovementInfo.json + MapRegion.json | 2: reference/mir3-source/Source/GameServer/LocalDB.pas LoadMapInfos (MapInfo.txt gate model) | 3: 2026-09-25 map_manifest exact/renamed/variant/replacement/pending relation | 4: map terrain flag reader implemented independently by this audit generator	0.25	pending_manual_review	workspace region centroid is not an EI Envir gate record; no safe coordinate correction inferred
3725	920	d6021	虫峡谷1层	4595	Teleport Source	41	168	True	True	exact	None		All	74	4596	74	74	130	505	True	True	exact	source-region-to-destination-region (MovementInfo directed edge)	1: Tools/dbeditor/workspace/MovementInfo.json + MapRegion.json | 2: reference/mir3-source/Source/GameServer/LocalDB.pas LoadMapInfos (MapInfo.txt gate model) | 3: 2026-09-25 map_manifest exact/renamed/variant/replacement/pending relation | 4: map terrain flag reader implemented independently by this audit generator	0.25	pending_manual_review	workspace region centroid is not an EI Envir gate record; no safe coordinate correction inferred
3726	920	d6021	虫峡谷1层	4597	Teleport Source	170	23	True	True	exact	None		All	d6022	4598	d6022	d6022	40	173	True	True	exact	source-region-to-destination-region (MovementInfo directed edge)	1: Tools/dbeditor/workspace/MovementInfo.json + MapRegion.json | 2: reference/mir3-source/Source/GameServer/LocalDB.pas LoadMapInfos (MapInfo.txt gate model) | 3: 2026-09-25 map_manifest exact/renamed/variant/replacement/pending relation | 4: map terrain flag reader implemented independently by this audit generator	0.25	pending_manual_review	workspace region centroid is not an EI Envir gate record; no safe coordinate correction inferred
3727	921	d6022	虫峡谷2层	4599	Teleport Source	39	174	True	True	exact	None		All	d6021	4600	d6021	d6021	169	24	True	True	exact	source-region-to-destination-region (MovementInfo directed edge)	1: Tools/dbeditor/workspace/MovementInfo.json + MapRegion.json | 2: reference/mir3-source/Source/GameServer/LocalDB.pas LoadMapInfos (MapInfo.txt gate model) | 3: 2026-09-25 map_manifest exact/renamed/variant/replacement/pending relation | 4: map terrain flag reader implemented independently by this audit generator	0.25	pending_manual_review	workspace region centroid is not an EI Envir gate record; no safe coordinate correction inferred
3728	921	d6022	虫峡谷2层	4601	Teleport Source	148	31	True	True	exact	None		All	D6023	4602	D6023	D6023	80	166	True	True	exact	source-region-to-destination-region (MovementInfo directed edge)	1: Tools/dbeditor/workspace/MovementInfo.json + MapRegion.json | 2: reference/mir3-source/Source/GameServer/LocalDB.pas LoadMapInfos (MapInfo.txt gate model) | 3: 2026-09-25 map_manifest exact/renamed/variant/replacement/pending relation | 4: map terrain flag reader implemented independently by this audit generator	0.25	pending_manual_review	workspace region centroid is not an EI Envir gate record; no safe coordinate correction inferred
3729	922	D6023	虫峡谷3层	4603	Teleport Source	81	167	True	True	exact	None		All	d6022	4604	d6022	d6022	149	32	True	True	exact	source-region-to-destination-region (MovementInfo directed edge)	1: Tools/dbeditor/workspace/MovementInfo.json + MapRegion.json | 2: reference/mir3-source/Source/GameServer/LocalDB.pas LoadMapInfos (MapInfo.txt gate model) | 3: 2026-09-25 map_manifest exact/renamed/variant/replacement/pending relation | 4: map terrain flag reader implemented independently by this audit generator	0.25	pending_manual_review	workspace region centroid is not an EI Envir gate record; no safe coordinate correction inferred
3730	922	D6023	虫峡谷3层	4605	Teleport Source	161	33	True	True	exact	None		All	d6024	4606	d6024	d6024	15	191	True	True	exact	source-region-to-destination-region (MovementInfo directed edge)	1: Tools/dbeditor/workspace/MovementInfo.json + MapRegion.json | 2: reference/mir3-source/Source/GameServer/LocalDB.pas LoadMapInfos (MapInfo.txt gate model) | 3: 2026-09-25 map_manifest exact/renamed/variant/replacement/pending relation | 4: map terrain flag reader implemented independently by this audit generator	0.25	pending_manual_review	workspace region centroid is not an EI Envir gate record; no safe coordinate correction inferred
3731	923	d6024	虫峡谷4层	4607	Teleport Source	14	192	True	True	exact	None		All	D6023	4608	D6023	D6023	160	34	True	True	exact	source-region-to-destination-region (MovementInfo directed edge)	1: Tools/dbeditor/workspace/MovementInfo.json + MapRegion.json | 2: reference/mir3-source/Source/GameServer/LocalDB.pas LoadMapInfos (MapInfo.txt gate model) | 3: 2026-09-25 map_manifest exact/renamed/variant/replacement/pending relation | 4: map terrain flag reader implemented independently by this audit generator	0.25	pending_manual_review	workspace region centroid is not an EI Envir gate record; no safe coordinate correction inferred
3732	923	d6024	虫峡谷4层	4609	Teleport Source	247	105	True	True	exact	None		All	D6025	4610	D6025	D6025	218	266	True	True	exact	source-region-to-destination-region (MovementInfo directed edge)	1: Tools/dbeditor/workspace/MovementInfo.json + MapRegion.json | 2: reference/mir3-source/Source/GameServer/LocalDB.pas LoadMapInfos (MapInfo.txt gate model) | 3: 2026-09-25 map_manifest exact/renamed/variant/replacement/pending relation | 4: map terrain flag reader implemented independently by this audit generator	0.25	pending_manual_review	workspace region centroid is not an EI Envir gate record; no safe coordinate correction inferred
3733	924	D6025	虫峡谷5层	4611	Teleport Source	219	267	True	True	exact	None		All	d6024	4612	d6024	d6024	248	106	True	True	exact	source-region-to-destination-region (MovementInfo directed edge)	1: Tools/dbeditor/workspace/MovementInfo.json + MapRegion.json | 2: reference/mir3-source/Source/GameServer/LocalDB.pas LoadMapInfos (MapInfo.txt gate model) | 3: 2026-09-25 map_manifest exact/renamed/variant/replacement/pending relation | 4: map terrain flag reader implemented independently by this audit generator	0.25	pending_manual_review	workspace region centroid is not an EI Envir gate record; no safe coordinate correction inferred
3734	687	75	石阁庙	4613	Teleport Source	202	61	True	True	exact	None		All	d7101	4614	d7101	d7101	27	22	True	True	exact	source-region-to-destination-region (MovementInfo directed edge)	1: Tools/dbeditor/workspace/MovementInfo.json + MapRegion.json | 2: reference/mir3-source/Source/GameServer/LocalDB.pas LoadMapInfos (MapInfo.txt gate model) | 3: 2026-09-25 map_manifest exact/renamed/variant/replacement/pending relation | 4: map terrain flag reader implemented independently by this audit generator	0.25	pending_manual_review	workspace region centroid is not an EI Envir gate record; no safe coordinate correction inferred
3735	939	d7101	石阁入口	4615	Teleport Source	26	23	True	True	exact	None		All	75	4616	75	75	207	67	True	True	exact	source-region-to-destination-region (MovementInfo directed edge)	1: Tools/dbeditor/workspace/MovementInfo.json + MapRegion.json | 2: reference/mir3-source/Source/GameServer/LocalDB.pas LoadMapInfos (MapInfo.txt gate model) | 3: 2026-09-25 map_manifest exact/renamed/variant/replacement/pending relation | 4: map terrain flag reader implemented independently by this audit generator	0.25	pending_manual_review	workspace region centroid is not an EI Envir gate record; no safe coordinate correction inferred
3736	945	D715	石阁5层	4617	Teleport Source	83	81	True	True	exact	None		All	D716	4618	D716	D716	36	17	True	True	exact	source-region-to-destination-region (MovementInfo directed edge)	1: Tools/dbeditor/workspace/MovementInfo.json + MapRegion.json | 2: reference/mir3-source/Source/GameServer/LocalDB.pas LoadMapInfos (MapInfo.txt gate model) | 3: 2026-09-25 map_manifest exact/renamed/variant/replacement/pending relation | 4: map terrain flag reader implemented independently by this audit generator	0.25	pending_manual_review	workspace region centroid is not an EI Envir gate record; no safe coordinate correction inferred
3737	682	6	沙漠	4619	Teleport Source	291	719	True	True	variant	None		All	D8002	4620	D8002	D8002	179	188	True	True	exact	source-region-to-destination-region (MovementInfo directed edge)	1: Tools/dbeditor/workspace/MovementInfo.json + MapRegion.json | 2: reference/mir3-source/Source/GameServer/LocalDB.pas LoadMapInfos (MapInfo.txt gate model) | 3: 2026-09-25 map_manifest exact/renamed/variant/replacement/pending relation | 4: map terrain flag reader implemented independently by this audit generator	0.25	pending_manual_review	workspace region centroid is not an EI Envir gate record; no safe coordinate correction inferred
3738	978	D8002	南部蚂蚁洞1层	4621	Teleport Source	178	189	True	True	exact	None		All	6	4622	6	6	290	720	True	True	variant	source-region-to-destination-region (MovementInfo directed edge)	1: Tools/dbeditor/workspace/MovementInfo.json + MapRegion.json | 2: reference/mir3-source/Source/GameServer/LocalDB.pas LoadMapInfos (MapInfo.txt gate model) | 3: 2026-09-25 map_manifest exact/renamed/variant/replacement/pending relation | 4: map terrain flag reader implemented independently by this audit generator	0.25	pending_manual_review	workspace region centroid is not an EI Envir gate record; no safe coordinate correction inferred
3739	978	D8002	南部蚂蚁洞1层	4623	Teleport Source	6	43	True	True	exact	None		All	D8003	4624	D8003	D8003	185	57	True	True	exact	source-region-to-destination-region (MovementInfo directed edge)	1: Tools/dbeditor/workspace/MovementInfo.json + MapRegion.json | 2: reference/mir3-source/Source/GameServer/LocalDB.pas LoadMapInfos (MapInfo.txt gate model) | 3: 2026-09-25 map_manifest exact/renamed/variant/replacement/pending relation | 4: map terrain flag reader implemented independently by this audit generator	0.25	pending_manual_review	workspace region centroid is not an EI Envir gate record; no safe coordinate correction inferred
3740	979	D8003	南部蚂蚁洞2层	4625	Teleport Source	186	58	True	True	exact	None		All	D8002	4626	D8002	D8002	7	44	True	True	exact	source-region-to-destination-region (MovementInfo directed edge)	1: Tools/dbeditor/workspace/MovementInfo.json + MapRegion.json | 2: reference/mir3-source/Source/GameServer/LocalDB.pas LoadMapInfos (MapInfo.txt gate model) | 3: 2026-09-25 map_manifest exact/renamed/variant/replacement/pending relation | 4: map terrain flag reader implemented independently by this audit generator	0.25	pending_manual_review	workspace region centroid is not an EI Envir gate record; no safe coordinate correction inferred
3741	979	D8003	南部蚂蚁洞2层	4627	Teleport Source	119	185	True	True	exact	None		All	D8004	4628	D8004	D8004	177	14	True	True	exact	source-region-to-destination-region (MovementInfo directed edge)	1: Tools/dbeditor/workspace/MovementInfo.json + MapRegion.json | 2: reference/mir3-source/Source/GameServer/LocalDB.pas LoadMapInfos (MapInfo.txt gate model) | 3: 2026-09-25 map_manifest exact/renamed/variant/replacement/pending relation | 4: map terrain flag reader implemented independently by this audit generator	0.25	pending_manual_review	workspace region centroid is not an EI Envir gate record; no safe coordinate correction inferred
3742	979	D8003	南部蚂蚁洞2层	4629	Teleport Source	29	185	True	True	exact	None		All	D8004	4630	D8004	D8004	33	21	True	True	exact	source-region-to-destination-region (MovementInfo directed edge)	1: Tools/dbeditor/workspace/MovementInfo.json + MapRegion.json | 2: reference/mir3-source/Source/GameServer/LocalDB.pas LoadMapInfos (MapInfo.txt gate model) | 3: 2026-09-25 map_manifest exact/renamed/variant/replacement/pending relation | 4: map terrain flag reader implemented independently by this audit generator	0.25	pending_manual_review	workspace region centroid is not an EI Envir gate record; no safe coordinate correction inferred
3743	980	D8004	南部蚂蚁洞3层	4631	Teleport Source	178	13	True	True	exact	None		All	D8003	4632	D8003	D8003	120	184	True	True	exact	source-region-to-destination-region (MovementInfo directed edge)	1: Tools/dbeditor/workspace/MovementInfo.json + MapRegion.json | 2: reference/mir3-source/Source/GameServer/LocalDB.pas LoadMapInfos (MapInfo.txt gate model) | 3: 2026-09-25 map_manifest exact/renamed/variant/replacement/pending relation | 4: map terrain flag reader implemented independently by this audit generator	0.25	pending_manual_review	workspace region centroid is not an EI Envir gate record; no safe coordinate correction inferred
3744	980	D8004	南部蚂蚁洞3层	4633	Teleport Source	34	20	True	True	exact	None		All	D8003	4634	D8003	D8003	30	184	True	True	exact	source-region-to-destination-region (MovementInfo directed edge)	1: Tools/dbeditor/workspace/MovementInfo.json + MapRegion.json | 2: reference/mir3-source/Source/GameServer/LocalDB.pas LoadMapInfos (MapInfo.txt gate model) | 3: 2026-09-25 map_manifest exact/renamed/variant/replacement/pending relation | 4: map terrain flag reader implemented independently by this audit generator	0.25	pending_manual_review	workspace region centroid is not an EI Envir gate record; no safe coordinate correction inferred
3745	980	D8004	南部蚂蚁洞3层	4635	Teleport Source	196	142	True	True	exact	None		All	D8001	4636	D8001	D8001	13	124	True	True	exact	source-region-to-destination-region (MovementInfo directed edge)	1: Tools/dbeditor/workspace/MovementInfo.json + MapRegion.json | 2: reference/mir3-source/Source/GameServer/LocalDB.pas LoadMapInfos (MapInfo.txt gate model) | 3: 2026-09-25 map_manifest exact/renamed/variant/replacement/pending relation | 4: map terrain flag reader implemented independently by this audit generator	0.25	pending_manual_review	workspace region centroid is not an EI Envir gate record; no safe coordinate correction inferred
3746	980	D8004	南部蚂蚁洞3层	4637	Teleport Source	129	178	True	True	exact	None		All	D8001	4638	D8001	D8001	8	183	True	True	exact	source-region-to-destination-region (MovementInfo directed edge)	1: Tools/dbeditor/workspace/MovementInfo.json + MapRegion.json | 2: reference/mir3-source/Source/GameServer/LocalDB.pas LoadMapInfos (MapInfo.txt gate model) | 3: 2026-09-25 map_manifest exact/renamed/variant/replacement/pending relation | 4: map terrain flag reader implemented independently by this audit generator	0.25	pending_manual_review	workspace region centroid is not an EI Envir gate record; no safe coordinate correction inferred
3747	977	D8001	南部蚂蚁洞4层	4639	Teleport Source	12	125	True	True	exact	None		All	D8004	4640	D8004	D8004	195	143	True	True	exact	source-region-to-destination-region (MovementInfo directed edge)	1: Tools/dbeditor/workspace/MovementInfo.json + MapRegion.json | 2: reference/mir3-source/Source/GameServer/LocalDB.pas LoadMapInfos (MapInfo.txt gate model) | 3: 2026-09-25 map_manifest exact/renamed/variant/replacement/pending relation | 4: map terrain flag reader implemented independently by this audit generator	0.25	pending_manual_review	workspace region centroid is not an EI Envir gate record; no safe coordinate correction inferred
3748	977	D8001	南部蚂蚁洞4层	4641	Teleport Source	7	184	True	True	exact	None		All	D8004	4642	D8004	D8004	128	179	True	True	exact	source-region-to-destination-region (MovementInfo directed edge)	1: Tools/dbeditor/workspace/MovementInfo.json + MapRegion.json | 2: reference/mir3-source/Source/GameServer/LocalDB.pas LoadMapInfos (MapInfo.txt gate model) | 3: 2026-09-25 map_manifest exact/renamed/variant/replacement/pending relation | 4: map terrain flag reader implemented independently by this audit generator	0.25	pending_manual_review	workspace region centroid is not an EI Envir gate record; no safe coordinate correction inferred
3749	8	4	Numa Village	4643	Teleport Source	375	119	True	True	exact	None		All	D8102	4644	D8102	D8102	179	188	True	True	exact	source-region-to-destination-region (MovementInfo directed edge)	1: Tools/dbeditor/workspace/MovementInfo.json + MapRegion.json | 2: reference/mir3-source/Source/GameServer/LocalDB.pas LoadMapInfos (MapInfo.txt gate model) | 3: 2026-09-25 map_manifest exact/renamed/variant/replacement/pending relation | 4: map terrain flag reader implemented independently by this audit generator	0.25	pending_manual_review	workspace region centroid is not an EI Envir gate record; no safe coordinate correction inferred
3750	996	D8102	北部蚂蚁洞穴1层1	4645	Teleport Source	178	189	True	True	exact	None		All	4	4646	4	4	374	120	True	True	exact	source-region-to-destination-region (MovementInfo directed edge)	1: Tools/dbeditor/workspace/MovementInfo.json + MapRegion.json | 2: reference/mir3-source/Source/GameServer/LocalDB.pas LoadMapInfos (MapInfo.txt gate model) | 3: 2026-09-25 map_manifest exact/renamed/variant/replacement/pending relation | 4: map terrain flag reader implemented independently by this audit generator	0.25	pending_manual_review	workspace region centroid is not an EI Envir gate record; no safe coordinate correction inferred
3751	996	D8102	北部蚂蚁洞穴1层1	4647	Teleport Source	6	43	True	True	exact	None		All	D8103	4648	D8103	D8103	185	57	True	True	exact	source-region-to-destination-region (MovementInfo directed edge)	1: Tools/dbeditor/workspace/MovementInfo.json + MapRegion.json | 2: reference/mir3-source/Source/GameServer/LocalDB.pas LoadMapInfos (MapInfo.txt gate model) | 3: 2026-09-25 map_manifest exact/renamed/variant/replacement/pending relation | 4: map terrain flag reader implemented independently by this audit generator	0.25	pending_manual_review	workspace region centroid is not an EI Envir gate record; no safe coordinate correction inferred
3752	997	D8103	北部蚂蚁洞穴1层2	4649	Teleport Source	186	58	True	True	exact	None		All	D8102	4650	D8102	D8102	7	44	True	True	exact	source-region-to-destination-region (MovementInfo directed edge)	1: Tools/dbeditor/workspace/MovementInfo.json + MapRegion.json | 2: reference/mir3-source/Source/GameServer/LocalDB.pas LoadMapInfos (MapInfo.txt gate model) | 3: 2026-09-25 map_manifest exact/renamed/variant/replacement/pending relation | 4: map terrain flag reader implemented independently by this audit generator	0.25	pending_manual_review	workspace region centroid is not an EI Envir gate record; no safe coordinate correction inferred
3753	997	D8103	北部蚂蚁洞穴1层2	4651	Teleport Source	119	185	True	True	exact	None		All	D8104	4652	D8104	D8104	177	14	True	True	exact	source-region-to-destination-region (MovementInfo directed edge)	1: Tools/dbeditor/workspace/MovementInfo.json + MapRegion.json | 2: reference/mir3-source/Source/GameServer/LocalDB.pas LoadMapInfos (MapInfo.txt gate model) | 3: 2026-09-25 map_manifest exact/renamed/variant/replacement/pending relation | 4: map terrain flag reader implemented independently by this audit generator	0.25	pending_manual_review	workspace region centroid is not an EI Envir gate record; no safe coordinate correction inferred
3754	997	D8103	北部蚂蚁洞穴1层2	4653	Teleport Source	29	185	True	True	exact	None		All	D8104	4654	D8104	D8104	33	21	True	True	exact	source-region-to-destination-region (MovementInfo directed edge)	1: Tools/dbeditor/workspace/MovementInfo.json + MapRegion.json | 2: reference/mir3-source/Source/GameServer/LocalDB.pas LoadMapInfos (MapInfo.txt gate model) | 3: 2026-09-25 map_manifest exact/renamed/variant/replacement/pending relation | 4: map terrain flag reader implemented independently by this audit generator	0.25	pending_manual_review	workspace region centroid is not an EI Envir gate record; no safe coordinate correction inferred
3755	998	D8104	北部蚂蚁洞穴1层3	4655	Teleport Source	178	13	True	True	exact	None		All	D8103	4656	D8103	D8103	120	184	True	True	exact	source-region-to-destination-region (MovementInfo directed edge)	1: Tools/dbeditor/workspace/MovementInfo.json + MapRegion.json | 2: reference/mir3-source/Source/GameServer/LocalDB.pas LoadMapInfos (MapInfo.txt gate model) | 3: 2026-09-25 map_manifest exact/renamed/variant/replacement/pending relation | 4: map terrain flag reader implemented independently by this audit generator	0.25	pending_manual_review	workspace region centroid is not an EI Envir gate record; no safe coordinate correction inferred
3756	998	D8104	北部蚂蚁洞穴1层3	4657	Teleport Source	34	20	True	True	exact	None		All	D8103	4658	D8103	D8103	30	184	True	True	exact	source-region-to-destination-region (MovementInfo directed edge)	1: Tools/dbeditor/workspace/MovementInfo.json + MapRegion.json | 2: reference/mir3-source/Source/GameServer/LocalDB.pas LoadMapInfos (MapInfo.txt gate model) | 3: 2026-09-25 map_manifest exact/renamed/variant/replacement/pending relation | 4: map terrain flag reader implemented independently by this audit generator	0.25	pending_manual_review	workspace region centroid is not an EI Envir gate record; no safe coordinate correction inferred
3757	998	D8104	北部蚂蚁洞穴1层3	4659	Teleport Source	196	142	True	True	exact	None		All	D8101	4660	D8101	D8101	13	124	True	True	exact	source-region-to-destination-region (MovementInfo directed edge)	1: Tools/dbeditor/workspace/MovementInfo.json + MapRegion.json | 2: reference/mir3-source/Source/GameServer/LocalDB.pas LoadMapInfos (MapInfo.txt gate model) | 3: 2026-09-25 map_manifest exact/renamed/variant/replacement/pending relation | 4: map terrain flag reader implemented independently by this audit generator	0.25	pending_manual_review	workspace region centroid is not an EI Envir gate record; no safe coordinate correction inferred
3758	998	D8104	北部蚂蚁洞穴1层3	4661	Teleport Source	129	178	True	True	exact	None		All	D8101	4662	D8101	D8101	8	183	True	True	exact	source-region-to-destination-region (MovementInfo directed edge)	1: Tools/dbeditor/workspace/MovementInfo.json + MapRegion.json | 2: reference/mir3-source/Source/GameServer/LocalDB.pas LoadMapInfos (MapInfo.txt gate model) | 3: 2026-09-25 map_manifest exact/renamed/variant/replacement/pending relation | 4: map terrain flag reader implemented independently by this audit generator	0.25	pending_manual_review	workspace region centroid is not an EI Envir gate record; no safe coordinate correction inferred
3759	995	D8101	北部蚂蚁洞穴1层4	4663	Teleport Source	12	125	True	True	exact	None		All	D8104	4664	D8104	D8104	195	143	True	True	exact	source-region-to-destination-region (MovementInfo directed edge)	1: Tools/dbeditor/workspace/MovementInfo.json + MapRegion.json | 2: reference/mir3-source/Source/GameServer/LocalDB.pas LoadMapInfos (MapInfo.txt gate model) | 3: 2026-09-25 map_manifest exact/renamed/variant/replacement/pending relation | 4: map terrain flag reader implemented independently by this audit generator	0.25	pending_manual_review	workspace region centroid is not an EI Envir gate record; no safe coordinate correction inferred
3760	995	D8101	北部蚂蚁洞穴1层4	4665	Teleport Source	7	184	True	True	exact	None		All	D8104	4666	D8104	D8104	128	179	True	True	exact	source-region-to-destination-region (MovementInfo directed edge)	1: Tools/dbeditor/workspace/MovementInfo.json + MapRegion.json | 2: reference/mir3-source/Source/GameServer/LocalDB.pas LoadMapInfos (MapInfo.txt gate model) | 3: 2026-09-25 map_manifest exact/renamed/variant/replacement/pending relation | 4: map terrain flag reader implemented independently by this audit generator	0.25	pending_manual_review	workspace region centroid is not an EI Envir gate record; no safe coordinate correction inferred
3761	8	4	Numa Village	4667	Teleport Source	476	152	True	True	exact	None		All	D8202	4668	D8202	D8202	179	188	True	True	exact	source-region-to-destination-region (MovementInfo directed edge)	1: Tools/dbeditor/workspace/MovementInfo.json + MapRegion.json | 2: reference/mir3-source/Source/GameServer/LocalDB.pas LoadMapInfos (MapInfo.txt gate model) | 3: 2026-09-25 map_manifest exact/renamed/variant/replacement/pending relation | 4: map terrain flag reader implemented independently by this audit generator	0.25	pending_manual_review	workspace region centroid is not an EI Envir gate record; no safe coordinate correction inferred
3762	1019	D8202	东部蚂蚁洞穴1层1	4669	Teleport Source	178	189	True	True	exact	None		All	4	4670	4	4	475	153	True	True	exact	source-region-to-destination-region (MovementInfo directed edge)	1: Tools/dbeditor/workspace/MovementInfo.json + MapRegion.json | 2: reference/mir3-source/Source/GameServer/LocalDB.pas LoadMapInfos (MapInfo.txt gate model) | 3: 2026-09-25 map_manifest exact/renamed/variant/replacement/pending relation | 4: map terrain flag reader implemented independently by this audit generator	0.25	pending_manual_review	workspace region centroid is not an EI Envir gate record; no safe coordinate correction inferred
3763	1019	D8202	东部蚂蚁洞穴1层1	4671	Teleport Source	6	43	True	True	exact	None		All	D8203	4672	D8203	D8203	185	57	True	True	exact	source-region-to-destination-region (MovementInfo directed edge)	1: Tools/dbeditor/workspace/MovementInfo.json + MapRegion.json | 2: reference/mir3-source/Source/GameServer/LocalDB.pas LoadMapInfos (MapInfo.txt gate model) | 3: 2026-09-25 map_manifest exact/renamed/variant/replacement/pending relation | 4: map terrain flag reader implemented independently by this audit generator	0.25	pending_manual_review	workspace region centroid is not an EI Envir gate record; no safe coordinate correction inferred
3764	1020	D8203	东部蚂蚁洞穴1层2	4673	Teleport Source	186	58	True	True	exact	None		All	D8202	4674	D8202	D8202	7	44	True	True	exact	source-region-to-destination-region (MovementInfo directed edge)	1: Tools/dbeditor/workspace/MovementInfo.json + MapRegion.json | 2: reference/mir3-source/Source/GameServer/LocalDB.pas LoadMapInfos (MapInfo.txt gate model) | 3: 2026-09-25 map_manifest exact/renamed/variant/replacement/pending relation | 4: map terrain flag reader implemented independently by this audit generator	0.25	pending_manual_review	workspace region centroid is not an EI Envir gate record; no safe coordinate correction inferred
3765	1020	D8203	东部蚂蚁洞穴1层2	4675	Teleport Source	119	185	True	True	exact	None		All	D8204	4676	D8204	D8204	177	14	True	True	exact	source-region-to-destination-region (MovementInfo directed edge)	1: Tools/dbeditor/workspace/MovementInfo.json + MapRegion.json | 2: reference/mir3-source/Source/GameServer/LocalDB.pas LoadMapInfos (MapInfo.txt gate model) | 3: 2026-09-25 map_manifest exact/renamed/variant/replacement/pending relation | 4: map terrain flag reader implemented independently by this audit generator	0.25	pending_manual_review	workspace region centroid is not an EI Envir gate record; no safe coordinate correction inferred
3766	1020	D8203	东部蚂蚁洞穴1层2	4677	Teleport Source	29	185	True	True	exact	None		All	D8204	4678	D8204	D8204	33	21	True	True	exact	source-region-to-destination-region (MovementInfo directed edge)	1: Tools/dbeditor/workspace/MovementInfo.json + MapRegion.json | 2: reference/mir3-source/Source/GameServer/LocalDB.pas LoadMapInfos (MapInfo.txt gate model) | 3: 2026-09-25 map_manifest exact/renamed/variant/replacement/pending relation | 4: map terrain flag reader implemented independently by this audit generator	0.25	pending_manual_review	workspace region centroid is not an EI Envir gate record; no safe coordinate correction inferred
3767	1021	D8204	东部蚂蚁洞穴1层3	4679	Teleport Source	178	13	True	True	exact	None		All	D8203	4680	D8203	D8203	120	184	True	True	exact	source-region-to-destination-region (MovementInfo directed edge)	1: Tools/dbeditor/workspace/MovementInfo.json + MapRegion.json | 2: reference/mir3-source/Source/GameServer/LocalDB.pas LoadMapInfos (MapInfo.txt gate model) | 3: 2026-09-25 map_manifest exact/renamed/variant/replacement/pending relation | 4: map terrain flag reader implemented independently by this audit generator	0.25	pending_manual_review	workspace region centroid is not an EI Envir gate record; no safe coordinate correction inferred
3768	1021	D8204	东部蚂蚁洞穴1层3	4681	Teleport Source	34	20	True	True	exact	None		All	D8203	4682	D8203	D8203	30	184	True	True	exact	source-region-to-destination-region (MovementInfo directed edge)	1: Tools/dbeditor/workspace/MovementInfo.json + MapRegion.json | 2: reference/mir3-source/Source/GameServer/LocalDB.pas LoadMapInfos (MapInfo.txt gate model) | 3: 2026-09-25 map_manifest exact/renamed/variant/replacement/pending relation | 4: map terrain flag reader implemented independently by this audit generator	0.25	pending_manual_review	workspace region centroid is not an EI Envir gate record; no safe coordinate correction inferred
3769	1021	D8204	东部蚂蚁洞穴1层3	4683	Teleport Source	196	142	True	True	exact	None		All	D8201	4684	D8201	D8201	13	124	True	True	exact	source-region-to-destination-region (MovementInfo directed edge)	1: Tools/dbeditor/workspace/MovementInfo.json + MapRegion.json | 2: reference/mir3-source/Source/GameServer/LocalDB.pas LoadMapInfos (MapInfo.txt gate model) | 3: 2026-09-25 map_manifest exact/renamed/variant/replacement/pending relation | 4: map terrain flag reader implemented independently by this audit generator	0.25	pending_manual_review	workspace region centroid is not an EI Envir gate record; no safe coordinate correction inferred
3770	1021	D8204	东部蚂蚁洞穴1层3	4685	Teleport Source	129	178	True	True	exact	None		All	D8201	4686	D8201	D8201	8	183	True	True	exact	source-region-to-destination-region (MovementInfo directed edge)	1: Tools/dbeditor/workspace/MovementInfo.json + MapRegion.json | 2: reference/mir3-source/Source/GameServer/LocalDB.pas LoadMapInfos (MapInfo.txt gate model) | 3: 2026-09-25 map_manifest exact/renamed/variant/replacement/pending relation | 4: map terrain flag reader implemented independently by this audit generator	0.25	pending_manual_review	workspace region centroid is not an EI Envir gate record; no safe coordinate correction inferred
3771	1018	D8201	东部蚂蚁洞穴1层4	4687	Teleport Source	12	125	True	True	exact	None		All	D8204	4688	D8204	D8204	195	143	True	True	exact	source-region-to-destination-region (MovementInfo directed edge)	1: Tools/dbeditor/workspace/MovementInfo.json + MapRegion.json | 2: reference/mir3-source/Source/GameServer/LocalDB.pas LoadMapInfos (MapInfo.txt gate model) | 3: 2026-09-25 map_manifest exact/renamed/variant/replacement/pending relation | 4: map terrain flag reader implemented independently by this audit generator	0.25	pending_manual_review	workspace region centroid is not an EI Envir gate record; no safe coordinate correction inferred
3772	1018	D8201	东部蚂蚁洞穴1层4	4689	Teleport Source	7	184	True	True	exact	None		All	D8204	4690	D8204	D8204	128	179	True	True	exact	source-region-to-destination-region (MovementInfo directed edge)	1: Tools/dbeditor/workspace/MovementInfo.json + MapRegion.json | 2: reference/mir3-source/Source/GameServer/LocalDB.pas LoadMapInfos (MapInfo.txt gate model) | 3: 2026-09-25 map_manifest exact/renamed/variant/replacement/pending relation | 4: map terrain flag reader implemented independently by this audit generator	0.25	pending_manual_review	workspace region centroid is not an EI Envir gate record; no safe coordinate correction inferred
3773	895	D5071	祖玛神殿7层大厅	4691	Teleport Source	7	9	True	True	exact	None		All	D505	4692	D505	D505	122	11	True	True	variant	source-region-to-destination-region (MovementInfo directed edge)	1: Tools/dbeditor/workspace/MovementInfo.json + MapRegion.json | 2: reference/mir3-source/Source/GameServer/LocalDB.pas LoadMapInfos (MapInfo.txt gate model) | 3: 2026-09-25 map_manifest exact/renamed/variant/replacement/pending relation | 4: map terrain flag reader implemented independently by this audit generator	0.25	pending_manual_review	workspace region centroid is not an EI Envir gate record; no safe coordinate correction inferred
3774	898	D5074	祖玛神殿7层	4693	Teleport Source	77	15	True	True	exact	None		All	d515	4694	d515	d515	14	31	True	True	variant	source-region-to-destination-region (MovementInfo directed edge)	1: Tools/dbeditor/workspace/MovementInfo.json + MapRegion.json | 2: reference/mir3-source/Source/GameServer/LocalDB.pas LoadMapInfos (MapInfo.txt gate model) | 3: 2026-09-25 map_manifest exact/renamed/variant/replacement/pending relation | 4: map terrain flag reader implemented independently by this audit generator	0.25	pending_manual_review	workspace region centroid is not an EI Envir gate record; no safe coordinate correction inferred
3775	895	D5071	祖玛神殿7层大厅	4695	Teleport Source	39	43	True	True	exact	None		All	D5072	4696	D5072	D5072	7	51	True	True	exact	source-region-to-destination-region (MovementInfo directed edge)	1: Tools/dbeditor/workspace/MovementInfo.json + MapRegion.json | 2: reference/mir3-source/Source/GameServer/LocalDB.pas LoadMapInfos (MapInfo.txt gate model) | 3: 2026-09-25 map_manifest exact/renamed/variant/replacement/pending relation | 4: map terrain flag reader implemented independently by this audit generator	0.25	pending_manual_review	workspace region centroid is not an EI Envir gate record; no safe coordinate correction inferred
3776	896	D5072	祖玛神殿7层	4697	Teleport Source	6	50	True	True	exact	None		All	D5071	4698	D5071	D5071	38	42	True	True	exact	source-region-to-destination-region (MovementInfo directed edge)	1: Tools/dbeditor/workspace/MovementInfo.json + MapRegion.json | 2: reference/mir3-source/Source/GameServer/LocalDB.pas LoadMapInfos (MapInfo.txt gate model) | 3: 2026-09-25 map_manifest exact/renamed/variant/replacement/pending relation | 4: map terrain flag reader implemented independently by this audit generator	0.25	pending_manual_review	workspace region centroid is not an EI Envir gate record; no safe coordinate correction inferred
3777	896	D5072	祖玛神殿7层	4699	Teleport Source	90	20	True	True	exact	None		All	D5073	4700	D5073	D5073	10	69	True	True	variant	source-region-to-destination-region (MovementInfo directed edge)	1: Tools/dbeditor/workspace/MovementInfo.json + MapRegion.json | 2: reference/mir3-source/Source/GameServer/LocalDB.pas LoadMapInfos (MapInfo.txt gate model) | 3: 2026-09-25 map_manifest exact/renamed/variant/replacement/pending relation | 4: map terrain flag reader implemented independently by this audit generator	0.25	pending_manual_review	workspace region centroid is not an EI Envir gate record; no safe coordinate correction inferred
3778	897	D5073	祖玛神殿7层	4701	Teleport Source	9	70	True	True	variant	None		All	D5072	4702	D5072	D5072	89	21	True	True	exact	source-region-to-destination-region (MovementInfo directed edge)	1: Tools/dbeditor/workspace/MovementInfo.json + MapRegion.json | 2: reference/mir3-source/Source/GameServer/LocalDB.pas LoadMapInfos (MapInfo.txt gate model) | 3: 2026-09-25 map_manifest exact/renamed/variant/replacement/pending relation | 4: map terrain flag reader implemented independently by this audit generator	0.25	pending_manual_review	workspace region centroid is not an EI Envir gate record; no safe coordinate correction inferred
3779	897	D5073	祖玛神殿7层	4703	Teleport Source	60	9	True	True	variant	None		All	D5074	4704	D5074	D5074	47	90	True	True	exact	source-region-to-destination-region (MovementInfo directed edge)	1: Tools/dbeditor/workspace/MovementInfo.json + MapRegion.json | 2: reference/mir3-source/Source/GameServer/LocalDB.pas LoadMapInfos (MapInfo.txt gate model) | 3: 2026-09-25 map_manifest exact/renamed/variant/replacement/pending relation | 4: map terrain flag reader implemented independently by this audit generator	0.25	pending_manual_review	workspace region centroid is not an EI Envir gate record; no safe coordinate correction inferred
3780	898	D5074	祖玛神殿7层	4705	Teleport Source	48	91	True	True	exact	None		All	D5073	4706	D5073	D5073	59	10	True	True	variant	source-region-to-destination-region (MovementInfo directed edge)	1: Tools/dbeditor/workspace/MovementInfo.json + MapRegion.json | 2: reference/mir3-source/Source/GameServer/LocalDB.pas LoadMapInfos (MapInfo.txt gate model) | 3: 2026-09-25 map_manifest exact/renamed/variant/replacement/pending relation | 4: map terrain flag reader implemented independently by this audit generator	0.25	pending_manual_review	workspace region centroid is not an EI Envir gate record; no safe coordinate correction inferred
3781	34	D1102	Zuma Temple Lv 2	4707	Teleport Source	255	254	True	True	exact	None		All	D11031	4708	D11031	D11031	207	333	True	True	variant	source-region-to-destination-region (MovementInfo directed edge)	1: Tools/dbeditor/workspace/MovementInfo.json + MapRegion.json | 2: reference/mir3-source/Source/GameServer/LocalDB.pas LoadMapInfos (MapInfo.txt gate model) | 3: 2026-09-25 map_manifest exact/renamed/variant/replacement/pending relation | 4: map terrain flag reader implemented independently by this audit generator	0.25	pending_manual_review	workspace region centroid is not an EI Envir gate record; no safe coordinate correction inferred
3782	797	D11031	潘夜神殿3层西部	4709	Teleport Source	206	332	True	True	variant	None		All	D1102	4710	D1102	D1102	254	253	True	True	exact	source-region-to-destination-region (MovementInfo directed edge)	1: Tools/dbeditor/workspace/MovementInfo.json + MapRegion.json | 2: reference/mir3-source/Source/GameServer/LocalDB.pas LoadMapInfos (MapInfo.txt gate model) | 3: 2026-09-25 map_manifest exact/renamed/variant/replacement/pending relation | 4: map terrain flag reader implemented independently by this audit generator	0.25	pending_manual_review	workspace region centroid is not an EI Envir gate record; no safe coordinate correction inferred
3783	34	D1102	Zuma Temple Lv 2	4711	Teleport Source	51	46	True	True	exact	None		All	D11032	4712	D11032	D11032	35	64	True	True	exact	source-region-to-destination-region (MovementInfo directed edge)	1: Tools/dbeditor/workspace/MovementInfo.json + MapRegion.json | 2: reference/mir3-source/Source/GameServer/LocalDB.pas LoadMapInfos (MapInfo.txt gate model) | 3: 2026-09-25 map_manifest exact/renamed/variant/replacement/pending relation | 4: map terrain flag reader implemented independently by this audit generator	0.25	pending_manual_review	workspace region centroid is not an EI Envir gate record; no safe coordinate correction inferred
3784	798	D11032	潘夜神殿3层东部	4713	Teleport Source	36	63	True	True	exact	None		All	D1102	4714	D1102	D1102	52	45	True	True	exact	source-region-to-destination-region (MovementInfo directed edge)	1: Tools/dbeditor/workspace/MovementInfo.json + MapRegion.json | 2: reference/mir3-source/Source/GameServer/LocalDB.pas LoadMapInfos (MapInfo.txt gate model) | 3: 2026-09-25 map_manifest exact/renamed/variant/replacement/pending relation | 4: map terrain flag reader implemented independently by this audit generator	0.25	pending_manual_review	workspace region centroid is not an EI Envir gate record; no safe coordinate correction inferred
3785	798	D11032	潘夜神殿3层东部	4715	Teleport Source	62	36	True	True	exact	None		All	D1104	4716	D1104	D1104	106	94	True	True	exact	source-region-to-destination-region (MovementInfo directed edge)	1: Tools/dbeditor/workspace/MovementInfo.json + MapRegion.json | 2: reference/mir3-source/Source/GameServer/LocalDB.pas LoadMapInfos (MapInfo.txt gate model) | 3: 2026-09-25 map_manifest exact/renamed/variant/replacement/pending relation | 4: map terrain flag reader implemented independently by this audit generator	0.25	pending_manual_review	workspace region centroid is not an EI Envir gate record; no safe coordinate correction inferred
3786	36	D1104	Zuma Temple Lv 4	4717	Teleport Source	107	93	True	True	exact	None		All	D11032	4718	D11032	D11032	63	35	True	True	exact	source-region-to-destination-region (MovementInfo directed edge)	1: Tools/dbeditor/workspace/MovementInfo.json + MapRegion.json | 2: reference/mir3-source/Source/GameServer/LocalDB.pas LoadMapInfos (MapInfo.txt gate model) | 3: 2026-09-25 map_manifest exact/renamed/variant/replacement/pending relation | 4: map terrain flag reader implemented independently by this audit generator	0.25	pending_manual_review	workspace region centroid is not an EI Envir gate record; no safe coordinate correction inferred
3787	799	D1110	潘夜神殿大厅	4719	Teleport Source	25	22	True	True	exact	None		All	D1111	4720	D1111	D1111	221	224	True	True	exact	source-region-to-destination-region (MovementInfo directed edge)	1: Tools/dbeditor/workspace/MovementInfo.json + MapRegion.json | 2: reference/mir3-source/Source/GameServer/LocalDB.pas LoadMapInfos (MapInfo.txt gate model) | 3: 2026-09-25 map_manifest exact/renamed/variant/replacement/pending relation | 4: map terrain flag reader implemented independently by this audit generator	0.25	pending_manual_review	workspace region centroid is not an EI Envir gate record; no safe coordinate correction inferred
3788	800	D1111	潘夜神殿4层	4721	Teleport Source	220	225	True	True	exact	None		All	D1110	4722	D1110	D1110	24	23	True	True	exact	source-region-to-destination-region (MovementInfo directed edge)	1: Tools/dbeditor/workspace/MovementInfo.json + MapRegion.json | 2: reference/mir3-source/Source/GameServer/LocalDB.pas LoadMapInfos (MapInfo.txt gate model) | 3: 2026-09-25 map_manifest exact/renamed/variant/replacement/pending relation | 4: map terrain flag reader implemented independently by this audit generator	0.25	pending_manual_review	workspace region centroid is not an EI Envir gate record; no safe coordinate correction inferred
3789	800	D1111	潘夜神殿4层	4723	Teleport Source	111	112	True	True	exact	None		All	D1112	4724	D1112	D1112	156	157	True	True	exact	source-region-to-destination-region (MovementInfo directed edge)	1: Tools/dbeditor/workspace/MovementInfo.json + MapRegion.json | 2: reference/mir3-source/Source/GameServer/LocalDB.pas LoadMapInfos (MapInfo.txt gate model) | 3: 2026-09-25 map_manifest exact/renamed/variant/replacement/pending relation | 4: map terrain flag reader implemented independently by this audit generator	0.25	pending_manual_review	workspace region centroid is not an EI Envir gate record; no safe coordinate correction inferred
3790	801	D1112	潘夜神殿5层	4725	Teleport Source	155	156	True	True	exact	None		All	D1111	4726	D1111	D1111	110	111	True	True	exact	source-region-to-destination-region (MovementInfo directed edge)	1: Tools/dbeditor/workspace/MovementInfo.json + MapRegion.json | 2: reference/mir3-source/Source/GameServer/LocalDB.pas LoadMapInfos (MapInfo.txt gate model) | 3: 2026-09-25 map_manifest exact/renamed/variant/replacement/pending relation | 4: map terrain flag reader implemented independently by this audit generator	0.25	pending_manual_review	workspace region centroid is not an EI Envir gate record; no safe coordinate correction inferred
3791	801	D1112	潘夜神殿5层	4727	Teleport Source	373	378	True	True	exact	None		All	D1113	4728	D1113	D1113	35	27	True	True	exact	source-region-to-destination-region (MovementInfo directed edge)	1: Tools/dbeditor/workspace/MovementInfo.json + MapRegion.json | 2: reference/mir3-source/Source/GameServer/LocalDB.pas LoadMapInfos (MapInfo.txt gate model) | 3: 2026-09-25 map_manifest exact/renamed/variant/replacement/pending relation | 4: map terrain flag reader implemented independently by this audit generator	0.25	pending_manual_review	workspace region centroid is not an EI Envir gate record; no safe coordinate correction inferred
3792	802	D1113	潘夜神殿6层	4729	Teleport Source	34	26	True	True	exact	None		All	D1112	4730	D1112	D1112	372	377	True	True	exact	source-region-to-destination-region (MovementInfo directed edge)	1: Tools/dbeditor/workspace/MovementInfo.json + MapRegion.json | 2: reference/mir3-source/Source/GameServer/LocalDB.pas LoadMapInfos (MapInfo.txt gate model) | 3: 2026-09-25 map_manifest exact/renamed/variant/replacement/pending relation | 4: map terrain flag reader implemented independently by this audit generator	0.25	pending_manual_review	workspace region centroid is not an EI Envir gate record; no safe coordinate correction inferred
3793	802	D1113	潘夜神殿6层	4731	Teleport Source	376	50	True	True	exact	None		All	D11141	4732	D11141	D11141	40	108	True	True	exact	source-region-to-destination-region (MovementInfo directed edge)	1: Tools/dbeditor/workspace/MovementInfo.json + MapRegion.json | 2: reference/mir3-source/Source/GameServer/LocalDB.pas LoadMapInfos (MapInfo.txt gate model) | 3: 2026-09-25 map_manifest exact/renamed/variant/replacement/pending relation | 4: map terrain flag reader implemented independently by this audit generator	0.25	pending_manual_review	workspace region centroid is not an EI Envir gate record; no safe coordinate correction inferred
3794	803	D11141	潘夜神殿7层西部	4733	Teleport Source	39	109	True	True	exact	None		All	D1113	4734	D1113	D1113	375	51	True	True	exact	source-region-to-destination-region (MovementInfo directed edge)	1: Tools/dbeditor/workspace/MovementInfo.json + MapRegion.json | 2: reference/mir3-source/Source/GameServer/LocalDB.pas LoadMapInfos (MapInfo.txt gate model) | 3: 2026-09-25 map_manifest exact/renamed/variant/replacement/pending relation | 4: map terrain flag reader implemented independently by this audit generator	0.25	pending_manual_review	workspace region centroid is not an EI Envir gate record; no safe coordinate correction inferred
3795	802	D1113	潘夜神殿6层	4735	Teleport Source	38	373	True	True	exact	None		All	D11142	4736	D11142	D11142	93	127	True	True	exact	source-region-to-destination-region (MovementInfo directed edge)	1: Tools/dbeditor/workspace/MovementInfo.json + MapRegion.json | 2: reference/mir3-source/Source/GameServer/LocalDB.pas LoadMapInfos (MapInfo.txt gate model) | 3: 2026-09-25 map_manifest exact/renamed/variant/replacement/pending relation | 4: map terrain flag reader implemented independently by this audit generator	0.25	pending_manual_review	workspace region centroid is not an EI Envir gate record; no safe coordinate correction inferred
3796	804	D11142	潘夜神殿7层东部	4737	Teleport Source	94	128	True	True	exact	None		All	D1113	4738	D1113	D1113	39	374	True	True	exact	source-region-to-destination-region (MovementInfo directed edge)	1: Tools/dbeditor/workspace/MovementInfo.json + MapRegion.json | 2: reference/mir3-source/Source/GameServer/LocalDB.pas LoadMapInfos (MapInfo.txt gate model) | 3: 2026-09-25 map_manifest exact/renamed/variant/replacement/pending relation | 4: map terrain flag reader implemented independently by this audit generator	0.25	pending_manual_review	workspace region centroid is not an EI Envir gate record; no safe coordinate correction inferred
3797	802	D1113	潘夜神殿6层	4739	Teleport Source	375	369	True	True	exact	None		All	D1115	4740	D1115	D1115	379	382	True	True	exact	source-region-to-destination-region (MovementInfo directed edge)	1: Tools/dbeditor/workspace/MovementInfo.json + MapRegion.json | 2: reference/mir3-source/Source/GameServer/LocalDB.pas LoadMapInfos (MapInfo.txt gate model) | 3: 2026-09-25 map_manifest exact/renamed/variant/replacement/pending relation | 4: map terrain flag reader implemented independently by this audit generator	0.25	pending_manual_review	workspace region centroid is not an EI Envir gate record; no safe coordinate correction inferred
3798	805	D1115	潘夜神殿8层	4741	Teleport Source	380	383	True	True	exact	None		All	D1113	4742	D1113	D1113	376	370	True	True	exact	source-region-to-destination-region (MovementInfo directed edge)	1: Tools/dbeditor/workspace/MovementInfo.json + MapRegion.json | 2: reference/mir3-source/Source/GameServer/LocalDB.pas LoadMapInfos (MapInfo.txt gate model) | 3: 2026-09-25 map_manifest exact/renamed/variant/replacement/pending relation | 4: map terrain flag reader implemented independently by this audit generator	0.25	pending_manual_review	workspace region centroid is not an EI Envir gate record; no safe coordinate correction inferred
3799	803	D11141	潘夜神殿7层西部	4743	Teleport Source	125	63	True	True	exact	None		All	D1115	4744	D1115	D1115	384	19	True	True	exact	source-region-to-destination-region (MovementInfo directed edge)	1: Tools/dbeditor/workspace/MovementInfo.json + MapRegion.json | 2: reference/mir3-source/Source/GameServer/LocalDB.pas LoadMapInfos (MapInfo.txt gate model) | 3: 2026-09-25 map_manifest exact/renamed/variant/replacement/pending relation | 4: map terrain flag reader implemented independently by this audit generator	0.25	pending_manual_review	workspace region centroid is not an EI Envir gate record; no safe coordinate correction inferred
3800	805	D1115	潘夜神殿8层	4745	Teleport Source	385	18	True	True	exact	None		All	D11141	4746	D11141	D11141	126	62	True	True	exact	source-region-to-destination-region (MovementInfo directed edge)	1: Tools/dbeditor/workspace/MovementInfo.json + MapRegion.json | 2: reference/mir3-source/Source/GameServer/LocalDB.pas LoadMapInfos (MapInfo.txt gate model) | 3: 2026-09-25 map_manifest exact/renamed/variant/replacement/pending relation | 4: map terrain flag reader implemented independently by this audit generator	0.25	pending_manual_review	workspace region centroid is not an EI Envir gate record; no safe coordinate correction inferred
3801	804	D11142	潘夜神殿7层东部	4747	Teleport Source	25	30	True	True	exact	None		All	D1115	4748	D1115	D1115	35	382	True	True	exact	source-region-to-destination-region (MovementInfo directed edge)	1: Tools/dbeditor/workspace/MovementInfo.json + MapRegion.json | 2: reference/mir3-source/Source/GameServer/LocalDB.pas LoadMapInfos (MapInfo.txt gate model) | 3: 2026-09-25 map_manifest exact/renamed/variant/replacement/pending relation | 4: map terrain flag reader implemented independently by this audit generator	0.25	pending_manual_review	workspace region centroid is not an EI Envir gate record; no safe coordinate correction inferred
3802	805	D1115	潘夜神殿8层	4749	Teleport Source	36	383	True	True	exact	None		All	D11142	4750	D11142	D11142	26	31	True	True	exact	source-region-to-destination-region (MovementInfo directed edge)	1: Tools/dbeditor/workspace/MovementInfo.json + MapRegion.json | 2: reference/mir3-source/Source/GameServer/LocalDB.pas LoadMapInfos (MapInfo.txt gate model) | 3: 2026-09-25 map_manifest exact/renamed/variant/replacement/pending relation | 4: map terrain flag reader implemented independently by this audit generator	0.25	pending_manual_review	workspace region centroid is not an EI Envir gate record; no safe coordinate correction inferred
3803	805	D1115	潘夜神殿8层	4751	Teleport Source	200	199	True	True	exact	None		All	D1116	4752	D1116	D1116	90	14	True	True	exact	source-region-to-destination-region (MovementInfo directed edge)	1: Tools/dbeditor/workspace/MovementInfo.json + MapRegion.json | 2: reference/mir3-source/Source/GameServer/LocalDB.pas LoadMapInfos (MapInfo.txt gate model) | 3: 2026-09-25 map_manifest exact/renamed/variant/replacement/pending relation | 4: map terrain flag reader implemented independently by this audit generator	0.25	pending_manual_review	workspace region centroid is not an EI Envir gate record; no safe coordinate correction inferred
3804	241	8	Frost Village	4753	Teleport Source	416	553	True	True	exact	None		All	D1211	4754	D1211	D1211	128	172	True	True	exact	source-region-to-destination-region (MovementInfo directed edge)	1: Tools/dbeditor/workspace/MovementInfo.json + MapRegion.json | 2: reference/mir3-source/Source/GameServer/LocalDB.pas LoadMapInfos (MapInfo.txt gate model) | 3: 2026-09-25 map_manifest exact/renamed/variant/replacement/pending relation | 4: map terrain flag reader implemented independently by this audit generator	0.25	pending_manual_review	workspace region centroid is not an EI Envir gate record; no safe coordinate correction inferred
3805	810	D1211	潘夜石窟1层	4755	Teleport Source	127	173	True	True	exact	None		All	8	4756	8	8	415	554	True	True	exact	source-region-to-destination-region (MovementInfo directed edge)	1: Tools/dbeditor/workspace/MovementInfo.json + MapRegion.json | 2: reference/mir3-source/Source/GameServer/LocalDB.pas LoadMapInfos (MapInfo.txt gate model) | 3: 2026-09-25 map_manifest exact/renamed/variant/replacement/pending relation | 4: map terrain flag reader implemented independently by this audit generator	0.25	pending_manual_review	workspace region centroid is not an EI Envir gate record; no safe coordinate correction inferred
3806	810	D1211	潘夜石窟1层	4757	Teleport Source	10	96	True	True	exact	None		All	D12121	4758	D12121	D12121	281	61	True	True	exact	source-region-to-destination-region (MovementInfo directed edge)	1: Tools/dbeditor/workspace/MovementInfo.json + MapRegion.json | 2: reference/mir3-source/Source/GameServer/LocalDB.pas LoadMapInfos (MapInfo.txt gate model) | 3: 2026-09-25 map_manifest exact/renamed/variant/replacement/pending relation | 4: map terrain flag reader implemented independently by this audit generator	0.25	pending_manual_review	workspace region centroid is not an EI Envir gate record; no safe coordinate correction inferred
3807	811	D12121	潘夜石窟2层西部	4759	Teleport Source	282	62	True	True	exact	None		All	D1211	4760	D1211	D1211	11	97	True	True	exact	source-region-to-destination-region (MovementInfo directed edge)	1: Tools/dbeditor/workspace/MovementInfo.json + MapRegion.json | 2: reference/mir3-source/Source/GameServer/LocalDB.pas LoadMapInfos (MapInfo.txt gate model) | 3: 2026-09-25 map_manifest exact/renamed/variant/replacement/pending relation | 4: map terrain flag reader implemented independently by this audit generator	0.25	pending_manual_review	workspace region centroid is not an EI Envir gate record; no safe coordinate correction inferred
3808	811	D12121	潘夜石窟2层西部	4761	Teleport Source	281	258	True	True	exact	None		All	D1213	4762	D1213	D1213	268	275	True	True	exact	source-region-to-destination-region (MovementInfo directed edge)	1: Tools/dbeditor/workspace/MovementInfo.json + MapRegion.json | 2: reference/mir3-source/Source/GameServer/LocalDB.pas LoadMapInfos (MapInfo.txt gate model) | 3: 2026-09-25 map_manifest exact/renamed/variant/replacement/pending relation | 4: map terrain flag reader implemented independently by this audit generator	0.25	pending_manual_review	workspace region centroid is not an EI Envir gate record; no safe coordinate correction inferred
3809	813	D1213	潘夜石窟3层	4763	Teleport Source	267	276	True	True	exact	None		All	D12121	4764	D12121	D12121	280	259	True	True	exact	source-region-to-destination-region (MovementInfo directed edge)	1: Tools/dbeditor/workspace/MovementInfo.json + MapRegion.json | 2: reference/mir3-source/Source/GameServer/LocalDB.pas LoadMapInfos (MapInfo.txt gate model) | 3: 2026-09-25 map_manifest exact/renamed/variant/replacement/pending relation | 4: map terrain flag reader implemented independently by this audit generator	0.25	pending_manual_review	workspace region centroid is not an EI Envir gate record; no safe coordinate correction inferred
3810	813	D1213	潘夜石窟3层	4765	Teleport Source	107	130	True	True	exact	None		All	D1214	4766	D1214	D1214	59	284	True	True	exact	source-region-to-destination-region (MovementInfo directed edge)	1: Tools/dbeditor/workspace/MovementInfo.json + MapRegion.json | 2: reference/mir3-source/Source/GameServer/LocalDB.pas LoadMapInfos (MapInfo.txt gate model) | 3: 2026-09-25 map_manifest exact/renamed/variant/replacement/pending relation | 4: map terrain flag reader implemented independently by this audit generator	0.25	pending_manual_review	workspace region centroid is not an EI Envir gate record; no safe coordinate correction inferred
3811	814	D1214	潘夜石窟4层	4767	Teleport Source	59	285	True	True	exact	None		All	D1213	4768	D1213	D1213	106	131	True	True	exact	source-region-to-destination-region (MovementInfo directed edge)	1: Tools/dbeditor/workspace/MovementInfo.json + MapRegion.json | 2: reference/mir3-source/Source/GameServer/LocalDB.pas LoadMapInfos (MapInfo.txt gate model) | 3: 2026-09-25 map_manifest exact/renamed/variant/replacement/pending relation | 4: map terrain flag reader implemented independently by this audit generator	0.25	pending_manual_review	workspace region centroid is not an EI Envir gate record; no safe coordinate correction inferred
3812	814	D1214	潘夜石窟4层	4769	Teleport Source	226	16	True	True	exact	None		All	D1215	4770	D1215	D1215	371	47	True	True	exact	source-region-to-destination-region (MovementInfo directed edge)	1: Tools/dbeditor/workspace/MovementInfo.json + MapRegion.json | 2: reference/mir3-source/Source/GameServer/LocalDB.pas LoadMapInfos (MapInfo.txt gate model) | 3: 2026-09-25 map_manifest exact/renamed/variant/replacement/pending relation | 4: map terrain flag reader implemented independently by this audit generator	0.25	pending_manual_review	workspace region centroid is not an EI Envir gate record; no safe coordinate correction inferred
3813	815	D1215	潘夜石窟5层	4771	Teleport Source	371	48	True	True	exact	None		All	D1214	4772	D1214	D1214	227	17	True	True	exact	source-region-to-destination-region (MovementInfo directed edge)	1: Tools/dbeditor/workspace/MovementInfo.json + MapRegion.json | 2: reference/mir3-source/Source/GameServer/LocalDB.pas LoadMapInfos (MapInfo.txt gate model) | 3: 2026-09-25 map_manifest exact/renamed/variant/replacement/pending relation | 4: map terrain flag reader implemented independently by this audit generator	0.25	pending_manual_review	workspace region centroid is not an EI Envir gate record; no safe coordinate correction inferred
3814	691	81	流放岛	4773	Teleport Source	156	135	True	True	variant	None		All	D1201	4774	D1201	D1201	19	147	True	True	exact	source-region-to-destination-region (MovementInfo directed edge)	1: Tools/dbeditor/workspace/MovementInfo.json + MapRegion.json | 2: reference/mir3-source/Source/GameServer/LocalDB.pas LoadMapInfos (MapInfo.txt gate model) | 3: 2026-09-25 map_manifest exact/renamed/variant/replacement/pending relation | 4: map terrain flag reader implemented independently by this audit generator	0.25	pending_manual_review	workspace region centroid is not an EI Envir gate record; no safe coordinate correction inferred
3815	807	D1201	罪孽洞穴1层	4775	Teleport Source	18	148	True	True	exact	None		All	81	4776	81	81	155	136	True	True	variant	source-region-to-destination-region (MovementInfo directed edge)	1: Tools/dbeditor/workspace/MovementInfo.json + MapRegion.json | 2: reference/mir3-source/Source/GameServer/LocalDB.pas LoadMapInfos (MapInfo.txt gate model) | 3: 2026-09-25 map_manifest exact/renamed/variant/replacement/pending relation | 4: map terrain flag reader implemented independently by this audit generator	0.25	pending_manual_review	workspace region centroid is not an EI Envir gate record; no safe coordinate correction inferred
3816	807	D1201	罪孽洞穴1层	4777	Teleport Source	17	23	True	True	exact	None		All	D1202	4778	D1202	D1202	179	182	True	True	exact	source-region-to-destination-region (MovementInfo directed edge)	1: Tools/dbeditor/workspace/MovementInfo.json + MapRegion.json | 2: reference/mir3-source/Source/GameServer/LocalDB.pas LoadMapInfos (MapInfo.txt gate model) | 3: 2026-09-25 map_manifest exact/renamed/variant/replacement/pending relation | 4: map terrain flag reader implemented independently by this audit generator	0.25	pending_manual_review	workspace region centroid is not an EI Envir gate record; no safe coordinate correction inferred
3817	808	D1202	罪孽洞穴2层	4779	Teleport Source	179	183	True	True	exact	None		All	D1201	4780	D1201	D1201	18	24	True	True	exact	source-region-to-destination-region (MovementInfo directed edge)	1: Tools/dbeditor/workspace/MovementInfo.json + MapRegion.json | 2: reference/mir3-source/Source/GameServer/LocalDB.pas LoadMapInfos (MapInfo.txt gate model) | 3: 2026-09-25 map_manifest exact/renamed/variant/replacement/pending relation | 4: map terrain flag reader implemented independently by this audit generator	0.25	pending_manual_review	workspace region centroid is not an EI Envir gate record; no safe coordinate correction inferred
3818	808	D1202	罪孽洞穴2层	4781	Teleport Source	120	87	True	True	exact	None		All	D12032	4782	D12032	D12032	18	186	True	True	exact	source-region-to-destination-region (MovementInfo directed edge)	1: Tools/dbeditor/workspace/MovementInfo.json + MapRegion.json | 2: reference/mir3-source/Source/GameServer/LocalDB.pas LoadMapInfos (MapInfo.txt gate model) | 3: 2026-09-25 map_manifest exact/renamed/variant/replacement/pending relation | 4: map terrain flag reader implemented independently by this audit generator	0.25	pending_manual_review	workspace region centroid is not an EI Envir gate record; no safe coordinate correction inferred
3819	53	D12032	Jinchon Palace Lv 4-E	4783	Teleport Source	17	187	True	True	exact	None		All	D1202	4784	D1202	D1202	119	88	True	True	exact	source-region-to-destination-region (MovementInfo directed edge)	1: Tools/dbeditor/workspace/MovementInfo.json + MapRegion.json | 2: reference/mir3-source/Source/GameServer/LocalDB.pas LoadMapInfos (MapInfo.txt gate model) | 3: 2026-09-25 map_manifest exact/renamed/variant/replacement/pending relation | 4: map terrain flag reader implemented independently by this audit generator	0.25	pending_manual_review	workspace region centroid is not an EI Envir gate record; no safe coordinate correction inferred
3820	53	D12032	Jinchon Palace Lv 4-E	4785	Teleport Source	29	35	True	True	exact	None		All	D1204	4786	D1204	D1204	24	267	True	True	exact	source-region-to-destination-region (MovementInfo directed edge)	1: Tools/dbeditor/workspace/MovementInfo.json + MapRegion.json | 2: reference/mir3-source/Source/GameServer/LocalDB.pas LoadMapInfos (MapInfo.txt gate model) | 3: 2026-09-25 map_manifest exact/renamed/variant/replacement/pending relation | 4: map terrain flag reader implemented independently by this audit generator	0.25	pending_manual_review	workspace region centroid is not an EI Envir gate record; no safe coordinate correction inferred
3821	809	D1204	罪孽洞穴4层	4787	Teleport Source	23	268	True	True	exact	None		All	D12032	4788	D12032	D12032	28	36	True	True	exact	source-region-to-destination-region (MovementInfo directed edge)	1: Tools/dbeditor/workspace/MovementInfo.json + MapRegion.json | 2: reference/mir3-source/Source/GameServer/LocalDB.pas LoadMapInfos (MapInfo.txt gate model) | 3: 2026-09-25 map_manifest exact/renamed/variant/replacement/pending relation | 4: map terrain flag reader implemented independently by this audit generator	0.25	pending_manual_review	workspace region centroid is not an EI Envir gate record; no safe coordinate correction inferred
3822	808	D1202	罪孽洞穴2层	4789	Teleport Source	16	24	True	True	exact	None		All	D12031	4790	D12031	D12031	50	80	True	True	exact	source-region-to-destination-region (MovementInfo directed edge)	1: Tools/dbeditor/workspace/MovementInfo.json + MapRegion.json | 2: reference/mir3-source/Source/GameServer/LocalDB.pas LoadMapInfos (MapInfo.txt gate model) | 3: 2026-09-25 map_manifest exact/renamed/variant/replacement/pending relation | 4: map terrain flag reader implemented independently by this audit generator	0.25	pending_manual_review	workspace region centroid is not an EI Envir gate record; no safe coordinate correction inferred
3823	52	D12031	Jinchon Palace Lv 4-S	4791	Teleport Source	51	81	True	True	exact	None		All	D1202	4792	D1202	D1202	17	25	True	True	exact	source-region-to-destination-region (MovementInfo directed edge)	1: Tools/dbeditor/workspace/MovementInfo.json + MapRegion.json | 2: reference/mir3-source/Source/GameServer/LocalDB.pas LoadMapInfos (MapInfo.txt gate model) | 3: 2026-09-25 map_manifest exact/renamed/variant/replacement/pending relation | 4: map terrain flag reader implemented independently by this audit generator	0.25	pending_manual_review	workspace region centroid is not an EI Envir gate record; no safe coordinate correction inferred
3824	52	D12031	Jinchon Palace Lv 4-S	4793	Teleport Source	91	168	True	True	exact	None		All	D1204	4794	D1204	D1204	172	39	True	True	exact	source-region-to-destination-region (MovementInfo directed edge)	1: Tools/dbeditor/workspace/MovementInfo.json + MapRegion.json | 2: reference/mir3-source/Source/GameServer/LocalDB.pas LoadMapInfos (MapInfo.txt gate model) | 3: 2026-09-25 map_manifest exact/renamed/variant/replacement/pending relation | 4: map terrain flag reader implemented independently by this audit generator	0.25	pending_manual_review	workspace region centroid is not an EI Envir gate record; no safe coordinate correction inferred
3825	809	D1204	罪孽洞穴4层	4795	Teleport Source	173	40	True	True	exact	None		All	D12031	4796	D12031	D12031	92	169	True	True	exact	source-region-to-destination-region (MovementInfo directed edge)	1: Tools/dbeditor/workspace/MovementInfo.json + MapRegion.json | 2: reference/mir3-source/Source/GameServer/LocalDB.pas LoadMapInfos (MapInfo.txt gate model) | 3: 2026-09-25 map_manifest exact/renamed/variant/replacement/pending relation | 4: map terrain flag reader implemented independently by this audit generator	0.25	pending_manual_review	workspace region centroid is not an EI Envir gate record; no safe coordinate correction inferred
3826	809	D1204	罪孽洞穴4层	4797	Teleport Source	265	253	True	True	exact	None		All	D1205	4798	D1205	D1205	75	201	True	True	exact	source-region-to-destination-region (MovementInfo directed edge)	1: Tools/dbeditor/workspace/MovementInfo.json + MapRegion.json | 2: reference/mir3-source/Source/GameServer/LocalDB.pas LoadMapInfos (MapInfo.txt gate model) | 3: 2026-09-25 map_manifest exact/renamed/variant/replacement/pending relation | 4: map terrain flag reader implemented independently by this audit generator	0.25	pending_manual_review	workspace region centroid is not an EI Envir gate record; no safe coordinate correction inferred
3827	57	D1205	Jinchon Palace Lv 6	4799	Teleport Source	74	202	True	True	exact	None		All	D1204	4800	D1204	D1204	264	254	True	True	exact	source-region-to-destination-region (MovementInfo directed edge)	1: Tools/dbeditor/workspace/MovementInfo.json + MapRegion.json | 2: reference/mir3-source/Source/GameServer/LocalDB.pas LoadMapInfos (MapInfo.txt gate model) | 3: 2026-09-25 map_manifest exact/renamed/variant/replacement/pending relation | 4: map terrain flag reader implemented independently by this audit generator	0.25	pending_manual_review	workspace region centroid is not an EI Envir gate record; no safe coordinate correction inferred
3828	1041	D900	神舰入口	4801	Teleport Source	48	59	True	True	exact	None		All	D901	4802	D901	D901	22	83	True	True	replacement	source-region-to-destination-region (MovementInfo directed edge)	1: Tools/dbeditor/workspace/MovementInfo.json + MapRegion.json | 2: reference/mir3-source/Source/GameServer/LocalDB.pas LoadMapInfos (MapInfo.txt gate model) | 3: 2026-09-25 map_manifest exact/renamed/variant/replacement/pending relation | 4: map terrain flag reader implemented independently by this audit generator	0.25	pending_manual_review	workspace region centroid is not an EI Envir gate record; no safe coordinate correction inferred
3829	1042	D9021	神舰地下2层	4803	Teleport Source	57	21	True	True	replacement	None		All	D9022	4804	D9022	D9022	34	69	True	True	replacement	source-region-to-destination-region (MovementInfo directed edge)	1: Tools/dbeditor/workspace/MovementInfo.json + MapRegion.json | 2: reference/mir3-source/Source/GameServer/LocalDB.pas LoadMapInfos (MapInfo.txt gate model) | 3: 2026-09-25 map_manifest exact/renamed/variant/replacement/pending relation | 4: map terrain flag reader implemented independently by this audit generator	0.25	pending_manual_review	workspace region centroid is not an EI Envir gate record; no safe coordinate correction inferred
3830	1048	D9022	神舰地下2层	4805	Teleport Source	33	68	True	True	replacement	None		All	D9021	4806	D9021	D9021	58	22	True	True	replacement	source-region-to-destination-region (MovementInfo directed edge)	1: Tools/dbeditor/workspace/MovementInfo.json + MapRegion.json | 2: reference/mir3-source/Source/GameServer/LocalDB.pas LoadMapInfos (MapInfo.txt gate model) | 3: 2026-09-25 map_manifest exact/renamed/variant/replacement/pending relation | 4: map terrain flag reader implemented independently by this audit generator	0.25	pending_manual_review	workspace region centroid is not an EI Envir gate record; no safe coordinate correction inferred
3831	1042	D9021	神舰地下2层	4807	Teleport Source	38	61	True	True	replacement	None		All	D90212	4808	D90212	D90212	14	18	True	True	exact	source-region-to-destination-region (MovementInfo directed edge)	1: Tools/dbeditor/workspace/MovementInfo.json + MapRegion.json | 2: reference/mir3-source/Source/GameServer/LocalDB.pas LoadMapInfos (MapInfo.txt gate model) | 3: 2026-09-25 map_manifest exact/renamed/variant/replacement/pending relation | 4: map terrain flag reader implemented independently by this audit generator	0.25	pending_manual_review	workspace region centroid is not an EI Envir gate record; no safe coordinate correction inferred
3833	1048	D9022	神舰地下2层	4811	Teleport Source	74	26	True	True	replacement	None		All	D90223	4812	D90223	D90223	14	18	True	True	exact	source-region-to-destination-region (MovementInfo directed edge)	1: Tools/dbeditor/workspace/MovementInfo.json + MapRegion.json | 2: reference/mir3-source/Source/GameServer/LocalDB.pas LoadMapInfos (MapInfo.txt gate model) | 3: 2026-09-25 map_manifest exact/renamed/variant/replacement/pending relation | 4: map terrain flag reader implemented independently by this audit generator	0.25	pending_manual_review	workspace region centroid is not an EI Envir gate record; no safe coordinate correction inferred
3835	1042	D9021	神舰地下2层	4815	Teleport Source	69	126	True	True	replacement	None		All	D901	4816	D901	D901	88	51	True	True	replacement	source-region-to-destination-region (MovementInfo directed edge)	1: Tools/dbeditor/workspace/MovementInfo.json + MapRegion.json | 2: reference/mir3-source/Source/GameServer/LocalDB.pas LoadMapInfos (MapInfo.txt gate model) | 3: 2026-09-25 map_manifest exact/renamed/variant/replacement/pending relation | 4: map terrain flag reader implemented independently by this audit generator	0.25	pending_manual_review	workspace region centroid is not an EI Envir gate record; no safe coordinate correction inferred
3836	1042	D9021	神舰地下2层	4817	Teleport Source	75	71	True	True	replacement	None		All	D901	4818	D901	D901	88	51	True	True	replacement	source-region-to-destination-region (MovementInfo directed edge)	1: Tools/dbeditor/workspace/MovementInfo.json + MapRegion.json | 2: reference/mir3-source/Source/GameServer/LocalDB.pas LoadMapInfos (MapInfo.txt gate model) | 3: 2026-09-25 map_manifest exact/renamed/variant/replacement/pending relation | 4: map terrain flag reader implemented independently by this audit generator	0.25	pending_manual_review	workspace region centroid is not an EI Envir gate record; no safe coordinate correction inferred
3837	1042	D9021	神舰地下2层	4819	Teleport Source	67	21	True	True	replacement	None		All	D90221	4820	D90221	D90221	12	33	True	True	exact	source-region-to-destination-region (MovementInfo directed edge)	1: Tools/dbeditor/workspace/MovementInfo.json + MapRegion.json | 2: reference/mir3-source/Source/GameServer/LocalDB.pas LoadMapInfos (MapInfo.txt gate model) | 3: 2026-09-25 map_manifest exact/renamed/variant/replacement/pending relation | 4: map terrain flag reader implemented independently by this audit generator	0.25	pending_manual_review	workspace region centroid is not an EI Envir gate record; no safe coordinate correction inferred
3838	1042	D9021	神舰地下2层	4821	Teleport Source	30	75	True	True	replacement	None		All	D90221	4822	D90221	D90221	12	33	True	True	exact	source-region-to-destination-region (MovementInfo directed edge)	1: Tools/dbeditor/workspace/MovementInfo.json + MapRegion.json | 2: reference/mir3-source/Source/GameServer/LocalDB.pas LoadMapInfos (MapInfo.txt gate model) | 3: 2026-09-25 map_manifest exact/renamed/variant/replacement/pending relation | 4: map terrain flag reader implemented independently by this audit generator	0.25	pending_manual_review	workspace region centroid is not an EI Envir gate record; no safe coordinate correction inferred
3839	757	D012_001	天然洞穴2层	4823	Teleport Source	8	7	True	True	exact	None		All	D012	4824	D012	D012	228	356	True	True	exact	source-region-to-destination-region (MovementInfo directed edge)	1: Tools/dbeditor/workspace/MovementInfo.json + MapRegion.json | 2: reference/mir3-source/Source/GameServer/LocalDB.pas LoadMapInfos (MapInfo.txt gate model) | 3: 2026-09-25 map_manifest exact/renamed/variant/replacement/pending relation | 4: map terrain flag reader implemented independently by this audit generator	0.25	pending_manual_review	workspace region centroid is not an EI Envir gate record; no safe coordinate correction inferred
3840	756	D012	天然洞穴2层	4825	Teleport Source	229	355	True	True	exact	None		All	D012_001	4826	D012_001	D012_001	9	8	True	True	exact	source-region-to-destination-region (MovementInfo directed edge)	1: Tools/dbeditor/workspace/MovementInfo.json + MapRegion.json | 2: reference/mir3-source/Source/GameServer/LocalDB.pas LoadMapInfos (MapInfo.txt gate model) | 3: 2026-09-25 map_manifest exact/renamed/variant/replacement/pending relation | 4: map terrain flag reader implemented independently by this audit generator	0.25	pending_manual_review	workspace region centroid is not an EI Envir gate record; no safe coordinate correction inferred
3841	1063	E002_001	半兽天然洞穴	4827	Teleport Source	12	9	True	True	exact	None		All	E002	4828	E002	E002	64	13	True	True	exact	source-region-to-destination-region (MovementInfo directed edge)	1: Tools/dbeditor/workspace/MovementInfo.json + MapRegion.json | 2: reference/mir3-source/Source/GameServer/LocalDB.pas LoadMapInfos (MapInfo.txt gate model) | 3: 2026-09-25 map_manifest exact/renamed/variant/replacement/pending relation | 4: map terrain flag reader implemented independently by this audit generator	0.25	pending_manual_review	workspace region centroid is not an EI Envir gate record; no safe coordinate correction inferred
3842	1062	E002	半兽天然洞穴	4829	Teleport Source	63	12	True	True	exact	None		All	E002_001	4830	E002_001	E002_001	11	10	True	True	exact	source-region-to-destination-region (MovementInfo directed edge)	1: Tools/dbeditor/workspace/MovementInfo.json + MapRegion.json | 2: reference/mir3-source/Source/GameServer/LocalDB.pas LoadMapInfos (MapInfo.txt gate model) | 3: 2026-09-25 map_manifest exact/renamed/variant/replacement/pending relation | 4: map terrain flag reader implemented independently by this audit generator	0.25	pending_manual_review	workspace region centroid is not an EI Envir gate record; no safe coordinate correction inferred
3843	1062	E002	半兽天然洞穴	4831	Teleport Source	63	11	True	True	exact	None		All	E002_001	4832	E002_001	E002_001	11	10	True	True	exact	source-region-to-destination-region (MovementInfo directed edge)	1: Tools/dbeditor/workspace/MovementInfo.json + MapRegion.json | 2: reference/mir3-source/Source/GameServer/LocalDB.pas LoadMapInfos (MapInfo.txt gate model) | 3: 2026-09-25 map_manifest exact/renamed/variant/replacement/pending relation | 4: map terrain flag reader implemented independently by this audit generator	0.25	pending_manual_review	workspace region centroid is not an EI Envir gate record; no safe coordinate correction inferred
3844	753	D001_001	半兽勇士洞	4833	Teleport Source	7	9	True	True	exact	None		All	D001	4834	D001	D001	302	66	True	True	exact	source-region-to-destination-region (MovementInfo directed edge)	1: Tools/dbeditor/workspace/MovementInfo.json + MapRegion.json | 2: reference/mir3-source/Source/GameServer/LocalDB.pas LoadMapInfos (MapInfo.txt gate model) | 3: 2026-09-25 map_manifest exact/renamed/variant/replacement/pending relation | 4: map terrain flag reader implemented independently by this audit generator	0.25	pending_manual_review	workspace region centroid is not an EI Envir gate record; no safe coordinate correction inferred
3845	12	D001	Phantom Forest	4835	Teleport Source	303	65	True	True	exact	None		All	D001_001	4836	D001_001	D001_001	8	10	True	True	exact	source-region-to-destination-region (MovementInfo directed edge)	1: Tools/dbeditor/workspace/MovementInfo.json + MapRegion.json | 2: reference/mir3-source/Source/GameServer/LocalDB.pas LoadMapInfos (MapInfo.txt gate model) | 3: 2026-09-25 map_manifest exact/renamed/variant/replacement/pending relation | 4: map terrain flag reader implemented independently by this audit generator	0.25	pending_manual_review	workspace region centroid is not an EI Envir gate record; no safe coordinate correction inferred
3846	754	D002_001	骷髅精灵洞	4837	Teleport Source	7	9	True	True	exact	None		All	D002	4838	D002	D002	254	282	True	True	exact	source-region-to-destination-region (MovementInfo directed edge)	1: Tools/dbeditor/workspace/MovementInfo.json + MapRegion.json | 2: reference/mir3-source/Source/GameServer/LocalDB.pas LoadMapInfos (MapInfo.txt gate model) | 3: 2026-09-25 map_manifest exact/renamed/variant/replacement/pending relation | 4: map terrain flag reader implemented independently by this audit generator	0.25	pending_manual_review	workspace region centroid is not an EI Envir gate record; no safe coordinate correction inferred
3847	13	D002	Desert	4839	Teleport Source	255	281	True	True	exact	None		All	D002_001	4840	D002_001	D002_001	8	10	True	True	exact	source-region-to-destination-region (MovementInfo directed edge)	1: Tools/dbeditor/workspace/MovementInfo.json + MapRegion.json | 2: reference/mir3-source/Source/GameServer/LocalDB.pas LoadMapInfos (MapInfo.txt gate model) | 3: 2026-09-25 map_manifest exact/renamed/variant/replacement/pending relation | 4: map terrain flag reader implemented independently by this audit generator	0.25	pending_manual_review	workspace region centroid is not an EI Envir gate record; no safe coordinate correction inferred
3848	844	D404_002	废矿矿山地下2层	4841	Teleport Source	3	12	True	True	exact	None		All	D404	4842	D404	D404	54	128	True	True	exact	source-region-to-destination-region (MovementInfo directed edge)	1: Tools/dbeditor/workspace/MovementInfo.json + MapRegion.json | 2: reference/mir3-source/Source/GameServer/LocalDB.pas LoadMapInfos (MapInfo.txt gate model) | 3: 2026-09-25 map_manifest exact/renamed/variant/replacement/pending relation | 4: map terrain flag reader implemented independently by this audit generator	0.25	pending_manual_review	workspace region centroid is not an EI Envir gate record; no safe coordinate correction inferred
3849	145	D404	Ant Cave East	4843	Teleport Source	55	127	True	True	exact	None		All	D404_002	4844	D404_002	D404_002	4	11	True	True	exact	source-region-to-destination-region (MovementInfo directed edge)	1: Tools/dbeditor/workspace/MovementInfo.json + MapRegion.json | 2: reference/mir3-source/Source/GameServer/LocalDB.pas LoadMapInfos (MapInfo.txt gate model) | 3: 2026-09-25 map_manifest exact/renamed/variant/replacement/pending relation | 4: map terrain flag reader implemented independently by this audit generator	0.25	pending_manual_review	workspace region centroid is not an EI Envir gate record; no safe coordinate correction inferred
3850	860	D422_002	矿山2层	4845	Teleport Source	31	8	True	True	exact	None		All	D422	4846	D422	D422	168	189	True	True	exact	source-region-to-destination-region (MovementInfo directed edge)	1: Tools/dbeditor/workspace/MovementInfo.json + MapRegion.json | 2: reference/mir3-source/Source/GameServer/LocalDB.pas LoadMapInfos (MapInfo.txt gate model) | 3: 2026-09-25 map_manifest exact/renamed/variant/replacement/pending relation | 4: map terrain flag reader implemented independently by this audit generator	0.25	pending_manual_review	workspace region centroid is not an EI Envir gate record; no safe coordinate correction inferred
3851	858	D422	矿山2层	4847	Teleport Source	167	190	True	True	exact	None		All	D422_002	4848	D422_002	D422_002	30	9	True	True	exact	source-region-to-destination-region (MovementInfo directed edge)	1: Tools/dbeditor/workspace/MovementInfo.json + MapRegion.json | 2: reference/mir3-source/Source/GameServer/LocalDB.pas LoadMapInfos (MapInfo.txt gate model) | 3: 2026-09-25 map_manifest exact/renamed/variant/replacement/pending relation | 4: map terrain flag reader implemented independently by this audit generator	0.25	pending_manual_review	workspace region centroid is not an EI Envir gate record; no safe coordinate correction inferred
3852	5	1	Lost Paradise	4849	Teleport Source	186	64	True	True	variant	None		All	1_009	4850	1_009	1_009	39	135	True	True	exact	source-region-to-destination-region (MovementInfo directed edge)	1: Tools/dbeditor/workspace/MovementInfo.json + MapRegion.json | 2: reference/mir3-source/Source/GameServer/LocalDB.pas LoadMapInfos (MapInfo.txt gate model) | 3: 2026-09-25 map_manifest exact/renamed/variant/replacement/pending relation | 4: map terrain flag reader implemented independently by this audit generator	0.25	pending_manual_review	workspace region centroid is not an EI Envir gate record; no safe coordinate correction inferred
3853	5	1	Lost Paradise	4851	Teleport Source	185	65	True	True	variant	None		All	1_009	4852	1_009	1_009	41	137	True	True	exact	source-region-to-destination-region (MovementInfo directed edge)	1: Tools/dbeditor/workspace/MovementInfo.json + MapRegion.json | 2: reference/mir3-source/Source/GameServer/LocalDB.pas LoadMapInfos (MapInfo.txt gate model) | 3: 2026-09-25 map_manifest exact/renamed/variant/replacement/pending relation | 4: map terrain flag reader implemented independently by this audit generator	0.25	pending_manual_review	workspace region centroid is not an EI Envir gate record; no safe coordinate correction inferred
3854	5	1	Lost Paradise	4853	Teleport Source	185	66	True	True	variant	None		All	1_009	4854	1_009	1_009	40	136	True	True	exact	source-region-to-destination-region (MovementInfo directed edge)	1: Tools/dbeditor/workspace/MovementInfo.json + MapRegion.json | 2: reference/mir3-source/Source/GameServer/LocalDB.pas LoadMapInfos (MapInfo.txt gate model) | 3: 2026-09-25 map_manifest exact/renamed/variant/replacement/pending relation | 4: map terrain flag reader implemented independently by this audit generator	0.25	pending_manual_review	workspace region centroid is not an EI Envir gate record; no safe coordinate correction inferred
3855	647	1_009	无名老人隐居地	4855	Teleport Source	43	138	True	True	exact	None		All	1	4856	1	1	186	67	True	True	variant	source-region-to-destination-region (MovementInfo directed edge)	1: Tools/dbeditor/workspace/MovementInfo.json + MapRegion.json | 2: reference/mir3-source/Source/GameServer/LocalDB.pas LoadMapInfos (MapInfo.txt gate model) | 3: 2026-09-25 map_manifest exact/renamed/variant/replacement/pending relation | 4: map terrain flag reader implemented independently by this audit generator	0.25	pending_manual_review	workspace region centroid is not an EI Envir gate record; no safe coordinate correction inferred
3856	647	1_009	无名老人隐居地	4857	Teleport Source	43	139	True	True	exact	None		All	1	4858	1	1	188	67	True	True	variant	source-region-to-destination-region (MovementInfo directed edge)	1: Tools/dbeditor/workspace/MovementInfo.json + MapRegion.json | 2: reference/mir3-source/Source/GameServer/LocalDB.pas LoadMapInfos (MapInfo.txt gate model) | 3: 2026-09-25 map_manifest exact/renamed/variant/replacement/pending relation | 4: map terrain flag reader implemented independently by this audit generator	0.25	pending_manual_review	workspace region centroid is not an EI Envir gate record; no safe coordinate correction inferred
3857	647	1_009	无名老人隐居地	4859	Teleport Source	44	139	True	True	exact	None		All	1	4860	1	1	188	68	True	True	variant	source-region-to-destination-region (MovementInfo directed edge)	1: Tools/dbeditor/workspace/MovementInfo.json + MapRegion.json | 2: reference/mir3-source/Source/GameServer/LocalDB.pas LoadMapInfos (MapInfo.txt gate model) | 3: 2026-09-25 map_manifest exact/renamed/variant/replacement/pending relation | 4: map terrain flag reader implemented independently by this audit generator	0.25	pending_manual_review	workspace region centroid is not an EI Envir gate record; no safe coordinate correction inferred
3858	760	D022_001	沃玛神殿1层	4861	Teleport Source	63	74	True	True	exact	None		All	D022	4862	D022	D022	145	112	True	True	exact	source-region-to-destination-region (MovementInfo directed edge)	1: Tools/dbeditor/workspace/MovementInfo.json + MapRegion.json | 2: reference/mir3-source/Source/GameServer/LocalDB.pas LoadMapInfos (MapInfo.txt gate model) | 3: 2026-09-25 map_manifest exact/renamed/variant/replacement/pending relation | 4: map terrain flag reader implemented independently by this audit generator	0.25	pending_manual_review	workspace region centroid is not an EI Envir gate record; no safe coordinate correction inferred
3859	760	D022_001	沃玛神殿1层	4863	Teleport Source	64	74	True	True	exact	None		All	D022	4864	D022	D022	145	112	True	True	exact	source-region-to-destination-region (MovementInfo directed edge)	1: Tools/dbeditor/workspace/MovementInfo.json + MapRegion.json | 2: reference/mir3-source/Source/GameServer/LocalDB.pas LoadMapInfos (MapInfo.txt gate model) | 3: 2026-09-25 map_manifest exact/renamed/variant/replacement/pending relation | 4: map terrain flag reader implemented independently by this audit generator	0.25	pending_manual_review	workspace region centroid is not an EI Envir gate record; no safe coordinate correction inferred
3860	760	D022_001	沃玛神殿1层	4865	Teleport Source	64	73	True	True	exact	None		All	D022	4866	D022	D022	145	112	True	True	exact	source-region-to-destination-region (MovementInfo directed edge)	1: Tools/dbeditor/workspace/MovementInfo.json + MapRegion.json | 2: reference/mir3-source/Source/GameServer/LocalDB.pas LoadMapInfos (MapInfo.txt gate model) | 3: 2026-09-25 map_manifest exact/renamed/variant/replacement/pending relation | 4: map terrain flag reader implemented independently by this audit generator	0.25	pending_manual_review	workspace region centroid is not an EI Envir gate record; no safe coordinate correction inferred
3861	760	D022_001	沃玛神殿1层	4867	Teleport Source	65	73	True	True	exact	None		All	D022	4868	D022	D022	145	112	True	True	exact	source-region-to-destination-region (MovementInfo directed edge)	1: Tools/dbeditor/workspace/MovementInfo.json + MapRegion.json | 2: reference/mir3-source/Source/GameServer/LocalDB.pas LoadMapInfos (MapInfo.txt gate model) | 3: 2026-09-25 map_manifest exact/renamed/variant/replacement/pending relation | 4: map terrain flag reader implemented independently by this audit generator	0.25	pending_manual_review	workspace region centroid is not an EI Envir gate record; no safe coordinate correction inferred
3862	760	D022_001	沃玛神殿1层	4869	Teleport Source	65	72	True	True	exact	None		All	D022	4870	D022	D022	145	112	True	True	exact	source-region-to-destination-region (MovementInfo directed edge)	1: Tools/dbeditor/workspace/MovementInfo.json + MapRegion.json | 2: reference/mir3-source/Source/GameServer/LocalDB.pas LoadMapInfos (MapInfo.txt gate model) | 3: 2026-09-25 map_manifest exact/renamed/variant/replacement/pending relation | 4: map terrain flag reader implemented independently by this audit generator	0.25	pending_manual_review	workspace region centroid is not an EI Envir gate record; no safe coordinate correction inferred
3863	760	D022_001	沃玛神殿1层	4871	Teleport Source	66	72	True	True	exact	None		All	D022	4872	D022	D022	145	112	True	True	exact	source-region-to-destination-region (MovementInfo directed edge)	1: Tools/dbeditor/workspace/MovementInfo.json + MapRegion.json | 2: reference/mir3-source/Source/GameServer/LocalDB.pas LoadMapInfos (MapInfo.txt gate model) | 3: 2026-09-25 map_manifest exact/renamed/variant/replacement/pending relation | 4: map terrain flag reader implemented independently by this audit generator	0.25	pending_manual_review	workspace region centroid is not an EI Envir gate record; no safe coordinate correction inferred
3864	760	D022_001	沃玛神殿1层	4873	Teleport Source	66	71	True	True	exact	None		All	D022	4874	D022	D022	145	112	True	True	exact	source-region-to-destination-region (MovementInfo directed edge)	1: Tools/dbeditor/workspace/MovementInfo.json + MapRegion.json | 2: reference/mir3-source/Source/GameServer/LocalDB.pas LoadMapInfos (MapInfo.txt gate model) | 3: 2026-09-25 map_manifest exact/renamed/variant/replacement/pending relation | 4: map terrain flag reader implemented independently by this audit generator	0.25	pending_manual_review	workspace region centroid is not an EI Envir gate record; no safe coordinate correction inferred
3865	762	D023_001	沃玛神殿师徒关	4875	Teleport Source	12	17	True	True	exact	None		All	D023	4876	D023	D023	65	47	True	True	exact	source-region-to-destination-region (MovementInfo directed edge)	1: Tools/dbeditor/workspace/MovementInfo.json + MapRegion.json | 2: reference/mir3-source/Source/GameServer/LocalDB.pas LoadMapInfos (MapInfo.txt gate model) | 3: 2026-09-25 map_manifest exact/renamed/variant/replacement/pending relation | 4: map terrain flag reader implemented independently by this audit generator	0.25	pending_manual_review	workspace region centroid is not an EI Envir gate record; no safe coordinate correction inferred
3866	761	D023	沃玛神殿2层	4877	Teleport Source	67	48	True	True	exact	None		All	D023_001	4878	D023_001	D023_001	13	18	True	True	exact	source-region-to-destination-region (MovementInfo directed edge)	1: Tools/dbeditor/workspace/MovementInfo.json + MapRegion.json | 2: reference/mir3-source/Source/GameServer/LocalDB.pas LoadMapInfos (MapInfo.txt gate model) | 3: 2026-09-25 map_manifest exact/renamed/variant/replacement/pending relation | 4: map terrain flag reader implemented independently by this audit generator	0.25	pending_manual_review	workspace region centroid is not an EI Envir gate record; no safe coordinate correction inferred
3867	761	D023	沃玛神殿2层	4879	Teleport Source	67	47	True	True	exact	None		All	D023_001	4880	D023_001	D023_001	13	18	True	True	exact	source-region-to-destination-region (MovementInfo directed edge)	1: Tools/dbeditor/workspace/MovementInfo.json + MapRegion.json | 2: reference/mir3-source/Source/GameServer/LocalDB.pas LoadMapInfos (MapInfo.txt gate model) | 3: 2026-09-25 map_manifest exact/renamed/variant/replacement/pending relation | 4: map terrain flag reader implemented independently by this audit generator	0.25	pending_manual_review	workspace region centroid is not an EI Envir gate record; no safe coordinate correction inferred
3868	763	D023_002	沃玛神殿师徒关	4881	Teleport Source	12	17	True	True	exact	None		All	D023	4882	D023	D023	65	47	True	True	exact	source-region-to-destination-region (MovementInfo directed edge)	1: Tools/dbeditor/workspace/MovementInfo.json + MapRegion.json | 2: reference/mir3-source/Source/GameServer/LocalDB.pas LoadMapInfos (MapInfo.txt gate model) | 3: 2026-09-25 map_manifest exact/renamed/variant/replacement/pending relation | 4: map terrain flag reader implemented independently by this audit generator	0.25	pending_manual_review	workspace region centroid is not an EI Envir gate record; no safe coordinate correction inferred
3869	630	0_003	比奇县	4883	Teleport Source	24	31	True	True	exact	None		All	0	4884	0	0	514	391	True	True	variant	source-region-to-destination-region (MovementInfo directed edge)	1: Tools/dbeditor/workspace/MovementInfo.json + MapRegion.json | 2: reference/mir3-source/Source/GameServer/LocalDB.pas LoadMapInfos (MapInfo.txt gate model) | 3: 2026-09-25 map_manifest exact/renamed/variant/replacement/pending relation | 4: map terrain flag reader implemented independently by this audit generator	0.25	pending_manual_review	workspace region centroid is not an EI Envir gate record; no safe coordinate correction inferred
3870	630	0_003	比奇县	4885	Teleport Source	25	31	True	True	exact	None		All	0	4886	0	0	515	391	True	True	variant	source-region-to-destination-region (MovementInfo directed edge)	1: Tools/dbeditor/workspace/MovementInfo.json + MapRegion.json | 2: reference/mir3-source/Source/GameServer/LocalDB.pas LoadMapInfos (MapInfo.txt gate model) | 3: 2026-09-25 map_manifest exact/renamed/variant/replacement/pending relation | 4: map terrain flag reader implemented independently by this audit generator	0.25	pending_manual_review	workspace region centroid is not an EI Envir gate record; no safe coordinate correction inferred
3871	630	0_003	比奇县	4887	Teleport Source	26	31	True	True	exact	None		All	0	4888	0	0	516	391	True	True	variant	source-region-to-destination-region (MovementInfo directed edge)	1: Tools/dbeditor/workspace/MovementInfo.json + MapRegion.json | 2: reference/mir3-source/Source/GameServer/LocalDB.pas LoadMapInfos (MapInfo.txt gate model) | 3: 2026-09-25 map_manifest exact/renamed/variant/replacement/pending relation | 4: map terrain flag reader implemented independently by this audit generator	0.25	pending_manual_review	workspace region centroid is not an EI Envir gate record; no safe coordinate correction inferred
3872	630	0_003	比奇县	4889	Teleport Source	27	31	True	True	exact	None		All	0	4890	0	0	517	391	True	True	variant	source-region-to-destination-region (MovementInfo directed edge)	1: Tools/dbeditor/workspace/MovementInfo.json + MapRegion.json | 2: reference/mir3-source/Source/GameServer/LocalDB.pas LoadMapInfos (MapInfo.txt gate model) | 3: 2026-09-25 map_manifest exact/renamed/variant/replacement/pending relation | 4: map terrain flag reader implemented independently by this audit generator	0.25	pending_manual_review	workspace region centroid is not an EI Envir gate record; no safe coordinate correction inferred
3873	630	0_003	比奇县	4891	Teleport Source	28	31	True	True	exact	None		All	0	4892	0	0	518	391	True	True	variant	source-region-to-destination-region (MovementInfo directed edge)	1: Tools/dbeditor/workspace/MovementInfo.json + MapRegion.json | 2: reference/mir3-source/Source/GameServer/LocalDB.pas LoadMapInfos (MapInfo.txt gate model) | 3: 2026-09-25 map_manifest exact/renamed/variant/replacement/pending relation | 4: map terrain flag reader implemented independently by this audit generator	0.25	pending_manual_review	workspace region centroid is not an EI Envir gate record; no safe coordinate correction inferred
3874	630	0_003	比奇县	4893	Teleport Source	29	31	True	True	exact	None		All	0	4894	0	0	519	391	True	True	variant	source-region-to-destination-region (MovementInfo directed edge)	1: Tools/dbeditor/workspace/MovementInfo.json + MapRegion.json | 2: reference/mir3-source/Source/GameServer/LocalDB.pas LoadMapInfos (MapInfo.txt gate model) | 3: 2026-09-25 map_manifest exact/renamed/variant/replacement/pending relation | 4: map terrain flag reader implemented independently by this audit generator	0.25	pending_manual_review	workspace region centroid is not an EI Envir gate record; no safe coordinate correction inferred
3875	630	0_003	比奇县	4895	Teleport Source	24	32	True	True	exact	None		All	0	4896	0	0	514	392	True	True	variant	source-region-to-destination-region (MovementInfo directed edge)	1: Tools/dbeditor/workspace/MovementInfo.json + MapRegion.json | 2: reference/mir3-source/Source/GameServer/LocalDB.pas LoadMapInfos (MapInfo.txt gate model) | 3: 2026-09-25 map_manifest exact/renamed/variant/replacement/pending relation | 4: map terrain flag reader implemented independently by this audit generator	0.25	pending_manual_review	workspace region centroid is not an EI Envir gate record; no safe coordinate correction inferred
3876	630	0_003	比奇县	4897	Teleport Source	24	33	True	True	exact	None		All	0	4898	0	0	514	393	True	True	variant	source-region-to-destination-region (MovementInfo directed edge)	1: Tools/dbeditor/workspace/MovementInfo.json + MapRegion.json | 2: reference/mir3-source/Source/GameServer/LocalDB.pas LoadMapInfos (MapInfo.txt gate model) | 3: 2026-09-25 map_manifest exact/renamed/variant/replacement/pending relation | 4: map terrain flag reader implemented independently by this audit generator	0.25	pending_manual_review	workspace region centroid is not an EI Envir gate record; no safe coordinate correction inferred
3877	630	0_003	比奇县	4899	Teleport Source	24	34	True	True	exact	None		All	0	4900	0	0	514	394	True	True	variant	source-region-to-destination-region (MovementInfo directed edge)	1: Tools/dbeditor/workspace/MovementInfo.json + MapRegion.json | 2: reference/mir3-source/Source/GameServer/LocalDB.pas LoadMapInfos (MapInfo.txt gate model) | 3: 2026-09-25 map_manifest exact/renamed/variant/replacement/pending relation | 4: map terrain flag reader implemented independently by this audit generator	0.25	pending_manual_review	workspace region centroid is not an EI Envir gate record; no safe coordinate correction inferred
3878	630	0_003	比奇县	4901	Teleport Source	24	35	True	True	exact	None		All	0	4902	0	0	514	395	True	True	variant	source-region-to-destination-region (MovementInfo directed edge)	1: Tools/dbeditor/workspace/MovementInfo.json + MapRegion.json | 2: reference/mir3-source/Source/GameServer/LocalDB.pas LoadMapInfos (MapInfo.txt gate model) | 3: 2026-09-25 map_manifest exact/renamed/variant/replacement/pending relation | 4: map terrain flag reader implemented independently by this audit generator	0.25	pending_manual_review	workspace region centroid is not an EI Envir gate record; no safe coordinate correction inferred
3879	630	0_003	比奇县	4903	Teleport Source	24	36	True	True	exact	None		All	0	4904	0	0	514	396	True	True	variant	source-region-to-destination-region (MovementInfo directed edge)	1: Tools/dbeditor/workspace/MovementInfo.json + MapRegion.json | 2: reference/mir3-source/Source/GameServer/LocalDB.pas LoadMapInfos (MapInfo.txt gate model) | 3: 2026-09-25 map_manifest exact/renamed/variant/replacement/pending relation | 4: map terrain flag reader implemented independently by this audit generator	0.25	pending_manual_review	workspace region centroid is not an EI Envir gate record; no safe coordinate correction inferred
3880	630	0_003	比奇县	4905	Teleport Source	24	37	True	True	exact	None		All	0	4906	0	0	514	397	True	True	variant	source-region-to-destination-region (MovementInfo directed edge)	1: Tools/dbeditor/workspace/MovementInfo.json + MapRegion.json | 2: reference/mir3-source/Source/GameServer/LocalDB.pas LoadMapInfos (MapInfo.txt gate model) | 3: 2026-09-25 map_manifest exact/renamed/variant/replacement/pending relation | 4: map terrain flag reader implemented independently by this audit generator	0.25	pending_manual_review	workspace region centroid is not an EI Envir gate record; no safe coordinate correction inferred
3881	630	0_003	比奇县	4907	Teleport Source	24	38	True	True	exact	None		All	0	4908	0	0	514	398	True	True	variant	source-region-to-destination-region (MovementInfo directed edge)	1: Tools/dbeditor/workspace/MovementInfo.json + MapRegion.json | 2: reference/mir3-source/Source/GameServer/LocalDB.pas LoadMapInfos (MapInfo.txt gate model) | 3: 2026-09-25 map_manifest exact/renamed/variant/replacement/pending relation | 4: map terrain flag reader implemented independently by this audit generator	0.25	pending_manual_review	workspace region centroid is not an EI Envir gate record; no safe coordinate correction inferred
3882	630	0_003	比奇县	4909	Teleport Source	24	39	True	True	exact	None		All	0	4910	0	0	514	399	True	True	variant	source-region-to-destination-region (MovementInfo directed edge)	1: Tools/dbeditor/workspace/MovementInfo.json + MapRegion.json | 2: reference/mir3-source/Source/GameServer/LocalDB.pas LoadMapInfos (MapInfo.txt gate model) | 3: 2026-09-25 map_manifest exact/renamed/variant/replacement/pending relation | 4: map terrain flag reader implemented independently by this audit generator	0.25	pending_manual_review	workspace region centroid is not an EI Envir gate record; no safe coordinate correction inferred
3883	630	0_003	比奇县	4911	Teleport Source	25	39	True	True	exact	None		All	0	4912	0	0	515	399	True	True	variant	source-region-to-destination-region (MovementInfo directed edge)	1: Tools/dbeditor/workspace/MovementInfo.json + MapRegion.json | 2: reference/mir3-source/Source/GameServer/LocalDB.pas LoadMapInfos (MapInfo.txt gate model) | 3: 2026-09-25 map_manifest exact/renamed/variant/replacement/pending relation | 4: map terrain flag reader implemented independently by this audit generator	0.25	pending_manual_review	workspace region centroid is not an EI Envir gate record; no safe coordinate correction inferred
3884	630	0_003	比奇县	4913	Teleport Source	26	39	True	True	exact	None		All	0	4914	0	0	516	399	True	True	variant	source-region-to-destination-region (MovementInfo directed edge)	1: Tools/dbeditor/workspace/MovementInfo.json + MapRegion.json | 2: reference/mir3-source/Source/GameServer/LocalDB.pas LoadMapInfos (MapInfo.txt gate model) | 3: 2026-09-25 map_manifest exact/renamed/variant/replacement/pending relation | 4: map terrain flag reader implemented independently by this audit generator	0.25	pending_manual_review	workspace region centroid is not an EI Envir gate record; no safe coordinate correction inferred
3885	630	0_003	比奇县	4915	Teleport Source	27	39	True	True	exact	None		All	0	4916	0	0	517	399	True	True	variant	source-region-to-destination-region (MovementInfo directed edge)	1: Tools/dbeditor/workspace/MovementInfo.json + MapRegion.json | 2: reference/mir3-source/Source/GameServer/LocalDB.pas LoadMapInfos (MapInfo.txt gate model) | 3: 2026-09-25 map_manifest exact/renamed/variant/replacement/pending relation | 4: map terrain flag reader implemented independently by this audit generator	0.25	pending_manual_review	workspace region centroid is not an EI Envir gate record; no safe coordinate correction inferred
3886	630	0_003	比奇县	4917	Teleport Source	28	39	True	True	exact	None		All	0	4918	0	0	518	399	True	True	variant	source-region-to-destination-region (MovementInfo directed edge)	1: Tools/dbeditor/workspace/MovementInfo.json + MapRegion.json | 2: reference/mir3-source/Source/GameServer/LocalDB.pas LoadMapInfos (MapInfo.txt gate model) | 3: 2026-09-25 map_manifest exact/renamed/variant/replacement/pending relation | 4: map terrain flag reader implemented independently by this audit generator	0.25	pending_manual_review	workspace region centroid is not an EI Envir gate record; no safe coordinate correction inferred
3887	630	0_003	比奇县	4919	Teleport Source	29	39	True	True	exact	None		All	0	4920	0	0	519	399	True	True	variant	source-region-to-destination-region (MovementInfo directed edge)	1: Tools/dbeditor/workspace/MovementInfo.json + MapRegion.json | 2: reference/mir3-source/Source/GameServer/LocalDB.pas LoadMapInfos (MapInfo.txt gate model) | 3: 2026-09-25 map_manifest exact/renamed/variant/replacement/pending relation | 4: map terrain flag reader implemented independently by this audit generator	0.25	pending_manual_review	workspace region centroid is not an EI Envir gate record; no safe coordinate correction inferred
3888	630	0_003	比奇县	4921	Teleport Source	30	39	True	True	exact	None		All	0	4922	0	0	520	399	True	True	variant	source-region-to-destination-region (MovementInfo directed edge)	1: Tools/dbeditor/workspace/MovementInfo.json + MapRegion.json | 2: reference/mir3-source/Source/GameServer/LocalDB.pas LoadMapInfos (MapInfo.txt gate model) | 3: 2026-09-25 map_manifest exact/renamed/variant/replacement/pending relation | 4: map terrain flag reader implemented independently by this audit generator	0.25	pending_manual_review	workspace region centroid is not an EI Envir gate record; no safe coordinate correction inferred
3889	630	0_003	比奇县	4923	Teleport Source	30	32	True	True	exact	None		All	0	4924	0	0	520	392	True	True	variant	source-region-to-destination-region (MovementInfo directed edge)	1: Tools/dbeditor/workspace/MovementInfo.json + MapRegion.json | 2: reference/mir3-source/Source/GameServer/LocalDB.pas LoadMapInfos (MapInfo.txt gate model) | 3: 2026-09-25 map_manifest exact/renamed/variant/replacement/pending relation | 4: map terrain flag reader implemented independently by this audit generator	0.25	pending_manual_review	workspace region centroid is not an EI Envir gate record; no safe coordinate correction inferred
3890	630	0_003	比奇县	4925	Teleport Source	30	33	True	True	exact	None		All	0	4926	0	0	520	393	True	True	variant	source-region-to-destination-region (MovementInfo directed edge)	1: Tools/dbeditor/workspace/MovementInfo.json + MapRegion.json | 2: reference/mir3-source/Source/GameServer/LocalDB.pas LoadMapInfos (MapInfo.txt gate model) | 3: 2026-09-25 map_manifest exact/renamed/variant/replacement/pending relation | 4: map terrain flag reader implemented independently by this audit generator	0.25	pending_manual_review	workspace region centroid is not an EI Envir gate record; no safe coordinate correction inferred
3891	630	0_003	比奇县	4927	Teleport Source	30	34	True	True	exact	None		All	0	4928	0	0	520	394	True	True	variant	source-region-to-destination-region (MovementInfo directed edge)	1: Tools/dbeditor/workspace/MovementInfo.json + MapRegion.json | 2: reference/mir3-source/Source/GameServer/LocalDB.pas LoadMapInfos (MapInfo.txt gate model) | 3: 2026-09-25 map_manifest exact/renamed/variant/replacement/pending relation | 4: map terrain flag reader implemented independently by this audit generator	0.25	pending_manual_review	workspace region centroid is not an EI Envir gate record; no safe coordinate correction inferred
3892	630	0_003	比奇县	4929	Teleport Source	30	35	True	True	exact	None		All	0	4930	0	0	520	395	True	True	variant	source-region-to-destination-region (MovementInfo directed edge)	1: Tools/dbeditor/workspace/MovementInfo.json + MapRegion.json | 2: reference/mir3-source/Source/GameServer/LocalDB.pas LoadMapInfos (MapInfo.txt gate model) | 3: 2026-09-25 map_manifest exact/renamed/variant/replacement/pending relation | 4: map terrain flag reader implemented independently by this audit generator	0.25	pending_manual_review	workspace region centroid is not an EI Envir gate record; no safe coordinate correction inferred
3893	630	0_003	比奇县	4931	Teleport Source	30	36	True	True	exact	None		All	0	4932	0	0	520	396	True	True	variant	source-region-to-destination-region (MovementInfo directed edge)	1: Tools/dbeditor/workspace/MovementInfo.json + MapRegion.json | 2: reference/mir3-source/Source/GameServer/LocalDB.pas LoadMapInfos (MapInfo.txt gate model) | 3: 2026-09-25 map_manifest exact/renamed/variant/replacement/pending relation | 4: map terrain flag reader implemented independently by this audit generator	0.25	pending_manual_review	workspace region centroid is not an EI Envir gate record; no safe coordinate correction inferred
3894	630	0_003	比奇县	4933	Teleport Source	30	37	True	True	exact	None		All	0	4934	0	0	520	397	True	True	variant	source-region-to-destination-region (MovementInfo directed edge)	1: Tools/dbeditor/workspace/MovementInfo.json + MapRegion.json | 2: reference/mir3-source/Source/GameServer/LocalDB.pas LoadMapInfos (MapInfo.txt gate model) | 3: 2026-09-25 map_manifest exact/renamed/variant/replacement/pending relation | 4: map terrain flag reader implemented independently by this audit generator	0.25	pending_manual_review	workspace region centroid is not an EI Envir gate record; no safe coordinate correction inferred
3895	630	0_003	比奇县	4935	Teleport Source	30	38	True	True	exact	None		All	0	4936	0	0	520	398	True	True	variant	source-region-to-destination-region (MovementInfo directed edge)	1: Tools/dbeditor/workspace/MovementInfo.json + MapRegion.json | 2: reference/mir3-source/Source/GameServer/LocalDB.pas LoadMapInfos (MapInfo.txt gate model) | 3: 2026-09-25 map_manifest exact/renamed/variant/replacement/pending relation | 4: map terrain flag reader implemented independently by this audit generator	0.25	pending_manual_review	workspace region centroid is not an EI Envir gate record; no safe coordinate correction inferred
3896	630	0_003	比奇县	4937	Teleport Source	30	31	True	True	exact	None		All	0	4938	0	0	520	391	True	True	variant	source-region-to-destination-region (MovementInfo directed edge)	1: Tools/dbeditor/workspace/MovementInfo.json + MapRegion.json | 2: reference/mir3-source/Source/GameServer/LocalDB.pas LoadMapInfos (MapInfo.txt gate model) | 3: 2026-09-25 map_manifest exact/renamed/variant/replacement/pending relation | 4: map terrain flag reader implemented independently by this audit generator	0.25	pending_manual_review	workspace region centroid is not an EI Envir gate record; no safe coordinate correction inferred
3897	910	d6004	绝命谷3层	4939	Teleport Source	39	266	True	True	exact	None		All	1_020	4940	1_020	1_020	184	20	True	True	exact	source-region-to-destination-region (MovementInfo directed edge)	1: Tools/dbeditor/workspace/MovementInfo.json + MapRegion.json | 2: reference/mir3-source/Source/GameServer/LocalDB.pas LoadMapInfos (MapInfo.txt gate model) | 3: 2026-09-25 map_manifest exact/renamed/variant/replacement/pending relation | 4: map terrain flag reader implemented independently by this audit generator	0.25	pending_manual_review	workspace region centroid is not an EI Envir gate record; no safe coordinate correction inferred
3898	910	d6004	绝命谷3层	4941	Teleport Source	39	267	True	True	exact	None		All	1_020	4942	1_020	1_020	184	20	True	True	exact	source-region-to-destination-region (MovementInfo directed edge)	1: Tools/dbeditor/workspace/MovementInfo.json + MapRegion.json | 2: reference/mir3-source/Source/GameServer/LocalDB.pas LoadMapInfos (MapInfo.txt gate model) | 3: 2026-09-25 map_manifest exact/renamed/variant/replacement/pending relation | 4: map terrain flag reader implemented independently by this audit generator	0.25	pending_manual_review	workspace region centroid is not an EI Envir gate record; no safe coordinate correction inferred
3899	910	d6004	绝命谷3层	4943	Teleport Source	40	267	True	True	exact	None		All	1_020	4944	1_020	1_020	184	20	True	True	exact	source-region-to-destination-region (MovementInfo directed edge)	1: Tools/dbeditor/workspace/MovementInfo.json + MapRegion.json | 2: reference/mir3-source/Source/GameServer/LocalDB.pas LoadMapInfos (MapInfo.txt gate model) | 3: 2026-09-25 map_manifest exact/renamed/variant/replacement/pending relation | 4: map terrain flag reader implemented independently by this audit generator	0.25	pending_manual_review	workspace region centroid is not an EI Envir gate record; no safe coordinate correction inferred
3900	658	1_020	蜈蚣洞穴	4945	Teleport Source	186	17	True	True	exact	None		All	d6004	4946	d6004	d6004	41	264	True	True	exact	source-region-to-destination-region (MovementInfo directed edge)	1: Tools/dbeditor/workspace/MovementInfo.json + MapRegion.json | 2: reference/mir3-source/Source/GameServer/LocalDB.pas LoadMapInfos (MapInfo.txt gate model) | 3: 2026-09-25 map_manifest exact/renamed/variant/replacement/pending relation | 4: map terrain flag reader implemented independently by this audit generator	0.25	pending_manual_review	workspace region centroid is not an EI Envir gate record; no safe coordinate correction inferred
3901	658	1_020	蜈蚣洞穴	4947	Teleport Source	187	17	True	True	exact	None		All	d6004	4948	d6004	d6004	41	264	True	True	exact	source-region-to-destination-region (MovementInfo directed edge)	1: Tools/dbeditor/workspace/MovementInfo.json + MapRegion.json | 2: reference/mir3-source/Source/GameServer/LocalDB.pas LoadMapInfos (MapInfo.txt gate model) | 3: 2026-09-25 map_manifest exact/renamed/variant/replacement/pending relation | 4: map terrain flag reader implemented independently by this audit generator	0.25	pending_manual_review	workspace region centroid is not an EI Envir gate record; no safe coordinate correction inferred
3902	658	1_020	蜈蚣洞穴	4949	Teleport Source	187	18	True	True	exact	None		All	d6004	4950	d6004	d6004	41	264	True	True	exact	source-region-to-destination-region (MovementInfo directed edge)	1: Tools/dbeditor/workspace/MovementInfo.json + MapRegion.json | 2: reference/mir3-source/Source/GameServer/LocalDB.pas LoadMapInfos (MapInfo.txt gate model) | 3: 2026-09-25 map_manifest exact/renamed/variant/replacement/pending relation | 4: map terrain flag reader implemented independently by this audit generator	0.25	pending_manual_review	workspace region centroid is not an EI Envir gate record; no safe coordinate correction inferred
3903	658	1_020	蜈蚣洞穴	4951	Teleport Source	172	173	True	True	exact	None		All	1_021	4952	1_021	1_021	24	40	True	True	exact	source-region-to-destination-region (MovementInfo directed edge)	1: Tools/dbeditor/workspace/MovementInfo.json + MapRegion.json | 2: reference/mir3-source/Source/GameServer/LocalDB.pas LoadMapInfos (MapInfo.txt gate model) | 3: 2026-09-25 map_manifest exact/renamed/variant/replacement/pending relation | 4: map terrain flag reader implemented independently by this audit generator	0.25	pending_manual_review	workspace region centroid is not an EI Envir gate record; no safe coordinate correction inferred
3904	658	1_020	蜈蚣洞穴	4953	Teleport Source	172	174	True	True	exact	None		All	1_021	4954	1_021	1_021	24	40	True	True	exact	source-region-to-destination-region (MovementInfo directed edge)	1: Tools/dbeditor/workspace/MovementInfo.json + MapRegion.json | 2: reference/mir3-source/Source/GameServer/LocalDB.pas LoadMapInfos (MapInfo.txt gate model) | 3: 2026-09-25 map_manifest exact/renamed/variant/replacement/pending relation | 4: map terrain flag reader implemented independently by this audit generator	0.25	pending_manual_review	workspace region centroid is not an EI Envir gate record; no safe coordinate correction inferred
3905	658	1_020	蜈蚣洞穴	4955	Teleport Source	172	175	True	True	exact	None		All	1_021	4956	1_021	1_021	24	40	True	True	exact	source-region-to-destination-region (MovementInfo directed edge)	1: Tools/dbeditor/workspace/MovementInfo.json + MapRegion.json | 2: reference/mir3-source/Source/GameServer/LocalDB.pas LoadMapInfos (MapInfo.txt gate model) | 3: 2026-09-25 map_manifest exact/renamed/variant/replacement/pending relation | 4: map terrain flag reader implemented independently by this audit generator	0.25	pending_manual_review	workspace region centroid is not an EI Envir gate record; no safe coordinate correction inferred
3906	659	1_021	蜈蚣洞穴	4957	Teleport Source	22	42	True	True	exact	None		All	1_020	4958	1_020	1_020	169	172	True	True	exact	source-region-to-destination-region (MovementInfo directed edge)	1: Tools/dbeditor/workspace/MovementInfo.json + MapRegion.json | 2: reference/mir3-source/Source/GameServer/LocalDB.pas LoadMapInfos (MapInfo.txt gate model) | 3: 2026-09-25 map_manifest exact/renamed/variant/replacement/pending relation | 4: map terrain flag reader implemented independently by this audit generator	0.25	pending_manual_review	workspace region centroid is not an EI Envir gate record; no safe coordinate correction inferred
3907	659	1_021	蜈蚣洞穴	4959	Teleport Source	22	43	True	True	exact	None		All	1_020	4960	1_020	1_020	169	172	True	True	exact	source-region-to-destination-region (MovementInfo directed edge)	1: Tools/dbeditor/workspace/MovementInfo.json + MapRegion.json | 2: reference/mir3-source/Source/GameServer/LocalDB.pas LoadMapInfos (MapInfo.txt gate model) | 3: 2026-09-25 map_manifest exact/renamed/variant/replacement/pending relation | 4: map terrain flag reader implemented independently by this audit generator	0.25	pending_manual_review	workspace region centroid is not an EI Envir gate record; no safe coordinate correction inferred
3908	659	1_021	蜈蚣洞穴	4961	Teleport Source	22	44	True	True	exact	None		All	1_020	4962	1_020	1_020	169	172	True	True	exact	source-region-to-destination-region (MovementInfo directed edge)	1: Tools/dbeditor/workspace/MovementInfo.json + MapRegion.json | 2: reference/mir3-source/Source/GameServer/LocalDB.pas LoadMapInfos (MapInfo.txt gate model) | 3: 2026-09-25 map_manifest exact/renamed/variant/replacement/pending relation | 4: map terrain flag reader implemented independently by this audit generator	0.25	pending_manual_review	workspace region centroid is not an EI Envir gate record; no safe coordinate correction inferred
3909	659	1_021	蜈蚣洞穴	4963	Teleport Source	23	44	True	True	exact	None		All	1_020	4964	1_020	1_020	169	172	True	True	exact	source-region-to-destination-region (MovementInfo directed edge)	1: Tools/dbeditor/workspace/MovementInfo.json + MapRegion.json | 2: reference/mir3-source/Source/GameServer/LocalDB.pas LoadMapInfos (MapInfo.txt gate model) | 3: 2026-09-25 map_manifest exact/renamed/variant/replacement/pending relation | 4: map terrain flag reader implemented independently by this audit generator	0.25	pending_manual_review	workspace region centroid is not an EI Envir gate record; no safe coordinate correction inferred
3910	659	1_021	蜈蚣洞穴	4965	Teleport Source	10	12	True	True	exact	None		All	1_022	4966	1_022	1_022	163	30	True	True	exact	source-region-to-destination-region (MovementInfo directed edge)	1: Tools/dbeditor/workspace/MovementInfo.json + MapRegion.json | 2: reference/mir3-source/Source/GameServer/LocalDB.pas LoadMapInfos (MapInfo.txt gate model) | 3: 2026-09-25 map_manifest exact/renamed/variant/replacement/pending relation | 4: map terrain flag reader implemented independently by this audit generator	0.25	pending_manual_review	workspace region centroid is not an EI Envir gate record; no safe coordinate correction inferred
3911	659	1_021	蜈蚣洞穴	4967	Teleport Source	10	13	True	True	exact	None		All	1_022	4968	1_022	1_022	163	30	True	True	exact	source-region-to-destination-region (MovementInfo directed edge)	1: Tools/dbeditor/workspace/MovementInfo.json + MapRegion.json | 2: reference/mir3-source/Source/GameServer/LocalDB.pas LoadMapInfos (MapInfo.txt gate model) | 3: 2026-09-25 map_manifest exact/renamed/variant/replacement/pending relation | 4: map terrain flag reader implemented independently by this audit generator	0.25	pending_manual_review	workspace region centroid is not an EI Envir gate record; no safe coordinate correction inferred
3912	659	1_021	蜈蚣洞穴	4969	Teleport Source	11	12	True	True	exact	None		All	1_022	4970	1_022	1_022	163	30	True	True	exact	source-region-to-destination-region (MovementInfo directed edge)	1: Tools/dbeditor/workspace/MovementInfo.json + MapRegion.json | 2: reference/mir3-source/Source/GameServer/LocalDB.pas LoadMapInfos (MapInfo.txt gate model) | 3: 2026-09-25 map_manifest exact/renamed/variant/replacement/pending relation | 4: map terrain flag reader implemented independently by this audit generator	0.25	pending_manual_review	workspace region centroid is not an EI Envir gate record; no safe coordinate correction inferred
3913	660	1_022	蜈蚣洞穴	4971	Teleport Source	166	33	True	True	exact	None		All	1_021	4972	1_021	1_021	12	14	True	True	exact	source-region-to-destination-region (MovementInfo directed edge)	1: Tools/dbeditor/workspace/MovementInfo.json + MapRegion.json | 2: reference/mir3-source/Source/GameServer/LocalDB.pas LoadMapInfos (MapInfo.txt gate model) | 3: 2026-09-25 map_manifest exact/renamed/variant/replacement/pending relation | 4: map terrain flag reader implemented independently by this audit generator	0.25	pending_manual_review	workspace region centroid is not an EI Envir gate record; no safe coordinate correction inferred
3914	660	1_022	蜈蚣洞穴	4973	Teleport Source	166	34	True	True	exact	None		All	1_021	4974	1_021	1_021	12	14	True	True	exact	source-region-to-destination-region (MovementInfo directed edge)	1: Tools/dbeditor/workspace/MovementInfo.json + MapRegion.json | 2: reference/mir3-source/Source/GameServer/LocalDB.pas LoadMapInfos (MapInfo.txt gate model) | 3: 2026-09-25 map_manifest exact/renamed/variant/replacement/pending relation | 4: map terrain flag reader implemented independently by this audit generator	0.25	pending_manual_review	workspace region centroid is not an EI Envir gate record; no safe coordinate correction inferred
3915	660	1_022	蜈蚣洞穴	4975	Teleport Source	166	35	True	True	exact	None		All	1_021	4976	1_021	1_021	12	14	True	True	exact	source-region-to-destination-region (MovementInfo directed edge)	1: Tools/dbeditor/workspace/MovementInfo.json + MapRegion.json | 2: reference/mir3-source/Source/GameServer/LocalDB.pas LoadMapInfos (MapInfo.txt gate model) | 3: 2026-09-25 map_manifest exact/renamed/variant/replacement/pending relation | 4: map terrain flag reader implemented independently by this audit generator	0.25	pending_manual_review	workspace region centroid is not an EI Envir gate record; no safe coordinate correction inferred
3917	660	1_022	蜈蚣洞穴	4979	Teleport Source	11	12	True	True	exact	None		All	1_023	4980	1_023	1_023	40	36	True	True	exact	source-region-to-destination-region (MovementInfo directed edge)	1: Tools/dbeditor/workspace/MovementInfo.json + MapRegion.json | 2: reference/mir3-source/Source/GameServer/LocalDB.pas LoadMapInfos (MapInfo.txt gate model) | 3: 2026-09-25 map_manifest exact/renamed/variant/replacement/pending relation | 4: map terrain flag reader implemented independently by this audit generator	0.25	pending_manual_review	workspace region centroid is not an EI Envir gate record; no safe coordinate correction inferred
3918	660	1_022	蜈蚣洞穴	4981	Teleport Source	11	13	True	True	exact	None		All	1_023	4982	1_023	1_023	40	36	True	True	exact	source-region-to-destination-region (MovementInfo directed edge)	1: Tools/dbeditor/workspace/MovementInfo.json + MapRegion.json | 2: reference/mir3-source/Source/GameServer/LocalDB.pas LoadMapInfos (MapInfo.txt gate model) | 3: 2026-09-25 map_manifest exact/renamed/variant/replacement/pending relation | 4: map terrain flag reader implemented independently by this audit generator	0.25	pending_manual_review	workspace region centroid is not an EI Envir gate record; no safe coordinate correction inferred
3919	660	1_022	蜈蚣洞穴	4983	Teleport Source	11	14	True	True	exact	None		All	1_023	4984	1_023	1_023	40	36	True	True	exact	source-region-to-destination-region (MovementInfo directed edge)	1: Tools/dbeditor/workspace/MovementInfo.json + MapRegion.json | 2: reference/mir3-source/Source/GameServer/LocalDB.pas LoadMapInfos (MapInfo.txt gate model) | 3: 2026-09-25 map_manifest exact/renamed/variant/replacement/pending relation | 4: map terrain flag reader implemented independently by this audit generator	0.25	pending_manual_review	workspace region centroid is not an EI Envir gate record; no safe coordinate correction inferred
3920	660	1_022	蜈蚣洞穴	4985	Teleport Source	12	12	True	True	exact	None		All	1_023	4986	1_023	1_023	40	36	True	True	exact	source-region-to-destination-region (MovementInfo directed edge)	1: Tools/dbeditor/workspace/MovementInfo.json + MapRegion.json | 2: reference/mir3-source/Source/GameServer/LocalDB.pas LoadMapInfos (MapInfo.txt gate model) | 3: 2026-09-25 map_manifest exact/renamed/variant/replacement/pending relation | 4: map terrain flag reader implemented independently by this audit generator	0.25	pending_manual_review	workspace region centroid is not an EI Envir gate record; no safe coordinate correction inferred
3921	661	1_023	蜈蚣洞穴	4987	Teleport Source	42	38	True	True	exact	None		All	1_022	4988	1_022	1_022	13	13	True	True	exact	source-region-to-destination-region (MovementInfo directed edge)	1: Tools/dbeditor/workspace/MovementInfo.json + MapRegion.json | 2: reference/mir3-source/Source/GameServer/LocalDB.pas LoadMapInfos (MapInfo.txt gate model) | 3: 2026-09-25 map_manifest exact/renamed/variant/replacement/pending relation | 4: map terrain flag reader implemented independently by this audit generator	0.25	pending_manual_review	workspace region centroid is not an EI Envir gate record; no safe coordinate correction inferred
3922	661	1_023	蜈蚣洞穴	4989	Teleport Source	42	39	True	True	exact	None		All	1_022	4990	1_022	1_022	13	13	True	True	exact	source-region-to-destination-region (MovementInfo directed edge)	1: Tools/dbeditor/workspace/MovementInfo.json + MapRegion.json | 2: reference/mir3-source/Source/GameServer/LocalDB.pas LoadMapInfos (MapInfo.txt gate model) | 3: 2026-09-25 map_manifest exact/renamed/variant/replacement/pending relation | 4: map terrain flag reader implemented independently by this audit generator	0.25	pending_manual_review	workspace region centroid is not an EI Envir gate record; no safe coordinate correction inferred
3923	661	1_023	蜈蚣洞穴	4991	Teleport Source	42	40	True	True	exact	None		All	1_022	4992	1_022	1_022	13	13	True	True	exact	source-region-to-destination-region (MovementInfo directed edge)	1: Tools/dbeditor/workspace/MovementInfo.json + MapRegion.json | 2: reference/mir3-source/Source/GameServer/LocalDB.pas LoadMapInfos (MapInfo.txt gate model) | 3: 2026-09-25 map_manifest exact/renamed/variant/replacement/pending relation | 4: map terrain flag reader implemented independently by this audit generator	0.25	pending_manual_review	workspace region centroid is not an EI Envir gate record; no safe coordinate correction inferred
3924	661	1_023	蜈蚣洞穴	4993	Teleport Source	41	40	True	True	exact	None		All	1_022	4994	1_022	1_022	13	13	True	True	exact	source-region-to-destination-region (MovementInfo directed edge)	1: Tools/dbeditor/workspace/MovementInfo.json + MapRegion.json | 2: reference/mir3-source/Source/GameServer/LocalDB.pas LoadMapInfos (MapInfo.txt gate model) | 3: 2026-09-25 map_manifest exact/renamed/variant/replacement/pending relation | 4: map terrain flag reader implemented independently by this audit generator	0.25	pending_manual_review	workspace region centroid is not an EI Envir gate record; no safe coordinate correction inferred
3925	761	D023	沃玛神殿2层	4995	Teleport Source	371	366	True	True	exact	None		All	1_015	4996	1_015	1_015	10	17	True	True	exact	source-region-to-destination-region (MovementInfo directed edge)	1: Tools/dbeditor/workspace/MovementInfo.json + MapRegion.json | 2: reference/mir3-source/Source/GameServer/LocalDB.pas LoadMapInfos (MapInfo.txt gate model) | 3: 2026-09-25 map_manifest exact/renamed/variant/replacement/pending relation | 4: map terrain flag reader implemented independently by this audit generator	0.25	pending_manual_review	workspace region centroid is not an EI Envir gate record; no safe coordinate correction inferred
3926	761	D023	沃玛神殿2层	4997	Teleport Source	371	367	True	True	exact	None		All	1_015	4998	1_015	1_015	10	17	True	True	exact	source-region-to-destination-region (MovementInfo directed edge)	1: Tools/dbeditor/workspace/MovementInfo.json + MapRegion.json | 2: reference/mir3-source/Source/GameServer/LocalDB.pas LoadMapInfos (MapInfo.txt gate model) | 3: 2026-09-25 map_manifest exact/renamed/variant/replacement/pending relation | 4: map terrain flag reader implemented independently by this audit generator	0.25	pending_manual_review	workspace region centroid is not an EI Envir gate record; no safe coordinate correction inferred
3927	761	D023	沃玛神殿2层	4999	Teleport Source	372	366	True	True	exact	None		All	1_015	5000	1_015	1_015	10	17	True	True	exact	source-region-to-destination-region (MovementInfo directed edge)	1: Tools/dbeditor/workspace/MovementInfo.json + MapRegion.json | 2: reference/mir3-source/Source/GameServer/LocalDB.pas LoadMapInfos (MapInfo.txt gate model) | 3: 2026-09-25 map_manifest exact/renamed/variant/replacement/pending relation | 4: map terrain flag reader implemented independently by this audit generator	0.25	pending_manual_review	workspace region centroid is not an EI Envir gate record; no safe coordinate correction inferred
3928	653	1_015	困魔咒空间	5001	Teleport Source	28	33	True	True	exact	None		All	1_016	5002	1_016	1_016	10	17	True	True	exact	source-region-to-destination-region (MovementInfo directed edge)	1: Tools/dbeditor/workspace/MovementInfo.json + MapRegion.json | 2: reference/mir3-source/Source/GameServer/LocalDB.pas LoadMapInfos (MapInfo.txt gate model) | 3: 2026-09-25 map_manifest exact/renamed/variant/replacement/pending relation | 4: map terrain flag reader implemented independently by this audit generator	0.25	pending_manual_review	workspace region centroid is not an EI Envir gate record; no safe coordinate correction inferred
3929	653	1_015	困魔咒空间	5003	Teleport Source	29	33	True	True	exact	None		All	1_016	5004	1_016	1_016	10	17	True	True	exact	source-region-to-destination-region (MovementInfo directed edge)	1: Tools/dbeditor/workspace/MovementInfo.json + MapRegion.json | 2: reference/mir3-source/Source/GameServer/LocalDB.pas LoadMapInfos (MapInfo.txt gate model) | 3: 2026-09-25 map_manifest exact/renamed/variant/replacement/pending relation | 4: map terrain flag reader implemented independently by this audit generator	0.25	pending_manual_review	workspace region centroid is not an EI Envir gate record; no safe coordinate correction inferred
3930	653	1_015	困魔咒空间	5005	Teleport Source	29	32	True	True	exact	None		All	1_016	5006	1_016	1_016	10	17	True	True	exact	source-region-to-destination-region (MovementInfo directed edge)	1: Tools/dbeditor/workspace/MovementInfo.json + MapRegion.json | 2: reference/mir3-source/Source/GameServer/LocalDB.pas LoadMapInfos (MapInfo.txt gate model) | 3: 2026-09-25 map_manifest exact/renamed/variant/replacement/pending relation | 4: map terrain flag reader implemented independently by this audit generator	0.25	pending_manual_review	workspace region centroid is not an EI Envir gate record; no safe coordinate correction inferred
3931	653	1_015	困魔咒空间	5007	Teleport Source	30	32	True	True	exact	None		All	1_016	5008	1_016	1_016	10	17	True	True	exact	source-region-to-destination-region (MovementInfo directed edge)	1: Tools/dbeditor/workspace/MovementInfo.json + MapRegion.json | 2: reference/mir3-source/Source/GameServer/LocalDB.pas LoadMapInfos (MapInfo.txt gate model) | 3: 2026-09-25 map_manifest exact/renamed/variant/replacement/pending relation | 4: map terrain flag reader implemented independently by this audit generator	0.25	pending_manual_review	workspace region centroid is not an EI Envir gate record; no safe coordinate correction inferred
3932	654	1_016	困魔咒空间	5009	Teleport Source	28	33	True	True	exact	None		All	1_017	5010	1_017	1_017	10	17	True	True	exact	source-region-to-destination-region (MovementInfo directed edge)	1: Tools/dbeditor/workspace/MovementInfo.json + MapRegion.json | 2: reference/mir3-source/Source/GameServer/LocalDB.pas LoadMapInfos (MapInfo.txt gate model) | 3: 2026-09-25 map_manifest exact/renamed/variant/replacement/pending relation | 4: map terrain flag reader implemented independently by this audit generator	0.25	pending_manual_review	workspace region centroid is not an EI Envir gate record; no safe coordinate correction inferred
3933	654	1_016	困魔咒空间	5011	Teleport Source	29	33	True	True	exact	None		All	1_017	5012	1_017	1_017	10	17	True	True	exact	source-region-to-destination-region (MovementInfo directed edge)	1: Tools/dbeditor/workspace/MovementInfo.json + MapRegion.json | 2: reference/mir3-source/Source/GameServer/LocalDB.pas LoadMapInfos (MapInfo.txt gate model) | 3: 2026-09-25 map_manifest exact/renamed/variant/replacement/pending relation | 4: map terrain flag reader implemented independently by this audit generator	0.25	pending_manual_review	workspace region centroid is not an EI Envir gate record; no safe coordinate correction inferred
3934	654	1_016	困魔咒空间	5013	Teleport Source	29	32	True	True	exact	None		All	1_017	5014	1_017	1_017	10	17	True	True	exact	source-region-to-destination-region (MovementInfo directed edge)	1: Tools/dbeditor/workspace/MovementInfo.json + MapRegion.json | 2: reference/mir3-source/Source/GameServer/LocalDB.pas LoadMapInfos (MapInfo.txt gate model) | 3: 2026-09-25 map_manifest exact/renamed/variant/replacement/pending relation | 4: map terrain flag reader implemented independently by this audit generator	0.25	pending_manual_review	workspace region centroid is not an EI Envir gate record; no safe coordinate correction inferred
3935	654	1_016	困魔咒空间	5015	Teleport Source	30	32	True	True	exact	None		All	1_017	5016	1_017	1_017	10	17	True	True	exact	source-region-to-destination-region (MovementInfo directed edge)	1: Tools/dbeditor/workspace/MovementInfo.json + MapRegion.json | 2: reference/mir3-source/Source/GameServer/LocalDB.pas LoadMapInfos (MapInfo.txt gate model) | 3: 2026-09-25 map_manifest exact/renamed/variant/replacement/pending relation | 4: map terrain flag reader implemented independently by this audit generator	0.25	pending_manual_review	workspace region centroid is not an EI Envir gate record; no safe coordinate correction inferred
3936	655	1_017	困魔咒空间	5017	Teleport Source	28	33	True	True	exact	None		All	1_018	5018	1_018	1_018	10	17	True	True	exact	source-region-to-destination-region (MovementInfo directed edge)	1: Tools/dbeditor/workspace/MovementInfo.json + MapRegion.json | 2: reference/mir3-source/Source/GameServer/LocalDB.pas LoadMapInfos (MapInfo.txt gate model) | 3: 2026-09-25 map_manifest exact/renamed/variant/replacement/pending relation | 4: map terrain flag reader implemented independently by this audit generator	0.25	pending_manual_review	workspace region centroid is not an EI Envir gate record; no safe coordinate correction inferred
3937	655	1_017	困魔咒空间	5019	Teleport Source	29	33	True	True	exact	None		All	1_018	5020	1_018	1_018	10	17	True	True	exact	source-region-to-destination-region (MovementInfo directed edge)	1: Tools/dbeditor/workspace/MovementInfo.json + MapRegion.json | 2: reference/mir3-source/Source/GameServer/LocalDB.pas LoadMapInfos (MapInfo.txt gate model) | 3: 2026-09-25 map_manifest exact/renamed/variant/replacement/pending relation | 4: map terrain flag reader implemented independently by this audit generator	0.25	pending_manual_review	workspace region centroid is not an EI Envir gate record; no safe coordinate correction inferred
3938	655	1_017	困魔咒空间	5021	Teleport Source	29	32	True	True	exact	None		All	1_018	5022	1_018	1_018	10	17	True	True	exact	source-region-to-destination-region (MovementInfo directed edge)	1: Tools/dbeditor/workspace/MovementInfo.json + MapRegion.json | 2: reference/mir3-source/Source/GameServer/LocalDB.pas LoadMapInfos (MapInfo.txt gate model) | 3: 2026-09-25 map_manifest exact/renamed/variant/replacement/pending relation | 4: map terrain flag reader implemented independently by this audit generator	0.25	pending_manual_review	workspace region centroid is not an EI Envir gate record; no safe coordinate correction inferred
3939	655	1_017	困魔咒空间	5023	Teleport Source	30	32	True	True	exact	None		All	1_018	5024	1_018	1_018	10	17	True	True	exact	source-region-to-destination-region (MovementInfo directed edge)	1: Tools/dbeditor/workspace/MovementInfo.json + MapRegion.json | 2: reference/mir3-source/Source/GameServer/LocalDB.pas LoadMapInfos (MapInfo.txt gate model) | 3: 2026-09-25 map_manifest exact/renamed/variant/replacement/pending relation | 4: map terrain flag reader implemented independently by this audit generator	0.25	pending_manual_review	workspace region centroid is not an EI Envir gate record; no safe coordinate correction inferred
3940	656	1_018	困魔咒空间	5025	Teleport Source	28	33	True	True	exact	None		All	1_019	5026	1_019	1_019	13	17	True	True	exact	source-region-to-destination-region (MovementInfo directed edge)	1: Tools/dbeditor/workspace/MovementInfo.json + MapRegion.json | 2: reference/mir3-source/Source/GameServer/LocalDB.pas LoadMapInfos (MapInfo.txt gate model) | 3: 2026-09-25 map_manifest exact/renamed/variant/replacement/pending relation | 4: map terrain flag reader implemented independently by this audit generator	0.25	pending_manual_review	workspace region centroid is not an EI Envir gate record; no safe coordinate correction inferred
3941	656	1_018	困魔咒空间	5027	Teleport Source	29	33	True	True	exact	None		All	1_019	5028	1_019	1_019	13	17	True	True	exact	source-region-to-destination-region (MovementInfo directed edge)	1: Tools/dbeditor/workspace/MovementInfo.json + MapRegion.json | 2: reference/mir3-source/Source/GameServer/LocalDB.pas LoadMapInfos (MapInfo.txt gate model) | 3: 2026-09-25 map_manifest exact/renamed/variant/replacement/pending relation | 4: map terrain flag reader implemented independently by this audit generator	0.25	pending_manual_review	workspace region centroid is not an EI Envir gate record; no safe coordinate correction inferred
3942	656	1_018	困魔咒空间	5029	Teleport Source	29	32	True	True	exact	None		All	1_019	5030	1_019	1_019	13	17	True	True	exact	source-region-to-destination-region (MovementInfo directed edge)	1: Tools/dbeditor/workspace/MovementInfo.json + MapRegion.json | 2: reference/mir3-source/Source/GameServer/LocalDB.pas LoadMapInfos (MapInfo.txt gate model) | 3: 2026-09-25 map_manifest exact/renamed/variant/replacement/pending relation | 4: map terrain flag reader implemented independently by this audit generator	0.25	pending_manual_review	workspace region centroid is not an EI Envir gate record; no safe coordinate correction inferred
3943	656	1_018	困魔咒空间	5031	Teleport Source	30	32	True	True	exact	None		All	1_019	5032	1_019	1_019	13	17	True	True	exact	source-region-to-destination-region (MovementInfo directed edge)	1: Tools/dbeditor/workspace/MovementInfo.json + MapRegion.json | 2: reference/mir3-source/Source/GameServer/LocalDB.pas LoadMapInfos (MapInfo.txt gate model) | 3: 2026-09-25 map_manifest exact/renamed/variant/replacement/pending relation | 4: map terrain flag reader implemented independently by this audit generator	0.25	pending_manual_review	workspace region centroid is not an EI Envir gate record; no safe coordinate correction inferred
3944	657	1_019	困魔咒空间	5033	Teleport Source	39	40	True	True	exact	None		All	1	5034	1	1	350	402	True	True	variant	source-region-to-destination-region (MovementInfo directed edge)	1: Tools/dbeditor/workspace/MovementInfo.json + MapRegion.json | 2: reference/mir3-source/Source/GameServer/LocalDB.pas LoadMapInfos (MapInfo.txt gate model) | 3: 2026-09-25 map_manifest exact/renamed/variant/replacement/pending relation | 4: map terrain flag reader implemented independently by this audit generator	0.25	pending_manual_review	workspace region centroid is not an EI Envir gate record; no safe coordinate correction inferred
3945	657	1_019	困魔咒空间	5035	Teleport Source	40	40	True	True	exact	None		All	1	5036	1	1	350	402	True	True	variant	source-region-to-destination-region (MovementInfo directed edge)	1: Tools/dbeditor/workspace/MovementInfo.json + MapRegion.json | 2: reference/mir3-source/Source/GameServer/LocalDB.pas LoadMapInfos (MapInfo.txt gate model) | 3: 2026-09-25 map_manifest exact/renamed/variant/replacement/pending relation | 4: map terrain flag reader implemented independently by this audit generator	0.25	pending_manual_review	workspace region centroid is not an EI Envir gate record; no safe coordinate correction inferred
3946	657	1_019	困魔咒空间	5037	Teleport Source	38	41	True	True	exact	None		All	1	5038	1	1	350	402	True	True	variant	source-region-to-destination-region (MovementInfo directed edge)	1: Tools/dbeditor/workspace/MovementInfo.json + MapRegion.json | 2: reference/mir3-source/Source/GameServer/LocalDB.pas LoadMapInfos (MapInfo.txt gate model) | 3: 2026-09-25 map_manifest exact/renamed/variant/replacement/pending relation | 4: map terrain flag reader implemented independently by this audit generator	0.25	pending_manual_review	workspace region centroid is not an EI Envir gate record; no safe coordinate correction inferred
3947	657	1_019	困魔咒空间	5039	Teleport Source	39	41	True	True	exact	None		All	1	5040	1	1	350	402	True	True	variant	source-region-to-destination-region (MovementInfo directed edge)	1: Tools/dbeditor/workspace/MovementInfo.json + MapRegion.json | 2: reference/mir3-source/Source/GameServer/LocalDB.pas LoadMapInfos (MapInfo.txt gate model) | 3: 2026-09-25 map_manifest exact/renamed/variant/replacement/pending relation | 4: map terrain flag reader implemented independently by this audit generator	0.25	pending_manual_review	workspace region centroid is not an EI Envir gate record; no safe coordinate correction inferred
3948	648	1_010	试练场	5041	Teleport Source	90	15	True	True	exact	None		All	1_011	5042	1_011	1_011	22	83	True	True	exact	source-region-to-destination-region (MovementInfo directed edge)	1: Tools/dbeditor/workspace/MovementInfo.json + MapRegion.json | 2: reference/mir3-source/Source/GameServer/LocalDB.pas LoadMapInfos (MapInfo.txt gate model) | 3: 2026-09-25 map_manifest exact/renamed/variant/replacement/pending relation | 4: map terrain flag reader implemented independently by this audit generator	0.25	pending_manual_review	workspace region centroid is not an EI Envir gate record; no safe coordinate correction inferred
3949	648	1_010	试练场	5043	Teleport Source	90	16	True	True	exact	None		All	1_011	5044	1_011	1_011	22	83	True	True	exact	source-region-to-destination-region (MovementInfo directed edge)	1: Tools/dbeditor/workspace/MovementInfo.json + MapRegion.json | 2: reference/mir3-source/Source/GameServer/LocalDB.pas LoadMapInfos (MapInfo.txt gate model) | 3: 2026-09-25 map_manifest exact/renamed/variant/replacement/pending relation | 4: map terrain flag reader implemented independently by this audit generator	0.25	pending_manual_review	workspace region centroid is not an EI Envir gate record; no safe coordinate correction inferred
3950	648	1_010	试练场	5045	Teleport Source	91	14	True	True	exact	None		All	1_011	5046	1_011	1_011	22	83	True	True	exact	source-region-to-destination-region (MovementInfo directed edge)	1: Tools/dbeditor/workspace/MovementInfo.json + MapRegion.json | 2: reference/mir3-source/Source/GameServer/LocalDB.pas LoadMapInfos (MapInfo.txt gate model) | 3: 2026-09-25 map_manifest exact/renamed/variant/replacement/pending relation | 4: map terrain flag reader implemented independently by this audit generator	0.25	pending_manual_review	workspace region centroid is not an EI Envir gate record; no safe coordinate correction inferred
3951	648	1_010	试练场	5047	Teleport Source	91	15	True	True	exact	None		All	1_011	5048	1_011	1_011	22	83	True	True	exact	source-region-to-destination-region (MovementInfo directed edge)	1: Tools/dbeditor/workspace/MovementInfo.json + MapRegion.json | 2: reference/mir3-source/Source/GameServer/LocalDB.pas LoadMapInfos (MapInfo.txt gate model) | 3: 2026-09-25 map_manifest exact/renamed/variant/replacement/pending relation | 4: map terrain flag reader implemented independently by this audit generator	0.25	pending_manual_review	workspace region centroid is not an EI Envir gate record; no safe coordinate correction inferred
3952	648	1_010	试练场	5049	Teleport Source	91	16	True	True	exact	None		All	1_011	5050	1_011	1_011	22	83	True	True	exact	source-region-to-destination-region (MovementInfo directed edge)	1: Tools/dbeditor/workspace/MovementInfo.json + MapRegion.json | 2: reference/mir3-source/Source/GameServer/LocalDB.pas LoadMapInfos (MapInfo.txt gate model) | 3: 2026-09-25 map_manifest exact/renamed/variant/replacement/pending relation | 4: map terrain flag reader implemented independently by this audit generator	0.25	pending_manual_review	workspace region centroid is not an EI Envir gate record; no safe coordinate correction inferred
3953	648	1_010	试练场	5051	Teleport Source	92	13	True	True	exact	None		All	1_011	5052	1_011	1_011	22	83	True	True	exact	source-region-to-destination-region (MovementInfo directed edge)	1: Tools/dbeditor/workspace/MovementInfo.json + MapRegion.json | 2: reference/mir3-source/Source/GameServer/LocalDB.pas LoadMapInfos (MapInfo.txt gate model) | 3: 2026-09-25 map_manifest exact/renamed/variant/replacement/pending relation | 4: map terrain flag reader implemented independently by this audit generator	0.25	pending_manual_review	workspace region centroid is not an EI Envir gate record; no safe coordinate correction inferred
3954	648	1_010	试练场	5053	Teleport Source	92	14	True	True	exact	None		All	1_011	5054	1_011	1_011	22	83	True	True	exact	source-region-to-destination-region (MovementInfo directed edge)	1: Tools/dbeditor/workspace/MovementInfo.json + MapRegion.json | 2: reference/mir3-source/Source/GameServer/LocalDB.pas LoadMapInfos (MapInfo.txt gate model) | 3: 2026-09-25 map_manifest exact/renamed/variant/replacement/pending relation | 4: map terrain flag reader implemented independently by this audit generator	0.25	pending_manual_review	workspace region centroid is not an EI Envir gate record; no safe coordinate correction inferred
3955	648	1_010	试练场	5055	Teleport Source	92	15	True	True	exact	None		All	1_011	5056	1_011	1_011	22	83	True	True	exact	source-region-to-destination-region (MovementInfo directed edge)	1: Tools/dbeditor/workspace/MovementInfo.json + MapRegion.json | 2: reference/mir3-source/Source/GameServer/LocalDB.pas LoadMapInfos (MapInfo.txt gate model) | 3: 2026-09-25 map_manifest exact/renamed/variant/replacement/pending relation | 4: map terrain flag reader implemented independently by this audit generator	0.25	pending_manual_review	workspace region centroid is not an EI Envir gate record; no safe coordinate correction inferred
3956	618	02_002	试练场	5057	Teleport Source	90	15	True	True	exact	None		All	02_003	5058	02_003	02_003	22	83	True	True	exact	source-region-to-destination-region (MovementInfo directed edge)	1: Tools/dbeditor/workspace/MovementInfo.json + MapRegion.json | 2: reference/mir3-source/Source/GameServer/LocalDB.pas LoadMapInfos (MapInfo.txt gate model) | 3: 2026-09-25 map_manifest exact/renamed/variant/replacement/pending relation | 4: map terrain flag reader implemented independently by this audit generator	0.25	pending_manual_review	workspace region centroid is not an EI Envir gate record; no safe coordinate correction inferred
3957	618	02_002	试练场	5059	Teleport Source	90	16	True	True	exact	None		All	02_003	5060	02_003	02_003	22	83	True	True	exact	source-region-to-destination-region (MovementInfo directed edge)	1: Tools/dbeditor/workspace/MovementInfo.json + MapRegion.json | 2: reference/mir3-source/Source/GameServer/LocalDB.pas LoadMapInfos (MapInfo.txt gate model) | 3: 2026-09-25 map_manifest exact/renamed/variant/replacement/pending relation | 4: map terrain flag reader implemented independently by this audit generator	0.25	pending_manual_review	workspace region centroid is not an EI Envir gate record; no safe coordinate correction inferred
3958	618	02_002	试练场	5061	Teleport Source	91	14	True	True	exact	None		All	02_003	5062	02_003	02_003	22	83	True	True	exact	source-region-to-destination-region (MovementInfo directed edge)	1: Tools/dbeditor/workspace/MovementInfo.json + MapRegion.json | 2: reference/mir3-source/Source/GameServer/LocalDB.pas LoadMapInfos (MapInfo.txt gate model) | 3: 2026-09-25 map_manifest exact/renamed/variant/replacement/pending relation | 4: map terrain flag reader implemented independently by this audit generator	0.25	pending_manual_review	workspace region centroid is not an EI Envir gate record; no safe coordinate correction inferred
3959	618	02_002	试练场	5063	Teleport Source	91	15	True	True	exact	None		All	02_003	5064	02_003	02_003	22	83	True	True	exact	source-region-to-destination-region (MovementInfo directed edge)	1: Tools/dbeditor/workspace/MovementInfo.json + MapRegion.json | 2: reference/mir3-source/Source/GameServer/LocalDB.pas LoadMapInfos (MapInfo.txt gate model) | 3: 2026-09-25 map_manifest exact/renamed/variant/replacement/pending relation | 4: map terrain flag reader implemented independently by this audit generator	0.25	pending_manual_review	workspace region centroid is not an EI Envir gate record; no safe coordinate correction inferred
3960	618	02_002	试练场	5065	Teleport Source	91	16	True	True	exact	None		All	02_003	5066	02_003	02_003	22	83	True	True	exact	source-region-to-destination-region (MovementInfo directed edge)	1: Tools/dbeditor/workspace/MovementInfo.json + MapRegion.json | 2: reference/mir3-source/Source/GameServer/LocalDB.pas LoadMapInfos (MapInfo.txt gate model) | 3: 2026-09-25 map_manifest exact/renamed/variant/replacement/pending relation | 4: map terrain flag reader implemented independently by this audit generator	0.25	pending_manual_review	workspace region centroid is not an EI Envir gate record; no safe coordinate correction inferred
3961	618	02_002	试练场	5067	Teleport Source	92	13	True	True	exact	None		All	02_003	5068	02_003	02_003	22	83	True	True	exact	source-region-to-destination-region (MovementInfo directed edge)	1: Tools/dbeditor/workspace/MovementInfo.json + MapRegion.json | 2: reference/mir3-source/Source/GameServer/LocalDB.pas LoadMapInfos (MapInfo.txt gate model) | 3: 2026-09-25 map_manifest exact/renamed/variant/replacement/pending relation | 4: map terrain flag reader implemented independently by this audit generator	0.25	pending_manual_review	workspace region centroid is not an EI Envir gate record; no safe coordinate correction inferred
3962	618	02_002	试练场	5069	Teleport Source	92	14	True	True	exact	None		All	02_003	5070	02_003	02_003	22	83	True	True	exact	source-region-to-destination-region (MovementInfo directed edge)	1: Tools/dbeditor/workspace/MovementInfo.json + MapRegion.json | 2: reference/mir3-source/Source/GameServer/LocalDB.pas LoadMapInfos (MapInfo.txt gate model) | 3: 2026-09-25 map_manifest exact/renamed/variant/replacement/pending relation | 4: map terrain flag reader implemented independently by this audit generator	0.25	pending_manual_review	workspace region centroid is not an EI Envir gate record; no safe coordinate correction inferred
3963	618	02_002	试练场	5071	Teleport Source	92	15	True	True	exact	None		All	02_003	5072	02_003	02_003	22	83	True	True	exact	source-region-to-destination-region (MovementInfo directed edge)	1: Tools/dbeditor/workspace/MovementInfo.json + MapRegion.json | 2: reference/mir3-source/Source/GameServer/LocalDB.pas LoadMapInfos (MapInfo.txt gate model) | 3: 2026-09-25 map_manifest exact/renamed/variant/replacement/pending relation | 4: map terrain flag reader implemented independently by this audit generator	0.25	pending_manual_review	workspace region centroid is not an EI Envir gate record; no safe coordinate correction inferred
3964	1	0	Bichon Town	14	Sabuk Wall Entrance	98	324	True	True	variant	Province		All	3	5081	3	3	44	29	True	True	replacement	source-region-to-destination-region (MovementInfo directed edge)	1: Tools/dbeditor/workspace/MovementInfo.json + MapRegion.json | 2: reference/mir3-source/Source/GameServer/LocalDB.pas LoadMapInfos (MapInfo.txt gate model) | 3: 2026-09-25 map_manifest exact/renamed/variant/replacement/pending relation | 4: map terrain flag reader implemented independently by this audit generator	0.25	pending_manual_review	workspace region centroid is not an EI Envir gate record; no safe coordinate correction inferred
3965	7	3	Sabuk Keep	5080	Bichon Town Door	46	26	True	True	replacement	Province		All	0	15	0	0	102	320	True	True	variant	source-region-to-destination-region (MovementInfo directed edge)	1: Tools/dbeditor/workspace/MovementInfo.json + MapRegion.json | 2: reference/mir3-source/Source/GameServer/LocalDB.pas LoadMapInfos (MapInfo.txt gate model) | 3: 2026-09-25 map_manifest exact/renamed/variant/replacement/pending relation | 4: map terrain flag reader implemented independently by this audit generator	0.25	pending_manual_review	workspace region centroid is not an EI Envir gate record; no safe coordinate correction inferred
3976	1141	D2902	BOSS集中营	5928	Teleport Source	124	150	True	True	pending	None		All	D2902	5929	D2902	D2902	250	35	True	True	pending	source-region-to-destination-region (MovementInfo directed edge)	1: Tools/dbeditor/workspace/MovementInfo.json + MapRegion.json | 2: reference/mir3-source/Source/GameServer/LocalDB.pas LoadMapInfos (MapInfo.txt gate model) | 3: 2026-09-25 map_manifest exact/renamed/variant/replacement/pending relation | 4: map terrain flag reader implemented independently by this audit generator	0.25	pending_manual_review	workspace region centroid is not an EI Envir gate record; no safe coordinate correction inferred; same-map transition; inspect region semantics and directionality
3977	1142	D29051	玛法.四象	5930	Teleport Source	163	140	True	True	pending	None		All	D29032	5931	D29032	D29032	271	281	True	True	pending	source-region-to-destination-region (MovementInfo directed edge)	1: Tools/dbeditor/workspace/MovementInfo.json + MapRegion.json | 2: reference/mir3-source/Source/GameServer/LocalDB.pas LoadMapInfos (MapInfo.txt gate model) | 3: 2026-09-25 map_manifest exact/renamed/variant/replacement/pending relation | 4: map terrain flag reader implemented independently by this audit generator	0.25	pending_manual_review	workspace region centroid is not an EI Envir gate record; no safe coordinate correction inferred
3978	1144	D29032	玛法.之地	5932	Teleport Source	211	222	True	True	pending	None		All	D29032	5933	D29032	D29032	275	214	True	True	pending	source-region-to-destination-region (MovementInfo directed edge)	1: Tools/dbeditor/workspace/MovementInfo.json + MapRegion.json | 2: reference/mir3-source/Source/GameServer/LocalDB.pas LoadMapInfos (MapInfo.txt gate model) | 3: 2026-09-25 map_manifest exact/renamed/variant/replacement/pending relation | 4: map terrain flag reader implemented independently by this audit generator	0.25	pending_manual_review	workspace region centroid is not an EI Envir gate record; no safe coordinate correction inferred; same-map transition; inspect region semantics and directionality
3979	1144	D29032	玛法.之地	5934	Teleport Source	198	139	True	True	pending	None		All	D29032	5935	D29032	D29032	205	284	True	True	pending	source-region-to-destination-region (MovementInfo directed edge)	1: Tools/dbeditor/workspace/MovementInfo.json + MapRegion.json | 2: reference/mir3-source/Source/GameServer/LocalDB.pas LoadMapInfos (MapInfo.txt gate model) | 3: 2026-09-25 map_manifest exact/renamed/variant/replacement/pending relation | 4: map terrain flag reader implemented independently by this audit generator	0.25	pending_manual_review	workspace region centroid is not an EI Envir gate record; no safe coordinate correction inferred; same-map transition; inspect region semantics and directionality
3980	1144	D29032	玛法.之地	5936	Teleport Source	128	209	True	True	pending	None		All	D29032	5937	D29032	D29032	262	131	True	True	pending	source-region-to-destination-region (MovementInfo directed edge)	1: Tools/dbeditor/workspace/MovementInfo.json + MapRegion.json | 2: reference/mir3-source/Source/GameServer/LocalDB.pas LoadMapInfos (MapInfo.txt gate model) | 3: 2026-09-25 map_manifest exact/renamed/variant/replacement/pending relation | 4: map terrain flag reader implemented independently by this audit generator	0.25	pending_manual_review	workspace region centroid is not an EI Envir gate record; no safe coordinate correction inferred; same-map transition; inspect region semantics and directionality
3981	1144	D29032	玛法.之地	5938	Teleport Source	185	56	True	True	pending	None		All	D29032	5939	D29032	D29032	192	201	True	True	pending	source-region-to-destination-region (MovementInfo directed edge)	1: Tools/dbeditor/workspace/MovementInfo.json + MapRegion.json | 2: reference/mir3-source/Source/GameServer/LocalDB.pas LoadMapInfos (MapInfo.txt gate model) | 3: 2026-09-25 map_manifest exact/renamed/variant/replacement/pending relation | 4: map terrain flag reader implemented independently by this audit generator	0.25	pending_manual_review	workspace region centroid is not an EI Envir gate record; no safe coordinate correction inferred; same-map transition; inspect region semantics and directionality
3982	1144	D29032	玛法.之地	5940	Teleport Source	115	126	True	True	pending	None		All	D29032	5941	D29032	D29032	122	271	True	True	pending	source-region-to-destination-region (MovementInfo directed edge)	1: Tools/dbeditor/workspace/MovementInfo.json + MapRegion.json | 2: reference/mir3-source/Source/GameServer/LocalDB.pas LoadMapInfos (MapInfo.txt gate model) | 3: 2026-09-25 map_manifest exact/renamed/variant/replacement/pending relation | 4: map terrain flag reader implemented independently by this audit generator	0.25	pending_manual_review	workspace region centroid is not an EI Envir gate record; no safe coordinate correction inferred; same-map transition; inspect region semantics and directionality
3983	1144	D29032	玛法.之地	5942	Teleport Source	45	196	True	True	pending	None		All	D29032	5943	D29032	D29032	179	118	True	True	pending	source-region-to-destination-region (MovementInfo directed edge)	1: Tools/dbeditor/workspace/MovementInfo.json + MapRegion.json | 2: reference/mir3-source/Source/GameServer/LocalDB.pas LoadMapInfos (MapInfo.txt gate model) | 3: 2026-09-25 map_manifest exact/renamed/variant/replacement/pending relation | 4: map terrain flag reader implemented independently by this audit generator	0.25	pending_manual_review	workspace region centroid is not an EI Envir gate record; no safe coordinate correction inferred; same-map transition; inspect region semantics and directionality
3984	1144	D29032	玛法.之地	5944	Teleport Source	102	43	True	True	pending	None		All	D29032	5945	D29032	D29032	108	188	True	True	pending	source-region-to-destination-region (MovementInfo directed edge)	1: Tools/dbeditor/workspace/MovementInfo.json + MapRegion.json | 2: reference/mir3-source/Source/GameServer/LocalDB.pas LoadMapInfos (MapInfo.txt gate model) | 3: 2026-09-25 map_manifest exact/renamed/variant/replacement/pending relation | 4: map terrain flag reader implemented independently by this audit generator	0.25	pending_manual_review	workspace region centroid is not an EI Envir gate record; no safe coordinate correction inferred; same-map transition; inspect region semantics and directionality
3985	1144	D29032	玛法.之地	5946	Teleport Source	32	113	True	True	pending	None		All	D29032	5947	D29032	D29032	96	105	True	True	pending	source-region-to-destination-region (MovementInfo directed edge)	1: Tools/dbeditor/workspace/MovementInfo.json + MapRegion.json | 2: reference/mir3-source/Source/GameServer/LocalDB.pas LoadMapInfos (MapInfo.txt gate model) | 3: 2026-09-25 map_manifest exact/renamed/variant/replacement/pending relation | 4: map terrain flag reader implemented independently by this audit generator	0.25	pending_manual_review	workspace region centroid is not an EI Envir gate record; no safe coordinate correction inferred; same-map transition; inspect region semantics and directionality
3986	1146	D30011	龙穴溪谷①	5948	Teleport Source	280	50	True	True	pending	None		All	D30013	5949	D30013	D30013	14	144	True	True	pending	source-region-to-destination-region (MovementInfo directed edge)	1: Tools/dbeditor/workspace/MovementInfo.json + MapRegion.json | 2: reference/mir3-source/Source/GameServer/LocalDB.pas LoadMapInfos (MapInfo.txt gate model) | 3: 2026-09-25 map_manifest exact/renamed/variant/replacement/pending relation | 4: map terrain flag reader implemented independently by this audit generator	0.25	pending_manual_review	workspace region centroid is not an EI Envir gate record; no safe coordinate correction inferred
3987	1147	D30013	龙穴溪谷②	5950	Teleport Source	14	143	True	True	pending	None		All	D30011	5951	D30011	D30011	280	50	True	True	pending	source-region-to-destination-region (MovementInfo directed edge)	1: Tools/dbeditor/workspace/MovementInfo.json + MapRegion.json | 2: reference/mir3-source/Source/GameServer/LocalDB.pas LoadMapInfos (MapInfo.txt gate model) | 3: 2026-09-25 map_manifest exact/renamed/variant/replacement/pending relation | 4: map terrain flag reader implemented independently by this audit generator	0.25	pending_manual_review	workspace region centroid is not an EI Envir gate record; no safe coordinate correction inferred
3988	1147	D30013	龙穴溪谷②	5952	Teleport Source	13	144	True	True	pending	None		All	D30011	5953	D30011	D30011	280	50	True	True	pending	source-region-to-destination-region (MovementInfo directed edge)	1: Tools/dbeditor/workspace/MovementInfo.json + MapRegion.json | 2: reference/mir3-source/Source/GameServer/LocalDB.pas LoadMapInfos (MapInfo.txt gate model) | 3: 2026-09-25 map_manifest exact/renamed/variant/replacement/pending relation | 4: map terrain flag reader implemented independently by this audit generator	0.25	pending_manual_review	workspace region centroid is not an EI Envir gate record; no safe coordinate correction inferred
3989	1149	14	月河城	5954	Teleport Source	162	30	True	True	pending	None		All	D009	5955	D009	D009	61	757	True	True	pending	source-region-to-destination-region (MovementInfo directed edge)	1: Tools/dbeditor/workspace/MovementInfo.json + MapRegion.json | 2: reference/mir3-source/Source/GameServer/LocalDB.pas LoadMapInfos (MapInfo.txt gate model) | 3: 2026-09-25 map_manifest exact/renamed/variant/replacement/pending relation | 4: map terrain flag reader implemented independently by this audit generator	0.25	pending_manual_review	workspace region centroid is not an EI Envir gate record; no safe coordinate correction inferred
3990	1149	14	月河城	5956	Teleport Source	161	29	True	True	pending	None		All	D009	5957	D009	D009	62	758	True	True	pending	source-region-to-destination-region (MovementInfo directed edge)	1: Tools/dbeditor/workspace/MovementInfo.json + MapRegion.json | 2: reference/mir3-source/Source/GameServer/LocalDB.pas LoadMapInfos (MapInfo.txt gate model) | 3: 2026-09-25 map_manifest exact/renamed/variant/replacement/pending relation | 4: map terrain flag reader implemented independently by this audit generator	0.25	pending_manual_review	workspace region centroid is not an EI Envir gate record; no safe coordinate correction inferred
3991	1149	14	月河城	5958	Teleport Source	160	28	True	True	pending	None		All	D009	5959	D009	D009	63	759	True	True	pending	source-region-to-destination-region (MovementInfo directed edge)	1: Tools/dbeditor/workspace/MovementInfo.json + MapRegion.json | 2: reference/mir3-source/Source/GameServer/LocalDB.pas LoadMapInfos (MapInfo.txt gate model) | 3: 2026-09-25 map_manifest exact/renamed/variant/replacement/pending relation | 4: map terrain flag reader implemented independently by this audit generator	0.25	pending_manual_review	workspace region centroid is not an EI Envir gate record; no safe coordinate correction inferred
3992	1150	D009	月河渊	5960	Teleport Source	61	757	True	True	pending	None		All	14	5961	14	14	162	30	True	True	pending	source-region-to-destination-region (MovementInfo directed edge)	1: Tools/dbeditor/workspace/MovementInfo.json + MapRegion.json | 2: reference/mir3-source/Source/GameServer/LocalDB.pas LoadMapInfos (MapInfo.txt gate model) | 3: 2026-09-25 map_manifest exact/renamed/variant/replacement/pending relation | 4: map terrain flag reader implemented independently by this audit generator	0.25	pending_manual_review	workspace region centroid is not an EI Envir gate record; no safe coordinate correction inferred
3993	1150	D009	月河渊	5962	Teleport Source	62	758	True	True	pending	None		All	14	5963	14	14	161	29	True	True	pending	source-region-to-destination-region (MovementInfo directed edge)	1: Tools/dbeditor/workspace/MovementInfo.json + MapRegion.json | 2: reference/mir3-source/Source/GameServer/LocalDB.pas LoadMapInfos (MapInfo.txt gate model) | 3: 2026-09-25 map_manifest exact/renamed/variant/replacement/pending relation | 4: map terrain flag reader implemented independently by this audit generator	0.25	pending_manual_review	workspace region centroid is not an EI Envir gate record; no safe coordinate correction inferred
3994	1150	D009	月河渊	5964	Teleport Source	63	759	True	True	pending	None		All	14	5965	14	14	160	28	True	True	pending	source-region-to-destination-region (MovementInfo directed edge)	1: Tools/dbeditor/workspace/MovementInfo.json + MapRegion.json | 2: reference/mir3-source/Source/GameServer/LocalDB.pas LoadMapInfos (MapInfo.txt gate model) | 3: 2026-09-25 map_manifest exact/renamed/variant/replacement/pending relation | 4: map terrain flag reader implemented independently by this audit generator	0.25	pending_manual_review	workspace region centroid is not an EI Envir gate record; no safe coordinate correction inferred
3996	1174	D3701	兵马佣通道	5968	Teleport Source	383	375	True	True	pending	None		All	D3702	5969	D3702	D3702	199	203	True	True	pending	source-region-to-destination-region (MovementInfo directed edge)	1: Tools/dbeditor/workspace/MovementInfo.json + MapRegion.json | 2: reference/mir3-source/Source/GameServer/LocalDB.pas LoadMapInfos (MapInfo.txt gate model) | 3: 2026-09-25 map_manifest exact/renamed/variant/replacement/pending relation | 4: map terrain flag reader implemented independently by this audit generator	0.25	pending_manual_review	workspace region centroid is not an EI Envir gate record; no safe coordinate correction inferred
3997	1175	D3702	兵马佣广场	5970	Teleport Source	208	17	True	True	pending	None		All	D3703	5971	D3703	D3703	206	22	True	True	pending	source-region-to-destination-region (MovementInfo directed edge)	1: Tools/dbeditor/workspace/MovementInfo.json + MapRegion.json | 2: reference/mir3-source/Source/GameServer/LocalDB.pas LoadMapInfos (MapInfo.txt gate model) | 3: 2026-09-25 map_manifest exact/renamed/variant/replacement/pending relation | 4: map terrain flag reader implemented independently by this audit generator	0.25	pending_manual_review	workspace region centroid is not an EI Envir gate record; no safe coordinate correction inferred
3998	1175	D3702	兵马佣广场	5972	Teleport Source	383	209	True	True	pending	None		All	D3703	5973	D3703	D3703	381	214	True	True	pending	source-region-to-destination-region (MovementInfo directed edge)	1: Tools/dbeditor/workspace/MovementInfo.json + MapRegion.json | 2: reference/mir3-source/Source/GameServer/LocalDB.pas LoadMapInfos (MapInfo.txt gate model) | 3: 2026-09-25 map_manifest exact/renamed/variant/replacement/pending relation | 4: map terrain flag reader implemented independently by this audit generator	0.25	pending_manual_review	workspace region centroid is not an EI Envir gate record; no safe coordinate correction inferred
3999	1175	D3702	兵马佣广场	5974	Teleport Source	192	385	True	True	pending	None		All	D3703	5975	D3703	D3703	198	382	True	True	pending	source-region-to-destination-region (MovementInfo directed edge)	1: Tools/dbeditor/workspace/MovementInfo.json + MapRegion.json | 2: reference/mir3-source/Source/GameServer/LocalDB.pas LoadMapInfos (MapInfo.txt gate model) | 3: 2026-09-25 map_manifest exact/renamed/variant/replacement/pending relation | 4: map terrain flag reader implemented independently by this audit generator	0.25	pending_manual_review	workspace region centroid is not an EI Envir gate record; no safe coordinate correction inferred
4000	1175	D3702	兵马佣广场	5976	Teleport Source	15	193	True	True	pending	None		All	D3703	5977	D3703	D3703	21	191	True	True	pending	source-region-to-destination-region (MovementInfo directed edge)	1: Tools/dbeditor/workspace/MovementInfo.json + MapRegion.json | 2: reference/mir3-source/Source/GameServer/LocalDB.pas LoadMapInfos (MapInfo.txt gate model) | 3: 2026-09-25 map_manifest exact/renamed/variant/replacement/pending relation | 4: map terrain flag reader implemented independently by this audit generator	0.25	pending_manual_review	workspace region centroid is not an EI Envir gate record; no safe coordinate correction inferred
4001	1176	D3703	兵马佣兵场	5978	Teleport Source	201	199	True	True	pending	None		All	D3704	5979	D3704	D3704	110	118	True	True	pending	source-region-to-destination-region (MovementInfo directed edge)	1: Tools/dbeditor/workspace/MovementInfo.json + MapRegion.json | 2: reference/mir3-source/Source/GameServer/LocalDB.pas LoadMapInfos (MapInfo.txt gate model) | 3: 2026-09-25 map_manifest exact/renamed/variant/replacement/pending relation | 4: map terrain flag reader implemented independently by this audit generator	0.25	pending_manual_review	workspace region centroid is not an EI Envir gate record; no safe coordinate correction inferred
4002	1176	D3703	兵马佣兵场	5980	Teleport Source	202	199	True	True	pending	None		All	D3704	5981	D3704	D3704	110	118	True	True	pending	source-region-to-destination-region (MovementInfo directed edge)	1: Tools/dbeditor/workspace/MovementInfo.json + MapRegion.json | 2: reference/mir3-source/Source/GameServer/LocalDB.pas LoadMapInfos (MapInfo.txt gate model) | 3: 2026-09-25 map_manifest exact/renamed/variant/replacement/pending relation | 4: map terrain flag reader implemented independently by this audit generator	0.25	pending_manual_review	workspace region centroid is not an EI Envir gate record; no safe coordinate correction inferred
4003	1176	D3703	兵马佣兵场	5982	Teleport Source	201	200	True	True	pending	None		All	D3704	5983	D3704	D3704	110	118	True	True	pending	source-region-to-destination-region (MovementInfo directed edge)	1: Tools/dbeditor/workspace/MovementInfo.json + MapRegion.json | 2: reference/mir3-source/Source/GameServer/LocalDB.pas LoadMapInfos (MapInfo.txt gate model) | 3: 2026-09-25 map_manifest exact/renamed/variant/replacement/pending relation | 4: map terrain flag reader implemented independently by this audit generator	0.25	pending_manual_review	workspace region centroid is not an EI Envir gate record; no safe coordinate correction inferred
4004	1176	D3703	兵马佣兵场	5984	Teleport Source	202	200	True	True	pending	None		All	D3704	5985	D3704	D3704	110	118	True	True	pending	source-region-to-destination-region (MovementInfo directed edge)	1: Tools/dbeditor/workspace/MovementInfo.json + MapRegion.json | 2: reference/mir3-source/Source/GameServer/LocalDB.pas LoadMapInfos (MapInfo.txt gate model) | 3: 2026-09-25 map_manifest exact/renamed/variant/replacement/pending relation | 4: map terrain flag reader implemented independently by this audit generator	0.25	pending_manual_review	workspace region centroid is not an EI Envir gate record; no safe coordinate correction inferred
4005	5	1	Lost Paradise	5986	Teleport Source	429	96	True	True	variant	None		All	1_002	5987	1_002	1_002	10	17	True	True	exact	source-region-to-destination-region (MovementInfo directed edge)	1: Tools/dbeditor/workspace/MovementInfo.json + MapRegion.json | 2: reference/mir3-source/Source/GameServer/LocalDB.pas LoadMapInfos (MapInfo.txt gate model) | 3: 2026-09-25 map_manifest exact/renamed/variant/replacement/pending relation | 4: map terrain flag reader implemented independently by this audit generator	0.25	pending_manual_review	workspace region centroid is not an EI Envir gate record; no safe coordinate correction inferred
4006	640	1_002	本馆	5988	Teleport Source	9	18	True	True	exact	None		All	1	5989	1	1	428	97	True	True	variant	source-region-to-destination-region (MovementInfo directed edge)	1: Tools/dbeditor/workspace/MovementInfo.json + MapRegion.json | 2: reference/mir3-source/Source/GameServer/LocalDB.pas LoadMapInfos (MapInfo.txt gate model) | 3: 2026-09-25 map_manifest exact/renamed/variant/replacement/pending relation | 4: map terrain flag reader implemented independently by this audit generator	0.25	pending_manual_review	workspace region centroid is not an EI Envir gate record; no safe coordinate correction inferred
4007	5	1	Lost Paradise	5990	Teleport Source	415	133	True	True	variant	None		All	1_003	5991	1_003	1_003	8	11	True	True	exact	source-region-to-destination-region (MovementInfo directed edge)	1: Tools/dbeditor/workspace/MovementInfo.json + MapRegion.json | 2: reference/mir3-source/Source/GameServer/LocalDB.pas LoadMapInfos (MapInfo.txt gate model) | 3: 2026-09-25 map_manifest exact/renamed/variant/replacement/pending relation | 4: map terrain flag reader implemented independently by this audit generator	0.25	pending_manual_review	workspace region centroid is not an EI Envir gate record; no safe coordinate correction inferred
4008	641	1_003	洗衣住居	5992	Teleport Source	7	12	True	True	exact	None		All	1	5993	1	1	414	134	True	True	variant	source-region-to-destination-region (MovementInfo directed edge)	1: Tools/dbeditor/workspace/MovementInfo.json + MapRegion.json | 2: reference/mir3-source/Source/GameServer/LocalDB.pas LoadMapInfos (MapInfo.txt gate model) | 3: 2026-09-25 map_manifest exact/renamed/variant/replacement/pending relation | 4: map terrain flag reader implemented independently by this audit generator	0.25	pending_manual_review	workspace region centroid is not an EI Envir gate record; no safe coordinate correction inferred
4009	5	1	Lost Paradise	5994	Teleport Source	367	134	True	True	variant	None		All	1_005	5995	1_005	1_005	11	15	True	True	exact	source-region-to-destination-region (MovementInfo directed edge)	1: Tools/dbeditor/workspace/MovementInfo.json + MapRegion.json | 2: reference/mir3-source/Source/GameServer/LocalDB.pas LoadMapInfos (MapInfo.txt gate model) | 3: 2026-09-25 map_manifest exact/renamed/variant/replacement/pending relation | 4: map terrain flag reader implemented independently by this audit generator	0.25	pending_manual_review	workspace region centroid is not an EI Envir gate record; no safe coordinate correction inferred
4010	643	1_005	物品研究所	5996	Teleport Source	12	16	True	True	exact	None		All	1	5997	1	1	368	135	True	True	variant	source-region-to-destination-region (MovementInfo directed edge)	1: Tools/dbeditor/workspace/MovementInfo.json + MapRegion.json | 2: reference/mir3-source/Source/GameServer/LocalDB.pas LoadMapInfos (MapInfo.txt gate model) | 3: 2026-09-25 map_manifest exact/renamed/variant/replacement/pending relation | 4: map terrain flag reader implemented independently by this audit generator	0.25	pending_manual_review	workspace region centroid is not an EI Envir gate record; no safe coordinate correction inferred
4011	5	1	Lost Paradise	5998	Teleport Source	388	113	True	True	variant	None		All	1_008	5999	1_008	1_008	11	15	True	True	exact	source-region-to-destination-region (MovementInfo directed edge)	1: Tools/dbeditor/workspace/MovementInfo.json + MapRegion.json | 2: reference/mir3-source/Source/GameServer/LocalDB.pas LoadMapInfos (MapInfo.txt gate model) | 3: 2026-09-25 map_manifest exact/renamed/variant/replacement/pending relation | 4: map terrain flag reader implemented independently by this audit generator	0.25	pending_manual_review	workspace region centroid is not an EI Envir gate record; no safe coordinate correction inferred
4012	646	1_008	试练场	6000	Teleport Source	11	16	True	True	exact	None		All	1	6001	1	1	389	115	True	True	variant	source-region-to-destination-region (MovementInfo directed edge)	1: Tools/dbeditor/workspace/MovementInfo.json + MapRegion.json | 2: reference/mir3-source/Source/GameServer/LocalDB.pas LoadMapInfos (MapInfo.txt gate model) | 3: 2026-09-25 map_manifest exact/renamed/variant/replacement/pending relation | 4: map terrain flag reader implemented independently by this audit generator	0.25	pending_manual_review	workspace region centroid is not an EI Envir gate record; no safe coordinate correction inferred
4013	646	1_008	试练场	6002	Teleport Source	12	15	True	True	exact	None		All	1	6003	1	1	389	115	True	True	variant	source-region-to-destination-region (MovementInfo directed edge)	1: Tools/dbeditor/workspace/MovementInfo.json + MapRegion.json | 2: reference/mir3-source/Source/GameServer/LocalDB.pas LoadMapInfos (MapInfo.txt gate model) | 3: 2026-09-25 map_manifest exact/renamed/variant/replacement/pending relation | 4: map terrain flag reader implemented independently by this audit generator	0.25	pending_manual_review	workspace region centroid is not an EI Envir gate record; no safe coordinate correction inferred
4032	5	1	Lost Paradise	6040	Teleport Source	514	582	True	True	variant	None		All	0	6041	0	0	643	18	True	True	variant	source-region-to-destination-region (MovementInfo directed edge)	1: Tools/dbeditor/workspace/MovementInfo.json + MapRegion.json | 2: reference/mir3-source/Source/GameServer/LocalDB.pas LoadMapInfos (MapInfo.txt gate model) | 3: 2026-09-25 map_manifest exact/renamed/variant/replacement/pending relation | 4: map terrain flag reader implemented independently by this audit generator	0.25	pending_manual_review	workspace region centroid is not an EI Envir gate record; no safe coordinate correction inferred
4033	5	1	Lost Paradise	6042	Teleport Source	515	581	True	True	variant	None		All	0	6043	0	0	643	18	True	True	variant	source-region-to-destination-region (MovementInfo directed edge)	1: Tools/dbeditor/workspace/MovementInfo.json + MapRegion.json | 2: reference/mir3-source/Source/GameServer/LocalDB.pas LoadMapInfos (MapInfo.txt gate model) | 3: 2026-09-25 map_manifest exact/renamed/variant/replacement/pending relation | 4: map terrain flag reader implemented independently by this audit generator	0.25	pending_manual_review	workspace region centroid is not an EI Envir gate record; no safe coordinate correction inferred
4034	5	1	Lost Paradise	6044	Teleport Source	516	580	True	True	variant	None		All	0	6045	0	0	643	18	True	True	variant	source-region-to-destination-region (MovementInfo directed edge)	1: Tools/dbeditor/workspace/MovementInfo.json + MapRegion.json | 2: reference/mir3-source/Source/GameServer/LocalDB.pas LoadMapInfos (MapInfo.txt gate model) | 3: 2026-09-25 map_manifest exact/renamed/variant/replacement/pending relation | 4: map terrain flag reader implemented independently by this audit generator	0.25	pending_manual_review	workspace region centroid is not an EI Envir gate record; no safe coordinate correction inferred
4035	1	0	Bichon Town	6046	Teleport Source	644	16	True	True	variant	None		All	1	6047	1	1	514	580	True	True	variant	source-region-to-destination-region (MovementInfo directed edge)	1: Tools/dbeditor/workspace/MovementInfo.json + MapRegion.json | 2: reference/mir3-source/Source/GameServer/LocalDB.pas LoadMapInfos (MapInfo.txt gate model) | 3: 2026-09-25 map_manifest exact/renamed/variant/replacement/pending relation | 4: map terrain flag reader implemented independently by this audit generator	0.25	pending_manual_review	workspace region centroid is not an EI Envir gate record; no safe coordinate correction inferred
4036	1	0	Bichon Town	6048	Teleport Source	645	17	True	True	variant	None		All	1	6049	1	1	514	580	True	True	variant	source-region-to-destination-region (MovementInfo directed edge)	1: Tools/dbeditor/workspace/MovementInfo.json + MapRegion.json | 2: reference/mir3-source/Source/GameServer/LocalDB.pas LoadMapInfos (MapInfo.txt gate model) | 3: 2026-09-25 map_manifest exact/renamed/variant/replacement/pending relation | 4: map terrain flag reader implemented independently by this audit generator	0.25	pending_manual_review	workspace region centroid is not an EI Envir gate record; no safe coordinate correction inferred
4037	1	0	Bichon Town	6050	Teleport Source	646	18	True	True	variant	None		All	1	6051	1	1	514	580	True	True	variant	source-region-to-destination-region (MovementInfo directed edge)	1: Tools/dbeditor/workspace/MovementInfo.json + MapRegion.json | 2: reference/mir3-source/Source/GameServer/LocalDB.pas LoadMapInfos (MapInfo.txt gate model) | 3: 2026-09-25 map_manifest exact/renamed/variant/replacement/pending relation | 4: map terrain flag reader implemented independently by this audit generator	0.25	pending_manual_review	workspace region centroid is not an EI Envir gate record; no safe coordinate correction inferred
4038	9	5	Desert Mud Fortress	6052	Teleport Source	147	27	True	True	replacement	None		All	d15023	6053	d15023	d15023	160	152	True	True	pending	source-region-to-destination-region (MovementInfo directed edge)	1: Tools/dbeditor/workspace/MovementInfo.json + MapRegion.json | 2: reference/mir3-source/Source/GameServer/LocalDB.pas LoadMapInfos (MapInfo.txt gate model) | 3: 2026-09-25 map_manifest exact/renamed/variant/replacement/pending relation | 4: map terrain flag reader implemented independently by this audit generator	0.25	pending_manual_review	workspace region centroid is not an EI Envir gate record; no safe coordinate correction inferred
4039	9	5	Desert Mud Fortress	6054	Teleport Source	147	28	True	True	replacement	None		All	d15023	6055	d15023	d15023	160	152	True	True	pending	source-region-to-destination-region (MovementInfo directed edge)	1: Tools/dbeditor/workspace/MovementInfo.json + MapRegion.json | 2: reference/mir3-source/Source/GameServer/LocalDB.pas LoadMapInfos (MapInfo.txt gate model) | 3: 2026-09-25 map_manifest exact/renamed/variant/replacement/pending relation | 4: map terrain flag reader implemented independently by this audit generator	0.25	pending_manual_review	workspace region centroid is not an EI Envir gate record; no safe coordinate correction inferred
4040	1099	d15023	真天宫1层	6056	Teleport Source	160	153	True	True	pending	None		All	5	6057	5	5	148	29	True	True	replacement	source-region-to-destination-region (MovementInfo directed edge)	1: Tools/dbeditor/workspace/MovementInfo.json + MapRegion.json | 2: reference/mir3-source/Source/GameServer/LocalDB.pas LoadMapInfos (MapInfo.txt gate model) | 3: 2026-09-25 map_manifest exact/renamed/variant/replacement/pending relation | 4: map terrain flag reader implemented independently by this audit generator	0.25	pending_manual_review	workspace region centroid is not an EI Envir gate record; no safe coordinate correction inferred
4041	9	5	Desert Mud Fortress	6058	Teleport Source	318	197	True	True	replacement	None		All	d1510	6059	d1510	d1510	15	45	True	True	pending	source-region-to-destination-region (MovementInfo directed edge)	1: Tools/dbeditor/workspace/MovementInfo.json + MapRegion.json | 2: reference/mir3-source/Source/GameServer/LocalDB.pas LoadMapInfos (MapInfo.txt gate model) | 3: 2026-09-25 map_manifest exact/renamed/variant/replacement/pending relation | 4: map terrain flag reader implemented independently by this audit generator	0.25	pending_manual_review	workspace region centroid is not an EI Envir gate record; no safe coordinate correction inferred
4042	9	5	Desert Mud Fortress	6060	Teleport Source	318	198	True	True	replacement	None		All	d1510	6061	d1510	d1510	15	45	True	True	pending	source-region-to-destination-region (MovementInfo directed edge)	1: Tools/dbeditor/workspace/MovementInfo.json + MapRegion.json | 2: reference/mir3-source/Source/GameServer/LocalDB.pas LoadMapInfos (MapInfo.txt gate model) | 3: 2026-09-25 map_manifest exact/renamed/variant/replacement/pending relation | 4: map terrain flag reader implemented independently by this audit generator	0.25	pending_manual_review	workspace region centroid is not an EI Envir gate record; no safe coordinate correction inferred
4043	1103	d1510	黑度宫1层	6062	Teleport Source	13	46	True	True	pending	None		All	5	6063	5	5	317	199	True	True	replacement	source-region-to-destination-region (MovementInfo directed edge)	1: Tools/dbeditor/workspace/MovementInfo.json + MapRegion.json | 2: reference/mir3-source/Source/GameServer/LocalDB.pas LoadMapInfos (MapInfo.txt gate model) | 3: 2026-09-25 map_manifest exact/renamed/variant/replacement/pending relation | 4: map terrain flag reader implemented independently by this audit generator	0.25	pending_manual_review	workspace region centroid is not an EI Envir gate record; no safe coordinate correction inferred
4044	1103	d1510	黑度宫1层	6064	Teleport Source	14	46	True	True	pending	None		All	5	6065	5	5	317	199	True	True	replacement	source-region-to-destination-region (MovementInfo directed edge)	1: Tools/dbeditor/workspace/MovementInfo.json + MapRegion.json | 2: reference/mir3-source/Source/GameServer/LocalDB.pas LoadMapInfos (MapInfo.txt gate model) | 3: 2026-09-25 map_manifest exact/renamed/variant/replacement/pending relation | 4: map terrain flag reader implemented independently by this audit generator	0.25	pending_manual_review	workspace region centroid is not an EI Envir gate record; no safe coordinate correction inferred
4045	1103	d1510	黑度宫1层	6066	Teleport Source	14	47	True	True	pending	None		All	5	6067	5	5	317	199	True	True	replacement	source-region-to-destination-region (MovementInfo directed edge)	1: Tools/dbeditor/workspace/MovementInfo.json + MapRegion.json | 2: reference/mir3-source/Source/GameServer/LocalDB.pas LoadMapInfos (MapInfo.txt gate model) | 3: 2026-09-25 map_manifest exact/renamed/variant/replacement/pending relation | 4: map terrain flag reader implemented independently by this audit generator	0.25	pending_manual_review	workspace region centroid is not an EI Envir gate record; no safe coordinate correction inferred
4046	9	5	Desert Mud Fortress	6068	Teleport Source	77	29	True	True	replacement	None		All	D505	6069	D505	D505	96	101	True	True	variant	source-region-to-destination-region (MovementInfo directed edge)	1: Tools/dbeditor/workspace/MovementInfo.json + MapRegion.json | 2: reference/mir3-source/Source/GameServer/LocalDB.pas LoadMapInfos (MapInfo.txt gate model) | 3: 2026-09-25 map_manifest exact/renamed/variant/replacement/pending relation | 4: map terrain flag reader implemented independently by this audit generator	0.25	pending_manual_review	workspace region centroid is not an EI Envir gate record; no safe coordinate correction inferred
4047	885	D505	祖玛神殿5层	6070	Teleport Source	95	102	True	True	variant	None		All	5	6071	5	5	77	31	True	True	replacement	source-region-to-destination-region (MovementInfo directed edge)	1: Tools/dbeditor/workspace/MovementInfo.json + MapRegion.json | 2: reference/mir3-source/Source/GameServer/LocalDB.pas LoadMapInfos (MapInfo.txt gate model) | 3: 2026-09-25 map_manifest exact/renamed/variant/replacement/pending relation | 4: map terrain flag reader implemented independently by this audit generator	0.25	pending_manual_review	workspace region centroid is not an EI Envir gate record; no safe coordinate correction inferred
4048	9	5	Desert Mud Fortress	6072	Teleport Source	16	92	True	True	replacement	None		All	6	6073	6	6	289	722	True	True	variant	source-region-to-destination-region (MovementInfo directed edge)	1: Tools/dbeditor/workspace/MovementInfo.json + MapRegion.json | 2: reference/mir3-source/Source/GameServer/LocalDB.pas LoadMapInfos (MapInfo.txt gate model) | 3: 2026-09-25 map_manifest exact/renamed/variant/replacement/pending relation | 4: map terrain flag reader implemented independently by this audit generator	0.25	pending_manual_review	workspace region centroid is not an EI Envir gate record; no safe coordinate correction inferred
4049	9	5	Desert Mud Fortress	6074	Teleport Source	17	93	True	True	replacement	None		All	6	6075	6	6	289	722	True	True	variant	source-region-to-destination-region (MovementInfo directed edge)	1: Tools/dbeditor/workspace/MovementInfo.json + MapRegion.json | 2: reference/mir3-source/Source/GameServer/LocalDB.pas LoadMapInfos (MapInfo.txt gate model) | 3: 2026-09-25 map_manifest exact/renamed/variant/replacement/pending relation | 4: map terrain flag reader implemented independently by this audit generator	0.25	pending_manual_review	workspace region centroid is not an EI Envir gate record; no safe coordinate correction inferred
4050	9	5	Desert Mud Fortress	6076	Teleport Source	18	94	True	True	replacement	None		All	6	6077	6	6	289	722	True	True	variant	source-region-to-destination-region (MovementInfo directed edge)	1: Tools/dbeditor/workspace/MovementInfo.json + MapRegion.json | 2: reference/mir3-source/Source/GameServer/LocalDB.pas LoadMapInfos (MapInfo.txt gate model) | 3: 2026-09-25 map_manifest exact/renamed/variant/replacement/pending relation | 4: map terrain flag reader implemented independently by this audit generator	0.25	pending_manual_review	workspace region centroid is not an EI Envir gate record; no safe coordinate correction inferred
4051	9	5	Desert Mud Fortress	6078	Teleport Source	19	95	True	True	replacement	None		All	6	6079	6	6	289	722	True	True	variant	source-region-to-destination-region (MovementInfo directed edge)	1: Tools/dbeditor/workspace/MovementInfo.json + MapRegion.json | 2: reference/mir3-source/Source/GameServer/LocalDB.pas LoadMapInfos (MapInfo.txt gate model) | 3: 2026-09-25 map_manifest exact/renamed/variant/replacement/pending relation | 4: map terrain flag reader implemented independently by this audit generator	0.25	pending_manual_review	workspace region centroid is not an EI Envir gate record; no safe coordinate correction inferred
4052	9	5	Desert Mud Fortress	6080	Teleport Source	20	96	True	True	replacement	None		All	6	6081	6	6	289	722	True	True	variant	source-region-to-destination-region (MovementInfo directed edge)	1: Tools/dbeditor/workspace/MovementInfo.json + MapRegion.json | 2: reference/mir3-source/Source/GameServer/LocalDB.pas LoadMapInfos (MapInfo.txt gate model) | 3: 2026-09-25 map_manifest exact/renamed/variant/replacement/pending relation | 4: map terrain flag reader implemented independently by this audit generator	0.25	pending_manual_review	workspace region centroid is not an EI Envir gate record; no safe coordinate correction inferred
4053	682	6	沙漠	6082	Teleport Source	291	720	True	True	variant	None		All	5	6083	5	5	21	91	True	True	replacement	source-region-to-destination-region (MovementInfo directed edge)	1: Tools/dbeditor/workspace/MovementInfo.json + MapRegion.json | 2: reference/mir3-source/Source/GameServer/LocalDB.pas LoadMapInfos (MapInfo.txt gate model) | 3: 2026-09-25 map_manifest exact/renamed/variant/replacement/pending relation | 4: map terrain flag reader implemented independently by this audit generator	0.25	pending_manual_review	workspace region centroid is not an EI Envir gate record; no safe coordinate correction inferred
4054	682	6	沙漠	6084	Teleport Source	291	719	True	True	variant	None		All	5	6085	5	5	21	91	True	True	replacement	source-region-to-destination-region (MovementInfo directed edge)	1: Tools/dbeditor/workspace/MovementInfo.json + MapRegion.json | 2: reference/mir3-source/Source/GameServer/LocalDB.pas LoadMapInfos (MapInfo.txt gate model) | 3: 2026-09-25 map_manifest exact/renamed/variant/replacement/pending relation | 4: map terrain flag reader implemented independently by this audit generator	0.25	pending_manual_review	workspace region centroid is not an EI Envir gate record; no safe coordinate correction inferred
4055	9	5	Desert Mud Fortress	6086	Teleport Source	20	309	True	True	replacement	None		All	d1602	6087	d1602	d1602	194	201	True	True	pending	source-region-to-destination-region (MovementInfo directed edge)	1: Tools/dbeditor/workspace/MovementInfo.json + MapRegion.json | 2: reference/mir3-source/Source/GameServer/LocalDB.pas LoadMapInfos (MapInfo.txt gate model) | 3: 2026-09-25 map_manifest exact/renamed/variant/replacement/pending relation | 4: map terrain flag reader implemented independently by this audit generator	0.25	pending_manual_review	workspace region centroid is not an EI Envir gate record; no safe coordinate correction inferred
4056	9	5	Desert Mud Fortress	6088	Teleport Source	21	310	True	True	replacement	None		All	d1602	6089	d1602	d1602	194	201	True	True	pending	source-region-to-destination-region (MovementInfo directed edge)	1: Tools/dbeditor/workspace/MovementInfo.json + MapRegion.json | 2: reference/mir3-source/Source/GameServer/LocalDB.pas LoadMapInfos (MapInfo.txt gate model) | 3: 2026-09-25 map_manifest exact/renamed/variant/replacement/pending relation | 4: map terrain flag reader implemented independently by this audit generator	0.25	pending_manual_review	workspace region centroid is not an EI Envir gate record; no safe coordinate correction inferred
4057	1109	d1602	诺玛遗址	6090	Teleport Source	195	199	True	True	pending	None		All	5	6091	5	5	23	308	True	True	replacement	source-region-to-destination-region (MovementInfo directed edge)	1: Tools/dbeditor/workspace/MovementInfo.json + MapRegion.json | 2: reference/mir3-source/Source/GameServer/LocalDB.pas LoadMapInfos (MapInfo.txt gate model) | 3: 2026-09-25 map_manifest exact/renamed/variant/replacement/pending relation | 4: map terrain flag reader implemented independently by this audit generator	0.25	pending_manual_review	workspace region centroid is not an EI Envir gate record; no safe coordinate correction inferred
4058	691	81	流放岛	6092	Teleport Source	155	135	True	True	variant	None		All	D1201	6093	D1201	D1201	19	147	True	True	exact	source-region-to-destination-region (MovementInfo directed edge)	1: Tools/dbeditor/workspace/MovementInfo.json + MapRegion.json | 2: reference/mir3-source/Source/GameServer/LocalDB.pas LoadMapInfos (MapInfo.txt gate model) | 3: 2026-09-25 map_manifest exact/renamed/variant/replacement/pending relation | 4: map terrain flag reader implemented independently by this audit generator	0.25	pending_manual_review	workspace region centroid is not an EI Envir gate record; no safe coordinate correction inferred
4059	691	81	流放岛	6094	Teleport Source	156	135	True	True	variant	None		All	D1201	6095	D1201	D1201	19	147	True	True	exact	source-region-to-destination-region (MovementInfo directed edge)	1: Tools/dbeditor/workspace/MovementInfo.json + MapRegion.json | 2: reference/mir3-source/Source/GameServer/LocalDB.pas LoadMapInfos (MapInfo.txt gate model) | 3: 2026-09-25 map_manifest exact/renamed/variant/replacement/pending relation | 4: map terrain flag reader implemented independently by this audit generator	0.25	pending_manual_review	workspace region centroid is not an EI Envir gate record; no safe coordinate correction inferred
4060	807	D1201	罪孽洞穴1层	6096	Teleport Source	17	147	True	True	exact	None		All	81	6097	81	81	155	137	True	True	variant	source-region-to-destination-region (MovementInfo directed edge)	1: Tools/dbeditor/workspace/MovementInfo.json + MapRegion.json | 2: reference/mir3-source/Source/GameServer/LocalDB.pas LoadMapInfos (MapInfo.txt gate model) | 3: 2026-09-25 map_manifest exact/renamed/variant/replacement/pending relation | 4: map terrain flag reader implemented independently by this audit generator	0.25	pending_manual_review	workspace region centroid is not an EI Envir gate record; no safe coordinate correction inferred
4061	807	D1201	罪孽洞穴1层	6098	Teleport Source	18	148	True	True	exact	None		All	81	6099	81	81	155	137	True	True	variant	source-region-to-destination-region (MovementInfo directed edge)	1: Tools/dbeditor/workspace/MovementInfo.json + MapRegion.json | 2: reference/mir3-source/Source/GameServer/LocalDB.pas LoadMapInfos (MapInfo.txt gate model) | 3: 2026-09-25 map_manifest exact/renamed/variant/replacement/pending relation | 4: map terrain flag reader implemented independently by this audit generator	0.25	pending_manual_review	workspace region centroid is not an EI Envir gate record; no safe coordinate correction inferred
4062	807	D1201	罪孽洞穴1层	6100	Teleport Source	17	23	True	True	exact	None		All	81	6101	81	81	155	137	True	True	variant	source-region-to-destination-region (MovementInfo directed edge)	1: Tools/dbeditor/workspace/MovementInfo.json + MapRegion.json | 2: reference/mir3-source/Source/GameServer/LocalDB.pas LoadMapInfos (MapInfo.txt gate model) | 3: 2026-09-25 map_manifest exact/renamed/variant/replacement/pending relation | 4: map terrain flag reader implemented independently by this audit generator	0.25	pending_manual_review	workspace region centroid is not an EI Envir gate record; no safe coordinate correction inferred
4063	5	1	Lost Paradise	6102	Teleport Source	404	28	True	True	variant	None		All	12	6103	12	12	123	467	True	True	variant	source-region-to-destination-region (MovementInfo directed edge)	1: Tools/dbeditor/workspace/MovementInfo.json + MapRegion.json | 2: reference/mir3-source/Source/GameServer/LocalDB.pas LoadMapInfos (MapInfo.txt gate model) | 3: 2026-09-25 map_manifest exact/renamed/variant/replacement/pending relation | 4: map terrain flag reader implemented independently by this audit generator	0.25	pending_manual_review	workspace region centroid is not an EI Envir gate record; no safe coordinate correction inferred
4064	292	12	Banya Island	6104	Teleport Source	123	469	True	True	variant	None		All	1	6105	1	1	404	29	True	True	variant	source-region-to-destination-region (MovementInfo directed edge)	1: Tools/dbeditor/workspace/MovementInfo.json + MapRegion.json | 2: reference/mir3-source/Source/GameServer/LocalDB.pas LoadMapInfos (MapInfo.txt gate model) | 3: 2026-09-25 map_manifest exact/renamed/variant/replacement/pending relation | 4: map terrain flag reader implemented independently by this audit generator	0.25	pending_manual_review	workspace region centroid is not an EI Envir gate record; no safe coordinate correction inferred
4065	292	12	Banya Island	6106	Teleport Source	109	31	True	True	variant	None		All	D10151	6107	D10151	D10151	88	51	True	True	exact	source-region-to-destination-region (MovementInfo directed edge)	1: Tools/dbeditor/workspace/MovementInfo.json + MapRegion.json | 2: reference/mir3-source/Source/GameServer/LocalDB.pas LoadMapInfos (MapInfo.txt gate model) | 3: 2026-09-25 map_manifest exact/renamed/variant/replacement/pending relation | 4: map terrain flag reader implemented independently by this audit generator	0.25	pending_manual_review	workspace region centroid is not an EI Envir gate record; no safe coordinate correction inferred
4066	292	12	Banya Island	6108	Teleport Source	110	31	True	True	variant	None		All	D10151	6109	D10151	D10151	88	51	True	True	exact	source-region-to-destination-region (MovementInfo directed edge)	1: Tools/dbeditor/workspace/MovementInfo.json + MapRegion.json | 2: reference/mir3-source/Source/GameServer/LocalDB.pas LoadMapInfos (MapInfo.txt gate model) | 3: 2026-09-25 map_manifest exact/renamed/variant/replacement/pending relation | 4: map terrain flag reader implemented independently by this audit generator	0.25	pending_manual_review	workspace region centroid is not an EI Envir gate record; no safe coordinate correction inferred
4067	784	D10151	赤月山谷5层	6110	Teleport Source	88	52	True	True	exact	None		All	12	6111	12	12	110	32	True	True	variant	source-region-to-destination-region (MovementInfo directed edge)	1: Tools/dbeditor/workspace/MovementInfo.json + MapRegion.json | 2: reference/mir3-source/Source/GameServer/LocalDB.pas LoadMapInfos (MapInfo.txt gate model) | 3: 2026-09-25 map_manifest exact/renamed/variant/replacement/pending relation | 4: map terrain flag reader implemented independently by this audit generator	0.25	pending_manual_review	workspace region centroid is not an EI Envir gate record; no safe coordinate correction inferred
4068	292	12	Banya Island	6112	Teleport Source	333	52	True	True	variant	None		All	D10151	6113	D10151	D10151	88	51	True	True	exact	source-region-to-destination-region (MovementInfo directed edge)	1: Tools/dbeditor/workspace/MovementInfo.json + MapRegion.json | 2: reference/mir3-source/Source/GameServer/LocalDB.pas LoadMapInfos (MapInfo.txt gate model) | 3: 2026-09-25 map_manifest exact/renamed/variant/replacement/pending relation | 4: map terrain flag reader implemented independently by this audit generator	0.25	pending_manual_review	workspace region centroid is not an EI Envir gate record; no safe coordinate correction inferred
4069	292	12	Banya Island	6114	Teleport Source	334	52	True	True	variant	None		All	D10151	6115	D10151	D10151	88	51	True	True	exact	source-region-to-destination-region (MovementInfo directed edge)	1: Tools/dbeditor/workspace/MovementInfo.json + MapRegion.json | 2: reference/mir3-source/Source/GameServer/LocalDB.pas LoadMapInfos (MapInfo.txt gate model) | 3: 2026-09-25 map_manifest exact/renamed/variant/replacement/pending relation | 4: map terrain flag reader implemented independently by this audit generator	0.25	pending_manual_review	workspace region centroid is not an EI Envir gate record; no safe coordinate correction inferred
4070	292	12	Banya Island	6116	Teleport Source	45	143	True	True	variant	None		All	D10151	6117	D10151	D10151	88	51	True	True	exact	source-region-to-destination-region (MovementInfo directed edge)	1: Tools/dbeditor/workspace/MovementInfo.json + MapRegion.json | 2: reference/mir3-source/Source/GameServer/LocalDB.pas LoadMapInfos (MapInfo.txt gate model) | 3: 2026-09-25 map_manifest exact/renamed/variant/replacement/pending relation | 4: map terrain flag reader implemented independently by this audit generator	0.25	pending_manual_review	workspace region centroid is not an EI Envir gate record; no safe coordinate correction inferred
4071	292	12	Banya Island	6118	Teleport Source	46	143	True	True	variant	None		All	D10151	6119	D10151	D10151	88	51	True	True	exact	source-region-to-destination-region (MovementInfo directed edge)	1: Tools/dbeditor/workspace/MovementInfo.json + MapRegion.json | 2: reference/mir3-source/Source/GameServer/LocalDB.pas LoadMapInfos (MapInfo.txt gate model) | 3: 2026-09-25 map_manifest exact/renamed/variant/replacement/pending relation | 4: map terrain flag reader implemented independently by this audit generator	0.25	pending_manual_review	workspace region centroid is not an EI Envir gate record; no safe coordinate correction inferred
4072	616	02	银杏山谷	6120	Teleport Source	482	322	True	True	exact	None		All	D011	6121	D011	D011	128	203	True	True	exact	source-region-to-destination-region (MovementInfo directed edge)	1: Tools/dbeditor/workspace/MovementInfo.json + MapRegion.json | 2: reference/mir3-source/Source/GameServer/LocalDB.pas LoadMapInfos (MapInfo.txt gate model) | 3: 2026-09-25 map_manifest exact/renamed/variant/replacement/pending relation | 4: map terrain flag reader implemented independently by this audit generator	0.25	pending_manual_review	workspace region centroid is not an EI Envir gate record; no safe coordinate correction inferred
4073	616	02	银杏山谷	6122	Teleport Source	483	322	True	True	exact	None		All	D011	6123	D011	D011	128	203	True	True	exact	source-region-to-destination-region (MovementInfo directed edge)	1: Tools/dbeditor/workspace/MovementInfo.json + MapRegion.json | 2: reference/mir3-source/Source/GameServer/LocalDB.pas LoadMapInfos (MapInfo.txt gate model) | 3: 2026-09-25 map_manifest exact/renamed/variant/replacement/pending relation | 4: map terrain flag reader implemented independently by this audit generator	0.25	pending_manual_review	workspace region centroid is not an EI Envir gate record; no safe coordinate correction inferred
4074	755	D011	天然洞穴1层	6124	Teleport Source	127	201	True	True	exact	None		All	02	6125	02	02	482	324	True	True	exact	source-region-to-destination-region (MovementInfo directed edge)	1: Tools/dbeditor/workspace/MovementInfo.json + MapRegion.json | 2: reference/mir3-source/Source/GameServer/LocalDB.pas LoadMapInfos (MapInfo.txt gate model) | 3: 2026-09-25 map_manifest exact/renamed/variant/replacement/pending relation | 4: map terrain flag reader implemented independently by this audit generator	0.25	pending_manual_review	workspace region centroid is not an EI Envir gate record; no safe coordinate correction inferred
4075	755	D011	天然洞穴1层	6126	Teleport Source	330	115	True	True	exact	None		All	02	6127	02	02	482	324	True	True	exact	source-region-to-destination-region (MovementInfo directed edge)	1: Tools/dbeditor/workspace/MovementInfo.json + MapRegion.json | 2: reference/mir3-source/Source/GameServer/LocalDB.pas LoadMapInfos (MapInfo.txt gate model) | 3: 2026-09-25 map_manifest exact/renamed/variant/replacement/pending relation | 4: map terrain flag reader implemented independently by this audit generator	0.25	pending_manual_review	workspace region centroid is not an EI Envir gate record; no safe coordinate correction inferred
4076	755	D011	天然洞穴1层	6128	Teleport Source	155	368	True	True	exact	None		All	02	6129	02	02	482	324	True	True	exact	source-region-to-destination-region (MovementInfo directed edge)	1: Tools/dbeditor/workspace/MovementInfo.json + MapRegion.json | 2: reference/mir3-source/Source/GameServer/LocalDB.pas LoadMapInfos (MapInfo.txt gate model) | 3: 2026-09-25 map_manifest exact/renamed/variant/replacement/pending relation | 4: map terrain flag reader implemented independently by this audit generator	0.25	pending_manual_review	workspace region centroid is not an EI Envir gate record; no safe coordinate correction inferred
4077	5	1	Lost Paradise	6130	Teleport Source	54	370	True	True	variant	None		All	D023	6131	D023	D023	199	195	True	True	exact	source-region-to-destination-region (MovementInfo directed edge)	1: Tools/dbeditor/workspace/MovementInfo.json + MapRegion.json | 2: reference/mir3-source/Source/GameServer/LocalDB.pas LoadMapInfos (MapInfo.txt gate model) | 3: 2026-09-25 map_manifest exact/renamed/variant/replacement/pending relation | 4: map terrain flag reader implemented independently by this audit generator	0.25	pending_manual_review	workspace region centroid is not an EI Envir gate record; no safe coordinate correction inferred
4078	5	1	Lost Paradise	6132	Teleport Source	54	369	True	True	variant	None		All	D023	6133	D023	D023	199	195	True	True	exact	source-region-to-destination-region (MovementInfo directed edge)	1: Tools/dbeditor/workspace/MovementInfo.json + MapRegion.json | 2: reference/mir3-source/Source/GameServer/LocalDB.pas LoadMapInfos (MapInfo.txt gate model) | 3: 2026-09-25 map_manifest exact/renamed/variant/replacement/pending relation | 4: map terrain flag reader implemented independently by this audit generator	0.25	pending_manual_review	workspace region centroid is not an EI Envir gate record; no safe coordinate correction inferred
4079	761	D023	沃玛神殿2层	6134	Teleport Source	198	194	True	True	exact	None		All	1	6135	1	1	55	371	True	True	variant	source-region-to-destination-region (MovementInfo directed edge)	1: Tools/dbeditor/workspace/MovementInfo.json + MapRegion.json | 2: reference/mir3-source/Source/GameServer/LocalDB.pas LoadMapInfos (MapInfo.txt gate model) | 3: 2026-09-25 map_manifest exact/renamed/variant/replacement/pending relation | 4: map terrain flag reader implemented independently by this audit generator	0.25	pending_manual_review	workspace region centroid is not an EI Envir gate record; no safe coordinate correction inferred
4080	761	D023	沃玛神殿2层	6136	Teleport Source	198	193	True	True	exact	None		All	1	6137	1	1	55	371	True	True	variant	source-region-to-destination-region (MovementInfo directed edge)	1: Tools/dbeditor/workspace/MovementInfo.json + MapRegion.json | 2: reference/mir3-source/Source/GameServer/LocalDB.pas LoadMapInfos (MapInfo.txt gate model) | 3: 2026-09-25 map_manifest exact/renamed/variant/replacement/pending relation | 4: map terrain flag reader implemented independently by this audit generator	0.25	pending_manual_review	workspace region centroid is not an EI Envir gate record; no safe coordinate correction inferred
4081	761	D023	沃玛神殿2层	6138	Teleport Source	52	366	True	True	exact	None		All	D024	6139	D024	D024	17	20	True	True	variant	source-region-to-destination-region (MovementInfo directed edge)	1: Tools/dbeditor/workspace/MovementInfo.json + MapRegion.json | 2: reference/mir3-source/Source/GameServer/LocalDB.pas LoadMapInfos (MapInfo.txt gate model) | 3: 2026-09-25 map_manifest exact/renamed/variant/replacement/pending relation | 4: map terrain flag reader implemented independently by this audit generator	0.25	pending_manual_review	workspace region centroid is not an EI Envir gate record; no safe coordinate correction inferred
4082	885	D505	祖玛神殿5层	6140	Teleport Source	123	10	True	True	variant	None		All	D5073	6141	D5073	D5073	10	69	True	True	variant	source-region-to-destination-region (MovementInfo directed edge)	1: Tools/dbeditor/workspace/MovementInfo.json + MapRegion.json | 2: reference/mir3-source/Source/GameServer/LocalDB.pas LoadMapInfos (MapInfo.txt gate model) | 3: 2026-09-25 map_manifest exact/renamed/variant/replacement/pending relation | 4: map terrain flag reader implemented independently by this audit generator	0.25	pending_manual_review	workspace region centroid is not an EI Envir gate record; no safe coordinate correction inferred
4083	897	D5073	祖玛神殿7层	6142	Teleport Source	9	70	True	True	variant	None		All	D505	6143	D505	D505	122	11	True	True	variant	source-region-to-destination-region (MovementInfo directed edge)	1: Tools/dbeditor/workspace/MovementInfo.json + MapRegion.json | 2: reference/mir3-source/Source/GameServer/LocalDB.pas LoadMapInfos (MapInfo.txt gate model) | 3: 2026-09-25 map_manifest exact/renamed/variant/replacement/pending relation | 4: map terrain flag reader implemented independently by this audit generator	0.25	pending_manual_review	workspace region centroid is not an EI Envir gate record; no safe coordinate correction inferred
4084	897	D5073	祖玛神殿7层	6144	Teleport Source	60	9	True	True	variant	None		All	d515	6145	d515	d515	14	32	True	True	variant	source-region-to-destination-region (MovementInfo directed edge)	1: Tools/dbeditor/workspace/MovementInfo.json + MapRegion.json | 2: reference/mir3-source/Source/GameServer/LocalDB.pas LoadMapInfos (MapInfo.txt gate model) | 3: 2026-09-25 map_manifest exact/renamed/variant/replacement/pending relation | 4: map terrain flag reader implemented independently by this audit generator	0.25	pending_manual_review	workspace region centroid is not an EI Envir gate record; no safe coordinate correction inferred
4085	616	02	银杏山谷	6146	Teleport Source	281	74	True	True	exact	None		All	D1101	6147	D1101	D1101	135	180	True	True	exact	source-region-to-destination-region (MovementInfo directed edge)	1: Tools/dbeditor/workspace/MovementInfo.json + MapRegion.json | 2: reference/mir3-source/Source/GameServer/LocalDB.pas LoadMapInfos (MapInfo.txt gate model) | 3: 2026-09-25 map_manifest exact/renamed/variant/replacement/pending relation | 4: map terrain flag reader implemented independently by this audit generator	0.25	pending_manual_review	workspace region centroid is not an EI Envir gate record; no safe coordinate correction inferred
4086	33	D1101	Zuma Temple Lv 1	6148	Teleport Source	134	181	True	True	exact	None		All	02	6149	02	02	280	75	True	True	exact	source-region-to-destination-region (MovementInfo directed edge)	1: Tools/dbeditor/workspace/MovementInfo.json + MapRegion.json | 2: reference/mir3-source/Source/GameServer/LocalDB.pas LoadMapInfos (MapInfo.txt gate model) | 3: 2026-09-25 map_manifest exact/renamed/variant/replacement/pending relation | 4: map terrain flag reader implemented independently by this audit generator	0.25	pending_manual_review	workspace region centroid is not an EI Envir gate record; no safe coordinate correction inferred
4087	33	D1101	Zuma Temple Lv 1	6150	Teleport Source	222	228	True	True	exact	None		All	D1102	6151	D1102	D1102	141	141	True	True	exact	source-region-to-destination-region (MovementInfo directed edge)	1: Tools/dbeditor/workspace/MovementInfo.json + MapRegion.json | 2: reference/mir3-source/Source/GameServer/LocalDB.pas LoadMapInfos (MapInfo.txt gate model) | 3: 2026-09-25 map_manifest exact/renamed/variant/replacement/pending relation | 4: map terrain flag reader implemented independently by this audit generator	0.25	pending_manual_review	workspace region centroid is not an EI Envir gate record; no safe coordinate correction inferred
4088	34	D1102	Zuma Temple Lv 2	6152	Teleport Source	140	140	True	True	exact	None		All	D1101	6153	D1101	D1101	221	227	True	True	exact	source-region-to-destination-region (MovementInfo directed edge)	1: Tools/dbeditor/workspace/MovementInfo.json + MapRegion.json | 2: reference/mir3-source/Source/GameServer/LocalDB.pas LoadMapInfos (MapInfo.txt gate model) | 3: 2026-09-25 map_manifest exact/renamed/variant/replacement/pending relation | 4: map terrain flag reader implemented independently by this audit generator	0.25	pending_manual_review	workspace region centroid is not an EI Envir gate record; no safe coordinate correction inferred
4089	34	D1102	Zuma Temple Lv 2	6154	Teleport Source	51	46	True	True	exact	None		All	D11032	6155	D11032	D11032	35	64	True	True	exact	source-region-to-destination-region (MovementInfo directed edge)	1: Tools/dbeditor/workspace/MovementInfo.json + MapRegion.json | 2: reference/mir3-source/Source/GameServer/LocalDB.pas LoadMapInfos (MapInfo.txt gate model) | 3: 2026-09-25 map_manifest exact/renamed/variant/replacement/pending relation | 4: map terrain flag reader implemented independently by this audit generator	0.25	pending_manual_review	workspace region centroid is not an EI Envir gate record; no safe coordinate correction inferred
4090	798	D11032	潘夜神殿3层东部	6156	Teleport Source	36	63	True	True	exact	None		All	D1102	6157	D1102	D1102	52	45	True	True	exact	source-region-to-destination-region (MovementInfo directed edge)	1: Tools/dbeditor/workspace/MovementInfo.json + MapRegion.json | 2: reference/mir3-source/Source/GameServer/LocalDB.pas LoadMapInfos (MapInfo.txt gate model) | 3: 2026-09-25 map_manifest exact/renamed/variant/replacement/pending relation | 4: map terrain flag reader implemented independently by this audit generator	0.25	pending_manual_review	workspace region centroid is not an EI Envir gate record; no safe coordinate correction inferred
4091	798	D11032	潘夜神殿3层东部	6158	Teleport Source	62	36	True	True	exact	None		All	D1102	6159	D1102	D1102	52	45	True	True	exact	source-region-to-destination-region (MovementInfo directed edge)	1: Tools/dbeditor/workspace/MovementInfo.json + MapRegion.json | 2: reference/mir3-source/Source/GameServer/LocalDB.pas LoadMapInfos (MapInfo.txt gate model) | 3: 2026-09-25 map_manifest exact/renamed/variant/replacement/pending relation | 4: map terrain flag reader implemented independently by this audit generator	0.25	pending_manual_review	workspace region centroid is not an EI Envir gate record; no safe coordinate correction inferred
4092	34	D1102	Zuma Temple Lv 2	6160	Teleport Source	255	254	True	True	exact	None		All	D11031	6161	D11031	D11031	207	333	True	True	variant	source-region-to-destination-region (MovementInfo directed edge)	1: Tools/dbeditor/workspace/MovementInfo.json + MapRegion.json | 2: reference/mir3-source/Source/GameServer/LocalDB.pas LoadMapInfos (MapInfo.txt gate model) | 3: 2026-09-25 map_manifest exact/renamed/variant/replacement/pending relation | 4: map terrain flag reader implemented independently by this audit generator	0.25	pending_manual_review	workspace region centroid is not an EI Envir gate record; no safe coordinate correction inferred
4093	797	D11031	潘夜神殿3层西部	6162	Teleport Source	206	332	True	True	variant	None		All	D1102	6163	D1102	D1102	254	253	True	True	exact	source-region-to-destination-region (MovementInfo directed edge)	1: Tools/dbeditor/workspace/MovementInfo.json + MapRegion.json | 2: reference/mir3-source/Source/GameServer/LocalDB.pas LoadMapInfos (MapInfo.txt gate model) | 3: 2026-09-25 map_manifest exact/renamed/variant/replacement/pending relation | 4: map terrain flag reader implemented independently by this audit generator	0.25	pending_manual_review	workspace region centroid is not an EI Envir gate record; no safe coordinate correction inferred
4094	805	D1115	潘夜神殿8层	6164	Teleport Source	200	199	True	True	exact	None		All	D1116	6165	D1116	D1116	91	13	True	True	exact	source-region-to-destination-region (MovementInfo directed edge)	1: Tools/dbeditor/workspace/MovementInfo.json + MapRegion.json | 2: reference/mir3-source/Source/GameServer/LocalDB.pas LoadMapInfos (MapInfo.txt gate model) | 3: 2026-09-25 map_manifest exact/renamed/variant/replacement/pending relation | 4: map terrain flag reader implemented independently by this audit generator	0.25	pending_manual_review	workspace region centroid is not an EI Envir gate record; no safe coordinate correction inferred
4095	616	02	银杏山谷	6166	Teleport Source	346	120	True	True	exact	None		All	D1215	6167	D1215	D1215	371	47	True	True	exact	source-region-to-destination-region (MovementInfo directed edge)	1: Tools/dbeditor/workspace/MovementInfo.json + MapRegion.json | 2: reference/mir3-source/Source/GameServer/LocalDB.pas LoadMapInfos (MapInfo.txt gate model) | 3: 2026-09-25 map_manifest exact/renamed/variant/replacement/pending relation | 4: map terrain flag reader implemented independently by this audit generator	0.25	pending_manual_review	workspace region centroid is not an EI Envir gate record; no safe coordinate correction inferred
4096	815	D1215	潘夜石窟5层	6168	Teleport Source	371	48	True	True	exact	None		All	02	6169	02	02	346	121	True	True	exact	source-region-to-destination-region (MovementInfo directed edge)	1: Tools/dbeditor/workspace/MovementInfo.json + MapRegion.json | 2: reference/mir3-source/Source/GameServer/LocalDB.pas LoadMapInfos (MapInfo.txt gate model) | 3: 2026-09-25 map_manifest exact/renamed/variant/replacement/pending relation | 4: map terrain flag reader implemented independently by this audit generator	0.25	pending_manual_review	workspace region centroid is not an EI Envir gate record; no safe coordinate correction inferred
4097	784	D10151	赤月山谷5层	6170	Teleport Source	152	16	True	True	exact	None		All	D10162	6171	D10162	D10162	11	25	True	True	variant	source-region-to-destination-region (MovementInfo directed edge)	1: Tools/dbeditor/workspace/MovementInfo.json + MapRegion.json | 2: reference/mir3-source/Source/GameServer/LocalDB.pas LoadMapInfos (MapInfo.txt gate model) | 3: 2026-09-25 map_manifest exact/renamed/variant/replacement/pending relation | 4: map terrain flag reader implemented independently by this audit generator	0.25	pending_manual_review	workspace region centroid is not an EI Envir gate record; no safe coordinate correction inferred
4098	616	02	银杏山谷	6172	Teleport Source	129	157	True	True	exact	None		All	d712	6173	d712	d712	364	226	True	True	variant	source-region-to-destination-region (MovementInfo directed edge)	1: Tools/dbeditor/workspace/MovementInfo.json + MapRegion.json | 2: reference/mir3-source/Source/GameServer/LocalDB.pas LoadMapInfos (MapInfo.txt gate model) | 3: 2026-09-25 map_manifest exact/renamed/variant/replacement/pending relation | 4: map terrain flag reader implemented independently by this audit generator	0.25	pending_manual_review	workspace region centroid is not an EI Envir gate record; no safe coordinate correction inferred
4099	942	d712	石阁2层	6174	Teleport Source	363	227	True	True	variant	None		All	02	6175	02	02	128	159	True	True	exact	source-region-to-destination-region (MovementInfo directed edge)	1: Tools/dbeditor/workspace/MovementInfo.json + MapRegion.json | 2: reference/mir3-source/Source/GameServer/LocalDB.pas LoadMapInfos (MapInfo.txt gate model) | 3: 2026-09-25 map_manifest exact/renamed/variant/replacement/pending relation | 4: map terrain flag reader implemented independently by this audit generator	0.25	pending_manual_review	workspace region centroid is not an EI Envir gate record; no safe coordinate correction inferred
4100	942	d712	石阁2层	6176	Teleport Source	31	193	True	True	variant	None		All	D717	6177	D717	D717	26	74	True	True	exact	source-region-to-destination-region (MovementInfo directed edge)	1: Tools/dbeditor/workspace/MovementInfo.json + MapRegion.json | 2: reference/mir3-source/Source/GameServer/LocalDB.pas LoadMapInfos (MapInfo.txt gate model) | 3: 2026-09-25 map_manifest exact/renamed/variant/replacement/pending relation | 4: map terrain flag reader implemented independently by this audit generator	0.25	pending_manual_review	workspace region centroid is not an EI Envir gate record; no safe coordinate correction inferred
4101	976	D717	石阁7层	6178	Teleport Source	25	75	True	True	exact	None		All	d712	6179	d712	d712	30	194	True	True	variant	source-region-to-destination-region (MovementInfo directed edge)	1: Tools/dbeditor/workspace/MovementInfo.json + MapRegion.json | 2: reference/mir3-source/Source/GameServer/LocalDB.pas LoadMapInfos (MapInfo.txt gate model) | 3: 2026-09-25 map_manifest exact/renamed/variant/replacement/pending relation | 4: map terrain flag reader implemented independently by this audit generator	0.25	pending_manual_review	workspace region centroid is not an EI Envir gate record; no safe coordinate correction inferred
4102	1	0	Bichon Town	6180	Teleport Source	764	206	True	True	variant	None		All	d6015	6181	d6015	d6015	10	26	True	True	exact	source-region-to-destination-region (MovementInfo directed edge)	1: Tools/dbeditor/workspace/MovementInfo.json + MapRegion.json | 2: reference/mir3-source/Source/GameServer/LocalDB.pas LoadMapInfos (MapInfo.txt gate model) | 3: 2026-09-25 map_manifest exact/renamed/variant/replacement/pending relation | 4: map terrain flag reader implemented independently by this audit generator	0.25	pending_manual_review	workspace region centroid is not an EI Envir gate record; no safe coordinate correction inferred
4103	919	d6015	生死关	6182	Teleport Source	9	25	True	True	exact	None		All	0	6183	0	0	763	209	True	True	variant	source-region-to-destination-region (MovementInfo directed edge)	1: Tools/dbeditor/workspace/MovementInfo.json + MapRegion.json | 2: reference/mir3-source/Source/GameServer/LocalDB.pas LoadMapInfos (MapInfo.txt gate model) | 3: 2026-09-25 map_manifest exact/renamed/variant/replacement/pending relation | 4: map terrain flag reader implemented independently by this audit generator	0.25	pending_manual_review	workspace region centroid is not an EI Envir gate record; no safe coordinate correction inferred
4104	1099	d15023	真天宫1层	6184	Teleport Source	258	276	True	True	pending	None		All	d15033	6185	d15033	d15033	30	34	True	True	pending	source-region-to-destination-region (MovementInfo directed edge)	1: Tools/dbeditor/workspace/MovementInfo.json + MapRegion.json | 2: reference/mir3-source/Source/GameServer/LocalDB.pas LoadMapInfos (MapInfo.txt gate model) | 3: 2026-09-25 map_manifest exact/renamed/variant/replacement/pending relation | 4: map terrain flag reader implemented independently by this audit generator	0.25	pending_manual_review	workspace region centroid is not an EI Envir gate record; no safe coordinate correction inferred
4105	1100	d15033	真天宫2层	6186	Teleport Source	29	33	True	True	pending	None		All	d15023	6187	d15023	d15023	257	273	True	True	pending	source-region-to-destination-region (MovementInfo directed edge)	1: Tools/dbeditor/workspace/MovementInfo.json + MapRegion.json | 2: reference/mir3-source/Source/GameServer/LocalDB.pas LoadMapInfos (MapInfo.txt gate model) | 3: 2026-09-25 map_manifest exact/renamed/variant/replacement/pending relation | 4: map terrain flag reader implemented independently by this audit generator	0.25	pending_manual_review	workspace region centroid is not an EI Envir gate record; no safe coordinate correction inferred
4106	1106	d1513	黑度宫4层	6188	Teleport Source	13	124	True	True	pending	None		All	d15033	6189	d15033	d15033	281	54	True	True	pending	source-region-to-destination-region (MovementInfo directed edge)	1: Tools/dbeditor/workspace/MovementInfo.json + MapRegion.json | 2: reference/mir3-source/Source/GameServer/LocalDB.pas LoadMapInfos (MapInfo.txt gate model) | 3: 2026-09-25 map_manifest exact/renamed/variant/replacement/pending relation | 4: map terrain flag reader implemented independently by this audit generator	0.25	pending_manual_review	workspace region centroid is not an EI Envir gate record; no safe coordinate correction inferred
4107	1106	d1513	黑度宫4层	6190	Teleport Source	14	125	True	True	pending	None		All	d15033	6191	d15033	d15033	281	54	True	True	pending	source-region-to-destination-region (MovementInfo directed edge)	1: Tools/dbeditor/workspace/MovementInfo.json + MapRegion.json | 2: reference/mir3-source/Source/GameServer/LocalDB.pas LoadMapInfos (MapInfo.txt gate model) | 3: 2026-09-25 map_manifest exact/renamed/variant/replacement/pending relation | 4: map terrain flag reader implemented independently by this audit generator	0.25	pending_manual_review	workspace region centroid is not an EI Envir gate record; no safe coordinate correction inferred
4108	1100	d15033	真天宫2层	6192	Teleport Source	282	53	True	True	pending	None		All	d1513	6193	d1513	d1513	15	123	True	True	pending	source-region-to-destination-region (MovementInfo directed edge)	1: Tools/dbeditor/workspace/MovementInfo.json + MapRegion.json | 2: reference/mir3-source/Source/GameServer/LocalDB.pas LoadMapInfos (MapInfo.txt gate model) | 3: 2026-09-25 map_manifest exact/renamed/variant/replacement/pending relation | 4: map terrain flag reader implemented independently by this audit generator	0.25	pending_manual_review	workspace region centroid is not an EI Envir gate record; no safe coordinate correction inferred
4109	1100	d15033	真天宫2层	6194	Teleport Source	285	290	True	True	pending	None		All	d15054	6195	d15054	d15054	180	182	True	True	pending	source-region-to-destination-region (MovementInfo directed edge)	1: Tools/dbeditor/workspace/MovementInfo.json + MapRegion.json | 2: reference/mir3-source/Source/GameServer/LocalDB.pas LoadMapInfos (MapInfo.txt gate model) | 3: 2026-09-25 map_manifest exact/renamed/variant/replacement/pending relation | 4: map terrain flag reader implemented independently by this audit generator	0.25	pending_manual_review	workspace region centroid is not an EI Envir gate record; no safe coordinate correction inferred
4110	1101	d15054	真天宫3层	6196	Teleport Source	181	185	True	True	pending	None		All	d15033	6197	d15033	d15033	284	287	True	True	pending	source-region-to-destination-region (MovementInfo directed edge)	1: Tools/dbeditor/workspace/MovementInfo.json + MapRegion.json | 2: reference/mir3-source/Source/GameServer/LocalDB.pas LoadMapInfos (MapInfo.txt gate model) | 3: 2026-09-25 map_manifest exact/renamed/variant/replacement/pending relation | 4: map terrain flag reader implemented independently by this audit generator	0.25	pending_manual_review	workspace region centroid is not an EI Envir gate record; no safe coordinate correction inferred
4111	1101	d15054	真天宫3层	6198	Teleport Source	285	288	True	True	pending	None		All	d1506	6199	d1506	d1506	44	64	True	True	pending	source-region-to-destination-region (MovementInfo directed edge)	1: Tools/dbeditor/workspace/MovementInfo.json + MapRegion.json | 2: reference/mir3-source/Source/GameServer/LocalDB.pas LoadMapInfos (MapInfo.txt gate model) | 3: 2026-09-25 map_manifest exact/renamed/variant/replacement/pending relation | 4: map terrain flag reader implemented independently by this audit generator	0.25	pending_manual_review	workspace region centroid is not an EI Envir gate record; no safe coordinate correction inferred
4112	1103	d1510	黑度宫1层	6200	Teleport Source	10	172	True	True	pending	None		All	d15111	6201	d15111	d15111	178	35	True	True	pending	source-region-to-destination-region (MovementInfo directed edge)	1: Tools/dbeditor/workspace/MovementInfo.json + MapRegion.json | 2: reference/mir3-source/Source/GameServer/LocalDB.pas LoadMapInfos (MapInfo.txt gate model) | 3: 2026-09-25 map_manifest exact/renamed/variant/replacement/pending relation | 4: map terrain flag reader implemented independently by this audit generator	0.25	pending_manual_review	workspace region centroid is not an EI Envir gate record; no safe coordinate correction inferred
4113	1104	d15111	黑度宫2层	6202	Teleport Source	179	34	True	True	pending	None		All	d1510	6203	d1510	d1510	11	171	True	True	pending	source-region-to-destination-region (MovementInfo directed edge)	1: Tools/dbeditor/workspace/MovementInfo.json + MapRegion.json | 2: reference/mir3-source/Source/GameServer/LocalDB.pas LoadMapInfos (MapInfo.txt gate model) | 3: 2026-09-25 map_manifest exact/renamed/variant/replacement/pending relation | 4: map terrain flag reader implemented independently by this audit generator	0.25	pending_manual_review	workspace region centroid is not an EI Envir gate record; no safe coordinate correction inferred
4114	1103	d1510	黑度宫1层	6204	Teleport Source	189	188	True	True	pending	None		All	d1512	6205	d1512	d1512	186	20	True	True	pending	source-region-to-destination-region (MovementInfo directed edge)	1: Tools/dbeditor/workspace/MovementInfo.json + MapRegion.json | 2: reference/mir3-source/Source/GameServer/LocalDB.pas LoadMapInfos (MapInfo.txt gate model) | 3: 2026-09-25 map_manifest exact/renamed/variant/replacement/pending relation | 4: map terrain flag reader implemented independently by this audit generator	0.25	pending_manual_review	workspace region centroid is not an EI Envir gate record; no safe coordinate correction inferred
4115	1105	d1512	黑度宫3层	6206	Teleport Source	187	19	True	True	pending	None		All	d1510	6207	d1510	d1510	188	186	True	True	pending	source-region-to-destination-region (MovementInfo directed edge)	1: Tools/dbeditor/workspace/MovementInfo.json + MapRegion.json | 2: reference/mir3-source/Source/GameServer/LocalDB.pas LoadMapInfos (MapInfo.txt gate model) | 3: 2026-09-25 map_manifest exact/renamed/variant/replacement/pending relation | 4: map terrain flag reader implemented independently by this audit generator	0.25	pending_manual_review	workspace region centroid is not an EI Envir gate record; no safe coordinate correction inferred
4116	1104	d15111	黑度宫2层	6208	Teleport Source	32	186	True	True	pending	None		All	d1512	6209	d1512	d1512	38	24	True	True	pending	source-region-to-destination-region (MovementInfo directed edge)	1: Tools/dbeditor/workspace/MovementInfo.json + MapRegion.json | 2: reference/mir3-source/Source/GameServer/LocalDB.pas LoadMapInfos (MapInfo.txt gate model) | 3: 2026-09-25 map_manifest exact/renamed/variant/replacement/pending relation | 4: map terrain flag reader implemented independently by this audit generator	0.25	pending_manual_review	workspace region centroid is not an EI Envir gate record; no safe coordinate correction inferred
4117	1105	d1512	黑度宫3层	6210	Teleport Source	39	23	True	True	pending	None		All	d15111	6211	d15111	d15111	33	185	True	True	pending	source-region-to-destination-region (MovementInfo directed edge)	1: Tools/dbeditor/workspace/MovementInfo.json + MapRegion.json | 2: reference/mir3-source/Source/GameServer/LocalDB.pas LoadMapInfos (MapInfo.txt gate model) | 3: 2026-09-25 map_manifest exact/renamed/variant/replacement/pending relation | 4: map terrain flag reader implemented independently by this audit generator	0.25	pending_manual_review	workspace region centroid is not an EI Envir gate record; no safe coordinate correction inferred
4118	1105	d1512	黑度宫3层	6212	Teleport Source	16	186	True	True	pending	None		All	d1513	6213	d1513	d1513	180	29	True	True	pending	source-region-to-destination-region (MovementInfo directed edge)	1: Tools/dbeditor/workspace/MovementInfo.json + MapRegion.json | 2: reference/mir3-source/Source/GameServer/LocalDB.pas LoadMapInfos (MapInfo.txt gate model) | 3: 2026-09-25 map_manifest exact/renamed/variant/replacement/pending relation | 4: map terrain flag reader implemented independently by this audit generator	0.25	pending_manual_review	workspace region centroid is not an EI Envir gate record; no safe coordinate correction inferred
4119	1106	d1513	黑度宫4层	6214	Teleport Source	181	28	True	True	pending	None		All	d1512	6215	d1512	d1512	17	185	True	True	pending	source-region-to-destination-region (MovementInfo directed edge)	1: Tools/dbeditor/workspace/MovementInfo.json + MapRegion.json | 2: reference/mir3-source/Source/GameServer/LocalDB.pas LoadMapInfos (MapInfo.txt gate model) | 3: 2026-09-25 map_manifest exact/renamed/variant/replacement/pending relation | 4: map terrain flag reader implemented independently by this audit generator	0.25	pending_manual_review	workspace region centroid is not an EI Envir gate record; no safe coordinate correction inferred
4120	1041	D900	神舰入口	6216	Teleport Source	48	59	True	True	exact	None		All	D901	6217	D901	D901	22	83	True	True	replacement	source-region-to-destination-region (MovementInfo directed edge)	1: Tools/dbeditor/workspace/MovementInfo.json + MapRegion.json | 2: reference/mir3-source/Source/GameServer/LocalDB.pas LoadMapInfos (MapInfo.txt gate model) | 3: 2026-09-25 map_manifest exact/renamed/variant/replacement/pending relation | 4: map terrain flag reader implemented independently by this audit generator	0.25	pending_manual_review	workspace region centroid is not an EI Envir gate record; no safe coordinate correction inferred
4121	165	D901	Red Moon Valley Lv 1	6218	Teleport Source	21	85	True	True	replacement	None		All	D900	6219	D900	D900	47	60	True	True	exact	source-region-to-destination-region (MovementInfo directed edge)	1: Tools/dbeditor/workspace/MovementInfo.json + MapRegion.json | 2: reference/mir3-source/Source/GameServer/LocalDB.pas LoadMapInfos (MapInfo.txt gate model) | 3: 2026-09-25 map_manifest exact/renamed/variant/replacement/pending relation | 4: map terrain flag reader implemented independently by this audit generator	0.25	pending_manual_review	workspace region centroid is not an EI Envir gate record; no safe coordinate correction inferred
4122	1042	D9021	神舰地下2层	6220	Teleport Source	57	21	True	True	replacement	None		All	D9022	6221	D9022	D9022	34	69	True	True	replacement	source-region-to-destination-region (MovementInfo directed edge)	1: Tools/dbeditor/workspace/MovementInfo.json + MapRegion.json | 2: reference/mir3-source/Source/GameServer/LocalDB.pas LoadMapInfos (MapInfo.txt gate model) | 3: 2026-09-25 map_manifest exact/renamed/variant/replacement/pending relation | 4: map terrain flag reader implemented independently by this audit generator	0.25	pending_manual_review	workspace region centroid is not an EI Envir gate record; no safe coordinate correction inferred
4123	1048	D9022	神舰地下2层	6222	Teleport Source	33	68	True	True	replacement	None		All	D9021	6223	D9021	D9021	58	22	True	True	replacement	source-region-to-destination-region (MovementInfo directed edge)	1: Tools/dbeditor/workspace/MovementInfo.json + MapRegion.json | 2: reference/mir3-source/Source/GameServer/LocalDB.pas LoadMapInfos (MapInfo.txt gate model) | 3: 2026-09-25 map_manifest exact/renamed/variant/replacement/pending relation | 4: map terrain flag reader implemented independently by this audit generator	0.25	pending_manual_review	workspace region centroid is not an EI Envir gate record; no safe coordinate correction inferred
4124	1108	d904	调控室	6224	Teleport Source	54	24	True	True	pending	None		All	d903	6225	d903	d903	53	52	True	True	pending	source-region-to-destination-region (MovementInfo directed edge)	1: Tools/dbeditor/workspace/MovementInfo.json + MapRegion.json | 2: reference/mir3-source/Source/GameServer/LocalDB.pas LoadMapInfos (MapInfo.txt gate model) | 3: 2026-09-25 map_manifest exact/renamed/variant/replacement/pending relation | 4: map terrain flag reader implemented independently by this audit generator	0.25	pending_manual_review	workspace region centroid is not an EI Envir gate record; no safe coordinate correction inferred
4125	1137	d9094	异界神灵	6226	Teleport Source	54	24	True	True	pending	None		All	d9093	6227	d9093	d9093	53	52	True	True	pending	source-region-to-destination-region (MovementInfo directed edge)	1: Tools/dbeditor/workspace/MovementInfo.json + MapRegion.json | 2: reference/mir3-source/Source/GameServer/LocalDB.pas LoadMapInfos (MapInfo.txt gate model) | 3: 2026-09-25 map_manifest exact/renamed/variant/replacement/pending relation | 4: map terrain flag reader implemented independently by this audit generator	0.25	pending_manual_review	workspace region centroid is not an EI Envir gate record; no safe coordinate correction inferred
4126	1042	D9021	神舰地下2层	6228	Teleport Source	69	126	True	True	replacement	None		All	D901	6229	D901	D901	88	51	True	True	replacement	source-region-to-destination-region (MovementInfo directed edge)	1: Tools/dbeditor/workspace/MovementInfo.json + MapRegion.json | 2: reference/mir3-source/Source/GameServer/LocalDB.pas LoadMapInfos (MapInfo.txt gate model) | 3: 2026-09-25 map_manifest exact/renamed/variant/replacement/pending relation | 4: map terrain flag reader implemented independently by this audit generator	0.25	pending_manual_review	workspace region centroid is not an EI Envir gate record; no safe coordinate correction inferred
4127	1042	D9021	神舰地下2层	6230	Teleport Source	75	71	True	True	replacement	None		All	D901	6231	D901	D901	88	51	True	True	replacement	source-region-to-destination-region (MovementInfo directed edge)	1: Tools/dbeditor/workspace/MovementInfo.json + MapRegion.json | 2: reference/mir3-source/Source/GameServer/LocalDB.pas LoadMapInfos (MapInfo.txt gate model) | 3: 2026-09-25 map_manifest exact/renamed/variant/replacement/pending relation | 4: map terrain flag reader implemented independently by this audit generator	0.25	pending_manual_review	workspace region centroid is not an EI Envir gate record; no safe coordinate correction inferred
4129	682	6	沙漠	6234	Teleport Source	209	459	True	True	variant	None		All	d2001	6235	d2001	d2001	283	280	True	True	pending	source-region-to-destination-region (MovementInfo directed edge)	1: Tools/dbeditor/workspace/MovementInfo.json + MapRegion.json | 2: reference/mir3-source/Source/GameServer/LocalDB.pas LoadMapInfos (MapInfo.txt gate model) | 3: 2026-09-25 map_manifest exact/renamed/variant/replacement/pending relation | 4: map terrain flag reader implemented independently by this audit generator	0.25	pending_manual_review	workspace region centroid is not an EI Envir gate record; no safe coordinate correction inferred
4130	682	6	沙漠	6236	Teleport Source	210	459	True	True	variant	None		All	d2001	6237	d2001	d2001	283	280	True	True	pending	source-region-to-destination-region (MovementInfo directed edge)	1: Tools/dbeditor/workspace/MovementInfo.json + MapRegion.json | 2: reference/mir3-source/Source/GameServer/LocalDB.pas LoadMapInfos (MapInfo.txt gate model) | 3: 2026-09-25 map_manifest exact/renamed/variant/replacement/pending relation | 4: map terrain flag reader implemented independently by this audit generator	0.25	pending_manual_review	workspace region centroid is not an EI Envir gate record; no safe coordinate correction inferred
4131	1111	d2001	西沙漠1层	6238	Teleport Source	284	281	True	True	pending	None		All	6	6239	6	6	209	461	True	True	variant	source-region-to-destination-region (MovementInfo directed edge)	1: Tools/dbeditor/workspace/MovementInfo.json + MapRegion.json | 2: reference/mir3-source/Source/GameServer/LocalDB.pas LoadMapInfos (MapInfo.txt gate model) | 3: 2026-09-25 map_manifest exact/renamed/variant/replacement/pending relation | 4: map terrain flag reader implemented independently by this audit generator	0.25	pending_manual_review	workspace region centroid is not an EI Envir gate record; no safe coordinate correction inferred
4132	1111	d2001	西沙漠1层	6240	Teleport Source	25	37	True	True	pending	None		All	d20023	6241	d20023	d20023	61	327	True	True	pending	source-region-to-destination-region (MovementInfo directed edge)	1: Tools/dbeditor/workspace/MovementInfo.json + MapRegion.json | 2: reference/mir3-source/Source/GameServer/LocalDB.pas LoadMapInfos (MapInfo.txt gate model) | 3: 2026-09-25 map_manifest exact/renamed/variant/replacement/pending relation | 4: map terrain flag reader implemented independently by this audit generator	0.25	pending_manual_review	workspace region centroid is not an EI Envir gate record; no safe coordinate correction inferred
4133	1112	d20023	西沙漠2层	6242	Teleport Source	60	328	True	True	pending	None		All	d2001	6243	d2001	d2001	26	38	True	True	pending	source-region-to-destination-region (MovementInfo directed edge)	1: Tools/dbeditor/workspace/MovementInfo.json + MapRegion.json | 2: reference/mir3-source/Source/GameServer/LocalDB.pas LoadMapInfos (MapInfo.txt gate model) | 3: 2026-09-25 map_manifest exact/renamed/variant/replacement/pending relation | 4: map terrain flag reader implemented independently by this audit generator	0.25	pending_manual_review	workspace region centroid is not an EI Envir gate record; no safe coordinate correction inferred
4134	1112	d20023	西沙漠2层	6244	Teleport Source	369	49	True	True	pending	None		All	d2005	6245	d2005	d2005	26	55	True	True	pending	source-region-to-destination-region (MovementInfo directed edge)	1: Tools/dbeditor/workspace/MovementInfo.json + MapRegion.json | 2: reference/mir3-source/Source/GameServer/LocalDB.pas LoadMapInfos (MapInfo.txt gate model) | 3: 2026-09-25 map_manifest exact/renamed/variant/replacement/pending relation | 4: map terrain flag reader implemented independently by this audit generator	0.25	pending_manual_review	workspace region centroid is not an EI Envir gate record; no safe coordinate correction inferred
4135	1115	82	冰原雪城	6246	Teleport Source	374	262	True	True	pending	None		All	0	6247	0	0	209	52	True	True	variant	source-region-to-destination-region (MovementInfo directed edge)	1: Tools/dbeditor/workspace/MovementInfo.json + MapRegion.json | 2: reference/mir3-source/Source/GameServer/LocalDB.pas LoadMapInfos (MapInfo.txt gate model) | 3: 2026-09-25 map_manifest exact/renamed/variant/replacement/pending relation | 4: map terrain flag reader implemented independently by this audit generator	0.25	pending_manual_review	workspace region centroid is not an EI Envir gate record; no safe coordinate correction inferred
4136	1115	82	冰原雪城	6248	Teleport Source	375	261	True	True	pending	None		All	0	6249	0	0	209	52	True	True	variant	source-region-to-destination-region (MovementInfo directed edge)	1: Tools/dbeditor/workspace/MovementInfo.json + MapRegion.json | 2: reference/mir3-source/Source/GameServer/LocalDB.pas LoadMapInfos (MapInfo.txt gate model) | 3: 2026-09-25 map_manifest exact/renamed/variant/replacement/pending relation | 4: map terrain flag reader implemented independently by this audit generator	0.25	pending_manual_review	workspace region centroid is not an EI Envir gate record; no safe coordinate correction inferred
4137	1115	82	冰原雪城	6250	Teleport Source	376	260	True	True	pending	None		All	0	6251	0	0	209	52	True	True	variant	source-region-to-destination-region (MovementInfo directed edge)	1: Tools/dbeditor/workspace/MovementInfo.json + MapRegion.json | 2: reference/mir3-source/Source/GameServer/LocalDB.pas LoadMapInfos (MapInfo.txt gate model) | 3: 2026-09-25 map_manifest exact/renamed/variant/replacement/pending relation | 4: map terrain flag reader implemented independently by this audit generator	0.25	pending_manual_review	workspace region centroid is not an EI Envir gate record; no safe coordinate correction inferred
4138	1	0	Bichon Town	6252	Teleport Source	207	51	True	True	variant	None		All	82	6253	82	82	373	260	True	True	pending	source-region-to-destination-region (MovementInfo directed edge)	1: Tools/dbeditor/workspace/MovementInfo.json + MapRegion.json | 2: reference/mir3-source/Source/GameServer/LocalDB.pas LoadMapInfos (MapInfo.txt gate model) | 3: 2026-09-25 map_manifest exact/renamed/variant/replacement/pending relation | 4: map terrain flag reader implemented independently by this audit generator	0.25	pending_manual_review	workspace region centroid is not an EI Envir gate record; no safe coordinate correction inferred
4139	1	0	Bichon Town	6254	Teleport Source	208	50	True	True	variant	None		All	82	6255	82	82	373	260	True	True	pending	source-region-to-destination-region (MovementInfo directed edge)	1: Tools/dbeditor/workspace/MovementInfo.json + MapRegion.json | 2: reference/mir3-source/Source/GameServer/LocalDB.pas LoadMapInfos (MapInfo.txt gate model) | 3: 2026-09-25 map_manifest exact/renamed/variant/replacement/pending relation | 4: map terrain flag reader implemented independently by this audit generator	0.25	pending_manual_review	workspace region centroid is not an EI Envir gate record; no safe coordinate correction inferred
4140	1115	82	冰原雪城	6256	Teleport Source	52	322	True	True	pending	None		All	d2101	6257	d2101	d2101	20	268	True	True	pending	source-region-to-destination-region (MovementInfo directed edge)	1: Tools/dbeditor/workspace/MovementInfo.json + MapRegion.json | 2: reference/mir3-source/Source/GameServer/LocalDB.pas LoadMapInfos (MapInfo.txt gate model) | 3: 2026-09-25 map_manifest exact/renamed/variant/replacement/pending relation | 4: map terrain flag reader implemented independently by this audit generator	0.25	pending_manual_review	workspace region centroid is not an EI Envir gate record; no safe coordinate correction inferred
4141	1117	d2101	冰原地下1层	6258	Teleport Source	19	269	True	True	pending	None		All	82	6259	82	82	51	323	True	True	pending	source-region-to-destination-region (MovementInfo directed edge)	1: Tools/dbeditor/workspace/MovementInfo.json + MapRegion.json | 2: reference/mir3-source/Source/GameServer/LocalDB.pas LoadMapInfos (MapInfo.txt gate model) | 3: 2026-09-25 map_manifest exact/renamed/variant/replacement/pending relation | 4: map terrain flag reader implemented independently by this audit generator	0.25	pending_manual_review	workspace region centroid is not an EI Envir gate record; no safe coordinate correction inferred
4142	1117	d2101	冰原地下1层	6260	Teleport Source	278	71	True	True	pending	None		All	d2104	6261	d2104	d2104	37	175	True	True	pending	source-region-to-destination-region (MovementInfo directed edge)	1: Tools/dbeditor/workspace/MovementInfo.json + MapRegion.json | 2: reference/mir3-source/Source/GameServer/LocalDB.pas LoadMapInfos (MapInfo.txt gate model) | 3: 2026-09-25 map_manifest exact/renamed/variant/replacement/pending relation | 4: map terrain flag reader implemented independently by this audit generator	0.25	pending_manual_review	workspace region centroid is not an EI Envir gate record; no safe coordinate correction inferred
4143	1118	d2104	冰原地下2层	6262	Teleport Source	37	174	True	True	pending	None		All	d2101	6263	d2101	d2101	277	70	True	True	pending	source-region-to-destination-region (MovementInfo directed edge)	1: Tools/dbeditor/workspace/MovementInfo.json + MapRegion.json | 2: reference/mir3-source/Source/GameServer/LocalDB.pas LoadMapInfos (MapInfo.txt gate model) | 3: 2026-09-25 map_manifest exact/renamed/variant/replacement/pending relation | 4: map terrain flag reader implemented independently by this audit generator	0.25	pending_manual_review	workspace region centroid is not an EI Envir gate record; no safe coordinate correction inferred
4144	1118	d2104	冰原地下2层	6264	Teleport Source	285	277	True	True	pending	None		All	d21051	6265	d21051	d21051	31	37	True	True	pending	source-region-to-destination-region (MovementInfo directed edge)	1: Tools/dbeditor/workspace/MovementInfo.json + MapRegion.json | 2: reference/mir3-source/Source/GameServer/LocalDB.pas LoadMapInfos (MapInfo.txt gate model) | 3: 2026-09-25 map_manifest exact/renamed/variant/replacement/pending relation | 4: map terrain flag reader implemented independently by this audit generator	0.25	pending_manual_review	workspace region centroid is not an EI Envir gate record; no safe coordinate correction inferred
4145	1118	d2104	冰原地下2层	6266	Teleport Source	286	276	True	True	pending	None		All	d21051	6267	d21051	d21051	31	37	True	True	pending	source-region-to-destination-region (MovementInfo directed edge)	1: Tools/dbeditor/workspace/MovementInfo.json + MapRegion.json | 2: reference/mir3-source/Source/GameServer/LocalDB.pas LoadMapInfos (MapInfo.txt gate model) | 3: 2026-09-25 map_manifest exact/renamed/variant/replacement/pending relation | 4: map terrain flag reader implemented independently by this audit generator	0.25	pending_manual_review	workspace region centroid is not an EI Envir gate record; no safe coordinate correction inferred
4146	1119	d21051	冰原通道	6268	Teleport Source	31	36	True	True	pending	None		All	d2104	6269	d2104	d2104	285	275	True	True	pending	source-region-to-destination-region (MovementInfo directed edge)	1: Tools/dbeditor/workspace/MovementInfo.json + MapRegion.json | 2: reference/mir3-source/Source/GameServer/LocalDB.pas LoadMapInfos (MapInfo.txt gate model) | 3: 2026-09-25 map_manifest exact/renamed/variant/replacement/pending relation | 4: map terrain flag reader implemented independently by this audit generator	0.25	pending_manual_review	workspace region centroid is not an EI Envir gate record; no safe coordinate correction inferred
4147	1119	d21051	冰原通道	6270	Teleport Source	68	36	True	True	pending	None		All	d2106	6271	d2106	d2106	18	46	True	True	pending	source-region-to-destination-region (MovementInfo directed edge)	1: Tools/dbeditor/workspace/MovementInfo.json + MapRegion.json | 2: reference/mir3-source/Source/GameServer/LocalDB.pas LoadMapInfos (MapInfo.txt gate model) | 3: 2026-09-25 map_manifest exact/renamed/variant/replacement/pending relation | 4: map terrain flag reader implemented independently by this audit generator	0.25	pending_manual_review	workspace region centroid is not an EI Envir gate record; no safe coordinate correction inferred
4148	1122	8_002	绝情塔口	6272	Teleport Source	180	185	True	True	pending	None		All	82	6273	82	82	148	75	True	True	pending	source-region-to-destination-region (MovementInfo directed edge)	1: Tools/dbeditor/workspace/MovementInfo.json + MapRegion.json | 2: reference/mir3-source/Source/GameServer/LocalDB.pas LoadMapInfos (MapInfo.txt gate model) | 3: 2026-09-25 map_manifest exact/renamed/variant/replacement/pending relation | 4: map terrain flag reader implemented independently by this audit generator	0.25	pending_manual_review	workspace region centroid is not an EI Envir gate record; no safe coordinate correction inferred
4149	1122	8_002	绝情塔口	6274	Teleport Source	181	184	True	True	pending	None		All	82	6275	82	82	148	75	True	True	pending	source-region-to-destination-region (MovementInfo directed edge)	1: Tools/dbeditor/workspace/MovementInfo.json + MapRegion.json | 2: reference/mir3-source/Source/GameServer/LocalDB.pas LoadMapInfos (MapInfo.txt gate model) | 3: 2026-09-25 map_manifest exact/renamed/variant/replacement/pending relation | 4: map terrain flag reader implemented independently by this audit generator	0.25	pending_manual_review	workspace region centroid is not an EI Envir gate record; no safe coordinate correction inferred
4150	1122	8_002	绝情塔口	6276	Teleport Source	182	183	True	True	pending	None		All	82	6277	82	82	148	75	True	True	pending	source-region-to-destination-region (MovementInfo directed edge)	1: Tools/dbeditor/workspace/MovementInfo.json + MapRegion.json | 2: reference/mir3-source/Source/GameServer/LocalDB.pas LoadMapInfos (MapInfo.txt gate model) | 3: 2026-09-25 map_manifest exact/renamed/variant/replacement/pending relation | 4: map terrain flag reader implemented independently by this audit generator	0.25	pending_manual_review	workspace region centroid is not an EI Envir gate record; no safe coordinate correction inferred
4151	1122	8_002	绝情塔口	6278	Teleport Source	183	182	True	True	pending	None		All	82	6279	82	82	148	75	True	True	pending	source-region-to-destination-region (MovementInfo directed edge)	1: Tools/dbeditor/workspace/MovementInfo.json + MapRegion.json | 2: reference/mir3-source/Source/GameServer/LocalDB.pas LoadMapInfos (MapInfo.txt gate model) | 3: 2026-09-25 map_manifest exact/renamed/variant/replacement/pending relation | 4: map terrain flag reader implemented independently by this audit generator	0.25	pending_manual_review	workspace region centroid is not an EI Envir gate record; no safe coordinate correction inferred
4152	1115	82	冰原雪城	6280	Teleport Source	147	74	True	True	pending	None		All	8_002	6281	8_002	8_002	179	180	True	True	pending	source-region-to-destination-region (MovementInfo directed edge)	1: Tools/dbeditor/workspace/MovementInfo.json + MapRegion.json | 2: reference/mir3-source/Source/GameServer/LocalDB.pas LoadMapInfos (MapInfo.txt gate model) | 3: 2026-09-25 map_manifest exact/renamed/variant/replacement/pending relation | 4: map terrain flag reader implemented independently by this audit generator	0.25	pending_manual_review	workspace region centroid is not an EI Envir gate record; no safe coordinate correction inferred
4153	1123	D2201	绝情塔1层	6282	Teleport Source	207	386	True	True	pending	None		All	8_002	6283	8_002	8_002	77	76	True	True	pending	source-region-to-destination-region (MovementInfo directed edge)	1: Tools/dbeditor/workspace/MovementInfo.json + MapRegion.json | 2: reference/mir3-source/Source/GameServer/LocalDB.pas LoadMapInfos (MapInfo.txt gate model) | 3: 2026-09-25 map_manifest exact/renamed/variant/replacement/pending relation | 4: map terrain flag reader implemented independently by this audit generator	0.25	pending_manual_review	workspace region centroid is not an EI Envir gate record; no safe coordinate correction inferred
4154	1123	D2201	绝情塔1层	6284	Teleport Source	25	201	True	True	pending	None		All	D2204	6285	D2204	D2204	199	42	True	True	pending	source-region-to-destination-region (MovementInfo directed edge)	1: Tools/dbeditor/workspace/MovementInfo.json + MapRegion.json | 2: reference/mir3-source/Source/GameServer/LocalDB.pas LoadMapInfos (MapInfo.txt gate model) | 3: 2026-09-25 map_manifest exact/renamed/variant/replacement/pending relation | 4: map terrain flag reader implemented independently by this audit generator	0.25	pending_manual_review	workspace region centroid is not an EI Envir gate record; no safe coordinate correction inferred
4155	1123	D2201	绝情塔1层	6286	Teleport Source	26	201	True	True	pending	None		All	D2204	6287	D2204	D2204	199	42	True	True	pending	source-region-to-destination-region (MovementInfo directed edge)	1: Tools/dbeditor/workspace/MovementInfo.json + MapRegion.json | 2: reference/mir3-source/Source/GameServer/LocalDB.pas LoadMapInfos (MapInfo.txt gate model) | 3: 2026-09-25 map_manifest exact/renamed/variant/replacement/pending relation | 4: map terrain flag reader implemented independently by this audit generator	0.25	pending_manual_review	workspace region centroid is not an EI Envir gate record; no safe coordinate correction inferred
4156	1123	D2201	绝情塔1层	6288	Teleport Source	201	25	True	True	pending	None		All	D2204	6289	D2204	D2204	39	203	True	True	pending	source-region-to-destination-region (MovementInfo directed edge)	1: Tools/dbeditor/workspace/MovementInfo.json + MapRegion.json | 2: reference/mir3-source/Source/GameServer/LocalDB.pas LoadMapInfos (MapInfo.txt gate model) | 3: 2026-09-25 map_manifest exact/renamed/variant/replacement/pending relation | 4: map terrain flag reader implemented independently by this audit generator	0.25	pending_manual_review	workspace region centroid is not an EI Envir gate record; no safe coordinate correction inferred
4157	1123	D2201	绝情塔1层	6290	Teleport Source	202	25	True	True	pending	None		All	D2204	6291	D2204	D2204	39	203	True	True	pending	source-region-to-destination-region (MovementInfo directed edge)	1: Tools/dbeditor/workspace/MovementInfo.json + MapRegion.json | 2: reference/mir3-source/Source/GameServer/LocalDB.pas LoadMapInfos (MapInfo.txt gate model) | 3: 2026-09-25 map_manifest exact/renamed/variant/replacement/pending relation | 4: map terrain flag reader implemented independently by this audit generator	0.25	pending_manual_review	workspace region centroid is not an EI Envir gate record; no safe coordinate correction inferred
4158	1123	D2201	绝情塔1层	6292	Teleport Source	377	201	True	True	pending	None		All	D2204	6293	D2204	D2204	199	362	True	True	pending	source-region-to-destination-region (MovementInfo directed edge)	1: Tools/dbeditor/workspace/MovementInfo.json + MapRegion.json | 2: reference/mir3-source/Source/GameServer/LocalDB.pas LoadMapInfos (MapInfo.txt gate model) | 3: 2026-09-25 map_manifest exact/renamed/variant/replacement/pending relation | 4: map terrain flag reader implemented independently by this audit generator	0.25	pending_manual_review	workspace region centroid is not an EI Envir gate record; no safe coordinate correction inferred
4159	1123	D2201	绝情塔1层	6294	Teleport Source	378	201	True	True	pending	None		All	D2204	6295	D2204	D2204	199	362	True	True	pending	source-region-to-destination-region (MovementInfo directed edge)	1: Tools/dbeditor/workspace/MovementInfo.json + MapRegion.json | 2: reference/mir3-source/Source/GameServer/LocalDB.pas LoadMapInfos (MapInfo.txt gate model) | 3: 2026-09-25 map_manifest exact/renamed/variant/replacement/pending relation | 4: map terrain flag reader implemented independently by this audit generator	0.25	pending_manual_review	workspace region centroid is not an EI Envir gate record; no safe coordinate correction inferred
4160	1	0	Bichon Town	6296	Teleport Source	446	434	True	True	variant	None		All	D0002_001	6297	D0002_001	D0002_001	11	15	True	True	renamed	source-region-to-destination-region (MovementInfo directed edge)	1: Tools/dbeditor/workspace/MovementInfo.json + MapRegion.json | 2: reference/mir3-source/Source/GameServer/LocalDB.pas LoadMapInfos (MapInfo.txt gate model) | 3: 2026-09-25 map_manifest exact/renamed/variant/replacement/pending relation | 4: map terrain flag reader implemented independently by this audit generator	0.25	pending_manual_review	workspace region centroid is not an EI Envir gate record; no safe coordinate correction inferred
4161	1126	D0002_001	飞天武术馆	6298	Teleport Source	11	16	True	True	renamed	None		All	0	6299	0	0	447	435	True	True	variant	source-region-to-destination-region (MovementInfo directed edge)	1: Tools/dbeditor/workspace/MovementInfo.json + MapRegion.json | 2: reference/mir3-source/Source/GameServer/LocalDB.pas LoadMapInfos (MapInfo.txt gate model) | 3: 2026-09-25 map_manifest exact/renamed/variant/replacement/pending relation | 4: map terrain flag reader implemented independently by this audit generator	0.25	pending_manual_review	workspace region centroid is not an EI Envir gate record; no safe coordinate correction inferred
4162	1126	D0002_001	飞天武术馆	6300	Teleport Source	12	15	True	True	renamed	None		All	0	6301	0	0	447	435	True	True	variant	source-region-to-destination-region (MovementInfo directed edge)	1: Tools/dbeditor/workspace/MovementInfo.json + MapRegion.json | 2: reference/mir3-source/Source/GameServer/LocalDB.pas LoadMapInfos (MapInfo.txt gate model) | 3: 2026-09-25 map_manifest exact/renamed/variant/replacement/pending relation | 4: map terrain flag reader implemented independently by this audit generator	0.25	pending_manual_review	workspace region centroid is not an EI Envir gate record; no safe coordinate correction inferred
4163	1127	D0002_002	魔界·虚幻	6302	Teleport Source	92	13	True	True	renamed	None		All	D0002_003	6303	D0002_003	D0002_003	19	86	True	True	renamed	source-region-to-destination-region (MovementInfo directed edge)	1: Tools/dbeditor/workspace/MovementInfo.json + MapRegion.json | 2: reference/mir3-source/Source/GameServer/LocalDB.pas LoadMapInfos (MapInfo.txt gate model) | 3: 2026-09-25 map_manifest exact/renamed/variant/replacement/pending relation | 4: map terrain flag reader implemented independently by this audit generator	0.25	pending_manual_review	workspace region centroid is not an EI Envir gate record; no safe coordinate correction inferred
4164	1128	D0002_003	魔界·暗影	6304	Teleport Source	92	13	True	True	renamed	None		All	D0002_004	6305	D0002_004	D0002_004	5	24	True	True	renamed	source-region-to-destination-region (MovementInfo directed edge)	1: Tools/dbeditor/workspace/MovementInfo.json + MapRegion.json | 2: reference/mir3-source/Source/GameServer/LocalDB.pas LoadMapInfos (MapInfo.txt gate model) | 3: 2026-09-25 map_manifest exact/renamed/variant/replacement/pending relation | 4: map terrain flag reader implemented independently by this audit generator	0.25	pending_manual_review	workspace region centroid is not an EI Envir gate record; no safe coordinate correction inferred
