original_map	hero_kill_map	map_file	hero_kill_file	zircon_map_info	zircon_map_file	relation	size	entrances_exits	city_town_safe_zone_landmarks	hero_kill_walkable	zircon_walkable	coordinate_transform	coordinate_reuse	confidence	evidence
0	0	/home/tetsuya/mir2ei/Map/0.map	/home/tetsuya/mir2ei/Map/0.map	"{""index"": 1, ""file"": ""0"", ""description"": ""Bichon Town""}"	/home/tetsuya/development/zircon/Debug/ServerCore/Map/0.map	variant	"{""hero_kill"": {""width"": 800, ""height"": 800}, ""zircon"": {""width"": 800, ""height"": 800}}"	"{""region_count"": 114, ""region_landmark_samples"": [""0 / Town Area"", ""0 / Bug Cave Entrance"", ""0 / Ant Cave Entrance"", ""0 / Bichon Castle Entrance"", ""0 / Bichon Caves Entrance"", ""0 / Deserted Mines Entrance"", ""0 / Phantom Forest Entrance"", ""0 / Sabuk Wall Entrance"", ""0 / North Way Entrance"", ""0 / Bichon Teleport Landing"", ""0 / Palace Entrance"", ""0 / Player Spawns"", ""0 / 0 / Accessory Store"", ""0 / 0 / Essential Store"", ""0 / 0 / Weapon Store"", ""0 / 0 / Book Store"", ""0 / 0 / Armour Store"", ""0 / 0 / Teleport Stone"", ""0 / 0 / Potion Store"", ""0 / 0 / Butcher Store"", ""0 / 0 / Collector Store"", ""0 / Spawn Ring 1"", ""0 / Spawn Ring 2"", ""0 / Spawn Ring 3"", ""0 / 0 / Stables Store"", ""0 / Grass Area"", ""0 / Teleport Source"", ""0 / Teleport Source"", ""0 / Teleport Source"", ""0 / Teleport Destination"", ""0 / Teleport Destination"", ""0 / Teleport Destination"", ""0 / Teleport Source"", ""0 / Teleport Source"", ""0 / Teleport Source"", ""0 / Teleport Source"", ""0 / Teleport Destination"", ""0 / Teleport Destination"", ""0 / Teleport Destination"", ""0 / Teleport Destination""], ""guard_count"": 23, ""guard_samples"": [""0 / Guard / 122 / 230"", ""0 / Guard / 128 / 241"", ""0 / Guard / 135 / 215"", ""0 / Guard / 143 / 204"", ""0 / Guard / 144 / 246"", ""0 / Guard / 147 / 259"", ""0 / Guard / 153 / 206"", ""0 / Guard / 157 / 270"", ""0 / Guard / 164 / 223"", ""0 / Guard / 167 / 226"", ""0 / Guard / 168 / 259"", ""0 / Guard / 177 / 206""], ""connected_maps"": [""01"", ""02"", ""0_000"", ""0_003"", ""1"", ""3"", ""82"", ""D0002_001"", ""d6015""], ""coordinate_evidence"": ""MapRegion PointRegion centers; no Merchant coordinate snapshot available""}"	"[""0 / Town Area"", ""0 / Bug Cave Entrance"", ""0 / Ant Cave Entrance"", ""0 / Bichon Castle Entrance"", ""0 / Bichon Caves Entrance"", ""0 / Deserted Mines Entrance"", ""0 / Phantom Forest Entrance"", ""0 / Sabuk Wall Entrance"", ""0 / North Way Entrance"", ""0 / Bichon Teleport Landing"", ""0 / Palace Entrance"", ""0 / Player Spawns"", ""0 / 0 / Accessory Store"", ""0 / 0 / Essential Store"", ""0 / 0 / Weapon Store"", ""0 / 0 / Book Store"", ""0 / 0 / Armour Store"", ""0 / 0 / Teleport Stone"", ""0 / 0 / Potion Store"", ""0 / 0 / Butcher Store"", ""0 / 0 / Collector Store"", ""0 / Spawn Ring 1"", ""0 / Spawn Ring 2"", ""0 / Spawn Ring 3"", ""0 / 0 / Stables Store"", ""0 / Grass Area"", ""0 / Teleport Source"", ""0 / Teleport Source"", ""0 / Teleport Source"", ""0 / Teleport Destination"", ""0 / Teleport Destination"", ""0 / Teleport Destination"", ""0 / Teleport Source"", ""0 / Teleport Source"", ""0 / Teleport Source"", ""0 / Teleport Source"", ""0 / Teleport Destination"", ""0 / Teleport Destination"", ""0 / Teleport Destination"", ""0 / Teleport Destination""]"	"{""status"": ""pass"", ""walkable_cells"": 349645, ""total_cells"": 640000, ""walkable_ratio"": 0.54632}"	"{""status"": ""pass"", ""walkable_cells"": 350476, ""total_cells"": 640000, ""walkable_ratio"": 0.547619}"	pending landmark mapping; no blind coordinate reuse	blocked	low	"{""relation"": ""same dimensions, different map bytes"", ""hero_kill_sha256"": ""0e83d6f87a12b4e20d0ff6ade09fc1e4e02be2f733fd9850a92168f397d8dae4"", ""zircon_sha256"": ""6fddcdd5f7e93f226fede0465a53d6e69057bbcc3344f3b682e7ab9ee94d5486""}"
0_000	0_000	/home/tetsuya/mir2ei/Map/0_000.map	/home/tetsuya/mir2ei/Map/0_000.map	"{""index"": 2, ""file"": ""0_000"", ""description"": ""Town Hall""}"	/home/tetsuya/development/zircon/Debug/ServerCore/Map/0_000.map	exact	"{""hero_kill"": {""width"": 70, ""height"": 70}, ""zircon"": {""width"": 70, ""height"": 70}}"	"{""region_count"": 6, ""region_landmark_samples"": [""0_000 / Entrance Door"", ""0_000 / Entrance Landing""], ""guard_count"": 0, ""guard_samples"": [], ""connected_maps"": [""0""], ""coordinate_evidence"": ""MapRegion PointRegion centers; no Merchant coordinate snapshot available""}"	"[""0_000 / Entrance Door"", ""0_000 / Entrance Landing""]"	"{""status"": ""pass"", ""walkable_cells"": 1165, ""total_cells"": 4900, ""walkable_ratio"": 0.237755}"	"{""status"": ""pass"", ""walkable_cells"": 1165, ""total_cells"": 4900, ""walkable_ratio"": 0.237755}"	identity logical-grid coordinates	allowed-after-point-check	high	"{""relation"": ""same local map bytes"", ""hero_kill_sha256"": ""83e81a4532416486191aeb8a1ed0437c02202b5cea2df4074a8508cf7ff7a016"", ""zircon_sha256"": ""83e81a4532416486191aeb8a1ed0437c02202b5cea2df4074a8508cf7ff7a016""}"
0_001	0_001	/home/tetsuya/mir2ei/Map/0_001.map	/home/tetsuya/mir2ei/Map/0_001.map	"{""index"": 3, ""file"": ""0_001"", ""description"": ""Left Wing""}"	/home/tetsuya/development/zircon/Debug/ServerCore/Map/0_001.map	exact	"{""hero_kill"": {""width"": 30, ""height"": 30}, ""zircon"": {""width"": 30, ""height"": 30}}"	"{""region_count"": 2, ""region_landmark_samples"": [], ""guard_count"": 0, ""guard_samples"": [], ""connected_maps"": [], ""coordinate_evidence"": ""MapRegion PointRegion centers; no Merchant coordinate snapshot available""}"	[]	"{""status"": ""pass"", ""walkable_cells"": 63, ""total_cells"": 900, ""walkable_ratio"": 0.07}"	"{""status"": ""pass"", ""walkable_cells"": 63, ""total_cells"": 900, ""walkable_ratio"": 0.07}"	identity logical-grid coordinates	allowed-after-point-check	high	"{""relation"": ""same local map bytes"", ""hero_kill_sha256"": ""2b1c7e4d90ca18b8e1bdf6326351e2833c94f0a1705d1fa76878fcb0258a01a6"", ""zircon_sha256"": ""2b1c7e4d90ca18b8e1bdf6326351e2833c94f0a1705d1fa76878fcb0258a01a6""}"
0_002	0_002	/home/tetsuya/mir2ei/Map/0_002.map	/home/tetsuya/mir2ei/Map/0_002.map	"{""index"": 4, ""file"": ""0_002"", ""description"": ""Right Wing""}"	/home/tetsuya/development/zircon/Debug/ServerCore/Map/0_002.map	exact	"{""hero_kill"": {""width"": 20, ""height"": 20}, ""zircon"": {""width"": 20, ""height"": 20}}"	"{""region_count"": 0, ""region_landmark_samples"": [], ""guard_count"": 0, ""guard_samples"": [], ""connected_maps"": [], ""coordinate_evidence"": ""MapRegion PointRegion centers; no Merchant coordinate snapshot available""}"	[]	"{""status"": ""pending"", ""walkable_cells"": null, ""total_cells"": null, ""walkable_ratio"": null}"	"{""status"": ""pending"", ""walkable_cells"": null, ""total_cells"": null, ""walkable_ratio"": null}"	identity logical-grid coordinates	allowed-after-point-check	high	"{""relation"": ""same local map bytes"", ""hero_kill_sha256"": ""69a1c2610df514b0f5fc39d2bd8c5f669b661030f459048260b72de41b0ad0f6"", ""zircon_sha256"": ""69a1c2610df514b0f5fc39d2bd8c5f669b661030f459048260b72de41b0ad0f6""}"
1	1	/home/tetsuya/mir2ei/Map/1.map	/home/tetsuya/mir2ei/Map/1.map	"{""index"": 5, ""file"": ""1"", ""description"": ""Lost Paradise""}"	/home/tetsuya/development/zircon/Debug/ServerCore/Map/1.map	variant	"{""hero_kill"": {""width"": 600, ""height"": 600}, ""zircon"": {""width"": 600, ""height"": 600}}"	"{""region_count"": 116, ""region_landmark_samples"": [""1 / Town Area"", ""1 / 1 / Teleport Stone"", ""1 / 1 / Potion Store"", ""1 / 1 / Collector Store"", ""1 / 1 / Butcher Store"", ""1 / 1 / Essential Store"", ""1 / 1 / Accessory Store"", ""1 / 1 / Armour Store"", ""1 / 1 / Book Store"", ""1 / 1 / Weapon Store"", ""1 / Player Spawns"", ""1 / Teleport Landing"", ""1 / Spawn Ring 1"", ""1 / Spawn Ring 2"", ""1 / Spawn Ring 3"", ""1 / Desert Area"", ""1 / Grass Area"", ""1 / Teleport Source"", ""1 / Teleport Destination"", ""1 / Teleport Source"", ""1 / Teleport Destination"", ""1 / Teleport Source"", ""1 / Teleport Destination"", ""1 / Teleport Source"", ""1 / Teleport Destination"", ""1 / Teleport Source"", ""1 / Teleport Destination"", ""1 / Teleport Source"", ""1 / Teleport Destination"", ""1 / Teleport Source"", ""1 / Teleport Destination"", ""1 / Teleport Source"", ""1 / Teleport Source"", ""1 / Teleport Destination"", ""1 / Teleport Destination"", ""1 / Teleport Source"", ""1 / Teleport Source"", ""1 / Teleport Source"", ""1 / Teleport Destination"", ""1 / Teleport Destination""], ""guard_count"": 15, ""guard_samples"": [""1 / Guard / 184 / 201"", ""1 / Guard / 190 / 220"", ""1 / Guard / 194 / 208"", ""1 / Guard / 203 / 191"", ""1 / Guard / 371 / 160"", ""1 / Guard / 375 / 164"", ""1 / Guard / 368 / 112"", ""1 / Guard / 372 / 108"", ""1 / Guard / 414 / 166"", ""1 / Guard / 417 / 163"", ""1 / Guard / 411 / 115"", ""1 / Guard / 414 / 118""], ""connected_maps"": [""0"", ""12"", ""1_001"", ""1_002"", ""1_003"", ""1_004"", ""1_005"", ""1_006"", ""1_007"", ""1_008"", ""1_009"", ""1_019"", ""D021"", ""D023""], ""coordinate_evidence"": ""MapRegion PointRegion centers; no Merchant coordinate snapshot available""}"	"[""1 / Town Area"", ""1 / 1 / Teleport Stone"", ""1 / 1 / Potion Store"", ""1 / 1 / Collector Store"", ""1 / 1 / Butcher Store"", ""1 / 1 / Essential Store"", ""1 / 1 / Accessory Store"", ""1 / 1 / Armour Store"", ""1 / 1 / Book Store"", ""1 / 1 / Weapon Store"", ""1 / Player Spawns"", ""1 / Teleport Landing"", ""1 / Spawn Ring 1"", ""1 / Spawn Ring 2"", ""1 / Spawn Ring 3"", ""1 / Desert Area"", ""1 / Grass Area"", ""1 / Teleport Source"", ""1 / Teleport Destination"", ""1 / Teleport Source"", ""1 / Teleport Destination"", ""1 / Teleport Source"", ""1 / Teleport Destination"", ""1 / Teleport Source"", ""1 / Teleport Destination"", ""1 / Teleport Source"", ""1 / Teleport Destination"", ""1 / Teleport Source"", ""1 / Teleport Destination"", ""1 / Teleport Source"", ""1 / Teleport Destination"", ""1 / Teleport Source"", ""1 / Teleport Source"", ""1 / Teleport Destination"", ""1 / Teleport Destination"", ""1 / Teleport Source"", ""1 / Teleport Source"", ""1 / Teleport Source"", ""1 / Teleport Destination"", ""1 / Teleport Destination""]"	"{""status"": ""pass"", ""walkable_cells"": 139734, ""total_cells"": 360000, ""walkable_ratio"": 0.38815}"	"{""status"": ""pass"", ""walkable_cells"": 141788, ""total_cells"": 360000, ""walkable_ratio"": 0.393856}"	pending landmark mapping; no blind coordinate reuse	blocked	low	"{""relation"": ""same dimensions, different map bytes"", ""hero_kill_sha256"": ""0d472ee80385a1169de9efacd108da1c20d7350be58a0b315c27022122d6082c"", ""zircon_sha256"": ""20fcf7ebc2a7f67a784b87a962cfd10388a89ea478a912508b21d0825193eb6a""}"
2	2	/home/tetsuya/mir2ei/Map/2.map	/home/tetsuya/mir2ei/Map/2.map	"{""index"": 6, ""file"": ""2"", ""description"": ""Banya Village""}"	/home/tetsuya/development/zircon/Debug/ServerCore/Map/2.map	exact	"{""hero_kill"": {""width"": 400, ""height"": 400}, ""zircon"": {""width"": 400, ""height"": 400}}"	"{""region_count"": 55, ""region_landmark_samples"": [""2 / Town Area"", ""2 / Player Spawns"", ""2 / 2 / Teleport Stone"", ""2 / Teleport Landing"", ""2 / 2 / Weapon Store"", ""2 / 2 / Armour Store"", ""2 / 2 / Collector Store"", ""2 / 2 / Accessory Store"", ""2 / 2 / Potion Store"", ""2 / 2 / Butcher Store"", ""2 / 2 / Book Store"", ""2 / 2 / Essential Store"", ""2 / Grass Area"", ""2 / Desert Area"", ""2 / Spawn Ring 1"", ""2 / Spawn Ring 2"", ""2 / Spawn Ring 3"", ""2 / Teleport Source"", ""2 / Teleport Source"", ""2 / Teleport Source"", ""2 / Teleport Destination"", ""2 / Teleport Destination"", ""2 / Teleport Destination"", ""2 / Teleport Destination"", ""2 / Teleport Source"", ""2 / Teleport Source"", ""2 / Teleport Source"", ""2 / Teleport Destination"", ""2 / Teleport Destination"", ""2 / Teleport Destination"", ""2 / Teleport Destination"", ""2 / Teleport Source"", ""2 / Teleport Destination"", ""2 / Teleport Source"", ""2 / Teleport Destination"", ""2 / Teleport Source"", ""2 / Teleport Destination""], ""guard_count"": 7, ""guard_samples"": [""2 / Guard / 132 / 159"", ""2 / Guard / 135 / 166"", ""2 / Guard / 141 / 147"", ""2 / Guard / 146 / 180"", ""2 / Guard / 158 / 181"", ""2 / Guard / 166 / 139"", ""2 / Guard / 170 / 169""], ""connected_maps"": [""31"", ""D421"", ""D431"", ""D451""], ""coordinate_evidence"": ""MapRegion PointRegion centers; no Merchant coordinate snapshot available""}"	"[""2 / Town Area"", ""2 / Player Spawns"", ""2 / 2 / Teleport Stone"", ""2 / Teleport Landing"", ""2 / 2 / Weapon Store"", ""2 / 2 / Armour Store"", ""2 / 2 / Collector Store"", ""2 / 2 / Accessory Store"", ""2 / 2 / Potion Store"", ""2 / 2 / Butcher Store"", ""2 / 2 / Book Store"", ""2 / 2 / Essential Store"", ""2 / Grass Area"", ""2 / Desert Area"", ""2 / Spawn Ring 1"", ""2 / Spawn Ring 2"", ""2 / Spawn Ring 3"", ""2 / Teleport Source"", ""2 / Teleport Source"", ""2 / Teleport Source"", ""2 / Teleport Destination"", ""2 / Teleport Destination"", ""2 / Teleport Destination"", ""2 / Teleport Destination"", ""2 / Teleport Source"", ""2 / Teleport Source"", ""2 / Teleport Source"", ""2 / Teleport Destination"", ""2 / Teleport Destination"", ""2 / Teleport Destination"", ""2 / Teleport Destination"", ""2 / Teleport Source"", ""2 / Teleport Destination"", ""2 / Teleport Source"", ""2 / Teleport Destination"", ""2 / Teleport Source"", ""2 / Teleport Destination""]"	"{""status"": ""pass"", ""walkable_cells"": 45608, ""total_cells"": 160000, ""walkable_ratio"": 0.28505}"	"{""status"": ""pass"", ""walkable_cells"": 45608, ""total_cells"": 160000, ""walkable_ratio"": 0.28505}"	identity logical-grid coordinates	allowed-after-point-check	high	"{""relation"": ""same local map bytes"", ""hero_kill_sha256"": ""8bc5205dd15ddd9968dc264324d510cba756152724f8e266f7ffcb6f56ceb55f"", ""zircon_sha256"": ""8bc5205dd15ddd9968dc264324d510cba756152724f8e266f7ffcb6f56ceb55f""}"
3	3	/home/tetsuya/mir2ei/Map/3.map	/home/tetsuya/mir2ei/Map/3.map	"{""index"": 7, ""file"": ""3"", ""description"": ""Sabuk Keep""}"	/home/tetsuya/development/zircon/Debug/ServerCore/Map/3.map	replacement	"{""hero_kill"": {""width"": 400, ""height"": 600}, ""zircon"": {""width"": 350, ""height"": 350}}"	"{""region_count"": 53, ""region_landmark_samples"": [""3 / Sabuk Area"", ""3 / Flag Area"", ""3 / Teleport Area Left"", ""3 / Teleport Stone Left"", ""3 / Teleport Landing Left"", ""3 / Bichon Town Door"", ""3 / Bichon Town Landing"", ""3 / Teleport Stone Castle"", ""3 / Teleport Landing Castle"", ""3 / Potion Store"", ""3 / Armour Store"", ""3 / Accessory Store"", ""3 / Essential Store"", ""3 / Weapon Store"", ""3 / Collector Store"", ""3 / 仓库系统"", ""3 / 传送沙城"", ""3 / 传送沙城1"", ""3 / 传送沙城2"", ""3 / 传送沙城3"", ""3 / 沙城官吏"", ""3 / 沙城旗帜"", ""3 / Teleport Destination"", ""3 / Teleport Destination"", ""3 / Teleport Destination"", ""3 / Teleport Destination"", ""3 / Teleport Source"", ""3 / Teleport Source"", ""3 / Teleport Source"", ""3 / Teleport Source"", ""3 / Teleport Source"", ""3 / Teleport Destination"", ""3 / Teleport Source"", ""3 / Teleport Source"", ""3 / Teleport Source"", ""3 / Teleport Destination"", ""3 / Teleport Source"", ""3 / Teleport Source"", ""3 / Teleport Source"", ""3 / Teleport Source""], ""guard_count"": 0, ""guard_samples"": [], ""connected_maps"": [""0""], ""coordinate_evidence"": ""MapRegion PointRegion centers; no Merchant coordinate snapshot available""}"	"[""3 / Sabuk Area"", ""3 / Flag Area"", ""3 / Teleport Area Left"", ""3 / Teleport Stone Left"", ""3 / Teleport Landing Left"", ""3 / Bichon Town Door"", ""3 / Bichon Town Landing"", ""3 / Teleport Stone Castle"", ""3 / Teleport Landing Castle"", ""3 / Potion Store"", ""3 / Armour Store"", ""3 / Accessory Store"", ""3 / Essential Store"", ""3 / Weapon Store"", ""3 / Collector Store"", ""3 / 仓库系统"", ""3 / 传送沙城"", ""3 / 传送沙城1"", ""3 / 传送沙城2"", ""3 / 传送沙城3"", ""3 / 沙城官吏"", ""3 / 沙城旗帜"", ""3 / Teleport Destination"", ""3 / Teleport Destination"", ""3 / Teleport Destination"", ""3 / Teleport Destination"", ""3 / Teleport Source"", ""3 / Teleport Source"", ""3 / Teleport Source"", ""3 / Teleport Source"", ""3 / Teleport Source"", ""3 / Teleport Destination"", ""3 / Teleport Source"", ""3 / Teleport Source"", ""3 / Teleport Source"", ""3 / Teleport Destination"", ""3 / Teleport Source"", ""3 / Teleport Source"", ""3 / Teleport Source"", ""3 / Teleport Source""]"	"{""status"": ""pass"", ""walkable_cells"": 103872, ""total_cells"": 240000, ""walkable_ratio"": 0.4328}"	"{""status"": ""pass"", ""walkable_cells"": 78060, ""total_cells"": 122500, ""walkable_ratio"": 0.637224}"	pending landmark mapping; no blind coordinate reuse	blocked	low	"{""relation"": ""different dimensions and bytes"", ""hero_kill_sha256"": ""16ab59c87042ab49e7b2e9587516891badbd998ae635a5760db654586d6cebf8"", ""zircon_sha256"": ""e92feb5e1e1fbaa297fb2f39dc2a5c5338564d27278737fbed590a68ba89717d""}"
4	4	/home/tetsuya/mir2ei/Map/4.map	/home/tetsuya/mir2ei/Map/4.map	"{""index"": 8, ""file"": ""4"", ""description"": ""Numa Village""}"	/home/tetsuya/development/zircon/Debug/ServerCore/Map/4.map	exact	"{""hero_kill"": {""width"": 800, ""height"": 800}, ""zircon"": {""width"": 800, ""height"": 800}}"	"{""region_count"": 95, ""region_landmark_samples"": [""4 / Safe Zone"", ""4 / Player Spawn Area"", ""4 / 4 / Teleport Stone"", ""4 / Teleport Landing"", ""4 / 4 / Potion Store"", ""4 / 4 / Collector Store"", ""4 / 4 / Weapon Store"", ""4 / 4 / Accessory Store"", ""4 / 4 / Essential Store"", ""4 / 4 / Armour Store"", ""4 / Spawn Ring 1"", ""4 / Spawn Ring 2"", ""4 / Teleport Source"", ""4 / Teleport Destination"", ""4 / Teleport Source"", ""4 / Teleport Destination"", ""4 / Teleport Source"", ""4 / Teleport Destination"", ""4 / Teleport Source"", ""4 / Teleport Destination"", ""4 / Teleport Source"", ""4 / Teleport Destination"", ""4 / Teleport Source"", ""4 / Teleport Destination"", ""4 / Teleport Source"", ""4 / Teleport Source"", ""4 / Teleport Source"", ""4 / Teleport Source"", ""4 / Teleport Source"", ""4 / Teleport Source"", ""4 / Teleport Source"", ""4 / Teleport Source"", ""4 / Teleport Source"", ""4 / Teleport Source"", ""4 / Teleport Source"", ""4 / Teleport Source"", ""4 / Teleport Source"", ""4 / Teleport Destination"", ""4 / Teleport Destination"", ""4 / Teleport Destination""], ""guard_count"": 0, ""guard_samples"": [], ""connected_maps"": [""41"", ""44"", ""4_001"", ""4_002"", ""4_003"", ""4_004"", ""4_005"", ""6"", ""D8102"", ""D8202""], ""coordinate_evidence"": ""MapRegion PointRegion centers; no Merchant coordinate snapshot available""}"	"[""4 / Safe Zone"", ""4 / Player Spawn Area"", ""4 / 4 / Teleport Stone"", ""4 / Teleport Landing"", ""4 / 4 / Potion Store"", ""4 / 4 / Collector Store"", ""4 / 4 / Weapon Store"", ""4 / 4 / Accessory Store"", ""4 / 4 / Essential Store"", ""4 / 4 / Armour Store"", ""4 / Spawn Ring 1"", ""4 / Spawn Ring 2"", ""4 / Teleport Source"", ""4 / Teleport Destination"", ""4 / Teleport Source"", ""4 / Teleport Destination"", ""4 / Teleport Source"", ""4 / Teleport Destination"", ""4 / Teleport Source"", ""4 / Teleport Destination"", ""4 / Teleport Source"", ""4 / Teleport Destination"", ""4 / Teleport Source"", ""4 / Teleport Destination"", ""4 / Teleport Source"", ""4 / Teleport Source"", ""4 / Teleport Source"", ""4 / Teleport Source"", ""4 / Teleport Source"", ""4 / Teleport Source"", ""4 / Teleport Source"", ""4 / Teleport Source"", ""4 / Teleport Source"", ""4 / Teleport Source"", ""4 / Teleport Source"", ""4 / Teleport Source"", ""4 / Teleport Source"", ""4 / Teleport Destination"", ""4 / Teleport Destination"", ""4 / Teleport Destination""]"	"{""status"": ""pass"", ""walkable_cells"": 233409, ""total_cells"": 640000, ""walkable_ratio"": 0.364702}"	"{""status"": ""pass"", ""walkable_cells"": 233409, ""total_cells"": 640000, ""walkable_ratio"": 0.364702}"	identity logical-grid coordinates	allowed-after-point-check	high	"{""relation"": ""same local map bytes"", ""hero_kill_sha256"": ""a7e55157fbe4e84a30df88838b03c09a505f0750bd7fe1131f3cf7880e572a3a"", ""zircon_sha256"": ""a7e55157fbe4e84a30df88838b03c09a505f0750bd7fe1131f3cf7880e572a3a""}"
5	5	/home/tetsuya/mir2ei/Map/5.map	/home/tetsuya/mir2ei/Map/5.map	"{""index"": 9, ""file"": ""5"", ""description"": ""Desert Mud Fortress""}"	/home/tetsuya/development/zircon/Debug/ServerCore/Map/5.map	replacement	"{""hero_kill"": {""width"": 400, ""height"": 400}, ""zircon"": {""width"": 350, ""height"": 350}}"	"{""region_count"": 69, ""region_landmark_samples"": [""5 / Teleport Area"", ""5 / 5 / Teleport Stone Left"", ""5 / Teleport Landing Left"", ""5 / 5 / Teleport Stone Castle"", ""5 / Teleport Landing Castle"", ""5 / 5 / Weapon Store"", ""5 / 5 / Essential Store"", ""5 / 5 / Collector Store"", ""5 / 5 / Accessory Store"", ""5 / 5 / Potion Store"", ""5 / 5 / Armour Store"", ""5 / Castle Area"", ""5 / Flag Area"", ""5 / Teleport Source"", ""5 / Teleport Destination"", ""5 / Teleport Source"", ""5 / Teleport Destination"", ""5 / Teleport Source"", ""5 / Teleport Destination"", ""5 / Teleport Source"", ""5 / Teleport Destination"", ""5 / Teleport Source"", ""5 / Teleport Destination"", ""5 / Teleport Source"", ""5 / Teleport Destination"", ""5 / Teleport Source"", ""5 / Teleport Destination"", ""5 / Teleport Source"", ""5 / Teleport Destination"", ""5 / Teleport Source"", ""5 / Teleport Destination"", ""5 / Teleport Source"", ""5 / Teleport Destination"", ""5 / Teleport Source"", ""5 / Teleport Destination"", ""5 / Teleport Source"", ""5 / Teleport Destination"", ""5 / 传送土城"", ""5 / Teleport Source"", ""5 / Teleport Source""], ""guard_count"": 0, ""guard_samples"": [], ""connected_maps"": [""5_0011"", ""5_0012"", ""5_0013"", ""5_002"", ""5_003"", ""5_004"", ""5_005"", ""5_006"", ""6"", ""D1301"", ""D505"", ""d15023"", ""d1510"", ""d1602""], ""coordinate_evidence"": ""MapRegion PointRegion centers; no Merchant coordinate snapshot available""}"	"[""5 / Teleport Area"", ""5 / 5 / Teleport Stone Left"", ""5 / Teleport Landing Left"", ""5 / 5 / Teleport Stone Castle"", ""5 / Teleport Landing Castle"", ""5 / 5 / Weapon Store"", ""5 / 5 / Essential Store"", ""5 / 5 / Collector Store"", ""5 / 5 / Accessory Store"", ""5 / 5 / Potion Store"", ""5 / 5 / Armour Store"", ""5 / Castle Area"", ""5 / Flag Area"", ""5 / Teleport Source"", ""5 / Teleport Destination"", ""5 / Teleport Source"", ""5 / Teleport Destination"", ""5 / Teleport Source"", ""5 / Teleport Destination"", ""5 / Teleport Source"", ""5 / Teleport Destination"", ""5 / Teleport Source"", ""5 / Teleport Destination"", ""5 / Teleport Source"", ""5 / Teleport Destination"", ""5 / Teleport Source"", ""5 / Teleport Destination"", ""5 / Teleport Source"", ""5 / Teleport Destination"", ""5 / Teleport Source"", ""5 / Teleport Destination"", ""5 / Teleport Source"", ""5 / Teleport Destination"", ""5 / Teleport Source"", ""5 / Teleport Destination"", ""5 / Teleport Source"", ""5 / Teleport Destination"", ""5 / 传送土城"", ""5 / Teleport Source"", ""5 / Teleport Source""]"	"{""status"": ""pass"", ""walkable_cells"": 60182, ""total_cells"": 160000, ""walkable_ratio"": 0.376138}"	"{""status"": ""pass"", ""walkable_cells"": 65379, ""total_cells"": 122500, ""walkable_ratio"": 0.533706}"	pending landmark mapping; no blind coordinate reuse	blocked	low	"{""relation"": ""different dimensions and bytes"", ""hero_kill_sha256"": ""84a2edc31a66580273d4a5f46841b1b99575d6b599711c3aa15a61ba8850dde7"", ""zircon_sha256"": ""da97d1d7d70a1c9bdabc786bc8a5d27708ab78eb0c21a458395a9487ff8fa84c""}"
D001	D001	/home/tetsuya/mir2ei/Map/D001.map	/home/tetsuya/mir2ei/Map/D001.map	"{""index"": 12, ""file"": ""D001"", ""description"": ""Phantom Forest""}"	/home/tetsuya/development/zircon/Debug/ServerCore/Map/D001.map	exact	"{""hero_kill"": {""width"": 400, ""height"": 400}, ""zircon"": {""width"": 400, ""height"": 400}}"	"{""region_count"": 16, ""region_landmark_samples"": [""D001 / Bichon Town Door"", ""D001 / Bichon Town Landing"", ""D001 / Respawn Areas"", ""D001 / Teleport Destination"", ""D001 / Teleport Source""], ""guard_count"": 0, ""guard_samples"": [], ""connected_maps"": [""D001_001""], ""coordinate_evidence"": ""MapRegion PointRegion centers; no Merchant coordinate snapshot available""}"	"[""D001 / Bichon Town Door"", ""D001 / Bichon Town Landing"", ""D001 / Respawn Areas"", ""D001 / Teleport Destination"", ""D001 / Teleport Source""]"	"{""status"": ""pass"", ""walkable_cells"": 49481, ""total_cells"": 160000, ""walkable_ratio"": 0.309256}"	"{""status"": ""pass"", ""walkable_cells"": 49481, ""total_cells"": 160000, ""walkable_ratio"": 0.309256}"	identity logical-grid coordinates	allowed-after-point-check	high	"{""relation"": ""same local map bytes"", ""hero_kill_sha256"": ""276c6fd1d6ebd057d9c37e45e26bb0b361045b49ce3ab5aff246292a639776ee"", ""zircon_sha256"": ""276c6fd1d6ebd057d9c37e45e26bb0b361045b49ce3ab5aff246292a639776ee""}"
D002	D002	/home/tetsuya/mir2ei/Map/D002.map	/home/tetsuya/mir2ei/Map/D002.map	"{""index"": 13, ""file"": ""D002"", ""description"": ""Desert""}"	/home/tetsuya/development/zircon/Debug/ServerCore/Map/D002.map	exact	"{""hero_kill"": {""width"": 400, ""height"": 400}, ""zircon"": {""width"": 400, ""height"": 400}}"	"{""region_count"": 20, ""region_landmark_samples"": [""D002 / West Desert Area"", ""D002 / Teleport Source"", ""D002 / Teleport Destination"", ""D002 / Teleport Source"", ""D002 / Teleport Destination"", ""D002 / Teleport Destination"", ""D002 / Teleport Source""], ""guard_count"": 0, ""guard_samples"": [], ""connected_maps"": [""D002_001"", ""DM001"", ""DM002""], ""coordinate_evidence"": ""MapRegion PointRegion centers; no Merchant coordinate snapshot available""}"	"[""D002 / West Desert Area"", ""D002 / Teleport Source"", ""D002 / Teleport Destination"", ""D002 / Teleport Source"", ""D002 / Teleport Destination"", ""D002 / Teleport Destination"", ""D002 / Teleport Source""]"	"{""status"": ""pass"", ""walkable_cells"": 28150, ""total_cells"": 160000, ""walkable_ratio"": 0.175937}"	"{""status"": ""pass"", ""walkable_cells"": 28150, ""total_cells"": 160000, ""walkable_ratio"": 0.175937}"	identity logical-grid coordinates	allowed-after-point-check	high	"{""relation"": ""same local map bytes"", ""hero_kill_sha256"": ""78448a57e6fbe3f17e5d6957672abdb7d488d67758c3b5de8d66961a8b8e359d"", ""zircon_sha256"": ""78448a57e6fbe3f17e5d6957672abdb7d488d67758c3b5de8d66961a8b8e359d""}"
D003	D003	/home/tetsuya/mir2ei/Map/D003.map	/home/tetsuya/mir2ei/Map/D003.map	"{""index"": 14, ""file"": ""D003"", ""description"": ""Lost Paradise Forest""}"	/home/tetsuya/development/zircon/Debug/ServerCore/Map/D003.map	exact	"{""hero_kill"": {""width"": 400, ""height"": 400}, ""zircon"": {""width"": 400, ""height"": 400}}"	"{""region_count"": 12, ""region_landmark_samples"": [""D003 / Monkey Spawn"", ""D003 / Crazed Spawn"", ""D003 / Teleport Source"", ""D003 / Teleport Destination"", ""D003 / Teleport Source"", ""D003 / Teleport Destination""], ""guard_count"": 0, ""guard_samples"": [], ""connected_maps"": [""E001"", ""E402""], ""coordinate_evidence"": ""MapRegion PointRegion centers; no Merchant coordinate snapshot available""}"	"[""D003 / Monkey Spawn"", ""D003 / Crazed Spawn"", ""D003 / Teleport Source"", ""D003 / Teleport Destination"", ""D003 / Teleport Source"", ""D003 / Teleport Destination""]"	"{""status"": ""pass"", ""walkable_cells"": 51391, ""total_cells"": 160000, ""walkable_ratio"": 0.321194}"	"{""status"": ""pass"", ""walkable_cells"": 51391, ""total_cells"": 160000, ""walkable_ratio"": 0.321194}"	identity logical-grid coordinates	allowed-after-point-check	high	"{""relation"": ""same local map bytes"", ""hero_kill_sha256"": ""c2bfd5d4e7b8d8c368ed7ecf08b1607dfae2ebb3d9077be150b1aac7691421a6"", ""zircon_sha256"": ""c2bfd5d4e7b8d8c368ed7ecf08b1607dfae2ebb3d9077be150b1aac7691421a6""}"
D1001	D1001	/home/tetsuya/mir2ei/Map/D1001.map	/home/tetsuya/mir2ei/Map/D1001.map	"{""index"": 16, ""file"": ""D1001"", ""description"": ""Banya Temple Lv 1""}"	/home/tetsuya/development/zircon/Debug/ServerCore/Map/D1001.map	exact	"{""hero_kill"": {""width"": 400, ""height"": 400}, ""zircon"": {""width"": 400, ""height"": 400}}"	"{""region_count"": 10, ""region_landmark_samples"": [""D1001 / Respawn Area 1"", ""D1001 / Respawn Area 2"", ""D1001 / Respawn Area 3""], ""guard_count"": 0, ""guard_samples"": [], ""connected_maps"": [], ""coordinate_evidence"": ""MapRegion PointRegion centers; no Merchant coordinate snapshot available""}"	"[""D1001 / Respawn Area 1"", ""D1001 / Respawn Area 2"", ""D1001 / Respawn Area 3""]"	"{""status"": ""pass"", ""walkable_cells"": 33105, ""total_cells"": 160000, ""walkable_ratio"": 0.206906}"	"{""status"": ""pass"", ""walkable_cells"": 33105, ""total_cells"": 160000, ""walkable_ratio"": 0.206906}"	identity logical-grid coordinates	allowed-after-point-check	high	"{""relation"": ""same local map bytes"", ""hero_kill_sha256"": ""0ed224e96df3adf134f11913668b819fccc41d2200806207058d204e49b29b31"", ""zircon_sha256"": ""0ed224e96df3adf134f11913668b819fccc41d2200806207058d204e49b29b31""}"
D1002	D1002	/home/tetsuya/mir2ei/Map/D1002.map	/home/tetsuya/mir2ei/Map/D1002.map	"{""index"": 17, ""file"": ""D1002"", ""description"": ""Banya Temple Lv 2""}"	/home/tetsuya/development/zircon/Debug/ServerCore/Map/D1002.map	exact	"{""hero_kill"": {""width"": 300, ""height"": 300}, ""zircon"": {""width"": 300, ""height"": 300}}"	"{""region_count"": 11, ""region_landmark_samples"": [""D1002 / Respawn Area 1"", ""D1002 / Respawn Area 2"", ""D1002 / Respawn Area 3"", ""D1002 / Respawn Area 4""], ""guard_count"": 0, ""guard_samples"": [], ""connected_maps"": [], ""coordinate_evidence"": ""MapRegion PointRegion centers; no Merchant coordinate snapshot available""}"	"[""D1002 / Respawn Area 1"", ""D1002 / Respawn Area 2"", ""D1002 / Respawn Area 3"", ""D1002 / Respawn Area 4""]"	"{""status"": ""pass"", ""walkable_cells"": 16468, ""total_cells"": 90000, ""walkable_ratio"": 0.182978}"	"{""status"": ""pass"", ""walkable_cells"": 16468, ""total_cells"": 90000, ""walkable_ratio"": 0.182978}"	identity logical-grid coordinates	allowed-after-point-check	high	"{""relation"": ""same local map bytes"", ""hero_kill_sha256"": ""4c74121059d4e6f881c8c05ff1552c480b235e05c161880b5865e0e9fb4a8933"", ""zircon_sha256"": ""4c74121059d4e6f881c8c05ff1552c480b235e05c161880b5865e0e9fb4a8933""}"
D10031	D10031	/home/tetsuya/mir2ei/Map/D10031.map	/home/tetsuya/mir2ei/Map/D10031.map	"{""index"": 18, ""file"": ""D10031"", ""description"": ""Banya Temple Lv 3-W""}"	/home/tetsuya/development/zircon/Debug/ServerCore/Map/D10031.map	exact	"{""hero_kill"": {""width"": 300, ""height"": 300}, ""zircon"": {""width"": 300, ""height"": 300}}"	"{""region_count"": 5, ""region_landmark_samples"": [""D10031 / Respawn Area 3"", ""D10031 / Respawn Area 5"", ""D10031 / Respawn Area 6"", ""D10031 / Respawn Area 7""], ""guard_count"": 0, ""guard_samples"": [], ""connected_maps"": [], ""coordinate_evidence"": ""MapRegion PointRegion centers; no Merchant coordinate snapshot available""}"	"[""D10031 / Respawn Area 3"", ""D10031 / Respawn Area 5"", ""D10031 / Respawn Area 6"", ""D10031 / Respawn Area 7""]"	"{""status"": ""pass"", ""walkable_cells"": 19557, ""total_cells"": 90000, ""walkable_ratio"": 0.2173}"	"{""status"": ""pass"", ""walkable_cells"": 19557, ""total_cells"": 90000, ""walkable_ratio"": 0.2173}"	identity logical-grid coordinates	allowed-after-point-check	high	"{""relation"": ""same local map bytes"", ""hero_kill_sha256"": ""5d70d99ddd82cf8ef71b71c764a75bebd6ba39980a7deeb402a33032a295f422"", ""zircon_sha256"": ""5d70d99ddd82cf8ef71b71c764a75bebd6ba39980a7deeb402a33032a295f422""}"
D10032	D10032	/home/tetsuya/mir2ei/Map/D10032.map	/home/tetsuya/mir2ei/Map/D10032.map	"{""index"": 19, ""file"": ""D10032"", ""description"": ""Banya Temple Lv 3-E""}"	/home/tetsuya/development/zircon/Debug/ServerCore/Map/D10032.map	exact	"{""hero_kill"": {""width"": 300, ""height"": 300}, ""zircon"": {""width"": 300, ""height"": 300}}"	"{""region_count"": 5, ""region_landmark_samples"": [], ""guard_count"": 0, ""guard_samples"": [], ""connected_maps"": [], ""coordinate_evidence"": ""MapRegion PointRegion centers; no Merchant coordinate snapshot available""}"	[]	"{""status"": ""pass"", ""walkable_cells"": 16906, ""total_cells"": 90000, ""walkable_ratio"": 0.187844}"	"{""status"": ""pass"", ""walkable_cells"": 16906, ""total_cells"": 90000, ""walkable_ratio"": 0.187844}"	identity logical-grid coordinates	allowed-after-point-check	high	"{""relation"": ""same local map bytes"", ""hero_kill_sha256"": ""b2d24f76d711075e971b649fcec14b245974c95dccbf8859723100f138e5cc6c"", ""zircon_sha256"": ""b2d24f76d711075e971b649fcec14b245974c95dccbf8859723100f138e5cc6c""}"
D1004	D1004	/home/tetsuya/mir2ei/Map/D1004.map	/home/tetsuya/mir2ei/Map/D1004.map	"{""index"": 20, ""file"": ""D1004"", ""description"": ""Banya Temple Lv 4""}"	/home/tetsuya/development/zircon/Debug/ServerCore/Map/D1004.map	exact	"{""hero_kill"": {""width"": 300, ""height"": 300}, ""zircon"": {""width"": 300, ""height"": 300}}"	"{""region_count"": 11, ""region_landmark_samples"": [""D1004 / Respawn Area 1"", ""D1004 / Respawn Area 2"", ""D1004 / Teleport Source"", ""D1004 / Teleport Destination"", ""D1004 / Teleport Source"", ""D1004 / Teleport Destination""], ""guard_count"": 0, ""guard_samples"": [], ""connected_maps"": [""D10051"", ""D10052""], ""coordinate_evidence"": ""MapRegion PointRegion centers; no Merchant coordinate snapshot available""}"	"[""D1004 / Respawn Area 1"", ""D1004 / Respawn Area 2"", ""D1004 / Teleport Source"", ""D1004 / Teleport Destination"", ""D1004 / Teleport Source"", ""D1004 / Teleport Destination""]"	"{""status"": ""pass"", ""walkable_cells"": 17821, ""total_cells"": 90000, ""walkable_ratio"": 0.198011}"	"{""status"": ""pass"", ""walkable_cells"": 17821, ""total_cells"": 90000, ""walkable_ratio"": 0.198011}"	identity logical-grid coordinates	allowed-after-point-check	high	"{""relation"": ""same local map bytes"", ""hero_kill_sha256"": ""00687c3cc0ea885d8c096deebce3d48dbd8fbdf68e982d4f7588318b4f7e2fd0"", ""zircon_sha256"": ""00687c3cc0ea885d8c096deebce3d48dbd8fbdf68e982d4f7588318b4f7e2fd0""}"
D1011	D1011	/home/tetsuya/mir2ei/Map/D1011.map	/home/tetsuya/mir2ei/Map/D1011.map	"{""index"": 29, ""file"": ""D1011"", ""description"": ""Banya Temple Lv 10""}"	/home/tetsuya/development/zircon/Debug/ServerCore/Map/D1011.map	exact	"{""hero_kill"": {""width"": 300, ""height"": 300}, ""zircon"": {""width"": 300, ""height"": 300}}"	"{""region_count"": 5, ""region_landmark_samples"": [""D1011 / Respawn Area 1"", ""D1011 / Respawn Area 2""], ""guard_count"": 0, ""guard_samples"": [], ""connected_maps"": [], ""coordinate_evidence"": ""MapRegion PointRegion centers; no Merchant coordinate snapshot available""}"	"[""D1011 / Respawn Area 1"", ""D1011 / Respawn Area 2""]"	"{""status"": ""pass"", ""walkable_cells"": 14512, ""total_cells"": 90000, ""walkable_ratio"": 0.161244}"	"{""status"": ""pass"", ""walkable_cells"": 14512, ""total_cells"": 90000, ""walkable_ratio"": 0.161244}"	identity logical-grid coordinates	allowed-after-point-check	high	"{""relation"": ""same local map bytes"", ""hero_kill_sha256"": ""a33ba56531aef2ea4a6f39b5f24b005e801de2bef9b25753da9309490101b31e"", ""zircon_sha256"": ""a33ba56531aef2ea4a6f39b5f24b005e801de2bef9b25753da9309490101b31e""}"
D1012	D1012	/home/tetsuya/mir2ei/Map/D1012.map	/home/tetsuya/mir2ei/Map/D1012.map	"{""index"": 30, ""file"": ""D1012"", ""description"": ""Banya Temple""}"	/home/tetsuya/development/zircon/Debug/ServerCore/Map/D1012.map	exact	"{""hero_kill"": {""width"": 300, ""height"": 300}, ""zircon"": {""width"": 300, ""height"": 300}}"	"{""region_count"": 8, ""region_landmark_samples"": [""D1012 / Boss Spawn"", ""D1012 / Teleport Source"", ""D1012 / Teleport Destination"", ""D1012 / Teleport Source"", ""D1012 / Teleport Destination""], ""guard_count"": 0, ""guard_samples"": [], ""connected_maps"": [""D10131"", ""D10132""], ""coordinate_evidence"": ""MapRegion PointRegion centers; no Merchant coordinate snapshot available""}"	"[""D1012 / Boss Spawn"", ""D1012 / Teleport Source"", ""D1012 / Teleport Destination"", ""D1012 / Teleport Source"", ""D1012 / Teleport Destination""]"	"{""status"": ""pass"", ""walkable_cells"": 14923, ""total_cells"": 90000, ""walkable_ratio"": 0.165811}"	"{""status"": ""pass"", ""walkable_cells"": 14923, ""total_cells"": 90000, ""walkable_ratio"": 0.165811}"	identity logical-grid coordinates	allowed-after-point-check	high	"{""relation"": ""same local map bytes"", ""hero_kill_sha256"": ""5a8c54c79eff43c1ffbd765c2618d8b74d8d4601932f2383dea528fcbba34d74"", ""zircon_sha256"": ""5a8c54c79eff43c1ffbd765c2618d8b74d8d4601932f2383dea528fcbba34d74""}"
D1101	D1101	/home/tetsuya/mir2ei/Map/D1101.map	/home/tetsuya/mir2ei/Map/D1101.map	"{""index"": 33, ""file"": ""D1101"", ""description"": ""Zuma Temple Lv 1""}"	/home/tetsuya/development/zircon/Debug/ServerCore/Map/D1101.map	exact	"{""hero_kill"": {""width"": 300, ""height"": 300}, ""zircon"": {""width"": 300, ""height"": 300}}"	"{""region_count"": 18, ""region_landmark_samples"": [""D1101 / Respawn Area 2"", ""D1101 / Banyo Captain Spawn"", ""D1101 / Banyo Soldier Spawn"", ""D1101 / Sama Ice Guardian Spawn"", ""D1101 / Ghost Mage Spawn"", ""D1101 / Flame Demon Spawn"", ""D1101 / Dust Devil Spawn"", ""D1101 / Teleport Destination"", ""D1101 / Teleport Source"", ""D1101 / Teleport Source"", ""D1101 / Teleport Destination""], ""guard_count"": 0, ""guard_samples"": [], ""connected_maps"": [""02"", ""D1102""], ""coordinate_evidence"": ""MapRegion PointRegion centers; no Merchant coordinate snapshot available""}"	"[""D1101 / Respawn Area 2"", ""D1101 / Banyo Captain Spawn"", ""D1101 / Banyo Soldier Spawn"", ""D1101 / Sama Ice Guardian Spawn"", ""D1101 / Ghost Mage Spawn"", ""D1101 / Flame Demon Spawn"", ""D1101 / Dust Devil Spawn"", ""D1101 / Teleport Destination"", ""D1101 / Teleport Source"", ""D1101 / Teleport Source"", ""D1101 / Teleport Destination""]"	"{""status"": ""pass"", ""walkable_cells"": 14296, ""total_cells"": 90000, ""walkable_ratio"": 0.158844}"	"{""status"": ""pass"", ""walkable_cells"": 14296, ""total_cells"": 90000, ""walkable_ratio"": 0.158844}"	identity logical-grid coordinates	allowed-after-point-check	high	"{""relation"": ""same local map bytes"", ""hero_kill_sha256"": ""8f220fd55e718b42b81dbe56a961cf8c7d2d271cd41dde93d1050ac687b0eec6"", ""zircon_sha256"": ""8f220fd55e718b42b81dbe56a961cf8c7d2d271cd41dde93d1050ac687b0eec6""}"
D1102	D1102	/home/tetsuya/mir2ei/Map/D1102.map	/home/tetsuya/mir2ei/Map/D1102.map	"{""index"": 34, ""file"": ""D1102"", ""description"": ""Zuma Temple Lv 2""}"	/home/tetsuya/development/zircon/Debug/ServerCore/Map/D1102.map	exact	"{""hero_kill"": {""width"": 300, ""height"": 300}, ""zircon"": {""width"": 300, ""height"": 300}}"	"{""region_count"": 22, ""region_landmark_samples"": [""D1102 / Teleport Source"", ""D1102 / Teleport Destination"", ""D1102 / Teleport Source"", ""D1102 / Teleport Destination"", ""D1102 / Banyo Captain Spawn"", ""D1102 / Banyo Soldier Spawn"", ""D1102 / Ghost Mage Spawn"", ""D1102 / Sama Ice Guardian Spawn"", ""D1102 / Dust Devil Spawn"", ""D1102 / Flame Demon Spawn"", ""D1102 / Teleport Destination"", ""D1102 / Teleport Source"", ""D1102 / Teleport Source"", ""D1102 / Teleport Destination"", ""D1102 / Teleport Destination"", ""D1102 / Teleport Source"", ""D1102 / Teleport Destination""], ""guard_count"": 0, ""guard_samples"": [], ""connected_maps"": [""D1101"", ""D11031"", ""D11032""], ""coordinate_evidence"": ""MapRegion PointRegion centers; no Merchant coordinate snapshot available""}"	"[""D1102 / Teleport Source"", ""D1102 / Teleport Destination"", ""D1102 / Teleport Source"", ""D1102 / Teleport Destination"", ""D1102 / Banyo Captain Spawn"", ""D1102 / Banyo Soldier Spawn"", ""D1102 / Ghost Mage Spawn"", ""D1102 / Sama Ice Guardian Spawn"", ""D1102 / Dust Devil Spawn"", ""D1102 / Flame Demon Spawn"", ""D1102 / Teleport Destination"", ""D1102 / Teleport Source"", ""D1102 / Teleport Source"", ""D1102 / Teleport Destination"", ""D1102 / Teleport Destination"", ""D1102 / Teleport Source"", ""D1102 / Teleport Destination""]"	"{""status"": ""pass"", ""walkable_cells"": 16147, ""total_cells"": 90000, ""walkable_ratio"": 0.179411}"	"{""status"": ""pass"", ""walkable_cells"": 16147, ""total_cells"": 90000, ""walkable_ratio"": 0.179411}"	identity logical-grid coordinates	allowed-after-point-check	high	"{""relation"": ""same local map bytes"", ""hero_kill_sha256"": ""7243b1ae2f48b40a8f1928ce4242ffe9aaa1b7a5d99c648deb38bfbeaa98c471"", ""zircon_sha256"": ""7243b1ae2f48b40a8f1928ce4242ffe9aaa1b7a5d99c648deb38bfbeaa98c471""}"
D1104	D1104	/home/tetsuya/mir2ei/Map/D1104.map	/home/tetsuya/mir2ei/Map/D1104.map	"{""index"": 36, ""file"": ""D1104"", ""description"": ""Zuma Temple Lv 4""}"	/home/tetsuya/development/zircon/Debug/ServerCore/Map/D1104.map	exact	"{""hero_kill"": {""width"": 200, ""height"": 200}, ""zircon"": {""width"": 200, ""height"": 200}}"	"{""region_count"": 5, ""region_landmark_samples"": [""D1104 / Teleport Destination"", ""D1104 / Teleport Source""], ""guard_count"": 0, ""guard_samples"": [], ""connected_maps"": [""D11032""], ""coordinate_evidence"": ""MapRegion PointRegion centers; no Merchant coordinate snapshot available""}"	"[""D1104 / Teleport Destination"", ""D1104 / Teleport Source""]"	"{""status"": ""pass"", ""walkable_cells"": 10271, ""total_cells"": 40000, ""walkable_ratio"": 0.256775}"	"{""status"": ""pass"", ""walkable_cells"": 10271, ""total_cells"": 40000, ""walkable_ratio"": 0.256775}"	identity logical-grid coordinates	allowed-after-point-check	high	"{""relation"": ""same local map bytes"", ""hero_kill_sha256"": ""3852e91348f206759bcd64c67f848175a05f9164b6ff2c4e9deee38c306da6cc"", ""zircon_sha256"": ""3852e91348f206759bcd64c67f848175a05f9164b6ff2c4e9deee38c306da6cc""}"
D1105	D1105	/home/tetsuya/mir2ei/Map/D1105.map	/home/tetsuya/mir2ei/Map/D1105.map	"{""index"": 37, ""file"": ""D1105"", ""description"": ""Zuma Temple Lv 5""}"	/home/tetsuya/development/zircon/Debug/ServerCore/Map/D1105.map	exact	"{""hero_kill"": {""width"": 300, ""height"": 300}, ""zircon"": {""width"": 300, ""height"": 300}}"	"{""region_count"": 11, ""region_landmark_samples"": [""D1105 / Respawn Area 1"", ""D1105 / Respawn Area 2"", ""D1105 / Respawn Area 3"", ""D1105 / Respawn Area 4"", ""D1105 / Respawn Area 5""], ""guard_count"": 0, ""guard_samples"": [], ""connected_maps"": [], ""coordinate_evidence"": ""MapRegion PointRegion centers; no Merchant coordinate snapshot available""}"	"[""D1105 / Respawn Area 1"", ""D1105 / Respawn Area 2"", ""D1105 / Respawn Area 3"", ""D1105 / Respawn Area 4"", ""D1105 / Respawn Area 5""]"	"{""status"": ""pass"", ""walkable_cells"": 22403, ""total_cells"": 90000, ""walkable_ratio"": 0.248922}"	"{""status"": ""pass"", ""walkable_cells"": 22403, ""total_cells"": 90000, ""walkable_ratio"": 0.248922}"	identity logical-grid coordinates	allowed-after-point-check	high	"{""relation"": ""same local map bytes"", ""hero_kill_sha256"": ""137a0edef51bfdeceb90d43866a48723a05c18dc5de1170fc24e45c056f7b0ae"", ""zircon_sha256"": ""137a0edef51bfdeceb90d43866a48723a05c18dc5de1170fc24e45c056f7b0ae""}"
D12031	D12031	/home/tetsuya/mir2ei/Map/D12031.map	/home/tetsuya/mir2ei/Map/D12031.map	"{""index"": 52, ""file"": ""D12031"", ""description"": ""Jinchon Palace Lv 4-S""}"	/home/tetsuya/development/zircon/Debug/ServerCore/Map/D12031.map	exact	"{""hero_kill"": {""width"": 200, ""height"": 200}, ""zircon"": {""width"": 200, ""height"": 200}}"	"{""region_count"": 7, ""region_landmark_samples"": [""D12031 / Teleport Destination"", ""D12031 / Teleport Source"", ""D12031 / Teleport Source"", ""D12031 / Teleport Destination""], ""guard_count"": 0, ""guard_samples"": [], ""connected_maps"": [""D1202"", ""D1204""], ""coordinate_evidence"": ""MapRegion PointRegion centers; no Merchant coordinate snapshot available""}"	"[""D12031 / Teleport Destination"", ""D12031 / Teleport Source"", ""D12031 / Teleport Source"", ""D12031 / Teleport Destination""]"	"{""status"": ""pass"", ""walkable_cells"": 10862, ""total_cells"": 40000, ""walkable_ratio"": 0.27155}"	"{""status"": ""pass"", ""walkable_cells"": 10862, ""total_cells"": 40000, ""walkable_ratio"": 0.27155}"	identity logical-grid coordinates	allowed-after-point-check	high	"{""relation"": ""same local map bytes"", ""hero_kill_sha256"": ""77ad388f33283e61eb53670a31f018cb326cca34d9e1bb276db52122fb2998f7"", ""zircon_sha256"": ""77ad388f33283e61eb53670a31f018cb326cca34d9e1bb276db52122fb2998f7""}"
D12032	D12032	/home/tetsuya/mir2ei/Map/D12032.map	/home/tetsuya/mir2ei/Map/D12032.map	"{""index"": 53, ""file"": ""D12032"", ""description"": ""Jinchon Palace Lv 4-E""}"	/home/tetsuya/development/zircon/Debug/ServerCore/Map/D12032.map	exact	"{""hero_kill"": {""width"": 200, ""height"": 200}, ""zircon"": {""width"": 200, ""height"": 200}}"	"{""region_count"": 7, ""region_landmark_samples"": [""D12032 / Teleport Destination"", ""D12032 / Teleport Source"", ""D12032 / Teleport Source"", ""D12032 / Teleport Destination""], ""guard_count"": 0, ""guard_samples"": [], ""connected_maps"": [""D1202"", ""D1204""], ""coordinate_evidence"": ""MapRegion PointRegion centers; no Merchant coordinate snapshot available""}"	"[""D12032 / Teleport Destination"", ""D12032 / Teleport Source"", ""D12032 / Teleport Source"", ""D12032 / Teleport Destination""]"	"{""status"": ""pass"", ""walkable_cells"": 9123, ""total_cells"": 40000, ""walkable_ratio"": 0.228075}"	"{""status"": ""pass"", ""walkable_cells"": 9123, ""total_cells"": 40000, ""walkable_ratio"": 0.228075}"	identity logical-grid coordinates	allowed-after-point-check	high	"{""relation"": ""same local map bytes"", ""hero_kill_sha256"": ""ac165b8cf5b912d41f7946ba17e8360551b0ea0343de1685ca2e842fc1aa4ed4"", ""zircon_sha256"": ""ac165b8cf5b912d41f7946ba17e8360551b0ea0343de1685ca2e842fc1aa4ed4""}"
D1205	D1205	/home/tetsuya/mir2ei/Map/D1205.map	/home/tetsuya/mir2ei/Map/D1205.map	"{""index"": 57, ""file"": ""D1205"", ""description"": ""Jinchon Palace Lv 6""}"	/home/tetsuya/development/zircon/Debug/ServerCore/Map/D1205.map	exact	"{""hero_kill"": {""width"": 300, ""height"": 300}, ""zircon"": {""width"": 300, ""height"": 300}}"	"{""region_count"": 7, ""region_landmark_samples"": [""D1205 / Teleport Destination"", ""D1205 / Teleport Source""], ""guard_count"": 0, ""guard_samples"": [], ""connected_maps"": [""D1204""], ""coordinate_evidence"": ""MapRegion PointRegion centers; no Merchant coordinate snapshot available""}"	"[""D1205 / Teleport Destination"", ""D1205 / Teleport Source""]"	"{""status"": ""pass"", ""walkable_cells"": 18815, ""total_cells"": 90000, ""walkable_ratio"": 0.209056}"	"{""status"": ""pass"", ""walkable_cells"": 18815, ""total_cells"": 90000, ""walkable_ratio"": 0.209056}"	identity logical-grid coordinates	allowed-after-point-check	high	"{""relation"": ""same local map bytes"", ""hero_kill_sha256"": ""8cb05a1a9a0ad28ef3f8eb23f47bfcf190c9c129fde67133bfa4edde430e3bb6"", ""zircon_sha256"": ""8cb05a1a9a0ad28ef3f8eb23f47bfcf190c9c129fde67133bfa4edde430e3bb6""}"
D1301	D1301	/home/tetsuya/mir2ei/Map/D1301.map	/home/tetsuya/mir2ei/Map/D1301.map	"{""index"": 62, ""file"": ""D1301"", ""description"": ""Black Palace Lv 1""}"	/home/tetsuya/development/zircon/Debug/ServerCore/Map/D1301.map	exact	"{""hero_kill"": {""width"": 400, ""height"": 400}, ""zircon"": {""width"": 400, ""height"": 400}}"	"{""region_count"": 13, ""region_landmark_samples"": [""D1301 / Teleport Destination"", ""D1301 / Teleport Source"", ""D1301 / Teleport Source"", ""D1301 / Teleport Destination""], ""guard_count"": 0, ""guard_samples"": [], ""connected_maps"": [""02"", ""5"", ""D1302""], ""coordinate_evidence"": ""MapRegion PointRegion centers; no Merchant coordinate snapshot available""}"	"[""D1301 / Teleport Destination"", ""D1301 / Teleport Source"", ""D1301 / Teleport Source"", ""D1301 / Teleport Destination""]"	"{""status"": ""pass"", ""walkable_cells"": 51213, ""total_cells"": 160000, ""walkable_ratio"": 0.320081}"	"{""status"": ""pass"", ""walkable_cells"": 51213, ""total_cells"": 160000, ""walkable_ratio"": 0.320081}"	identity logical-grid coordinates	allowed-after-point-check	high	"{""relation"": ""same local map bytes"", ""hero_kill_sha256"": ""7f44016003ff973c4bf2398fd1704635547c7008c04b66272adc1897bdd6fc8a"", ""zircon_sha256"": ""7f44016003ff973c4bf2398fd1704635547c7008c04b66272adc1897bdd6fc8a""}"
D1303	D1303	/home/tetsuya/mir2ei/Map/D1303.map	/home/tetsuya/mir2ei/Map/D1303.map	"{""index"": 65, ""file"": ""D1303"", ""description"": ""Black Palace Lv 3""}"	/home/tetsuya/development/zircon/Debug/ServerCore/Map/D1303.map	exact	"{""hero_kill"": {""width"": 400, ""height"": 400}, ""zircon"": {""width"": 400, ""height"": 400}}"	"{""region_count"": 10, ""region_landmark_samples"": [""D1303 / Recall Area"", ""D1303 / Teleport Destination"", ""D1303 / Teleport Source""], ""guard_count"": 0, ""guard_samples"": [], ""connected_maps"": [""D1302""], ""coordinate_evidence"": ""MapRegion PointRegion centers; no Merchant coordinate snapshot available""}"	"[""D1303 / Recall Area"", ""D1303 / Teleport Destination"", ""D1303 / Teleport Source""]"	"{""status"": ""pass"", ""walkable_cells"": 34719, ""total_cells"": 160000, ""walkable_ratio"": 0.216994}"	"{""status"": ""pass"", ""walkable_cells"": 34719, ""total_cells"": 160000, ""walkable_ratio"": 0.216994}"	identity logical-grid coordinates	allowed-after-point-check	high	"{""relation"": ""same local map bytes"", ""hero_kill_sha256"": ""7567ed93b68a8d42030dd2a5f4a9075e4f856f0369a9bb11457ac9a144e1f814"", ""zircon_sha256"": ""7567ed93b68a8d42030dd2a5f4a9075e4f856f0369a9bb11457ac9a144e1f814""}"
D1304	D1304	/home/tetsuya/mir2ei/Map/D1304.map	/home/tetsuya/mir2ei/Map/D1304.map	"{""index"": 66, ""file"": ""D1304"", ""description"": ""Black Palace Lv 4""}"	/home/tetsuya/development/zircon/Debug/ServerCore/Map/D1304.map	exact	"{""hero_kill"": {""width"": 400, ""height"": 400}, ""zircon"": {""width"": 400, ""height"": 400}}"	"{""region_count"": 5, ""region_landmark_samples"": [], ""guard_count"": 0, ""guard_samples"": [], ""connected_maps"": [], ""coordinate_evidence"": ""MapRegion PointRegion centers; no Merchant coordinate snapshot available""}"	[]	"{""status"": ""pass"", ""walkable_cells"": 33999, ""total_cells"": 160000, ""walkable_ratio"": 0.212494}"	"{""status"": ""pass"", ""walkable_cells"": 33999, ""total_cells"": 160000, ""walkable_ratio"": 0.212494}"	identity logical-grid coordinates	allowed-after-point-check	high	"{""relation"": ""same local map bytes"", ""hero_kill_sha256"": ""2988118964c626e689d021756ba5eb5087be1ac79604107e543b43d4be9b42cb"", ""zircon_sha256"": ""2988118964c626e689d021756ba5eb5087be1ac79604107e543b43d4be9b42cb""}"
D1305	D1305	/home/tetsuya/mir2ei/Map/D1305.map	/home/tetsuya/mir2ei/Map/D1305.map	"{""index"": 67, ""file"": ""D1305"", ""description"": ""Black Palace""}"	/home/tetsuya/development/zircon/Debug/ServerCore/Map/D1305.map	exact	"{""hero_kill"": {""width"": 400, ""height"": 400}, ""zircon"": {""width"": 400, ""height"": 400}}"	"{""region_count"": 4, ""region_landmark_samples"": [""D1305 / Boss Area""], ""guard_count"": 0, ""guard_samples"": [], ""connected_maps"": [], ""coordinate_evidence"": ""MapRegion PointRegion centers; no Merchant coordinate snapshot available""}"	"[""D1305 / Boss Area""]"	"{""status"": ""pass"", ""walkable_cells"": 36323, ""total_cells"": 160000, ""walkable_ratio"": 0.227019}"	"{""status"": ""pass"", ""walkable_cells"": 36323, ""total_cells"": 160000, ""walkable_ratio"": 0.227019}"	identity logical-grid coordinates	allowed-after-point-check	high	"{""relation"": ""same local map bytes"", ""hero_kill_sha256"": ""417dc93ccbbf7f3536582980f000ea1740fc786451742a30efa7112d197a7b8d"", ""zircon_sha256"": ""417dc93ccbbf7f3536582980f000ea1740fc786451742a30efa7112d197a7b8d""}"
D1401	D1401	/home/tetsuya/mir2ei/Map/D1401.map	/home/tetsuya/mir2ei/Map/D1401.map	"{""index"": 68, ""file"": ""D1401"", ""description"": ""Phantom Ship Ent""}"	/home/tetsuya/development/zircon/Debug/ServerCore/Map/D1401.map	exact	"{""hero_kill"": {""width"": 400, ""height"": 400}, ""zircon"": {""width"": 400, ""height"": 400}}"	"{""region_count"": 4, ""region_landmark_samples"": [""D1401 / Teleport Area""], ""guard_count"": 0, ""guard_samples"": [], ""connected_maps"": [], ""coordinate_evidence"": ""MapRegion PointRegion centers; no Merchant coordinate snapshot available""}"	"[""D1401 / Teleport Area""]"	"{""status"": ""pass"", ""walkable_cells"": 39113, ""total_cells"": 160000, ""walkable_ratio"": 0.244456}"	"{""status"": ""pass"", ""walkable_cells"": 39113, ""total_cells"": 160000, ""walkable_ratio"": 0.244456}"	identity logical-grid coordinates	allowed-after-point-check	high	"{""relation"": ""same local map bytes"", ""hero_kill_sha256"": ""ec3d178d188c0be61c06f0f4976cc2757b3a101994a3fb637e10c00e2b47396f"", ""zircon_sha256"": ""ec3d178d188c0be61c06f0f4976cc2757b3a101994a3fb637e10c00e2b47396f""}"
D1402	D1402	/home/tetsuya/mir2ei/Map/D1402.map	/home/tetsuya/mir2ei/Map/D1402.map	"{""index"": 69, ""file"": ""D1402"", ""description"": ""Phantom Ship Lv 4""}"	/home/tetsuya/development/zircon/Debug/ServerCore/Map/D1402.map	exact	"{""hero_kill"": {""width"": 400, ""height"": 400}, ""zircon"": {""width"": 400, ""height"": 400}}"	"{""region_count"": 7, ""region_landmark_samples"": [""D1402 / Respawn Area""], ""guard_count"": 0, ""guard_samples"": [], ""connected_maps"": [], ""coordinate_evidence"": ""MapRegion PointRegion centers; no Merchant coordinate snapshot available""}"	"[""D1402 / Respawn Area""]"	"{""status"": ""pass"", ""walkable_cells"": 42537, ""total_cells"": 160000, ""walkable_ratio"": 0.265856}"	"{""status"": ""pass"", ""walkable_cells"": 42537, ""total_cells"": 160000, ""walkable_ratio"": 0.265856}"	identity logical-grid coordinates	allowed-after-point-check	high	"{""relation"": ""same local map bytes"", ""hero_kill_sha256"": ""4b9724f79a29f9c234b68fdea6a7222c08b24b0b89487fc58104e3aaf68d24c8"", ""zircon_sha256"": ""4b9724f79a29f9c234b68fdea6a7222c08b24b0b89487fc58104e3aaf68d24c8""}"
D1403	D1403	/home/tetsuya/mir2ei/Map/D1403.map	/home/tetsuya/mir2ei/Map/D1403.map	"{""index"": 70, ""file"": ""D1403"", ""description"": ""Phantom Ship Lv 3""}"	/home/tetsuya/development/zircon/Debug/ServerCore/Map/D1403.map	exact	"{""hero_kill"": {""width"": 400, ""height"": 400}, ""zircon"": {""width"": 400, ""height"": 400}}"	"{""region_count"": 7, ""region_landmark_samples"": [""D1403 / Respawn Area""], ""guard_count"": 0, ""guard_samples"": [], ""connected_maps"": [], ""coordinate_evidence"": ""MapRegion PointRegion centers; no Merchant coordinate snapshot available""}"	"[""D1403 / Respawn Area""]"	"{""status"": ""pass"", ""walkable_cells"": 25206, ""total_cells"": 160000, ""walkable_ratio"": 0.157537}"	"{""status"": ""pass"", ""walkable_cells"": 25206, ""total_cells"": 160000, ""walkable_ratio"": 0.157537}"	identity logical-grid coordinates	allowed-after-point-check	high	"{""relation"": ""same local map bytes"", ""hero_kill_sha256"": ""3176f589f24e69a0296594ec6e55e2a4b5167c5cfe7b856082e5669125925a61"", ""zircon_sha256"": ""3176f589f24e69a0296594ec6e55e2a4b5167c5cfe7b856082e5669125925a61""}"
D1404	D1404	/home/tetsuya/mir2ei/Map/D1404.map	/home/tetsuya/mir2ei/Map/D1404.map	"{""index"": 71, ""file"": ""D1404"", ""description"": ""Phantom Ship Lv 2""}"	/home/tetsuya/development/zircon/Debug/ServerCore/Map/D1404.map	exact	"{""hero_kill"": {""width"": 400, ""height"": 400}, ""zircon"": {""width"": 400, ""height"": 400}}"	"{""region_count"": 7, ""region_landmark_samples"": [""D1404 / Respawn Area""], ""guard_count"": 0, ""guard_samples"": [], ""connected_maps"": [], ""coordinate_evidence"": ""MapRegion PointRegion centers; no Merchant coordinate snapshot available""}"	"[""D1404 / Respawn Area""]"	"{""status"": ""pass"", ""walkable_cells"": 44431, ""total_cells"": 160000, ""walkable_ratio"": 0.277694}"	"{""status"": ""pass"", ""walkable_cells"": 44431, ""total_cells"": 160000, ""walkable_ratio"": 0.277694}"	identity logical-grid coordinates	allowed-after-point-check	high	"{""relation"": ""same local map bytes"", ""hero_kill_sha256"": ""6d641f513b5481d8a5ed2f2fe161f510b6a3f8d0536fc5935db21405aa119bed"", ""zircon_sha256"": ""6d641f513b5481d8a5ed2f2fe161f510b6a3f8d0536fc5935db21405aa119bed""}"
D1405	D1405	/home/tetsuya/mir2ei/Map/D1405.map	/home/tetsuya/mir2ei/Map/D1405.map	"{""index"": 72, ""file"": ""D1405"", ""description"": ""Phantom Ship Lv 1""}"	/home/tetsuya/development/zircon/Debug/ServerCore/Map/D1405.map	exact	"{""hero_kill"": {""width"": 400, ""height"": 400}, ""zircon"": {""width"": 400, ""height"": 400}}"	"{""region_count"": 11, ""region_landmark_samples"": [""D1405 / Exit Door"", ""D1405 / Exit Landing"", ""D1405 / Respawn Area"", ""D1405 / Teleport Destination"", ""D1405 / Teleport Source""], ""guard_count"": 0, ""guard_samples"": [], ""connected_maps"": [""01""], ""coordinate_evidence"": ""MapRegion PointRegion centers; no Merchant coordinate snapshot available""}"	"[""D1405 / Exit Door"", ""D1405 / Exit Landing"", ""D1405 / Respawn Area"", ""D1405 / Teleport Destination"", ""D1405 / Teleport Source""]"	"{""status"": ""pass"", ""walkable_cells"": 38987, ""total_cells"": 160000, ""walkable_ratio"": 0.243669}"	"{""status"": ""pass"", ""walkable_cells"": 38987, ""total_cells"": 160000, ""walkable_ratio"": 0.243669}"	identity logical-grid coordinates	allowed-after-point-check	high	"{""relation"": ""same local map bytes"", ""hero_kill_sha256"": ""8967cbef0d6d03896b5aca7e097dceef809402058e9c89273bb444b8bf0156d5"", ""zircon_sha256"": ""8967cbef0d6d03896b5aca7e097dceef809402058e9c89273bb444b8bf0156d5""}"
D202	D202	/home/tetsuya/mir2ei/Map/D202.map	/home/tetsuya/mir2ei/Map/D202.map	"{""index"": 137, ""file"": ""D202"", ""description"": ""Deserted Mine Lv 2""}"	/home/tetsuya/development/zircon/Debug/ServerCore/Map/D202.map	replacement	"{""hero_kill"": {""width"": 300, ""height"": 300}, ""zircon"": {""width"": 200, ""height"": 200}}"	"{""region_count"": 3, ""region_landmark_samples"": [""D202 / Respawn Area 1"", ""D202 / Respawn Area 3""], ""guard_count"": 0, ""guard_samples"": [], ""connected_maps"": [], ""coordinate_evidence"": ""MapRegion PointRegion centers; no Merchant coordinate snapshot available""}"	"[""D202 / Respawn Area 1"", ""D202 / Respawn Area 3""]"	"{""status"": ""pass"", ""walkable_cells"": 35742, ""total_cells"": 90000, ""walkable_ratio"": 0.397133}"	"{""status"": ""pass"", ""walkable_cells"": 8587, ""total_cells"": 40000, ""walkable_ratio"": 0.214675}"	pending landmark mapping; no blind coordinate reuse	blocked	low	"{""relation"": ""different dimensions and bytes"", ""hero_kill_sha256"": ""1052b71a74a79e3dae5e928f14847f0250a2a2acab68b6a536d780167d408f2e"", ""zircon_sha256"": ""5b6b2e65fb2182ab184441295f654072420c88a7154df956d761a80f62d19c7a""}"
D203	D203	/home/tetsuya/mir2ei/Map/D203.map	/home/tetsuya/mir2ei/Map/D203.map	"{""index"": 138, ""file"": ""D203"", ""description"": ""Deserted Mine Lv 3""}"	/home/tetsuya/development/zircon/Debug/ServerCore/Map/D203.map	exact	"{""hero_kill"": {""width"": 300, ""height"": 300}, ""zircon"": {""width"": 300, ""height"": 300}}"	"{""region_count"": 4, ""region_landmark_samples"": [""D203 / Respawn Area 1""], ""guard_count"": 0, ""guard_samples"": [], ""connected_maps"": [], ""coordinate_evidence"": ""MapRegion PointRegion centers; no Merchant coordinate snapshot available""}"	"[""D203 / Respawn Area 1""]"	"{""status"": ""pass"", ""walkable_cells"": 15532, ""total_cells"": 90000, ""walkable_ratio"": 0.172578}"	"{""status"": ""pass"", ""walkable_cells"": 15532, ""total_cells"": 90000, ""walkable_ratio"": 0.172578}"	identity logical-grid coordinates	allowed-after-point-check	high	"{""relation"": ""same local map bytes"", ""hero_kill_sha256"": ""32be7c60a6eafe039b368cba3146531f08ea1f506786c4276296824f975be152"", ""zircon_sha256"": ""32be7c60a6eafe039b368cba3146531f08ea1f506786c4276296824f975be152""}"
D401	D401	/home/tetsuya/mir2ei/Map/D401.map	/home/tetsuya/mir2ei/Map/D401.map	"{""index"": 142, ""file"": ""D401"", ""description"": ""Ant Cave North""}"	/home/tetsuya/development/zircon/Debug/ServerCore/Map/D401.map	exact	"{""hero_kill"": {""width"": 200, ""height"": 200}, ""zircon"": {""width"": 200, ""height"": 200}}"	"{""region_count"": 14, ""region_landmark_samples"": [""D401 / Entrance Door"", ""D401 / Entrance Landing"", ""D401 / Teleport Source"", ""D401 / Teleport Destination"", ""D401 / Teleport Source"", ""D401 / Teleport Destination"", ""D401 / Teleport Source"", ""D401 / Teleport Source"", ""D401 / Teleport Source"", ""D401 / Teleport Source"", ""D401 / Teleport Source""], ""guard_count"": 0, ""guard_samples"": [], ""connected_maps"": [""D401_001"", ""D411"", ""D413""], ""coordinate_evidence"": ""MapRegion PointRegion centers; no Merchant coordinate snapshot available""}"	"[""D401 / Entrance Door"", ""D401 / Entrance Landing"", ""D401 / Teleport Source"", ""D401 / Teleport Destination"", ""D401 / Teleport Source"", ""D401 / Teleport Destination"", ""D401 / Teleport Source"", ""D401 / Teleport Source"", ""D401 / Teleport Source"", ""D401 / Teleport Source"", ""D401 / Teleport Source""]"	"{""status"": ""pass"", ""walkable_cells"": 8224, ""total_cells"": 40000, ""walkable_ratio"": 0.2056}"	"{""status"": ""pass"", ""walkable_cells"": 8224, ""total_cells"": 40000, ""walkable_ratio"": 0.2056}"	identity logical-grid coordinates	allowed-after-point-check	high	"{""relation"": ""same local map bytes"", ""hero_kill_sha256"": ""0de8923eec0f9e484a7f50bb6b037af271db55baf0f5ab5d2dc696f60d9ea012"", ""zircon_sha256"": ""0de8923eec0f9e484a7f50bb6b037af271db55baf0f5ab5d2dc696f60d9ea012""}"
D402	D402	/home/tetsuya/mir2ei/Map/D402.map	/home/tetsuya/mir2ei/Map/D402.map	"{""index"": 143, ""file"": ""D402"", ""description"": ""Ant Cave South""}"	/home/tetsuya/development/zircon/Debug/ServerCore/Map/D402.map	exact	"{""hero_kill"": {""width"": 200, ""height"": 200}, ""zircon"": {""width"": 200, ""height"": 200}}"	"{""region_count"": 16, ""region_landmark_samples"": [""D402 / Teleport Destination"", ""D402 / Teleport Source"", ""D402 / Teleport Source"", ""D402 / Teleport Destination"", ""D402 / Teleport Source"", ""D402 / Teleport Source"", ""D402 / Teleport Source"", ""D402 / Teleport Source"", ""D402 / Teleport Source""], ""guard_count"": 0, ""guard_samples"": [], ""connected_maps"": [""D402_001"", ""D413"", ""D414""], ""coordinate_evidence"": ""MapRegion PointRegion centers; no Merchant coordinate snapshot available""}"	"[""D402 / Teleport Destination"", ""D402 / Teleport Source"", ""D402 / Teleport Source"", ""D402 / Teleport Destination"", ""D402 / Teleport Source"", ""D402 / Teleport Source"", ""D402 / Teleport Source"", ""D402 / Teleport Source"", ""D402 / Teleport Source""]"	"{""status"": ""pass"", ""walkable_cells"": 7781, ""total_cells"": 40000, ""walkable_ratio"": 0.194525}"	"{""status"": ""pass"", ""walkable_cells"": 7781, ""total_cells"": 40000, ""walkable_ratio"": 0.194525}"	identity logical-grid coordinates	allowed-after-point-check	high	"{""relation"": ""same local map bytes"", ""hero_kill_sha256"": ""f5223f9200ed3709c360a8653956a67182e866dd914db8701a73a918ad9cc0d9"", ""zircon_sha256"": ""f5223f9200ed3709c360a8653956a67182e866dd914db8701a73a918ad9cc0d9""}"
D403	D403	/home/tetsuya/mir2ei/Map/D403.map	/home/tetsuya/mir2ei/Map/D403.map	"{""index"": 144, ""file"": ""D403"", ""description"": ""Ant Cave West""}"	/home/tetsuya/development/zircon/Debug/ServerCore/Map/D403.map	exact	"{""hero_kill"": {""width"": 200, ""height"": 200}, ""zircon"": {""width"": 200, ""height"": 200}}"	"{""region_count"": 18, ""region_landmark_samples"": [""D403 / Teleport Source"", ""D403 / Teleport Destination"", ""D403 / Teleport Source"", ""D403 / Teleport Destination"", ""D403 / Teleport Source"", ""D403 / Teleport Source"", ""D403 / Teleport Source"", ""D403 / Teleport Source"", ""D403 / Teleport Source""], ""guard_count"": 0, ""guard_samples"": [], ""connected_maps"": [""D403_001"", ""D412"", ""D414""], ""coordinate_evidence"": ""MapRegion PointRegion centers; no Merchant coordinate snapshot available""}"	"[""D403 / Teleport Source"", ""D403 / Teleport Destination"", ""D403 / Teleport Source"", ""D403 / Teleport Destination"", ""D403 / Teleport Source"", ""D403 / Teleport Source"", ""D403 / Teleport Source"", ""D403 / Teleport Source"", ""D403 / Teleport Source""]"	"{""status"": ""pass"", ""walkable_cells"": 9279, ""total_cells"": 40000, ""walkable_ratio"": 0.231975}"	"{""status"": ""pass"", ""walkable_cells"": 9279, ""total_cells"": 40000, ""walkable_ratio"": 0.231975}"	identity logical-grid coordinates	allowed-after-point-check	high	"{""relation"": ""same local map bytes"", ""hero_kill_sha256"": ""2bd158046c69bf7a2ce22260bf93faa29eda59237241fe56c125847d44352010"", ""zircon_sha256"": ""2bd158046c69bf7a2ce22260bf93faa29eda59237241fe56c125847d44352010""}"
D404	D404	/home/tetsuya/mir2ei/Map/D404.map	/home/tetsuya/mir2ei/Map/D404.map	"{""index"": 145, ""file"": ""D404"", ""description"": ""Ant Cave East""}"	/home/tetsuya/development/zircon/Debug/ServerCore/Map/D404.map	exact	"{""hero_kill"": {""width"": 200, ""height"": 200}, ""zircon"": {""width"": 200, ""height"": 200}}"	"{""region_count"": 18, ""region_landmark_samples"": [""D404 / Teleport Destination"", ""D404 / Teleport Source"", ""D404 / Teleport Source"", ""D404 / Teleport Destination"", ""D404 / Teleport Source"", ""D404 / Teleport Destination"", ""D404 / Teleport Source"", ""D404 / Teleport Source"", ""D404 / Teleport Source"", ""D404 / Teleport Source"", ""D404 / Teleport Source"", ""D404 / Teleport Destination"", ""D404 / Teleport Source""], ""guard_count"": 0, ""guard_samples"": [], ""connected_maps"": [""D404_001"", ""D404_002"", ""D412"", ""D416"", ""E402""], ""coordinate_evidence"": ""MapRegion PointRegion centers; no Merchant coordinate snapshot available""}"	"[""D404 / Teleport Destination"", ""D404 / Teleport Source"", ""D404 / Teleport Source"", ""D404 / Teleport Destination"", ""D404 / Teleport Source"", ""D404 / Teleport Destination"", ""D404 / Teleport Source"", ""D404 / Teleport Source"", ""D404 / Teleport Source"", ""D404 / Teleport Source"", ""D404 / Teleport Source"", ""D404 / Teleport Destination"", ""D404 / Teleport Source""]"	"{""status"": ""pass"", ""walkable_cells"": 7930, ""total_cells"": 40000, ""walkable_ratio"": 0.19825}"	"{""status"": ""pass"", ""walkable_cells"": 7930, ""total_cells"": 40000, ""walkable_ratio"": 0.19825}"	identity logical-grid coordinates	allowed-after-point-check	high	"{""relation"": ""same local map bytes"", ""hero_kill_sha256"": ""f3c101b7d1fc7dade1ad04222339c19c35057f80f122750c3e3a7437dc85a520"", ""zircon_sha256"": ""f3c101b7d1fc7dade1ad04222339c19c35057f80f122750c3e3a7437dc85a520""}"
D501	D501	/home/tetsuya/mir2ei/Map/d501.map	/home/tetsuya/mir2ei/Map/d501.map	"{""index"": 146, ""file"": ""D501"", ""description"": ""Uma Temple Lv 1""}"	/home/tetsuya/development/zircon/Debug/ServerCore/Map/D501.map	exact	"{""hero_kill"": {""width"": 400, ""height"": 400}, ""zircon"": {""width"": 400, ""height"": 400}}"	"{""region_count"": 8, ""region_landmark_samples"": [""D501 / Entrance Door"", ""D501 / Entrance Landing"", ""D501 / Respawn Area 1"", ""D501 / Respawn Area 2"", ""D501 / Respawn Area 3""], ""guard_count"": 0, ""guard_samples"": [], ""connected_maps"": [], ""coordinate_evidence"": ""MapRegion PointRegion centers; no Merchant coordinate snapshot available""}"	"[""D501 / Entrance Door"", ""D501 / Entrance Landing"", ""D501 / Respawn Area 1"", ""D501 / Respawn Area 2"", ""D501 / Respawn Area 3""]"	"{""status"": ""pass"", ""walkable_cells"": 22906, ""total_cells"": 160000, ""walkable_ratio"": 0.143162}"	"{""status"": ""pass"", ""walkable_cells"": 22906, ""total_cells"": 160000, ""walkable_ratio"": 0.143162}"	identity logical-grid coordinates	allowed-after-point-check	high	"{""relation"": ""same local map bytes"", ""hero_kill_sha256"": ""d1c15a0f3ff2a806374cf2851b471ae585d843dad74c3d04d41cca9bcb149d94"", ""zircon_sha256"": ""d1c15a0f3ff2a806374cf2851b471ae585d843dad74c3d04d41cca9bcb149d94""}"
D502	D502	/home/tetsuya/mir2ei/Map/d502.map	/home/tetsuya/mir2ei/Map/d502.map	"{""index"": 147, ""file"": ""D502"", ""description"": ""Uma Temple Lv 2""}"	/home/tetsuya/development/zircon/Debug/ServerCore/Map/D502.map	exact	"{""hero_kill"": {""width"": 400, ""height"": 400}, ""zircon"": {""width"": 400, ""height"": 400}}"	"{""region_count"": 8, ""region_landmark_samples"": [""D502 / Respawn Area 1"", ""D502 / Respawn Area 2"", ""D502 / Respawn Area 3""], ""guard_count"": 0, ""guard_samples"": [], ""connected_maps"": [], ""coordinate_evidence"": ""MapRegion PointRegion centers; no Merchant coordinate snapshot available""}"	"[""D502 / Respawn Area 1"", ""D502 / Respawn Area 2"", ""D502 / Respawn Area 3""]"	"{""status"": ""pass"", ""walkable_cells"": 22904, ""total_cells"": 160000, ""walkable_ratio"": 0.14315}"	"{""status"": ""pass"", ""walkable_cells"": 22904, ""total_cells"": 160000, ""walkable_ratio"": 0.14315}"	identity logical-grid coordinates	allowed-after-point-check	high	"{""relation"": ""same local map bytes"", ""hero_kill_sha256"": ""354ef174f8a190e49b57893c327c1c8a29be5a2d278b27026921923a2c1ea712"", ""zircon_sha256"": ""354ef174f8a190e49b57893c327c1c8a29be5a2d278b27026921923a2c1ea712""}"
D503	D503	/home/tetsuya/mir2ei/Map/d503.map	/home/tetsuya/mir2ei/Map/d503.map	"{""index"": 148, ""file"": ""D503"", ""description"": ""Uma Temple Lv 3""}"	/home/tetsuya/development/zircon/Debug/ServerCore/Map/D503.map	exact	"{""hero_kill"": {""width"": 400, ""height"": 400}, ""zircon"": {""width"": 400, ""height"": 400}}"	"{""region_count"": 7, ""region_landmark_samples"": [""D503 / Respawn Area 1"", ""D503 / Respawn Area 2""], ""guard_count"": 0, ""guard_samples"": [], ""connected_maps"": [], ""coordinate_evidence"": ""MapRegion PointRegion centers; no Merchant coordinate snapshot available""}"	"[""D503 / Respawn Area 1"", ""D503 / Respawn Area 2""]"	"{""status"": ""pass"", ""walkable_cells"": 29219, ""total_cells"": 160000, ""walkable_ratio"": 0.182619}"	"{""status"": ""pass"", ""walkable_cells"": 29219, ""total_cells"": 160000, ""walkable_ratio"": 0.182619}"	identity logical-grid coordinates	allowed-after-point-check	high	"{""relation"": ""same local map bytes"", ""hero_kill_sha256"": ""0a2d63ca6920f2c3282d2c31843286fcd019689c433ad064b1797ab284cfe21b"", ""zircon_sha256"": ""0a2d63ca6920f2c3282d2c31843286fcd019689c433ad064b1797ab284cfe21b""}"
D504	D504	/home/tetsuya/mir2ei/Map/d504.map	/home/tetsuya/mir2ei/Map/d504.map	"{""index"": 149, ""file"": ""D504"", ""description"": ""Uma Temple""}"	/home/tetsuya/development/zircon/Debug/ServerCore/Map/D504.map	exact	"{""hero_kill"": {""width"": 400, ""height"": 400}, ""zircon"": {""width"": 400, ""height"": 400}}"	"{""region_count"": 3, ""region_landmark_samples"": [], ""guard_count"": 0, ""guard_samples"": [], ""connected_maps"": [], ""coordinate_evidence"": ""MapRegion PointRegion centers; no Merchant coordinate snapshot available""}"	[]	"{""status"": ""pass"", ""walkable_cells"": 29223, ""total_cells"": 160000, ""walkable_ratio"": 0.182644}"	"{""status"": ""pass"", ""walkable_cells"": 29223, ""total_cells"": 160000, ""walkable_ratio"": 0.182644}"	identity logical-grid coordinates	allowed-after-point-check	high	"{""relation"": ""same local map bytes"", ""hero_kill_sha256"": ""7e0ba6faa084b629c5953b2bbc488785c0c46d83cc99fe17ae59169b6d290921"", ""zircon_sha256"": ""7e0ba6faa084b629c5953b2bbc488785c0c46d83cc99fe17ae59169b6d290921""}"
D601	D601	/home/tetsuya/mir2ei/Map/d601.map	/home/tetsuya/mir2ei/Map/d601.map	"{""index"": 150, ""file"": ""D601"", ""description"": ""Banya Stone Cave Lv 1""}"	/home/tetsuya/development/zircon/Debug/ServerCore/Map/D601.map	exact	"{""hero_kill"": {""width"": 250, ""height"": 250}, ""zircon"": {""width"": 250, ""height"": 250}}"	"{""region_count"": 5, ""region_landmark_samples"": [""D601 / Entrance Door"", ""D601 / Entrance Landing""], ""guard_count"": 0, ""guard_samples"": [], ""connected_maps"": [], ""coordinate_evidence"": ""MapRegion PointRegion centers; no Merchant coordinate snapshot available""}"	"[""D601 / Entrance Door"", ""D601 / Entrance Landing""]"	"{""status"": ""pending"", ""walkable_cells"": null, ""total_cells"": null, ""walkable_ratio"": null}"	"{""status"": ""pending"", ""walkable_cells"": null, ""total_cells"": null, ""walkable_ratio"": null}"	identity logical-grid coordinates	allowed-after-point-check	high	"{""relation"": ""same local map bytes"", ""hero_kill_sha256"": ""41acb5077037b28545731dcc9ce2b033afb3cb9151996094a08244f7d24ff919"", ""zircon_sha256"": ""41acb5077037b28545731dcc9ce2b033afb3cb9151996094a08244f7d24ff919""}"
D602	D602	/home/tetsuya/mir2ei/Map/d602.map	/home/tetsuya/mir2ei/Map/d602.map	"{""index"": 151, ""file"": ""D602"", ""description"": ""Banya Stone Cave Lv 2""}"	/home/tetsuya/development/zircon/Debug/ServerCore/Map/D602.map	exact	"{""hero_kill"": {""width"": 250, ""height"": 250}, ""zircon"": {""width"": 250, ""height"": 250}}"	"{""region_count"": 2, ""region_landmark_samples"": [""D602 / Respawn Area 1""], ""guard_count"": 0, ""guard_samples"": [], ""connected_maps"": [], ""coordinate_evidence"": ""MapRegion PointRegion centers; no Merchant coordinate snapshot available""}"	"[""D602 / Respawn Area 1""]"	"{""status"": ""pending"", ""walkable_cells"": null, ""total_cells"": null, ""walkable_ratio"": null}"	"{""status"": ""pending"", ""walkable_cells"": null, ""total_cells"": null, ""walkable_ratio"": null}"	identity logical-grid coordinates	allowed-after-point-check	high	"{""relation"": ""same local map bytes"", ""hero_kill_sha256"": ""d7777179ae05bb666c20cf8d9db55249db05b1372ca0bf46ba55bdfe52e7b7f4"", ""zircon_sha256"": ""d7777179ae05bb666c20cf8d9db55249db05b1372ca0bf46ba55bdfe52e7b7f4""}"
D603	D603	/home/tetsuya/mir2ei/Map/d603.map	/home/tetsuya/mir2ei/Map/d603.map	"{""index"": 152, ""file"": ""D603"", ""description"": ""Banya Stone Cave Lv 3""}"	/home/tetsuya/development/zircon/Debug/ServerCore/Map/D603.map	exact	"{""hero_kill"": {""width"": 50, ""height"": 50}, ""zircon"": {""width"": 50, ""height"": 50}}"	"{""region_count"": 5, ""region_landmark_samples"": [""D603 / Teleport Destination"", ""D603 / Teleport Source"", ""D603 / Teleport Destination"", ""D603 / Teleport Source""], ""guard_count"": 0, ""guard_samples"": [], ""connected_maps"": [""d60011"", ""d60012""], ""coordinate_evidence"": ""MapRegion PointRegion centers; no Merchant coordinate snapshot available""}"	"[""D603 / Teleport Destination"", ""D603 / Teleport Source"", ""D603 / Teleport Destination"", ""D603 / Teleport Source""]"	"{""status"": ""pass"", ""walkable_cells"": 424, ""total_cells"": 2500, ""walkable_ratio"": 0.1696}"	"{""status"": ""pass"", ""walkable_cells"": 424, ""total_cells"": 2500, ""walkable_ratio"": 0.1696}"	identity logical-grid coordinates	allowed-after-point-check	high	"{""relation"": ""same local map bytes"", ""hero_kill_sha256"": ""c984edc5ccc987f40ce35d03a7d6b0f2e9218c1ddb9a90e34c132eca1fd9ed9d"", ""zircon_sha256"": ""c984edc5ccc987f40ce35d03a7d6b0f2e9218c1ddb9a90e34c132eca1fd9ed9d""}"
D604	D604	/home/tetsuya/mir2ei/Map/d604.map	/home/tetsuya/mir2ei/Map/d604.map	"{""index"": 153, ""file"": ""D604"", ""description"": ""Banya Stone Cave Lv 4""}"	/home/tetsuya/development/zircon/Debug/ServerCore/Map/D604.map	exact	"{""hero_kill"": {""width"": 50, ""height"": 50}, ""zircon"": {""width"": 50, ""height"": 50}}"	"{""region_count"": 7, ""region_landmark_samples"": [""D604 / Teleport Destination"", ""D604 / Teleport Source"", ""D604 / Teleport Destination"", ""D604 / Teleport Source"", ""D604 / Teleport Source"", ""D604 / Teleport Destination""], ""guard_count"": 0, ""guard_samples"": [], ""connected_maps"": [""d60013"", ""d60021"", ""d60022""], ""coordinate_evidence"": ""MapRegion PointRegion centers; no Merchant coordinate snapshot available""}"	"[""D604 / Teleport Destination"", ""D604 / Teleport Source"", ""D604 / Teleport Destination"", ""D604 / Teleport Source"", ""D604 / Teleport Source"", ""D604 / Teleport Destination""]"	"{""status"": ""pass"", ""walkable_cells"": 242, ""total_cells"": 2500, ""walkable_ratio"": 0.0968}"	"{""status"": ""pass"", ""walkable_cells"": 242, ""total_cells"": 2500, ""walkable_ratio"": 0.0968}"	identity logical-grid coordinates	allowed-after-point-check	high	"{""relation"": ""same local map bytes"", ""hero_kill_sha256"": ""af961fe1da4ef57210ceb75774ff4bb6522b2adcab8eb0344fb8f564f61dcf7e"", ""zircon_sha256"": ""af961fe1da4ef57210ceb75774ff4bb6522b2adcab8eb0344fb8f564f61dcf7e""}"
D605	D605	/home/tetsuya/mir2ei/Map/d605.map	/home/tetsuya/mir2ei/Map/d605.map	"{""index"": 154, ""file"": ""D605"", ""description"": ""Banya Stone Cave Lv 5""}"	/home/tetsuya/development/zircon/Debug/ServerCore/Map/D605.map	exact	"{""hero_kill"": {""width"": 50, ""height"": 50}, ""zircon"": {""width"": 50, ""height"": 50}}"	"{""region_count"": 5, ""region_landmark_samples"": [""D605 / Teleport Source"", ""D605 / Teleport Destination"", ""D605 / Teleport Source"", ""D605 / Teleport Destination""], ""guard_count"": 0, ""guard_samples"": [], ""connected_maps"": [""D6012"", ""d60022""], ""coordinate_evidence"": ""MapRegion PointRegion centers; no Merchant coordinate snapshot available""}"	"[""D605 / Teleport Source"", ""D605 / Teleport Destination"", ""D605 / Teleport Source"", ""D605 / Teleport Destination""]"	"{""status"": ""pass"", ""walkable_cells"": 229, ""total_cells"": 2500, ""walkable_ratio"": 0.0916}"	"{""status"": ""pass"", ""walkable_cells"": 229, ""total_cells"": 2500, ""walkable_ratio"": 0.0916}"	identity logical-grid coordinates	allowed-after-point-check	high	"{""relation"": ""same local map bytes"", ""hero_kill_sha256"": ""fa63ef0af95fe8f7b2ad7e31e551c2c0ac27ebc41adf9808a6cb062a193bc8ec"", ""zircon_sha256"": ""fa63ef0af95fe8f7b2ad7e31e551c2c0ac27ebc41adf9808a6cb062a193bc8ec""}"
D701	D701	/home/tetsuya/mir2ei/Map/D701.map	/home/tetsuya/mir2ei/Map/D701.map	"{""index"": 155, ""file"": ""D701"", ""description"": ""Carved Stone Tomb Lv 1""}"	/home/tetsuya/development/zircon/Debug/ServerCore/Map/D701.map	exact	"{""hero_kill"": {""width"": 200, ""height"": 200}, ""zircon"": {""width"": 200, ""height"": 200}}"	"{""region_count"": 1, ""region_landmark_samples"": [], ""guard_count"": 0, ""guard_samples"": [], ""connected_maps"": [], ""coordinate_evidence"": ""MapRegion PointRegion centers; no Merchant coordinate snapshot available""}"	[]	"{""status"": ""pass"", ""walkable_cells"": 4930, ""total_cells"": 40000, ""walkable_ratio"": 0.12325}"	"{""status"": ""pass"", ""walkable_cells"": 4930, ""total_cells"": 40000, ""walkable_ratio"": 0.12325}"	identity logical-grid coordinates	allowed-after-point-check	high	"{""relation"": ""same local map bytes"", ""hero_kill_sha256"": ""de670ac6ee74731b2eee2868c6245aad213421a7ba588d0b14abc7df13a17bda"", ""zircon_sha256"": ""de670ac6ee74731b2eee2868c6245aad213421a7ba588d0b14abc7df13a17bda""}"
D801	D801	/home/tetsuya/mir2ei/Map/D801.map	/home/tetsuya/mir2ei/Map/D801.map	"{""index"": 160, ""file"": ""D801"", ""description"": ""Despair Valley Lv 1""}"	/home/tetsuya/development/zircon/Debug/ServerCore/Map/D801.map	exact	"{""hero_kill"": {""width"": 100, ""height"": 100}, ""zircon"": {""width"": 100, ""height"": 100}}"	"{""region_count"": 4, ""region_landmark_samples"": [""D801 / Respawn Area 1""], ""guard_count"": 0, ""guard_samples"": [], ""connected_maps"": [], ""coordinate_evidence"": ""MapRegion PointRegion centers; no Merchant coordinate snapshot available""}"	"[""D801 / Respawn Area 1""]"	"{""status"": ""pass"", ""walkable_cells"": 2848, ""total_cells"": 10000, ""walkable_ratio"": 0.2848}"	"{""status"": ""pass"", ""walkable_cells"": 2848, ""total_cells"": 10000, ""walkable_ratio"": 0.2848}"	identity logical-grid coordinates	allowed-after-point-check	high	"{""relation"": ""same local map bytes"", ""hero_kill_sha256"": ""53bca704618f4690a3b31b6fdfbaf2f6762725feb469a0d37c0ce6cf60e2275b"", ""zircon_sha256"": ""53bca704618f4690a3b31b6fdfbaf2f6762725feb469a0d37c0ce6cf60e2275b""}"
D802	D802	/home/tetsuya/mir2ei/Map/d802.map	/home/tetsuya/mir2ei/Map/d802.map	"{""index"": 161, ""file"": ""D802"", ""description"": ""Despair Valley Lv 2""}"	/home/tetsuya/development/zircon/Debug/ServerCore/Map/D802.map	exact	"{""hero_kill"": {""width"": 100, ""height"": 100}, ""zircon"": {""width"": 100, ""height"": 100}}"	"{""region_count"": 3, ""region_landmark_samples"": [], ""guard_count"": 0, ""guard_samples"": [], ""connected_maps"": [], ""coordinate_evidence"": ""MapRegion PointRegion centers; no Merchant coordinate snapshot available""}"	[]	"{""status"": ""pass"", ""walkable_cells"": 2741, ""total_cells"": 10000, ""walkable_ratio"": 0.2741}"	"{""status"": ""pass"", ""walkable_cells"": 2741, ""total_cells"": 10000, ""walkable_ratio"": 0.2741}"	identity logical-grid coordinates	allowed-after-point-check	high	"{""relation"": ""same local map bytes"", ""hero_kill_sha256"": ""8f45a25585c5de6325774746ea830a7464dfdfdb611b777ff3117b8eeb0d1bf5"", ""zircon_sha256"": ""8f45a25585c5de6325774746ea830a7464dfdfdb611b777ff3117b8eeb0d1bf5""}"
D803	D803	/home/tetsuya/mir2ei/Map/D803.map	/home/tetsuya/mir2ei/Map/D803.map	"{""index"": 162, ""file"": ""D803"", ""description"": ""Despair Valley Lv 3""}"	/home/tetsuya/development/zircon/Debug/ServerCore/Map/D803.map	exact	"{""hero_kill"": {""width"": 100, ""height"": 100}, ""zircon"": {""width"": 100, ""height"": 100}}"	"{""region_count"": 2, ""region_landmark_samples"": [""D803 / Respawn Area 1""], ""guard_count"": 0, ""guard_samples"": [], ""connected_maps"": [], ""coordinate_evidence"": ""MapRegion PointRegion centers; no Merchant coordinate snapshot available""}"	"[""D803 / Respawn Area 1""]"	"{""status"": ""pass"", ""walkable_cells"": 2483, ""total_cells"": 10000, ""walkable_ratio"": 0.2483}"	"{""status"": ""pass"", ""walkable_cells"": 2483, ""total_cells"": 10000, ""walkable_ratio"": 0.2483}"	identity logical-grid coordinates	allowed-after-point-check	high	"{""relation"": ""same local map bytes"", ""hero_kill_sha256"": ""c1dbb8ede753a64a1956100573701ae2eea32004ff36a7372b47db0f54f9db1d"", ""zircon_sha256"": ""c1dbb8ede753a64a1956100573701ae2eea32004ff36a7372b47db0f54f9db1d""}"
D804	D804	/home/tetsuya/mir2ei/Map/D804.map	/home/tetsuya/mir2ei/Map/D804.map	"{""index"": 163, ""file"": ""D804"", ""description"": ""Despair Valley Lv 4""}"	/home/tetsuya/development/zircon/Debug/ServerCore/Map/D804.map	exact	"{""hero_kill"": {""width"": 100, ""height"": 100}, ""zircon"": {""width"": 100, ""height"": 100}}"	"{""region_count"": 3, ""region_landmark_samples"": [], ""guard_count"": 0, ""guard_samples"": [], ""connected_maps"": [], ""coordinate_evidence"": ""MapRegion PointRegion centers; no Merchant coordinate snapshot available""}"	[]	"{""status"": ""pass"", ""walkable_cells"": 2250, ""total_cells"": 10000, ""walkable_ratio"": 0.225}"	"{""status"": ""pass"", ""walkable_cells"": 2250, ""total_cells"": 10000, ""walkable_ratio"": 0.225}"	identity logical-grid coordinates	allowed-after-point-check	high	"{""relation"": ""same local map bytes"", ""hero_kill_sha256"": ""da48890db8d8c993778794ce4484b0f7d40329d6aedefe21c4e16b91d3e54778"", ""zircon_sha256"": ""da48890db8d8c993778794ce4484b0f7d40329d6aedefe21c4e16b91d3e54778""}"
D805	D805	/home/tetsuya/mir2ei/Map/D805.map	/home/tetsuya/mir2ei/Map/D805.map	"{""index"": 164, ""file"": ""D805"", ""description"": ""Life Death Hall""}"	/home/tetsuya/development/zircon/Debug/ServerCore/Map/D805.map	exact	"{""hero_kill"": {""width"": 100, ""height"": 100}, ""zircon"": {""width"": 100, ""height"": 100}}"	"{""region_count"": 2, ""region_landmark_samples"": [""D805 / Respawn Area ""], ""guard_count"": 0, ""guard_samples"": [], ""connected_maps"": [], ""coordinate_evidence"": ""MapRegion PointRegion centers; no Merchant coordinate snapshot available""}"	"[""D805 / Respawn Area ""]"	"{""status"": ""pass"", ""walkable_cells"": 1891, ""total_cells"": 10000, ""walkable_ratio"": 0.1891}"	"{""status"": ""pass"", ""walkable_cells"": 1891, ""total_cells"": 10000, ""walkable_ratio"": 0.1891}"	identity logical-grid coordinates	allowed-after-point-check	high	"{""relation"": ""same local map bytes"", ""hero_kill_sha256"": ""d92568d72558da7ee1c941baa8c6fca757daf9dbe3050e94bec94e5717d432ca"", ""zircon_sha256"": ""d92568d72558da7ee1c941baa8c6fca757daf9dbe3050e94bec94e5717d432ca""}"
D901	D901	/home/tetsuya/mir2ei/Map/D901.map	/home/tetsuya/mir2ei/Map/D901.map	"{""index"": 165, ""file"": ""D901"", ""description"": ""Red Moon Valley Lv 1""}"	/home/tetsuya/development/zircon/Debug/ServerCore/Map/D901.map	replacement	"{""hero_kill"": {""width"": 140, ""height"": 140}, ""zircon"": {""width"": 200, ""height"": 200}}"	"{""region_count"": 17, ""region_landmark_samples"": [""D901 / Teleport Destination"", ""D901 / Teleport Destination"", ""D901 / Teleport Destination"", ""D901 / Sabuk Flag Spawn"", ""D901 / Wild Monkey Spawn"", ""D901 / Life Stone Spawn"", ""D901 / GhostSorcerer Spawn"", ""D901 / Tainted Terror Spawn"", ""D901 / Netherworld Gate Spawn"", ""D901 / Venom Spitter Spawn"", ""D901 / Teleport Destination"", ""D901 / Teleport Source"", ""D901 / Teleport Destination"", ""D901 / Teleport Destination""], ""guard_count"": 0, ""guard_samples"": [], ""connected_maps"": [""D900"", ""D9021""], ""coordinate_evidence"": ""MapRegion PointRegion centers; no Merchant coordinate snapshot available""}"	"[""D901 / Teleport Destination"", ""D901 / Teleport Destination"", ""D901 / Teleport Destination"", ""D901 / Sabuk Flag Spawn"", ""D901 / Wild Monkey Spawn"", ""D901 / Life Stone Spawn"", ""D901 / GhostSorcerer Spawn"", ""D901 / Tainted Terror Spawn"", ""D901 / Netherworld Gate Spawn"", ""D901 / Venom Spitter Spawn"", ""D901 / Teleport Destination"", ""D901 / Teleport Source"", ""D901 / Teleport Destination"", ""D901 / Teleport Destination""]"	"{""status"": ""pass"", ""walkable_cells"": 3849, ""total_cells"": 19600, ""walkable_ratio"": 0.196378}"	"{""status"": ""pass"", ""walkable_cells"": 9342, ""total_cells"": 40000, ""walkable_ratio"": 0.23355}"	pending landmark mapping; no blind coordinate reuse	blocked	low	"{""relation"": ""different dimensions and bytes"", ""hero_kill_sha256"": ""977a541b2f4a417413d8f13c275cba41a202bdd431430dea5b9c0d28c1508e81"", ""zircon_sha256"": ""f92b7938f4dd599102dd81a1d4039f257154a0a69358a66333c5c55b1664a1e4""}"
8	8	/home/tetsuya/mir2ei/Map/8.map	/home/tetsuya/mir2ei/Map/8.map	"{""index"": 241, ""file"": ""8"", ""description"": ""Frost Village""}"	/home/tetsuya/development/zircon/Debug/ServerCore/Map/8.map	exact	"{""hero_kill"": {""width"": 800, ""height"": 800}, ""zircon"": {""width"": 800, ""height"": 800}}"	"{""region_count"": 25, ""region_landmark_samples"": [""8 / Spawn Area - Town"", ""8 / Spawn Area Right"", ""8 / Spawn Area Left"", ""8 / Spawn Area Top"", ""8 / 8 / Weapon Store"", ""8 / 8 / Potion Store"", ""8 / 8 / Essential Store"", ""8 / 8 / Accessory Store"", ""8 / 8 / Armour Store"", ""8 / 8 / Teleport Stone"", ""8 / Player Spawn Area"", ""8 / Town Area"", ""8 / Teleport Source"", ""8 / Teleport Destination""], ""guard_count"": 0, ""guard_samples"": [], ""connected_maps"": [""D1211""], ""coordinate_evidence"": ""MapRegion PointRegion centers; no Merchant coordinate snapshot available""}"	"[""8 / Spawn Area - Town"", ""8 / Spawn Area Right"", ""8 / Spawn Area Left"", ""8 / Spawn Area Top"", ""8 / 8 / Weapon Store"", ""8 / 8 / Potion Store"", ""8 / 8 / Essential Store"", ""8 / 8 / Accessory Store"", ""8 / 8 / Armour Store"", ""8 / 8 / Teleport Stone"", ""8 / Player Spawn Area"", ""8 / Town Area"", ""8 / Teleport Source"", ""8 / Teleport Destination""]"	"{""status"": ""pass"", ""walkable_cells"": 174845, ""total_cells"": 640000, ""walkable_ratio"": 0.273195}"	"{""status"": ""pass"", ""walkable_cells"": 174845, ""total_cells"": 640000, ""walkable_ratio"": 0.273195}"	identity logical-grid coordinates	allowed-after-point-check	high	"{""relation"": ""same local map bytes"", ""hero_kill_sha256"": ""20d2729a71919c77ff81e70f2d4af19111e01990161b198d4ad83124c3cbff1d"", ""zircon_sha256"": ""20d2729a71919c77ff81e70f2d4af19111e01990161b198d4ad83124c3cbff1d""}"
12	12	/home/tetsuya/mir2ei/Map/12.map	/home/tetsuya/mir2ei/Map/12.map	"{""index"": 292, ""file"": ""12"", ""description"": ""Banya Island""}"	/home/tetsuya/development/zircon/Debug/ServerCore/Map/12.map	variant	"{""hero_kill"": {""width"": 400, ""height"": 500}, ""zircon"": {""width"": 400, ""height"": 500}}"	"{""region_count"": 47, ""region_landmark_samples"": [""12 / Town Area"", ""12 / Player Spawn Area"", ""12 / 12 / Teleport Stone"", ""12 / Teleport Area"", ""12 / 12 / Weapon Store"", ""12 / 12 / Potion Store"", ""12 / 12 / Essential Store"", ""12 / 12 / Accessory Store"", ""12 / 12 / Collector Store"", ""12 / 12 / Armour Store"", ""12 / Spawn Area"", ""12 / Teleport Source"", ""12 / Teleport Source"", ""12 / Teleport Source"", ""12 / Teleport Source"", ""12 / Teleport Source"", ""12 / Teleport Destination"", ""12 / Teleport Destination"", ""12 / Teleport Destination"", ""12 / Teleport Destination"", ""12 / Teleport Destination"", ""12 / Teleport Destination"", ""12 / Teleport Destination"", ""12 / Teleport Destination"", ""12 / Teleport Destination"", ""12 / Teleport Destination"", ""12 / Teleport Source"", ""12 / Teleport Source"", ""12 / Teleport Source"", ""12 / Teleport Source"", ""12 / Teleport Source"", ""12 / Teleport Destination"", ""12 / Mutated Octopus Spawn"", ""12 / Teleport Destination"", ""12 / Teleport Source"", ""12 / Teleport Source"", ""12 / Teleport Source"", ""12 / Teleport Destination"", ""12 / Teleport Source"", ""12 / Teleport Source""], ""guard_count"": 5, ""guard_samples"": [""12 / Guard / 122 / 287"", ""12 / Guard / 140 / 225"", ""12 / Guard / 150 / 302"", ""12 / Guard / 152 / 232"", ""12 / Guard / 165 / 270""], ""connected_maps"": [""1"", ""122"", ""125"", ""D10151"", ""D1021""], ""coordinate_evidence"": ""MapRegion PointRegion centers; no Merchant coordinate snapshot available""}"	"[""12 / Town Area"", ""12 / Player Spawn Area"", ""12 / 12 / Teleport Stone"", ""12 / Teleport Area"", ""12 / 12 / Weapon Store"", ""12 / 12 / Potion Store"", ""12 / 12 / Essential Store"", ""12 / 12 / Accessory Store"", ""12 / 12 / Collector Store"", ""12 / 12 / Armour Store"", ""12 / Spawn Area"", ""12 / Teleport Source"", ""12 / Teleport Source"", ""12 / Teleport Source"", ""12 / Teleport Source"", ""12 / Teleport Source"", ""12 / Teleport Destination"", ""12 / Teleport Destination"", ""12 / Teleport Destination"", ""12 / Teleport Destination"", ""12 / Teleport Destination"", ""12 / Teleport Destination"", ""12 / Teleport Destination"", ""12 / Teleport Destination"", ""12 / Teleport Destination"", ""12 / Teleport Destination"", ""12 / Teleport Source"", ""12 / Teleport Source"", ""12 / Teleport Source"", ""12 / Teleport Source"", ""12 / Teleport Source"", ""12 / Teleport Destination"", ""12 / Mutated Octopus Spawn"", ""12 / Teleport Destination"", ""12 / Teleport Source"", ""12 / Teleport Source"", ""12 / Teleport Source"", ""12 / Teleport Destination"", ""12 / Teleport Source"", ""12 / Teleport Source""]"	"{""status"": ""pass"", ""walkable_cells"": 98558, ""total_cells"": 200000, ""walkable_ratio"": 0.49279}"	"{""status"": ""pass"", ""walkable_cells"": 98557, ""total_cells"": 200000, ""walkable_ratio"": 0.492785}"	pending landmark mapping; no blind coordinate reuse	blocked	low	"{""relation"": ""same dimensions, different map bytes"", ""hero_kill_sha256"": ""09b2033f6139b8ab75b9a6eca93c8dca4760efd64de680e53addf0061346b88f"", ""zircon_sha256"": ""8e21884d2c10dadbe172dc6e26e112062eacf7b6a538ac4e74dabba5af4e3f20""}"
01	01	/home/tetsuya/mir2ei/Map/01.map	/home/tetsuya/mir2ei/Map/01.map	"{""index"": 610, ""file"": ""01"", ""description"": ""边境城市""}"	/home/tetsuya/development/zircon/Debug/ServerCore/Map/01.map	exact	"{""hero_kill"": {""width"": 600, ""height"": 600}, ""zircon"": {""width"": 600, ""height"": 600}}"	"{""region_count"": 81, ""region_landmark_samples"": [""01 / Safe Zone"", ""01 / Safe Zone"", ""01 / 肉店金老板"", ""01 / Chestnut Tree Spawn"", ""01 / Chestnut Tree Spawn"", ""01 / Chestnut Tree Spawn"", ""01 / Chestnut Tree Spawn"", ""01 / Chestnut Tree Spawn"", ""01 / Chestnut Tree Spawn"", ""01 / Chestnut Tree Spawn"", ""01 / Chestnut Tree Spawn"", ""01 / Chestnut Tree Spawn"", ""01 / Chestnut Tree Spawn"", ""01 / Chestnut Tree Spawn"", ""01 / Chestnut Tree Spawn"", ""01 / Chestnut Tree Spawn"", ""01 / Chestnut Tree Spawn"", ""01 / Chestnut Tree Spawn"", ""01 / Chestnut Tree Spawn"", ""01 / Chestnut Tree Spawn"", ""01 / Chestnut Tree Spawn"", ""01 / Chestnut Tree Spawn"", ""01 / Chestnut Tree Spawn"", ""01 / Chestnut Tree Spawn"", ""01 / Chestnut Tree Spawn"", ""01 / Chestnut Tree Spawn"", ""01 / Chestnut Tree Spawn"", ""01 / Chestnut Tree Spawn"", ""01 / Chestnut Tree Spawn"", ""01 / Chestnut Tree Spawn"", ""01 / Chestnut Tree Spawn"", ""01 / Chestnut Tree Spawn"", ""01 / Chestnut Tree Spawn"", ""01 / Teleport Source"", ""01 / Teleport Destination"", ""01 / Teleport Destination"", ""01 / Teleport Destination"", ""01 / Teleport Destination"", ""01 / Teleport Source"", ""01 / Teleport Source""], ""guard_count"": 9, ""guard_samples"": [""01 / Guard / 426 / 283"", ""01 / Guard / 413 / 272"", ""01 / Guard / 431 / 240"", ""01 / Guard / 427 / 244"", ""01 / Guard / 462 / 241"", ""01 / Guard / 455 / 232"", ""01 / Guard / 441 / 325"", ""01 / Guard / 451 / 316"", ""01 / Guard / 427 / 320""], ""connected_maps"": [""0"", ""01_001"", ""71"", ""D1405"", ""D1411"", ""D1421""], ""coordinate_evidence"": ""MapRegion PointRegion centers; no Merchant coordinate snapshot available""}"	"[""01 / Safe Zone"", ""01 / Safe Zone"", ""01 / 肉店金老板"", ""01 / Chestnut Tree Spawn"", ""01 / Chestnut Tree Spawn"", ""01 / Chestnut Tree Spawn"", ""01 / Chestnut Tree Spawn"", ""01 / Chestnut Tree Spawn"", ""01 / Chestnut Tree Spawn"", ""01 / Chestnut Tree Spawn"", ""01 / Chestnut Tree Spawn"", ""01 / Chestnut Tree Spawn"", ""01 / Chestnut Tree Spawn"", ""01 / Chestnut Tree Spawn"", ""01 / Chestnut Tree Spawn"", ""01 / Chestnut Tree Spawn"", ""01 / Chestnut Tree Spawn"", ""01 / Chestnut Tree Spawn"", ""01 / Chestnut Tree Spawn"", ""01 / Chestnut Tree Spawn"", ""01 / Chestnut Tree Spawn"", ""01 / Chestnut Tree Spawn"", ""01 / Chestnut Tree Spawn"", ""01 / Chestnut Tree Spawn"", ""01 / Chestnut Tree Spawn"", ""01 / Chestnut Tree Spawn"", ""01 / Chestnut Tree Spawn"", ""01 / Chestnut Tree Spawn"", ""01 / Chestnut Tree Spawn"", ""01 / Chestnut Tree Spawn"", ""01 / Chestnut Tree Spawn"", ""01 / Chestnut Tree Spawn"", ""01 / Chestnut Tree Spawn"", ""01 / Teleport Source"", ""01 / Teleport Destination"", ""01 / Teleport Destination"", ""01 / Teleport Destination"", ""01 / Teleport Destination"", ""01 / Teleport Source"", ""01 / Teleport Source""]"	"{""status"": ""pass"", ""walkable_cells"": 123020, ""total_cells"": 360000, ""walkable_ratio"": 0.341722}"	"{""status"": ""pass"", ""walkable_cells"": 123020, ""total_cells"": 360000, ""walkable_ratio"": 0.341722}"	identity logical-grid coordinates	allowed-after-point-check	high	"{""relation"": ""same local map bytes"", ""hero_kill_sha256"": ""6881464a4fbea5daf49018d6ed7ed85d3932be14116d02935bd732079f568a97"", ""zircon_sha256"": ""6881464a4fbea5daf49018d6ed7ed85d3932be14116d02935bd732079f568a97""}"
0150	0150	/home/tetsuya/mir2ei/Map/0150.map	/home/tetsuya/mir2ei/Map/0150.map	"{""index"": 611, ""file"": ""0150"", ""description"": ""沙巴克城堡""}"	/home/tetsuya/development/zircon/Debug/ServerCore/Map/0150.map	exact	"{""hero_kill"": {""width"": 24, ""height"": 28}, ""zircon"": {""width"": 24, ""height"": 28}}"	"{""region_count"": 4, ""region_landmark_samples"": [""0150 / Teleport Destination"", ""0150 / Teleport Destination"", ""0150 / Teleport Source"", ""0150 / Teleport Source""], ""guard_count"": 0, ""guard_samples"": [], ""connected_maps"": [], ""coordinate_evidence"": ""MapRegion PointRegion centers; no Merchant coordinate snapshot available""}"	"[""0150 / Teleport Destination"", ""0150 / Teleport Destination"", ""0150 / Teleport Source"", ""0150 / Teleport Source""]"	"{""status"": ""pass"", ""walkable_cells"": 162, ""total_cells"": 672, ""walkable_ratio"": 0.241071}"	"{""status"": ""pass"", ""walkable_cells"": 162, ""total_cells"": 672, ""walkable_ratio"": 0.241071}"	identity logical-grid coordinates	allowed-after-point-check	high	"{""relation"": ""same local map bytes"", ""hero_kill_sha256"": ""e78e86e0f5add10800d7c654071462cad4f8cc9ad346eb15ccd3ad446ee8712b"", ""zircon_sha256"": ""e78e86e0f5add10800d7c654071462cad4f8cc9ad346eb15ccd3ad446ee8712b""}"
0157	0157	/home/tetsuya/mir2ei/Map/0157.map	/home/tetsuya/mir2ei/Map/0157.map	"{""index"": 612, ""file"": ""0157"", ""description"": ""祖玛神殿大厅""}"	/home/tetsuya/development/zircon/Debug/ServerCore/Map/0157.map	exact	"{""hero_kill"": {""width"": 30, ""height"": 32}, ""zircon"": {""width"": 30, ""height"": 32}}"	"{""region_count"": 0, ""region_landmark_samples"": [], ""guard_count"": 0, ""guard_samples"": [], ""connected_maps"": [], ""coordinate_evidence"": ""MapRegion PointRegion centers; no Merchant coordinate snapshot available""}"	[]	"{""status"": ""pass"", ""walkable_cells"": 305, ""total_cells"": 960, ""walkable_ratio"": 0.317708}"	"{""status"": ""pass"", ""walkable_cells"": 305, ""total_cells"": 960, ""walkable_ratio"": 0.317708}"	identity logical-grid coordinates	allowed-after-point-check	high	"{""relation"": ""same local map bytes"", ""hero_kill_sha256"": ""85b64c75dc433e8c729cb35c60bbd6071e2f2def3ad0648679b0020b75d943e6"", ""zircon_sha256"": ""85b64c75dc433e8c729cb35c60bbd6071e2f2def3ad0648679b0020b75d943e6""}"
01_001	01_001	/home/tetsuya/mir2ei/Map/01_001.map	/home/tetsuya/mir2ei/Map/01_001.map	"{""index"": 613, ""file"": ""01_001"", ""description"": ""志善屋""}"	/home/tetsuya/development/zircon/Debug/ServerCore/Map/01_001.map	exact	"{""hero_kill"": {""width"": 30, ""height"": 30}, ""zircon"": {""width"": 30, ""height"": 30}}"	"{""region_count"": 3, ""region_landmark_samples"": [""01_001 / Teleport Destination"", ""01_001 / Teleport Source""], ""guard_count"": 0, ""guard_samples"": [], ""connected_maps"": [""01""], ""coordinate_evidence"": ""MapRegion PointRegion centers; no Merchant coordinate snapshot available""}"	"[""01_001 / Teleport Destination"", ""01_001 / Teleport Source""]"	"{""status"": ""pass"", ""walkable_cells"": 63, ""total_cells"": 900, ""walkable_ratio"": 0.07}"	"{""status"": ""pass"", ""walkable_cells"": 63, ""total_cells"": 900, ""walkable_ratio"": 0.07}"	identity logical-grid coordinates	allowed-after-point-check	high	"{""relation"": ""same local map bytes"", ""hero_kill_sha256"": ""2b1c7e4d90ca18b8e1bdf6326351e2833c94f0a1705d1fa76878fcb0258a01a6"", ""zircon_sha256"": ""2b1c7e4d90ca18b8e1bdf6326351e2833c94f0a1705d1fa76878fcb0258a01a6""}"
01_002	01_002	/home/tetsuya/mir2ei/Map/01_002.map	/home/tetsuya/mir2ei/Map/01_002.map	"{""index"": 614, ""file"": ""01_002"", ""description"": ""EI 01_002""}"	/home/tetsuya/development/zircon/Debug/ServerCore/Map/01_002.map	exact	"{""hero_kill"": {""width"": 50, ""height"": 50}, ""zircon"": {""width"": 50, ""height"": 50}}"	"{""region_count"": 0, ""region_landmark_samples"": [], ""guard_count"": 0, ""guard_samples"": [], ""connected_maps"": [], ""coordinate_evidence"": ""MapRegion PointRegion centers; no Merchant coordinate snapshot available""}"	[]	"{""status"": ""pass"", ""walkable_cells"": 388, ""total_cells"": 2500, ""walkable_ratio"": 0.1552}"	"{""status"": ""pass"", ""walkable_cells"": 388, ""total_cells"": 2500, ""walkable_ratio"": 0.1552}"	identity logical-grid coordinates	allowed-after-point-check	high	"{""relation"": ""same local map bytes"", ""hero_kill_sha256"": ""6d0528189a0ef93128168afa49b356255fdb02ad992d540fae7926e0319bd7ca"", ""zircon_sha256"": ""6d0528189a0ef93128168afa49b356255fdb02ad992d540fae7926e0319bd7ca""}"
01_003	01_003	/home/tetsuya/mir2ei/Map/01_003.map	/home/tetsuya/mir2ei/Map/01_003.map	"{""index"": 615, ""file"": ""01_003"", ""description"": ""试练场""}"	/home/tetsuya/development/zircon/Debug/ServerCore/Map/01_003.map	exact	"{""hero_kill"": {""width"": 18, ""height"": 22}, ""zircon"": {""width"": 18, ""height"": 22}}"	"{""region_count"": 2, ""region_landmark_samples"": [], ""guard_count"": 0, ""guard_samples"": [], ""connected_maps"": [], ""coordinate_evidence"": ""MapRegion PointRegion centers; no Merchant coordinate snapshot available""}"	[]	"{""status"": ""pass"", ""walkable_cells"": 103, ""total_cells"": 396, ""walkable_ratio"": 0.260101}"	"{""status"": ""pass"", ""walkable_cells"": 103, ""total_cells"": 396, ""walkable_ratio"": 0.260101}"	identity logical-grid coordinates	allowed-after-point-check	high	"{""relation"": ""same local map bytes"", ""hero_kill_sha256"": ""0ce58cb13ea6040f23da2db32361d0cb382e76fe66738adebca99f101999ae44"", ""zircon_sha256"": ""0ce58cb13ea6040f23da2db32361d0cb382e76fe66738adebca99f101999ae44""}"
02	02	/home/tetsuya/mir2ei/Map/02.map	/home/tetsuya/mir2ei/Map/02.map	"{""index"": 616, ""file"": ""02"", ""description"": ""银杏山谷""}"	/home/tetsuya/development/zircon/Debug/ServerCore/Map/02.map	exact	"{""hero_kill"": {""width"": 600, ""height"": 600}, ""zircon"": {""width"": 600, ""height"": 600}}"	"{""region_count"": 102, ""region_landmark_samples"": [""02 / Safe Zone"", ""02 / Safe Zone"", ""02 / 布店晓芙"", ""02 / Chestnut Tree Spawn"", ""02 / Chestnut Tree Spawn"", ""02 / Chestnut Tree Spawn"", ""02 / Chestnut Tree Spawn"", ""02 / Chestnut Tree Spawn"", ""02 / Chestnut Tree Spawn"", ""02 / Chestnut Tree Spawn"", ""02 / Chestnut Tree Spawn"", ""02 / Chestnut Tree Spawn"", ""02 / Chestnut Tree Spawn"", ""02 / Chestnut Tree Spawn"", ""02 / Chestnut Tree Spawn"", ""02 / Chestnut Tree Spawn"", ""02 / Chestnut Tree Spawn"", ""02 / Chestnut Tree Spawn"", ""02 / Chestnut Tree Spawn"", ""02 / Chestnut Tree Spawn"", ""02 / Chestnut Tree Spawn"", ""02 / Chestnut Tree Spawn"", ""02 / Chestnut Tree Spawn"", ""02 / Chestnut Tree Spawn"", ""02 / Chestnut Tree Spawn"", ""02 / Chestnut Tree Spawn"", ""02 / Chestnut Tree Spawn"", ""02 / Chestnut Tree Spawn"", ""02 / Chestnut Tree Spawn"", ""02 / Chestnut Tree Spawn"", ""02 / Chestnut Tree Spawn"", ""02 / Chestnut Tree Spawn"", ""02 / Chestnut Tree Spawn"", ""02 / Chestnut Tree Spawn"", ""02 / Chestnut Tree Spawn"", ""02 / Chestnut Tree Spawn"", ""02 / Chestnut Tree Spawn"", ""02 / Chestnut Tree Spawn"", ""02 / Chestnut Tree Spawn"", ""02 / Chestnut Tree Spawn""], ""guard_count"": 31, ""guard_samples"": [""02 / Guard / 232 / 180"", ""02 / Guard / 228 / 184"", ""02 / Guard / 244 / 168"", ""02 / Guard / 247 / 165"", ""02 / Guard / 274 / 167"", ""02 / Guard / 277 / 170"", ""02 / Guard / 283 / 176"", ""02 / Guard / 287 / 180"", ""02 / Guard / 289 / 205"", ""02 / Guard / 286 / 208"", ""02 / Guard / 277 / 233"", ""02 / Guard / 274 / 236""], ""connected_maps"": [""0"", ""D011"", ""D1101"", ""D1215"", ""D1301"", ""D1311"", ""D1321"", ""d712""], ""coordinate_evidence"": ""MapRegion PointRegion centers; no Merchant coordinate snapshot available""}"	"[""02 / Safe Zone"", ""02 / Safe Zone"", ""02 / 布店晓芙"", ""02 / Chestnut Tree Spawn"", ""02 / Chestnut Tree Spawn"", ""02 / Chestnut Tree Spawn"", ""02 / Chestnut Tree Spawn"", ""02 / Chestnut Tree Spawn"", ""02 / Chestnut Tree Spawn"", ""02 / Chestnut Tree Spawn"", ""02 / Chestnut Tree Spawn"", ""02 / Chestnut Tree Spawn"", ""02 / Chestnut Tree Spawn"", ""02 / Chestnut Tree Spawn"", ""02 / Chestnut Tree Spawn"", ""02 / Chestnut Tree Spawn"", ""02 / Chestnut Tree Spawn"", ""02 / Chestnut Tree Spawn"", ""02 / Chestnut Tree Spawn"", ""02 / Chestnut Tree Spawn"", ""02 / Chestnut Tree Spawn"", ""02 / Chestnut Tree Spawn"", ""02 / Chestnut Tree Spawn"", ""02 / Chestnut Tree Spawn"", ""02 / Chestnut Tree Spawn"", ""02 / Chestnut Tree Spawn"", ""02 / Chestnut Tree Spawn"", ""02 / Chestnut Tree Spawn"", ""02 / Chestnut Tree Spawn"", ""02 / Chestnut Tree Spawn"", ""02 / Chestnut Tree Spawn"", ""02 / Chestnut Tree Spawn"", ""02 / Chestnut Tree Spawn"", ""02 / Chestnut Tree Spawn"", ""02 / Chestnut Tree Spawn"", ""02 / Chestnut Tree Spawn"", ""02 / Chestnut Tree Spawn"", ""02 / Chestnut Tree Spawn"", ""02 / Chestnut Tree Spawn"", ""02 / Chestnut Tree Spawn""]"	"{""status"": ""pass"", ""walkable_cells"": 114707, ""total_cells"": 360000, ""walkable_ratio"": 0.318631}"	"{""status"": ""pass"", ""walkable_cells"": 114707, ""total_cells"": 360000, ""walkable_ratio"": 0.318631}"	identity logical-grid coordinates	allowed-after-point-check	high	"{""relation"": ""same local map bytes"", ""hero_kill_sha256"": ""366c154a8ba7ac23941ca2323f5f1c24745c0e925651d27a147720e9e87a5261"", ""zircon_sha256"": ""366c154a8ba7ac23941ca2323f5f1c24745c0e925651d27a147720e9e87a5261""}"
02_001	02_001	/home/tetsuya/mir2ei/Map/02_001.map	/home/tetsuya/mir2ei/Map/02_001.map	"{""index"": 617, ""file"": ""02_001"", ""description"": ""试练场""}"	/home/tetsuya/development/zircon/Debug/ServerCore/Map/02_001.map	exact	"{""hero_kill"": {""width"": 18, ""height"": 22}, ""zircon"": {""width"": 18, ""height"": 22}}"	"{""region_count"": 1, ""region_landmark_samples"": [], ""guard_count"": 0, ""guard_samples"": [], ""connected_maps"": [], ""coordinate_evidence"": ""MapRegion PointRegion centers; no Merchant coordinate snapshot available""}"	[]	"{""status"": ""pass"", ""walkable_cells"": 103, ""total_cells"": 396, ""walkable_ratio"": 0.260101}"	"{""status"": ""pass"", ""walkable_cells"": 103, ""total_cells"": 396, ""walkable_ratio"": 0.260101}"	identity logical-grid coordinates	allowed-after-point-check	high	"{""relation"": ""same local map bytes"", ""hero_kill_sha256"": ""0ce58cb13ea6040f23da2db32361d0cb382e76fe66738adebca99f101999ae44"", ""zircon_sha256"": ""0ce58cb13ea6040f23da2db32361d0cb382e76fe66738adebca99f101999ae44""}"
02_002	02_002	/home/tetsuya/mir2ei/Map/02_002.map	/home/tetsuya/mir2ei/Map/02_002.map	"{""index"": 618, ""file"": ""02_002"", ""description"": ""试练场""}"	/home/tetsuya/development/zircon/Debug/ServerCore/Map/02_002.map	exact	"{""hero_kill"": {""width"": 100, ""height"": 100}, ""zircon"": {""width"": 100, ""height"": 100}}"	"{""region_count"": 8, ""region_landmark_samples"": [""02_002 / Teleport Source"", ""02_002 / Teleport Source"", ""02_002 / Teleport Source"", ""02_002 / Teleport Source"", ""02_002 / Teleport Source"", ""02_002 / Teleport Source"", ""02_002 / Teleport Source"", ""02_002 / Teleport Source""], ""guard_count"": 0, ""guard_samples"": [], ""connected_maps"": [""02_003""], ""coordinate_evidence"": ""MapRegion PointRegion centers; no Merchant coordinate snapshot available""}"	"[""02_002 / Teleport Source"", ""02_002 / Teleport Source"", ""02_002 / Teleport Source"", ""02_002 / Teleport Source"", ""02_002 / Teleport Source"", ""02_002 / Teleport Source"", ""02_002 / Teleport Source"", ""02_002 / Teleport Source""]"	"{""status"": ""pass"", ""walkable_cells"": 1175, ""total_cells"": 10000, ""walkable_ratio"": 0.1175}"	"{""status"": ""pass"", ""walkable_cells"": 1175, ""total_cells"": 10000, ""walkable_ratio"": 0.1175}"	identity logical-grid coordinates	allowed-after-point-check	high	"{""relation"": ""same local map bytes"", ""hero_kill_sha256"": ""177ba1a14f98fd3683d29837e9387cbb2667c61aaac5c2eb3b7089caa8c45be1"", ""zircon_sha256"": ""177ba1a14f98fd3683d29837e9387cbb2667c61aaac5c2eb3b7089caa8c45be1""}"
02_003	02_003	/home/tetsuya/mir2ei/Map/02_003.map	/home/tetsuya/mir2ei/Map/02_003.map	"{""index"": 619, ""file"": ""02_003"", ""description"": ""试练场""}"	/home/tetsuya/development/zircon/Debug/ServerCore/Map/02_003.map	exact	"{""hero_kill"": {""width"": 100, ""height"": 100}, ""zircon"": {""width"": 100, ""height"": 100}}"	"{""region_count"": 9, ""region_landmark_samples"": [""02_003 / Teleport Destination"", ""02_003 / Teleport Destination"", ""02_003 / Teleport Destination"", ""02_003 / Teleport Destination"", ""02_003 / Teleport Destination"", ""02_003 / Teleport Destination"", ""02_003 / Teleport Destination"", ""02_003 / Teleport Destination""], ""guard_count"": 0, ""guard_samples"": [], ""connected_maps"": [""02_002""], ""coordinate_evidence"": ""MapRegion PointRegion centers; no Merchant coordinate snapshot available""}"	"[""02_003 / Teleport Destination"", ""02_003 / Teleport Destination"", ""02_003 / Teleport Destination"", ""02_003 / Teleport Destination"", ""02_003 / Teleport Destination"", ""02_003 / Teleport Destination"", ""02_003 / Teleport Destination"", ""02_003 / Teleport Destination""]"	"{""status"": ""pass"", ""walkable_cells"": 1175, ""total_cells"": 10000, ""walkable_ratio"": 0.1175}"	"{""status"": ""pass"", ""walkable_cells"": 1175, ""total_cells"": 10000, ""walkable_ratio"": 0.1175}"	identity logical-grid coordinates	allowed-after-point-check	high	"{""relation"": ""same local map bytes"", ""hero_kill_sha256"": ""177ba1a14f98fd3683d29837e9387cbb2667c61aaac5c2eb3b7089caa8c45be1"", ""zircon_sha256"": ""177ba1a14f98fd3683d29837e9387cbb2667c61aaac5c2eb3b7089caa8c45be1""}"
02_004	02_004	/home/tetsuya/mir2ei/Map/02_004.map	/home/tetsuya/mir2ei/Map/02_004.map	"{""index"": 620, ""file"": ""02_004"", ""description"": ""试练场""}"	/home/tetsuya/development/zircon/Debug/ServerCore/Map/02_004.map	exact	"{""hero_kill"": {""width"": 50, ""height"": 50}, ""zircon"": {""width"": 50, ""height"": 50}}"	"{""region_count"": 1, ""region_landmark_samples"": [], ""guard_count"": 0, ""guard_samples"": [], ""connected_maps"": [], ""coordinate_evidence"": ""MapRegion PointRegion centers; no Merchant coordinate snapshot available""}"	[]	"{""status"": ""pass"", ""walkable_cells"": 668, ""total_cells"": 2500, ""walkable_ratio"": 0.2672}"	"{""status"": ""pass"", ""walkable_cells"": 668, ""total_cells"": 2500, ""walkable_ratio"": 0.2672}"	identity logical-grid coordinates	allowed-after-point-check	high	"{""relation"": ""same local map bytes"", ""hero_kill_sha256"": ""a24157ba2099b3f74b1d31c9bd3e08b48d063bfbfac5d0830ea84a12508a1423"", ""zircon_sha256"": ""a24157ba2099b3f74b1d31c9bd3e08b48d063bfbfac5d0830ea84a12508a1423""}"
02_005	02_005	/home/tetsuya/mir2ei/Map/02_005.map	/home/tetsuya/mir2ei/Map/02_005.map	"{""index"": 621, ""file"": ""02_005"", ""description"": ""试练场""}"	/home/tetsuya/development/zircon/Debug/ServerCore/Map/02_005.map	exact	"{""hero_kill"": {""width"": 30, ""height"": 30}, ""zircon"": {""width"": 30, ""height"": 30}}"	"{""region_count"": 0, ""region_landmark_samples"": [], ""guard_count"": 0, ""guard_samples"": [], ""connected_maps"": [], ""coordinate_evidence"": ""MapRegion PointRegion centers; no Merchant coordinate snapshot available""}"	[]	"{""status"": ""pass"", ""walkable_cells"": 180, ""total_cells"": 900, ""walkable_ratio"": 0.2}"	"{""status"": ""pass"", ""walkable_cells"": 180, ""total_cells"": 900, ""walkable_ratio"": 0.2}"	identity logical-grid coordinates	allowed-after-point-check	high	"{""relation"": ""same local map bytes"", ""hero_kill_sha256"": ""bc114ba053ac36ca07117f610266b2d0dafd1264cbe3d63dd2ba70685e0035fd"", ""zircon_sha256"": ""bc114ba053ac36ca07117f610266b2d0dafd1264cbe3d63dd2ba70685e0035fd""}"
02_006	02_006	/home/tetsuya/mir2ei/Map/02_006.map	/home/tetsuya/mir2ei/Map/02_006.map	"{""index"": 622, ""file"": ""02_006"", ""description"": ""试练场""}"	/home/tetsuya/development/zircon/Debug/ServerCore/Map/02_006.map	exact	"{""hero_kill"": {""width"": 50, ""height"": 50}, ""zircon"": {""width"": 50, ""height"": 50}}"	"{""region_count"": 1, ""region_landmark_samples"": [], ""guard_count"": 0, ""guard_samples"": [], ""connected_maps"": [], ""coordinate_evidence"": ""MapRegion PointRegion centers; no Merchant coordinate snapshot available""}"	[]	"{""status"": ""pass"", ""walkable_cells"": 668, ""total_cells"": 2500, ""walkable_ratio"": 0.2672}"	"{""status"": ""pass"", ""walkable_cells"": 668, ""total_cells"": 2500, ""walkable_ratio"": 0.2672}"	identity logical-grid coordinates	allowed-after-point-check	high	"{""relation"": ""same local map bytes"", ""hero_kill_sha256"": ""a24157ba2099b3f74b1d31c9bd3e08b48d063bfbfac5d0830ea84a12508a1423"", ""zircon_sha256"": ""a24157ba2099b3f74b1d31c9bd3e08b48d063bfbfac5d0830ea84a12508a1423""}"
02_010	02_010	/home/tetsuya/mir2ei/Map/02_010.map	/home/tetsuya/mir2ei/Map/02_010.map	"{""index"": 623, ""file"": ""02_010"", ""description"": ""试练场""}"	/home/tetsuya/development/zircon/Debug/ServerCore/Map/02_010.map	exact	"{""hero_kill"": {""width"": 100, ""height"": 100}, ""zircon"": {""width"": 100, ""height"": 100}}"	"{""region_count"": 0, ""region_landmark_samples"": [], ""guard_count"": 0, ""guard_samples"": [], ""connected_maps"": [], ""coordinate_evidence"": ""MapRegion PointRegion centers; no Merchant coordinate snapshot available""}"	[]	"{""status"": ""pass"", ""walkable_cells"": 618, ""total_cells"": 10000, ""walkable_ratio"": 0.0618}"	"{""status"": ""pass"", ""walkable_cells"": 618, ""total_cells"": 10000, ""walkable_ratio"": 0.0618}"	identity logical-grid coordinates	allowed-after-point-check	high	"{""relation"": ""same local map bytes"", ""hero_kill_sha256"": ""930e0e121e8a80a4432dd6d8e89502c0dfae717a640796578d041977db68e189"", ""zircon_sha256"": ""930e0e121e8a80a4432dd6d8e89502c0dfae717a640796578d041977db68e189""}"
02_011	02_011	/home/tetsuya/mir2ei/Map/02_011.map	/home/tetsuya/mir2ei/Map/02_011.map	"{""index"": 624, ""file"": ""02_011"", ""description"": ""试练场""}"	/home/tetsuya/development/zircon/Debug/ServerCore/Map/02_011.map	exact	"{""hero_kill"": {""width"": 100, ""height"": 100}, ""zircon"": {""width"": 100, ""height"": 100}}"	"{""region_count"": 0, ""region_landmark_samples"": [], ""guard_count"": 0, ""guard_samples"": [], ""connected_maps"": [], ""coordinate_evidence"": ""MapRegion PointRegion centers; no Merchant coordinate snapshot available""}"	[]	"{""status"": ""pass"", ""walkable_cells"": 618, ""total_cells"": 10000, ""walkable_ratio"": 0.0618}"	"{""status"": ""pass"", ""walkable_cells"": 618, ""total_cells"": 10000, ""walkable_ratio"": 0.0618}"	identity logical-grid coordinates	allowed-after-point-check	high	"{""relation"": ""same local map bytes"", ""hero_kill_sha256"": ""930e0e121e8a80a4432dd6d8e89502c0dfae717a640796578d041977db68e189"", ""zircon_sha256"": ""930e0e121e8a80a4432dd6d8e89502c0dfae717a640796578d041977db68e189""}"
02_012	02_012	/home/tetsuya/mir2ei/Map/02_012.map	/home/tetsuya/mir2ei/Map/02_012.map	"{""index"": 625, ""file"": ""02_012"", ""description"": ""试练场""}"	/home/tetsuya/development/zircon/Debug/ServerCore/Map/02_012.map	exact	"{""hero_kill"": {""width"": 100, ""height"": 100}, ""zircon"": {""width"": 100, ""height"": 100}}"	"{""region_count"": 0, ""region_landmark_samples"": [], ""guard_count"": 0, ""guard_samples"": [], ""connected_maps"": [], ""coordinate_evidence"": ""MapRegion PointRegion centers; no Merchant coordinate snapshot available""}"	[]	"{""status"": ""pass"", ""walkable_cells"": 618, ""total_cells"": 10000, ""walkable_ratio"": 0.0618}"	"{""status"": ""pass"", ""walkable_cells"": 618, ""total_cells"": 10000, ""walkable_ratio"": 0.0618}"	identity logical-grid coordinates	allowed-after-point-check	high	"{""relation"": ""same local map bytes"", ""hero_kill_sha256"": ""930e0e121e8a80a4432dd6d8e89502c0dfae717a640796578d041977db68e189"", ""zircon_sha256"": ""930e0e121e8a80a4432dd6d8e89502c0dfae717a640796578d041977db68e189""}"
02_013	02_013	/home/tetsuya/mir2ei/Map/02_013.map	/home/tetsuya/mir2ei/Map/02_013.map	"{""index"": 626, ""file"": ""02_013"", ""description"": ""试练场""}"	/home/tetsuya/development/zircon/Debug/ServerCore/Map/02_013.map	exact	"{""hero_kill"": {""width"": 100, ""height"": 100}, ""zircon"": {""width"": 100, ""height"": 100}}"	"{""region_count"": 0, ""region_landmark_samples"": [], ""guard_count"": 0, ""guard_samples"": [], ""connected_maps"": [], ""coordinate_evidence"": ""MapRegion PointRegion centers; no Merchant coordinate snapshot available""}"	[]	"{""status"": ""pass"", ""walkable_cells"": 618, ""total_cells"": 10000, ""walkable_ratio"": 0.0618}"	"{""status"": ""pass"", ""walkable_cells"": 618, ""total_cells"": 10000, ""walkable_ratio"": 0.0618}"	identity logical-grid coordinates	allowed-after-point-check	high	"{""relation"": ""same local map bytes"", ""hero_kill_sha256"": ""930e0e121e8a80a4432dd6d8e89502c0dfae717a640796578d041977db68e189"", ""zircon_sha256"": ""930e0e121e8a80a4432dd6d8e89502c0dfae717a640796578d041977db68e189""}"
02_014	02_014	/home/tetsuya/mir2ei/Map/02_014.map	/home/tetsuya/mir2ei/Map/02_014.map	"{""index"": 627, ""file"": ""02_014"", ""description"": ""试练场""}"	/home/tetsuya/development/zircon/Debug/ServerCore/Map/02_014.map	exact	"{""hero_kill"": {""width"": 100, ""height"": 100}, ""zircon"": {""width"": 100, ""height"": 100}}"	"{""region_count"": 0, ""region_landmark_samples"": [], ""guard_count"": 0, ""guard_samples"": [], ""connected_maps"": [], ""coordinate_evidence"": ""MapRegion PointRegion centers; no Merchant coordinate snapshot available""}"	[]	"{""status"": ""pass"", ""walkable_cells"": 618, ""total_cells"": 10000, ""walkable_ratio"": 0.0618}"	"{""status"": ""pass"", ""walkable_cells"": 618, ""total_cells"": 10000, ""walkable_ratio"": 0.0618}"	identity logical-grid coordinates	allowed-after-point-check	high	"{""relation"": ""same local map bytes"", ""hero_kill_sha256"": ""930e0e121e8a80a4432dd6d8e89502c0dfae717a640796578d041977db68e189"", ""zircon_sha256"": ""930e0e121e8a80a4432dd6d8e89502c0dfae717a640796578d041977db68e189""}"
0_0011	0_0011	/home/tetsuya/mir2ei/Map/0_0011.map	/home/tetsuya/mir2ei/Map/0_0011.map	"{""index"": 628, ""file"": ""0_0011"", ""description"": ""EI 0_0011""}"	/home/tetsuya/development/zircon/Debug/ServerCore/Map/0_0011.map	exact	"{""hero_kill"": {""width"": 30, ""height"": 30}, ""zircon"": {""width"": 30, ""height"": 30}}"	"{""region_count"": 0, ""region_landmark_samples"": [], ""guard_count"": 0, ""guard_samples"": [], ""connected_maps"": [], ""coordinate_evidence"": ""MapRegion PointRegion centers; no Merchant coordinate snapshot available""}"	[]	"{""status"": ""pending"", ""walkable_cells"": null, ""total_cells"": null, ""walkable_ratio"": null}"	"{""status"": ""pending"", ""walkable_cells"": null, ""total_cells"": null, ""walkable_ratio"": null}"	identity logical-grid coordinates	allowed-after-point-check	high	"{""relation"": ""same local map bytes"", ""hero_kill_sha256"": ""2077f4ca04e6e080433f50cb3295aa89a32d2e32638f3c3ebf1349e53a721a74"", ""zircon_sha256"": ""2077f4ca04e6e080433f50cb3295aa89a32d2e32638f3c3ebf1349e53a721a74""}"
0_0021	0_0021	/home/tetsuya/mir2ei/Map/0_0021.map	/home/tetsuya/mir2ei/Map/0_0021.map	"{""index"": 629, ""file"": ""0_0021"", ""description"": ""EI 0_0021""}"	/home/tetsuya/development/zircon/Debug/ServerCore/Map/0_0021.map	exact	"{""hero_kill"": {""width"": 20, ""height"": 20}, ""zircon"": {""width"": 20, ""height"": 20}}"	"{""region_count"": 0, ""region_landmark_samples"": [], ""guard_count"": 0, ""guard_samples"": [], ""connected_maps"": [], ""coordinate_evidence"": ""MapRegion PointRegion centers; no Merchant coordinate snapshot available""}"	[]	"{""status"": ""pending"", ""walkable_cells"": null, ""total_cells"": null, ""walkable_ratio"": null}"	"{""status"": ""pending"", ""walkable_cells"": null, ""total_cells"": null, ""walkable_ratio"": null}"	identity logical-grid coordinates	allowed-after-point-check	high	"{""relation"": ""same local map bytes"", ""hero_kill_sha256"": ""69a1c2610df514b0f5fc39d2bd8c5f669b661030f459048260b72de41b0ad0f6"", ""zircon_sha256"": ""69a1c2610df514b0f5fc39d2bd8c5f669b661030f459048260b72de41b0ad0f6""}"
0_003	0_003	/home/tetsuya/mir2ei/Map/0_003.map	/home/tetsuya/mir2ei/Map/0_003.map	"{""index"": 630, ""file"": ""0_003"", ""description"": ""比奇县""}"	/home/tetsuya/development/zircon/Debug/ServerCore/Map/0_003.map	exact	"{""hero_kill"": {""width"": 60, ""height"": 100}, ""zircon"": {""width"": 60, ""height"": 100}}"	"{""region_count"": 29, ""region_landmark_samples"": [""0_003 / Teleport Source"", ""0_003 / Teleport Source"", ""0_003 / Teleport Source"", ""0_003 / Teleport Source"", ""0_003 / Teleport Source"", ""0_003 / Teleport Source"", ""0_003 / Teleport Source"", ""0_003 / Teleport Source"", ""0_003 / Teleport Source"", ""0_003 / Teleport Source"", ""0_003 / Teleport Source"", ""0_003 / Teleport Source"", ""0_003 / Teleport Source"", ""0_003 / Teleport Source"", ""0_003 / Teleport Source"", ""0_003 / Teleport Source"", ""0_003 / Teleport Source"", ""0_003 / Teleport Source"", ""0_003 / Teleport Source"", ""0_003 / Teleport Source"", ""0_003 / Teleport Source"", ""0_003 / Teleport Source"", ""0_003 / Teleport Source"", ""0_003 / Teleport Source"", ""0_003 / Teleport Source"", ""0_003 / Teleport Source"", ""0_003 / Teleport Source"", ""0_003 / Teleport Source""], ""guard_count"": 0, ""guard_samples"": [], ""connected_maps"": [""0""], ""coordinate_evidence"": ""MapRegion PointRegion centers; no Merchant coordinate snapshot available""}"	"[""0_003 / Teleport Source"", ""0_003 / Teleport Source"", ""0_003 / Teleport Source"", ""0_003 / Teleport Source"", ""0_003 / Teleport Source"", ""0_003 / Teleport Source"", ""0_003 / Teleport Source"", ""0_003 / Teleport Source"", ""0_003 / Teleport Source"", ""0_003 / Teleport Source"", ""0_003 / Teleport Source"", ""0_003 / Teleport Source"", ""0_003 / Teleport Source"", ""0_003 / Teleport Source"", ""0_003 / Teleport Source"", ""0_003 / Teleport Source"", ""0_003 / Teleport Source"", ""0_003 / Teleport Source"", ""0_003 / Teleport Source"", ""0_003 / Teleport Source"", ""0_003 / Teleport Source"", ""0_003 / Teleport Source"", ""0_003 / Teleport Source"", ""0_003 / Teleport Source"", ""0_003 / Teleport Source"", ""0_003 / Teleport Source"", ""0_003 / Teleport Source"", ""0_003 / Teleport Source""]"	"{""status"": ""pass"", ""walkable_cells"": 63, ""total_cells"": 6000, ""walkable_ratio"": 0.0105}"	"{""status"": ""pass"", ""walkable_cells"": 63, ""total_cells"": 6000, ""walkable_ratio"": 0.0105}"	identity logical-grid coordinates	allowed-after-point-check	high	"{""relation"": ""same local map bytes"", ""hero_kill_sha256"": ""523104697ab65a7161d6abdcbb9083f5d9f51ca12b4beefeb5a65046c4ba3003"", ""zircon_sha256"": ""523104697ab65a7161d6abdcbb9083f5d9f51ca12b4beefeb5a65046c4ba3003""}"
0_0031	0_0031	/home/tetsuya/mir2ei/Map/0_0031.map	/home/tetsuya/mir2ei/Map/0_0031.map	"{""index"": 631, ""file"": ""0_0031"", ""description"": ""EI 0_0031""}"	/home/tetsuya/development/zircon/Debug/ServerCore/Map/0_0031.map	exact	"{""hero_kill"": {""width"": 18, ""height"": 22}, ""zircon"": {""width"": 18, ""height"": 22}}"	"{""region_count"": 0, ""region_landmark_samples"": [], ""guard_count"": 0, ""guard_samples"": [], ""connected_maps"": [], ""coordinate_evidence"": ""MapRegion PointRegion centers; no Merchant coordinate snapshot available""}"	[]	"{""status"": ""pending"", ""walkable_cells"": null, ""total_cells"": null, ""walkable_ratio"": null}"	"{""status"": ""pending"", ""walkable_cells"": null, ""total_cells"": null, ""walkable_ratio"": null}"	identity logical-grid coordinates	allowed-after-point-check	high	"{""relation"": ""same local map bytes"", ""hero_kill_sha256"": ""7724cd229d72fce5e572b2ca4e61b7fd146c6e8b51329a68b7a3e053876a9291"", ""zircon_sha256"": ""7724cd229d72fce5e572b2ca4e61b7fd146c6e8b51329a68b7a3e053876a9291""}"
0_0032	0_0032	/home/tetsuya/mir2ei/Map/0_0032.map	/home/tetsuya/mir2ei/Map/0_0032.map	"{""index"": 632, ""file"": ""0_0032"", ""description"": ""EI 0_0032""}"	/home/tetsuya/development/zircon/Debug/ServerCore/Map/0_0032.map	exact	"{""hero_kill"": {""width"": 18, ""height"": 22}, ""zircon"": {""width"": 18, ""height"": 22}}"	"{""region_count"": 0, ""region_landmark_samples"": [], ""guard_count"": 0, ""guard_samples"": [], ""connected_maps"": [], ""coordinate_evidence"": ""MapRegion PointRegion centers; no Merchant coordinate snapshot available""}"	[]	"{""status"": ""pending"", ""walkable_cells"": null, ""total_cells"": null, ""walkable_ratio"": null}"	"{""status"": ""pending"", ""walkable_cells"": null, ""total_cells"": null, ""walkable_ratio"": null}"	identity logical-grid coordinates	allowed-after-point-check	high	"{""relation"": ""same local map bytes"", ""hero_kill_sha256"": ""7724cd229d72fce5e572b2ca4e61b7fd146c6e8b51329a68b7a3e053876a9291"", ""zircon_sha256"": ""7724cd229d72fce5e572b2ca4e61b7fd146c6e8b51329a68b7a3e053876a9291""}"
0_0033	0_0033	/home/tetsuya/mir2ei/Map/0_0033.map	/home/tetsuya/mir2ei/Map/0_0033.map	"{""index"": 633, ""file"": ""0_0033"", ""description"": ""EI 0_0033""}"	/home/tetsuya/development/zircon/Debug/ServerCore/Map/0_0033.map	exact	"{""hero_kill"": {""width"": 18, ""height"": 22}, ""zircon"": {""width"": 18, ""height"": 22}}"	"{""region_count"": 0, ""region_landmark_samples"": [], ""guard_count"": 0, ""guard_samples"": [], ""connected_maps"": [], ""coordinate_evidence"": ""MapRegion PointRegion centers; no Merchant coordinate snapshot available""}"	[]	"{""status"": ""pending"", ""walkable_cells"": null, ""total_cells"": null, ""walkable_ratio"": null}"	"{""status"": ""pending"", ""walkable_cells"": null, ""total_cells"": null, ""walkable_ratio"": null}"	identity logical-grid coordinates	allowed-after-point-check	high	"{""relation"": ""same local map bytes"", ""hero_kill_sha256"": ""7724cd229d72fce5e572b2ca4e61b7fd146c6e8b51329a68b7a3e053876a9291"", ""zircon_sha256"": ""7724cd229d72fce5e572b2ca4e61b7fd146c6e8b51329a68b7a3e053876a9291""}"
121	121	/home/tetsuya/mir2ei/Map/121.map	/home/tetsuya/mir2ei/Map/121.map	"{""index"": 634, ""file"": ""121"", ""description"": ""EI 121""}"	/home/tetsuya/development/zircon/Debug/ServerCore/Map/121.map	exact	"{""hero_kill"": {""width"": 400, ""height"": 400}, ""zircon"": {""width"": 400, ""height"": 400}}"	"{""region_count"": 0, ""region_landmark_samples"": [], ""guard_count"": 0, ""guard_samples"": [], ""connected_maps"": [], ""coordinate_evidence"": ""MapRegion PointRegion centers; no Merchant coordinate snapshot available""}"	[]	"{""status"": ""pass"", ""walkable_cells"": 64542, ""total_cells"": 160000, ""walkable_ratio"": 0.403388}"	"{""status"": ""pass"", ""walkable_cells"": 64542, ""total_cells"": 160000, ""walkable_ratio"": 0.403388}"	identity logical-grid coordinates	allowed-after-point-check	high	"{""relation"": ""same local map bytes"", ""hero_kill_sha256"": ""1f895ad6fb56d5a901ee50226da31d7a557b089358c05cd413cf1dc8691525bf"", ""zircon_sha256"": ""1f895ad6fb56d5a901ee50226da31d7a557b089358c05cd413cf1dc8691525bf""}"
122	122	/home/tetsuya/mir2ei/Map/122.map	/home/tetsuya/mir2ei/Map/122.map	"{""index"": 635, ""file"": ""122"", ""description"": ""灌木林""}"	/home/tetsuya/development/zircon/Debug/ServerCore/Map/122.map	exact	"{""hero_kill"": {""width"": 400, ""height"": 400}, ""zircon"": {""width"": 400, ""height"": 400}}"	"{""region_count"": 46, ""region_landmark_samples"": [""122 / Arachnid Gazer Spawn"", ""122 / Spitting Spider Spawn"", ""122 / Dark Arachnid Spawn"", ""122 / Venomous Arachnid Spawn"", ""122 / Gang Spider Spawn"", ""122 / Phantom Soldier Spawn"", ""122 / Arachnid Gazer Spawn"", ""122 / Spitting Spider Spawn"", ""122 / Gang Spider Spawn"", ""122 / Spitting Spider Spawn"", ""122 / Arachnid Gazer Spawn"", ""122 / Gang Spider Spawn"", ""122 / Dark Arachnid Spawn"", ""122 / Spitting Spider Spawn"", ""122 / Mutated Octopus Spawn"", ""122 / Teleport Destination"", ""122 / Teleport Destination"", ""122 / Teleport Destination"", ""122 / Teleport Destination"", ""122 / Teleport Destination"", ""122 / Teleport Destination"", ""122 / Teleport Source"", ""122 / Teleport Source"", ""122 / Teleport Source"", ""122 / Teleport Source"", ""122 / Teleport Source"", ""122 / Teleport Source"", ""122 / Teleport Source"", ""122 / Teleport Source"", ""122 / Teleport Source"", ""122 / Teleport Source"", ""122 / Teleport Source"", ""122 / Teleport Destination"", ""122 / Teleport Destination"", ""122 / Teleport Destination"", ""122 / Teleport Destination"", ""122 / Teleport Destination"", ""122 / Teleport Destination"", ""122 / Teleport Destination"", ""122 / Teleport Destination""], ""guard_count"": 0, ""guard_samples"": [], ""connected_maps"": [""12"", ""125""], ""coordinate_evidence"": ""MapRegion PointRegion centers; no Merchant coordinate snapshot available""}"	"[""122 / Arachnid Gazer Spawn"", ""122 / Spitting Spider Spawn"", ""122 / Dark Arachnid Spawn"", ""122 / Venomous Arachnid Spawn"", ""122 / Gang Spider Spawn"", ""122 / Phantom Soldier Spawn"", ""122 / Arachnid Gazer Spawn"", ""122 / Spitting Spider Spawn"", ""122 / Gang Spider Spawn"", ""122 / Spitting Spider Spawn"", ""122 / Arachnid Gazer Spawn"", ""122 / Gang Spider Spawn"", ""122 / Dark Arachnid Spawn"", ""122 / Spitting Spider Spawn"", ""122 / Mutated Octopus Spawn"", ""122 / Teleport Destination"", ""122 / Teleport Destination"", ""122 / Teleport Destination"", ""122 / Teleport Destination"", ""122 / Teleport Destination"", ""122 / Teleport Destination"", ""122 / Teleport Source"", ""122 / Teleport Source"", ""122 / Teleport Source"", ""122 / Teleport Source"", ""122 / Teleport Source"", ""122 / Teleport Source"", ""122 / Teleport Source"", ""122 / Teleport Source"", ""122 / Teleport Source"", ""122 / Teleport Source"", ""122 / Teleport Source"", ""122 / Teleport Destination"", ""122 / Teleport Destination"", ""122 / Teleport Destination"", ""122 / Teleport Destination"", ""122 / Teleport Destination"", ""122 / Teleport Destination"", ""122 / Teleport Destination"", ""122 / Teleport Destination""]"	"{""status"": ""pass"", ""walkable_cells"": 62969, ""total_cells"": 160000, ""walkable_ratio"": 0.393556}"	"{""status"": ""pass"", ""walkable_cells"": 62969, ""total_cells"": 160000, ""walkable_ratio"": 0.393556}"	identity logical-grid coordinates	allowed-after-point-check	high	"{""relation"": ""same local map bytes"", ""hero_kill_sha256"": ""c6307a22d5e957fe1d1eda8d3700d3b0c9ff851c1849c313bdcab1e2b735c23d"", ""zircon_sha256"": ""c6307a22d5e957fe1d1eda8d3700d3b0c9ff851c1849c313bdcab1e2b735c23d""}"
123	123	/home/tetsuya/mir2ei/Map/123.map	/home/tetsuya/mir2ei/Map/123.map	"{""index"": 636, ""file"": ""123"", ""description"": ""EI 123""}"	/home/tetsuya/development/zircon/Debug/ServerCore/Map/123.map	exact	"{""hero_kill"": {""width"": 400, ""height"": 400}, ""zircon"": {""width"": 400, ""height"": 400}}"	"{""region_count"": 0, ""region_landmark_samples"": [], ""guard_count"": 0, ""guard_samples"": [], ""connected_maps"": [], ""coordinate_evidence"": ""MapRegion PointRegion centers; no Merchant coordinate snapshot available""}"	[]	"{""status"": ""pass"", ""walkable_cells"": 66306, ""total_cells"": 160000, ""walkable_ratio"": 0.414413}"	"{""status"": ""pass"", ""walkable_cells"": 66306, ""total_cells"": 160000, ""walkable_ratio"": 0.414413}"	identity logical-grid coordinates	allowed-after-point-check	high	"{""relation"": ""same local map bytes"", ""hero_kill_sha256"": ""9aca75eb574a45c66a76005caf3b2b6d5eb51f7d8fa12f2717d7a03b502bb87e"", ""zircon_sha256"": ""9aca75eb574a45c66a76005caf3b2b6d5eb51f7d8fa12f2717d7a03b502bb87e""}"
124	124	/home/tetsuya/mir2ei/Map/124.map	/home/tetsuya/mir2ei/Map/124.map	"{""index"": 637, ""file"": ""124"", ""description"": ""EI 124""}"	/home/tetsuya/development/zircon/Debug/ServerCore/Map/124.map	exact	"{""hero_kill"": {""width"": 400, ""height"": 400}, ""zircon"": {""width"": 400, ""height"": 400}}"	"{""region_count"": 0, ""region_landmark_samples"": [], ""guard_count"": 0, ""guard_samples"": [], ""connected_maps"": [], ""coordinate_evidence"": ""MapRegion PointRegion centers; no Merchant coordinate snapshot available""}"	[]	"{""status"": ""pass"", ""walkable_cells"": 62646, ""total_cells"": 160000, ""walkable_ratio"": 0.391537}"	"{""status"": ""pass"", ""walkable_cells"": 62646, ""total_cells"": 160000, ""walkable_ratio"": 0.391537}"	identity logical-grid coordinates	allowed-after-point-check	high	"{""relation"": ""same local map bytes"", ""hero_kill_sha256"": ""2febae75b26691ee2cc6b553789d8d78cdeff204d53ab61b221839cf4a836f22"", ""zircon_sha256"": ""2febae75b26691ee2cc6b553789d8d78cdeff204d53ab61b221839cf4a836f22""}"
125	125	/home/tetsuya/mir2ei/Map/125.map	/home/tetsuya/mir2ei/Map/125.map	"{""index"": 638, ""file"": ""125"", ""description"": ""灌木林""}"	/home/tetsuya/development/zircon/Debug/ServerCore/Map/125.map	exact	"{""hero_kill"": {""width"": 400, ""height"": 400}, ""zircon"": {""width"": 400, ""height"": 400}}"	"{""region_count"": 35, ""region_landmark_samples"": [""125 / Arachnid Gazer Spawn"", ""125 / Spitting Spider Spawn"", ""125 / Dark Arachnid Spawn"", ""125 / Venomous Arachnid Spawn"", ""125 / Gang Spider Spawn"", ""125 / Phantom Soldier Spawn"", ""125 / Spitting Spider Spawn"", ""125 / Arachnid Gazer Spawn"", ""125 / Gang Spider Spawn"", ""125 / Dark Arachnid Spawn"", ""125 / Spitting Spider Spawn"", ""125 / Dark Arachnid Spawn"", ""125 / Mutated Octopus Spawn"", ""125 / Teleport Destination"", ""125 / Teleport Destination"", ""125 / Teleport Destination"", ""125 / Teleport Destination"", ""125 / Teleport Destination"", ""125 / Teleport Source"", ""125 / Teleport Source"", ""125 / Teleport Source"", ""125 / Teleport Source"", ""125 / Teleport Source"", ""125 / Teleport Source"", ""125 / Teleport Source"", ""125 / Teleport Source"", ""125 / Teleport Source"", ""125 / Teleport Source"", ""125 / Teleport Source"", ""125 / Teleport Destination"", ""125 / Teleport Destination"", ""125 / Teleport Destination"", ""125 / Teleport Destination"", ""125 / Teleport Destination"", ""125 / Teleport Destination""], ""guard_count"": 0, ""guard_samples"": [], ""connected_maps"": [""12"", ""122""], ""coordinate_evidence"": ""MapRegion PointRegion centers; no Merchant coordinate snapshot available""}"	"[""125 / Arachnid Gazer Spawn"", ""125 / Spitting Spider Spawn"", ""125 / Dark Arachnid Spawn"", ""125 / Venomous Arachnid Spawn"", ""125 / Gang Spider Spawn"", ""125 / Phantom Soldier Spawn"", ""125 / Spitting Spider Spawn"", ""125 / Arachnid Gazer Spawn"", ""125 / Gang Spider Spawn"", ""125 / Dark Arachnid Spawn"", ""125 / Spitting Spider Spawn"", ""125 / Dark Arachnid Spawn"", ""125 / Mutated Octopus Spawn"", ""125 / Teleport Destination"", ""125 / Teleport Destination"", ""125 / Teleport Destination"", ""125 / Teleport Destination"", ""125 / Teleport Destination"", ""125 / Teleport Source"", ""125 / Teleport Source"", ""125 / Teleport Source"", ""125 / Teleport Source"", ""125 / Teleport Source"", ""125 / Teleport Source"", ""125 / Teleport Source"", ""125 / Teleport Source"", ""125 / Teleport Source"", ""125 / Teleport Source"", ""125 / Teleport Source"", ""125 / Teleport Destination"", ""125 / Teleport Destination"", ""125 / Teleport Destination"", ""125 / Teleport Destination"", ""125 / Teleport Destination"", ""125 / Teleport Destination""]"	"{""status"": ""pass"", ""walkable_cells"": 64945, ""total_cells"": 160000, ""walkable_ratio"": 0.405906}"	"{""status"": ""pass"", ""walkable_cells"": 64945, ""total_cells"": 160000, ""walkable_ratio"": 0.405906}"	identity logical-grid coordinates	allowed-after-point-check	high	"{""relation"": ""same local map bytes"", ""hero_kill_sha256"": ""1ffaf86a69ea03474aaa22b3b05e3aec090364626a00518cd072b6bb9863c447"", ""zircon_sha256"": ""1ffaf86a69ea03474aaa22b3b05e3aec090364626a00518cd072b6bb9863c447""}"
1_001	1_001	/home/tetsuya/mir2ei/Map/1_001.map	/home/tetsuya/mir2ei/Map/1_001.map	"{""index"": 639, ""file"": ""1_001"", ""description"": ""武器仓库""}"	/home/tetsuya/development/zircon/Debug/ServerCore/Map/1_001.map	exact	"{""hero_kill"": {""width"": 22, ""height"": 22}, ""zircon"": {""width"": 22, ""height"": 22}}"	"{""region_count"": 3, ""region_landmark_samples"": [""1_001 / Teleport Destination"", ""1_001 / Teleport Source""], ""guard_count"": 0, ""guard_samples"": [], ""connected_maps"": [""1""], ""coordinate_evidence"": ""MapRegion PointRegion centers; no Merchant coordinate snapshot available""}"	"[""1_001 / Teleport Destination"", ""1_001 / Teleport Source""]"	"{""status"": ""pass"", ""walkable_cells"": 69, ""total_cells"": 484, ""walkable_ratio"": 0.142562}"	"{""status"": ""pass"", ""walkable_cells"": 69, ""total_cells"": 484, ""walkable_ratio"": 0.142562}"	identity logical-grid coordinates	allowed-after-point-check	high	"{""relation"": ""same local map bytes"", ""hero_kill_sha256"": ""ffc9de49d9433ababbe0da7a893236ab7038bb6bf35daf7de4d81d64f6995d1b"", ""zircon_sha256"": ""ffc9de49d9433ababbe0da7a893236ab7038bb6bf35daf7de4d81d64f6995d1b""}"
1_002	1_002	/home/tetsuya/mir2ei/Map/1_002.map	/home/tetsuya/mir2ei/Map/1_002.map	"{""index"": 640, ""file"": ""1_002"", ""description"": ""本馆""}"	/home/tetsuya/development/zircon/Debug/ServerCore/Map/1_002.map	exact	"{""hero_kill"": {""width"": 24, ""height"": 24}, ""zircon"": {""width"": 24, ""height"": 24}}"	"{""region_count"": 5, ""region_landmark_samples"": [""1_002 / Teleport Destination"", ""1_002 / Teleport Source"", ""1_002 / Teleport Destination"", ""1_002 / Teleport Source""], ""guard_count"": 0, ""guard_samples"": [], ""connected_maps"": [""1""], ""coordinate_evidence"": ""MapRegion PointRegion centers; no Merchant coordinate snapshot available""}"	"[""1_002 / Teleport Destination"", ""1_002 / Teleport Source"", ""1_002 / Teleport Destination"", ""1_002 / Teleport Source""]"	"{""status"": ""pass"", ""walkable_cells"": 125, ""total_cells"": 576, ""walkable_ratio"": 0.217014}"	"{""status"": ""pass"", ""walkable_cells"": 125, ""total_cells"": 576, ""walkable_ratio"": 0.217014}"	identity logical-grid coordinates	allowed-after-point-check	high	"{""relation"": ""same local map bytes"", ""hero_kill_sha256"": ""230900848cf38a5ec00509d3ac80ec6eb4f0301e7084ec6475b1bb44177e1fc7"", ""zircon_sha256"": ""230900848cf38a5ec00509d3ac80ec6eb4f0301e7084ec6475b1bb44177e1fc7""}"
1_003	1_003	/home/tetsuya/mir2ei/Map/1_003.map	/home/tetsuya/mir2ei/Map/1_003.map	"{""index"": 641, ""file"": ""1_003"", ""description"": ""洗衣住居""}"	/home/tetsuya/development/zircon/Debug/ServerCore/Map/1_003.map	exact	"{""hero_kill"": {""width"": 20, ""height"": 26}, ""zircon"": {""width"": 20, ""height"": 26}}"	"{""region_count"": 5, ""region_landmark_samples"": [""1_003 / Teleport Destination"", ""1_003 / Teleport Source"", ""1_003 / Teleport Destination"", ""1_003 / Teleport Source""], ""guard_count"": 0, ""guard_samples"": [], ""connected_maps"": [""1""], ""coordinate_evidence"": ""MapRegion PointRegion centers; no Merchant coordinate snapshot available""}"	"[""1_003 / Teleport Destination"", ""1_003 / Teleport Source"", ""1_003 / Teleport Destination"", ""1_003 / Teleport Source""]"	"{""status"": ""pass"", ""walkable_cells"": 83, ""total_cells"": 520, ""walkable_ratio"": 0.159615}"	"{""status"": ""pass"", ""walkable_cells"": 83, ""total_cells"": 520, ""walkable_ratio"": 0.159615}"	identity logical-grid coordinates	allowed-after-point-check	high	"{""relation"": ""same local map bytes"", ""hero_kill_sha256"": ""1480800a6cf50588b14e12e6f9be4ee9f0c31edeb8d41b518dbe673029ea828a"", ""zircon_sha256"": ""1480800a6cf50588b14e12e6f9be4ee9f0c31edeb8d41b518dbe673029ea828a""}"
1_004	1_004	/home/tetsuya/mir2ei/Map/1_004.map	/home/tetsuya/mir2ei/Map/1_004.map	"{""index"": 642, ""file"": ""1_004"", ""description"": ""书房""}"	/home/tetsuya/development/zircon/Debug/ServerCore/Map/1_004.map	exact	"{""hero_kill"": {""width"": 20, ""height"": 26}, ""zircon"": {""width"": 20, ""height"": 26}}"	"{""region_count"": 4, ""region_landmark_samples"": [""1_004 / Teleport Destination"", ""1_004 / Teleport Source"", ""1_004 / Safe Zone""], ""guard_count"": 0, ""guard_samples"": [], ""connected_maps"": [""1""], ""coordinate_evidence"": ""MapRegion PointRegion centers; no Merchant coordinate snapshot available""}"	"[""1_004 / Teleport Destination"", ""1_004 / Teleport Source"", ""1_004 / Safe Zone""]"	"{""status"": ""pass"", ""walkable_cells"": 76, ""total_cells"": 520, ""walkable_ratio"": 0.146154}"	"{""status"": ""pass"", ""walkable_cells"": 76, ""total_cells"": 520, ""walkable_ratio"": 0.146154}"	identity logical-grid coordinates	allowed-after-point-check	high	"{""relation"": ""same local map bytes"", ""hero_kill_sha256"": ""680c200212fdefba28cc2ffee067917699a84a377d98c347b53716be9f9fe95e"", ""zircon_sha256"": ""680c200212fdefba28cc2ffee067917699a84a377d98c347b53716be9f9fe95e""}"
1_005	1_005	/home/tetsuya/mir2ei/Map/1_005.map	/home/tetsuya/mir2ei/Map/1_005.map	"{""index"": 643, ""file"": ""1_005"", ""description"": ""物品研究所""}"	/home/tetsuya/development/zircon/Debug/ServerCore/Map/1_005.map	exact	"{""hero_kill"": {""width"": 20, ""height"": 26}, ""zircon"": {""width"": 20, ""height"": 26}}"	"{""region_count"": 5, ""region_landmark_samples"": [""1_005 / Teleport Destination"", ""1_005 / Teleport Source"", ""1_005 / Teleport Destination"", ""1_005 / Teleport Source""], ""guard_count"": 0, ""guard_samples"": [], ""connected_maps"": [""1""], ""coordinate_evidence"": ""MapRegion PointRegion centers; no Merchant coordinate snapshot available""}"	"[""1_005 / Teleport Destination"", ""1_005 / Teleport Source"", ""1_005 / Teleport Destination"", ""1_005 / Teleport Source""]"	"{""status"": ""pass"", ""walkable_cells"": 80, ""total_cells"": 520, ""walkable_ratio"": 0.153846}"	"{""status"": ""pass"", ""walkable_cells"": 80, ""total_cells"": 520, ""walkable_ratio"": 0.153846}"	identity logical-grid coordinates	allowed-after-point-check	high	"{""relation"": ""same local map bytes"", ""hero_kill_sha256"": ""68dff7ec576a30c42454101b75283b0554e588a01e520091256af68c19dafd57"", ""zircon_sha256"": ""68dff7ec576a30c42454101b75283b0554e588a01e520091256af68c19dafd57""}"
1_006	1_006	/home/tetsuya/mir2ei/Map/1_006.map	/home/tetsuya/mir2ei/Map/1_006.map	"{""index"": 644, ""file"": ""1_006"", ""description"": ""药剂师住居""}"	/home/tetsuya/development/zircon/Debug/ServerCore/Map/1_006.map	exact	"{""hero_kill"": {""width"": 28, ""height"": 20}, ""zircon"": {""width"": 28, ""height"": 20}}"	"{""region_count"": 4, ""region_landmark_samples"": [""1_006 / Teleport Destination"", ""1_006 / Teleport Source""], ""guard_count"": 0, ""guard_samples"": [], ""connected_maps"": [""1""], ""coordinate_evidence"": ""MapRegion PointRegion centers; no Merchant coordinate snapshot available""}"	"[""1_006 / Teleport Destination"", ""1_006 / Teleport Source""]"	"{""status"": ""pass"", ""walkable_cells"": 72, ""total_cells"": 560, ""walkable_ratio"": 0.128571}"	"{""status"": ""pass"", ""walkable_cells"": 72, ""total_cells"": 560, ""walkable_ratio"": 0.128571}"	identity logical-grid coordinates	allowed-after-point-check	high	"{""relation"": ""same local map bytes"", ""hero_kill_sha256"": ""537a6e50b0ae090c2134d17ad4f8d4e555018e1eba3cbbb9fd90ee5df04997eb"", ""zircon_sha256"": ""537a6e50b0ae090c2134d17ad4f8d4e555018e1eba3cbbb9fd90ee5df04997eb""}"
1_007	1_007	/home/tetsuya/mir2ei/Map/1_007.map	/home/tetsuya/mir2ei/Map/1_007.map	"{""index"": 645, ""file"": ""1_007"", ""description"": ""仓库""}"	/home/tetsuya/development/zircon/Debug/ServerCore/Map/1_007.map	exact	"{""hero_kill"": {""width"": 20, ""height"": 24}, ""zircon"": {""width"": 20, ""height"": 24}}"	"{""region_count"": 3, ""region_landmark_samples"": [""1_007 / Teleport Destination"", ""1_007 / Teleport Source""], ""guard_count"": 0, ""guard_samples"": [], ""connected_maps"": [""1""], ""coordinate_evidence"": ""MapRegion PointRegion centers; no Merchant coordinate snapshot available""}"	"[""1_007 / Teleport Destination"", ""1_007 / Teleport Source""]"	"{""status"": ""pass"", ""walkable_cells"": 66, ""total_cells"": 480, ""walkable_ratio"": 0.1375}"	"{""status"": ""pass"", ""walkable_cells"": 66, ""total_cells"": 480, ""walkable_ratio"": 0.1375}"	identity logical-grid coordinates	allowed-after-point-check	high	"{""relation"": ""same local map bytes"", ""hero_kill_sha256"": ""d045f055749ee9ec5cc700822bd9688fde6ffc1132b16b0bbd950b97c9947596"", ""zircon_sha256"": ""d045f055749ee9ec5cc700822bd9688fde6ffc1132b16b0bbd950b97c9947596""}"
1_008	1_008	/home/tetsuya/mir2ei/Map/1_008.map	/home/tetsuya/mir2ei/Map/1_008.map	"{""index"": 646, ""file"": ""1_008"", ""description"": ""试练场""}"	/home/tetsuya/development/zircon/Debug/ServerCore/Map/1_008.map	exact	"{""hero_kill"": {""width"": 18, ""height"": 22}, ""zircon"": {""width"": 18, ""height"": 22}}"	"{""region_count"": 4, ""region_landmark_samples"": [""1_008 / Teleport Destination"", ""1_008 / Teleport Source"", ""1_008 / Teleport Source""], ""guard_count"": 0, ""guard_samples"": [], ""connected_maps"": [""1""], ""coordinate_evidence"": ""MapRegion PointRegion centers; no Merchant coordinate snapshot available""}"	"[""1_008 / Teleport Destination"", ""1_008 / Teleport Source"", ""1_008 / Teleport Source""]"	"{""status"": ""pass"", ""walkable_cells"": 103, ""total_cells"": 396, ""walkable_ratio"": 0.260101}"	"{""status"": ""pass"", ""walkable_cells"": 103, ""total_cells"": 396, ""walkable_ratio"": 0.260101}"	identity logical-grid coordinates	allowed-after-point-check	high	"{""relation"": ""same local map bytes"", ""hero_kill_sha256"": ""0ce58cb13ea6040f23da2db32361d0cb382e76fe66738adebca99f101999ae44"", ""zircon_sha256"": ""0ce58cb13ea6040f23da2db32361d0cb382e76fe66738adebca99f101999ae44""}"
1_009	1_009	/home/tetsuya/mir2ei/Map/1_009.map	/home/tetsuya/mir2ei/Map/1_009.map	"{""index"": 647, ""file"": ""1_009"", ""description"": ""无名老人隐居地""}"	/home/tetsuya/development/zircon/Debug/ServerCore/Map/1_009.map	exact	"{""hero_kill"": {""width"": 160, ""height"": 160}, ""zircon"": {""width"": 160, ""height"": 160}}"	"{""region_count"": 7, ""region_landmark_samples"": [""1_009 / Teleport Destination"", ""1_009 / Teleport Destination"", ""1_009 / Teleport Destination"", ""1_009 / Teleport Source"", ""1_009 / Teleport Source"", ""1_009 / Teleport Source""], ""guard_count"": 0, ""guard_samples"": [], ""connected_maps"": [""1""], ""coordinate_evidence"": ""MapRegion PointRegion centers; no Merchant coordinate snapshot available""}"	"[""1_009 / Teleport Destination"", ""1_009 / Teleport Destination"", ""1_009 / Teleport Destination"", ""1_009 / Teleport Source"", ""1_009 / Teleport Source"", ""1_009 / Teleport Source""]"	"{""status"": ""pass"", ""walkable_cells"": 3726, ""total_cells"": 25600, ""walkable_ratio"": 0.145547}"	"{""status"": ""pass"", ""walkable_cells"": 3726, ""total_cells"": 25600, ""walkable_ratio"": 0.145547}"	identity logical-grid coordinates	allowed-after-point-check	high	"{""relation"": ""same local map bytes"", ""hero_kill_sha256"": ""6e1d3f18145d9944aa0fbba6ebd92dd253b28d8171c05c20e400a6eaa595ffca"", ""zircon_sha256"": ""6e1d3f18145d9944aa0fbba6ebd92dd253b28d8171c05c20e400a6eaa595ffca""}"
1_010	1_010	/home/tetsuya/mir2ei/Map/1_010.map	/home/tetsuya/mir2ei/Map/1_010.map	"{""index"": 648, ""file"": ""1_010"", ""description"": ""试练场""}"	/home/tetsuya/development/zircon/Debug/ServerCore/Map/1_010.map	exact	"{""hero_kill"": {""width"": 100, ""height"": 100}, ""zircon"": {""width"": 100, ""height"": 100}}"	"{""region_count"": 8, ""region_landmark_samples"": [""1_010 / Teleport Source"", ""1_010 / Teleport Source"", ""1_010 / Teleport Source"", ""1_010 / Teleport Source"", ""1_010 / Teleport Source"", ""1_010 / Teleport Source"", ""1_010 / Teleport Source"", ""1_010 / Teleport Source""], ""guard_count"": 0, ""guard_samples"": [], ""connected_maps"": [""1_011""], ""coordinate_evidence"": ""MapRegion PointRegion centers; no Merchant coordinate snapshot available""}"	"[""1_010 / Teleport Source"", ""1_010 / Teleport Source"", ""1_010 / Teleport Source"", ""1_010 / Teleport Source"", ""1_010 / Teleport Source"", ""1_010 / Teleport Source"", ""1_010 / Teleport Source"", ""1_010 / Teleport Source""]"	"{""status"": ""pass"", ""walkable_cells"": 1175, ""total_cells"": 10000, ""walkable_ratio"": 0.1175}"	"{""status"": ""pass"", ""walkable_cells"": 1175, ""total_cells"": 10000, ""walkable_ratio"": 0.1175}"	identity logical-grid coordinates	allowed-after-point-check	high	"{""relation"": ""same local map bytes"", ""hero_kill_sha256"": ""177ba1a14f98fd3683d29837e9387cbb2667c61aaac5c2eb3b7089caa8c45be1"", ""zircon_sha256"": ""177ba1a14f98fd3683d29837e9387cbb2667c61aaac5c2eb3b7089caa8c45be1""}"
1_011	1_011	/home/tetsuya/mir2ei/Map/1_011.map	/home/tetsuya/mir2ei/Map/1_011.map	"{""index"": 649, ""file"": ""1_011"", ""description"": ""试练场""}"	/home/tetsuya/development/zircon/Debug/ServerCore/Map/1_011.map	exact	"{""hero_kill"": {""width"": 100, ""height"": 100}, ""zircon"": {""width"": 100, ""height"": 100}}"	"{""region_count"": 9, ""region_landmark_samples"": [""1_011 / Teleport Destination"", ""1_011 / Teleport Destination"", ""1_011 / Teleport Destination"", ""1_011 / Teleport Destination"", ""1_011 / Teleport Destination"", ""1_011 / Teleport Destination"", ""1_011 / Teleport Destination"", ""1_011 / Teleport Destination""], ""guard_count"": 0, ""guard_samples"": [], ""connected_maps"": [""1_010""], ""coordinate_evidence"": ""MapRegion PointRegion centers; no Merchant coordinate snapshot available""}"	"[""1_011 / Teleport Destination"", ""1_011 / Teleport Destination"", ""1_011 / Teleport Destination"", ""1_011 / Teleport Destination"", ""1_011 / Teleport Destination"", ""1_011 / Teleport Destination"", ""1_011 / Teleport Destination"", ""1_011 / Teleport Destination""]"	"{""status"": ""pass"", ""walkable_cells"": 1175, ""total_cells"": 10000, ""walkable_ratio"": 0.1175}"	"{""status"": ""pass"", ""walkable_cells"": 1175, ""total_cells"": 10000, ""walkable_ratio"": 0.1175}"	identity logical-grid coordinates	allowed-after-point-check	high	"{""relation"": ""same local map bytes"", ""hero_kill_sha256"": ""177ba1a14f98fd3683d29837e9387cbb2667c61aaac5c2eb3b7089caa8c45be1"", ""zircon_sha256"": ""177ba1a14f98fd3683d29837e9387cbb2667c61aaac5c2eb3b7089caa8c45be1""}"
1_012	1_012	/home/tetsuya/mir2ei/Map/1_012.map	/home/tetsuya/mir2ei/Map/1_012.map	"{""index"": 650, ""file"": ""1_012"", ""description"": ""试练场""}"	/home/tetsuya/development/zircon/Debug/ServerCore/Map/1_012.map	exact	"{""hero_kill"": {""width"": 18, ""height"": 22}, ""zircon"": {""width"": 18, ""height"": 22}}"	"{""region_count"": 1, ""region_landmark_samples"": [], ""guard_count"": 0, ""guard_samples"": [], ""connected_maps"": [], ""coordinate_evidence"": ""MapRegion PointRegion centers; no Merchant coordinate snapshot available""}"	[]	"{""status"": ""pass"", ""walkable_cells"": 103, ""total_cells"": 396, ""walkable_ratio"": 0.260101}"	"{""status"": ""pass"", ""walkable_cells"": 103, ""total_cells"": 396, ""walkable_ratio"": 0.260101}"	identity logical-grid coordinates	allowed-after-point-check	high	"{""relation"": ""same local map bytes"", ""hero_kill_sha256"": ""0ce58cb13ea6040f23da2db32361d0cb382e76fe66738adebca99f101999ae44"", ""zircon_sha256"": ""0ce58cb13ea6040f23da2db32361d0cb382e76fe66738adebca99f101999ae44""}"
1_013	1_013	/home/tetsuya/mir2ei/Map/1_013.map	/home/tetsuya/mir2ei/Map/1_013.map	"{""index"": 651, ""file"": ""1_013"", ""description"": ""试练场""}"	/home/tetsuya/development/zircon/Debug/ServerCore/Map/1_013.map	exact	"{""hero_kill"": {""width"": 50, ""height"": 50}, ""zircon"": {""width"": 50, ""height"": 50}}"	"{""region_count"": 8, ""region_landmark_samples"": [], ""guard_count"": 0, ""guard_samples"": [], ""connected_maps"": [], ""coordinate_evidence"": ""MapRegion PointRegion centers; no Merchant coordinate snapshot available""}"	[]	"{""status"": ""pass"", ""walkable_cells"": 743, ""total_cells"": 2500, ""walkable_ratio"": 0.2972}"	"{""status"": ""pass"", ""walkable_cells"": 743, ""total_cells"": 2500, ""walkable_ratio"": 0.2972}"	identity logical-grid coordinates	allowed-after-point-check	high	"{""relation"": ""same local map bytes"", ""hero_kill_sha256"": ""3be09146844aa78e75c6ceb1291ef956f079395f5579165e41590b480309a769"", ""zircon_sha256"": ""3be09146844aa78e75c6ceb1291ef956f079395f5579165e41590b480309a769""}"
1_014	1_014	/home/tetsuya/mir2ei/Map/1_014.map	/home/tetsuya/mir2ei/Map/1_014.map	"{""index"": 652, ""file"": ""1_014"", ""description"": ""试练场""}"	/home/tetsuya/development/zircon/Debug/ServerCore/Map/1_014.map	exact	"{""hero_kill"": {""width"": 50, ""height"": 50}, ""zircon"": {""width"": 50, ""height"": 50}}"	"{""region_count"": 1, ""region_landmark_samples"": [], ""guard_count"": 0, ""guard_samples"": [], ""connected_maps"": [], ""coordinate_evidence"": ""MapRegion PointRegion centers; no Merchant coordinate snapshot available""}"	[]	"{""status"": ""pass"", ""walkable_cells"": 668, ""total_cells"": 2500, ""walkable_ratio"": 0.2672}"	"{""status"": ""pass"", ""walkable_cells"": 668, ""total_cells"": 2500, ""walkable_ratio"": 0.2672}"	identity logical-grid coordinates	allowed-after-point-check	high	"{""relation"": ""same local map bytes"", ""hero_kill_sha256"": ""a24157ba2099b3f74b1d31c9bd3e08b48d063bfbfac5d0830ea84a12508a1423"", ""zircon_sha256"": ""a24157ba2099b3f74b1d31c9bd3e08b48d063bfbfac5d0830ea84a12508a1423""}"
1_015	1_015	/home/tetsuya/mir2ei/Map/1_015.map	/home/tetsuya/mir2ei/Map/1_015.map	"{""index"": 653, ""file"": ""1_015"", ""description"": ""困魔咒空间""}"	/home/tetsuya/development/zircon/Debug/ServerCore/Map/1_015.map	exact	"{""hero_kill"": {""width"": 50, ""height"": 50}, ""zircon"": {""width"": 50, ""height"": 50}}"	"{""region_count"": 7, ""region_landmark_samples"": [""1_015 / Teleport Destination"", ""1_015 / Teleport Destination"", ""1_015 / Teleport Destination"", ""1_015 / Teleport Source"", ""1_015 / Teleport Source"", ""1_015 / Teleport Source"", ""1_015 / Teleport Source""], ""guard_count"": 0, ""guard_samples"": [], ""connected_maps"": [""1_016"", ""D023""], ""coordinate_evidence"": ""MapRegion PointRegion centers; no Merchant coordinate snapshot available""}"	"[""1_015 / Teleport Destination"", ""1_015 / Teleport Destination"", ""1_015 / Teleport Destination"", ""1_015 / Teleport Source"", ""1_015 / Teleport Source"", ""1_015 / Teleport Source"", ""1_015 / Teleport Source""]"	"{""status"": ""pass"", ""walkable_cells"": 541, ""total_cells"": 2500, ""walkable_ratio"": 0.2164}"	"{""status"": ""pass"", ""walkable_cells"": 541, ""total_cells"": 2500, ""walkable_ratio"": 0.2164}"	identity logical-grid coordinates	allowed-after-point-check	high	"{""relation"": ""same local map bytes"", ""hero_kill_sha256"": ""1ccd07d51da20dc778b214bb5df58924f6208ba7c1e224d8b45d54594000f9e7"", ""zircon_sha256"": ""1ccd07d51da20dc778b214bb5df58924f6208ba7c1e224d8b45d54594000f9e7""}"
1_016	1_016	/home/tetsuya/mir2ei/Map/1_016.map	/home/tetsuya/mir2ei/Map/1_016.map	"{""index"": 654, ""file"": ""1_016"", ""description"": ""困魔咒空间""}"	/home/tetsuya/development/zircon/Debug/ServerCore/Map/1_016.map	exact	"{""hero_kill"": {""width"": 50, ""height"": 50}, ""zircon"": {""width"": 50, ""height"": 50}}"	"{""region_count"": 8, ""region_landmark_samples"": [""1_016 / Teleport Destination"", ""1_016 / Teleport Destination"", ""1_016 / Teleport Destination"", ""1_016 / Teleport Destination"", ""1_016 / Teleport Source"", ""1_016 / Teleport Source"", ""1_016 / Teleport Source"", ""1_016 / Teleport Source""], ""guard_count"": 0, ""guard_samples"": [], ""connected_maps"": [""1_015"", ""1_017""], ""coordinate_evidence"": ""MapRegion PointRegion centers; no Merchant coordinate snapshot available""}"	"[""1_016 / Teleport Destination"", ""1_016 / Teleport Destination"", ""1_016 / Teleport Destination"", ""1_016 / Teleport Destination"", ""1_016 / Teleport Source"", ""1_016 / Teleport Source"", ""1_016 / Teleport Source"", ""1_016 / Teleport Source""]"	"{""status"": ""pass"", ""walkable_cells"": 549, ""total_cells"": 2500, ""walkable_ratio"": 0.2196}"	"{""status"": ""pass"", ""walkable_cells"": 549, ""total_cells"": 2500, ""walkable_ratio"": 0.2196}"	identity logical-grid coordinates	allowed-after-point-check	high	"{""relation"": ""same local map bytes"", ""hero_kill_sha256"": ""d13423a48ff2fbfe18de47464eadef84ad33016c49bdc4bb0c9cad1b3083a167"", ""zircon_sha256"": ""d13423a48ff2fbfe18de47464eadef84ad33016c49bdc4bb0c9cad1b3083a167""}"
1_017	1_017	/home/tetsuya/mir2ei/Map/1_017.map	/home/tetsuya/mir2ei/Map/1_017.map	"{""index"": 655, ""file"": ""1_017"", ""description"": ""困魔咒空间""}"	/home/tetsuya/development/zircon/Debug/ServerCore/Map/1_017.map	exact	"{""hero_kill"": {""width"": 50, ""height"": 50}, ""zircon"": {""width"": 50, ""height"": 50}}"	"{""region_count"": 8, ""region_landmark_samples"": [""1_017 / Teleport Destination"", ""1_017 / Teleport Destination"", ""1_017 / Teleport Destination"", ""1_017 / Teleport Destination"", ""1_017 / Teleport Source"", ""1_017 / Teleport Source"", ""1_017 / Teleport Source"", ""1_017 / Teleport Source""], ""guard_count"": 0, ""guard_samples"": [], ""connected_maps"": [""1_016"", ""1_018""], ""coordinate_evidence"": ""MapRegion PointRegion centers; no Merchant coordinate snapshot available""}"	"[""1_017 / Teleport Destination"", ""1_017 / Teleport Destination"", ""1_017 / Teleport Destination"", ""1_017 / Teleport Destination"", ""1_017 / Teleport Source"", ""1_017 / Teleport Source"", ""1_017 / Teleport Source"", ""1_017 / Teleport Source""]"	"{""status"": ""pass"", ""walkable_cells"": 553, ""total_cells"": 2500, ""walkable_ratio"": 0.2212}"	"{""status"": ""pass"", ""walkable_cells"": 553, ""total_cells"": 2500, ""walkable_ratio"": 0.2212}"	identity logical-grid coordinates	allowed-after-point-check	high	"{""relation"": ""same local map bytes"", ""hero_kill_sha256"": ""31d7992797d84bf629f10c0f97156c93b0e97b27fbfc3382d9c14336795599b0"", ""zircon_sha256"": ""31d7992797d84bf629f10c0f97156c93b0e97b27fbfc3382d9c14336795599b0""}"
1_018	1_018	/home/tetsuya/mir2ei/Map/1_018.map	/home/tetsuya/mir2ei/Map/1_018.map	"{""index"": 656, ""file"": ""1_018"", ""description"": ""困魔咒空间""}"	/home/tetsuya/development/zircon/Debug/ServerCore/Map/1_018.map	exact	"{""hero_kill"": {""width"": 50, ""height"": 50}, ""zircon"": {""width"": 50, ""height"": 50}}"	"{""region_count"": 8, ""region_landmark_samples"": [""1_018 / Teleport Destination"", ""1_018 / Teleport Destination"", ""1_018 / Teleport Destination"", ""1_018 / Teleport Destination"", ""1_018 / Teleport Source"", ""1_018 / Teleport Source"", ""1_018 / Teleport Source"", ""1_018 / Teleport Source""], ""guard_count"": 0, ""guard_samples"": [], ""connected_maps"": [""1_017"", ""1_019""], ""coordinate_evidence"": ""MapRegion PointRegion centers; no Merchant coordinate snapshot available""}"	"[""1_018 / Teleport Destination"", ""1_018 / Teleport Destination"", ""1_018 / Teleport Destination"", ""1_018 / Teleport Destination"", ""1_018 / Teleport Source"", ""1_018 / Teleport Source"", ""1_018 / Teleport Source"", ""1_018 / Teleport Source""]"	"{""status"": ""pass"", ""walkable_cells"": 548, ""total_cells"": 2500, ""walkable_ratio"": 0.2192}"	"{""status"": ""pass"", ""walkable_cells"": 548, ""total_cells"": 2500, ""walkable_ratio"": 0.2192}"	identity logical-grid coordinates	allowed-after-point-check	high	"{""relation"": ""same local map bytes"", ""hero_kill_sha256"": ""789caf3b28f55a157c1bc33e5f029689eca2760cc5ab1ceed1a2fa491a14e5e5"", ""zircon_sha256"": ""789caf3b28f55a157c1bc33e5f029689eca2760cc5ab1ceed1a2fa491a14e5e5""}"
1_019	1_019	/home/tetsuya/mir2ei/Map/1_019.map	/home/tetsuya/mir2ei/Map/1_019.map	"{""index"": 657, ""file"": ""1_019"", ""description"": ""困魔咒空间""}"	/home/tetsuya/development/zircon/Debug/ServerCore/Map/1_019.map	exact	"{""hero_kill"": {""width"": 60, ""height"": 60}, ""zircon"": {""width"": 60, ""height"": 60}}"	"{""region_count"": 8, ""region_landmark_samples"": [""1_019 / Teleport Destination"", ""1_019 / Teleport Destination"", ""1_019 / Teleport Destination"", ""1_019 / Teleport Destination"", ""1_019 / Teleport Source"", ""1_019 / Teleport Source"", ""1_019 / Teleport Source"", ""1_019 / Teleport Source""], ""guard_count"": 0, ""guard_samples"": [], ""connected_maps"": [""1"", ""1_018""], ""coordinate_evidence"": ""MapRegion PointRegion centers; no Merchant coordinate snapshot available""}"	"[""1_019 / Teleport Destination"", ""1_019 / Teleport Destination"", ""1_019 / Teleport Destination"", ""1_019 / Teleport Destination"", ""1_019 / Teleport Source"", ""1_019 / Teleport Source"", ""1_019 / Teleport Source"", ""1_019 / Teleport Source""]"	"{""status"": ""pass"", ""walkable_cells"": 1094, ""total_cells"": 3600, ""walkable_ratio"": 0.303889}"	"{""status"": ""pass"", ""walkable_cells"": 1094, ""total_cells"": 3600, ""walkable_ratio"": 0.303889}"	identity logical-grid coordinates	allowed-after-point-check	high	"{""relation"": ""same local map bytes"", ""hero_kill_sha256"": ""97c3add31d932722f49ae14dc8058eb5d7005453b5b9557ef6af647929d12bf4"", ""zircon_sha256"": ""97c3add31d932722f49ae14dc8058eb5d7005453b5b9557ef6af647929d12bf4""}"
1_020	1_020	/home/tetsuya/mir2ei/Map/1_020.map	/home/tetsuya/mir2ei/Map/1_020.map	"{""index"": 658, ""file"": ""1_020"", ""description"": ""蜈蚣洞穴""}"	/home/tetsuya/development/zircon/Debug/ServerCore/Map/1_020.map	exact	"{""hero_kill"": {""width"": 200, ""height"": 200}, ""zircon"": {""width"": 200, ""height"": 200}}"	"{""region_count"": 13, ""region_landmark_samples"": [""1_020 / Teleport Destination"", ""1_020 / Teleport Destination"", ""1_020 / Teleport Destination"", ""1_020 / Teleport Source"", ""1_020 / Teleport Source"", ""1_020 / Teleport Source"", ""1_020 / Teleport Source"", ""1_020 / Teleport Source"", ""1_020 / Teleport Source"", ""1_020 / Teleport Destination"", ""1_020 / Teleport Destination"", ""1_020 / Teleport Destination"", ""1_020 / Teleport Destination""], ""guard_count"": 0, ""guard_samples"": [], ""connected_maps"": [""1_021"", ""d6004""], ""coordinate_evidence"": ""MapRegion PointRegion centers; no Merchant coordinate snapshot available""}"	"[""1_020 / Teleport Destination"", ""1_020 / Teleport Destination"", ""1_020 / Teleport Destination"", ""1_020 / Teleport Source"", ""1_020 / Teleport Source"", ""1_020 / Teleport Source"", ""1_020 / Teleport Source"", ""1_020 / Teleport Source"", ""1_020 / Teleport Source"", ""1_020 / Teleport Destination"", ""1_020 / Teleport Destination"", ""1_020 / Teleport Destination"", ""1_020 / Teleport Destination""]"	"{""status"": ""pass"", ""walkable_cells"": 7712, ""total_cells"": 40000, ""walkable_ratio"": 0.1928}"	"{""status"": ""pass"", ""walkable_cells"": 7712, ""total_cells"": 40000, ""walkable_ratio"": 0.1928}"	identity logical-grid coordinates	allowed-after-point-check	high	"{""relation"": ""same local map bytes"", ""hero_kill_sha256"": ""ec494e161448244ec7b89bc7cdc1cd140384ac885318c896f822318697ba66c2"", ""zircon_sha256"": ""ec494e161448244ec7b89bc7cdc1cd140384ac885318c896f822318697ba66c2""}"
1_021	1_021	/home/tetsuya/mir2ei/Map/1_021.map	/home/tetsuya/mir2ei/Map/1_021.map	"{""index"": 659, ""file"": ""1_021"", ""description"": ""蜈蚣洞穴""}"	/home/tetsuya/development/zircon/Debug/ServerCore/Map/1_021.map	exact	"{""hero_kill"": {""width"": 50, ""height"": 50}, ""zircon"": {""width"": 50, ""height"": 50}}"	"{""region_count"": 14, ""region_landmark_samples"": [""1_021 / Teleport Destination"", ""1_021 / Teleport Destination"", ""1_021 / Teleport Destination"", ""1_021 / Teleport Source"", ""1_021 / Teleport Source"", ""1_021 / Teleport Source"", ""1_021 / Teleport Source"", ""1_021 / Teleport Source"", ""1_021 / Teleport Source"", ""1_021 / Teleport Source"", ""1_021 / Teleport Destination"", ""1_021 / Teleport Destination"", ""1_021 / Teleport Destination"", ""1_021 / Teleport Destination""], ""guard_count"": 0, ""guard_samples"": [], ""connected_maps"": [""1_020"", ""1_022""], ""coordinate_evidence"": ""MapRegion PointRegion centers; no Merchant coordinate snapshot available""}"	"[""1_021 / Teleport Destination"", ""1_021 / Teleport Destination"", ""1_021 / Teleport Destination"", ""1_021 / Teleport Source"", ""1_021 / Teleport Source"", ""1_021 / Teleport Source"", ""1_021 / Teleport Source"", ""1_021 / Teleport Source"", ""1_021 / Teleport Source"", ""1_021 / Teleport Source"", ""1_021 / Teleport Destination"", ""1_021 / Teleport Destination"", ""1_021 / Teleport Destination"", ""1_021 / Teleport Destination""]"	"{""status"": ""pass"", ""walkable_cells"": 977, ""total_cells"": 2500, ""walkable_ratio"": 0.3908}"	"{""status"": ""pass"", ""walkable_cells"": 977, ""total_cells"": 2500, ""walkable_ratio"": 0.3908}"	identity logical-grid coordinates	allowed-after-point-check	high	"{""relation"": ""same local map bytes"", ""hero_kill_sha256"": ""346e5bc71efebd2b4ca1bb0c958782eab49e8c34bde7ecff2c1a06ec088fe538"", ""zircon_sha256"": ""346e5bc71efebd2b4ca1bb0c958782eab49e8c34bde7ecff2c1a06ec088fe538""}"
1_022	1_022	/home/tetsuya/mir2ei/Map/1_022.map	/home/tetsuya/mir2ei/Map/1_022.map	"{""index"": 660, ""file"": ""1_022"", ""description"": ""蜈蚣洞穴""}"	/home/tetsuya/development/zircon/Debug/ServerCore/Map/1_022.map	exact	"{""hero_kill"": {""width"": 172, ""height"": 150}, ""zircon"": {""width"": 172, ""height"": 150}}"	"{""region_count"": 15, ""region_landmark_samples"": [""1_022 / Teleport Destination"", ""1_022 / Teleport Destination"", ""1_022 / Teleport Destination"", ""1_022 / Teleport Source"", ""1_022 / Teleport Source"", ""1_022 / Teleport Source"", ""1_022 / Teleport Source"", ""1_022 / Teleport Source"", ""1_022 / Teleport Source"", ""1_022 / Teleport Source"", ""1_022 / Teleport Source"", ""1_022 / Teleport Destination"", ""1_022 / Teleport Destination"", ""1_022 / Teleport Destination"", ""1_022 / Teleport Destination""], ""guard_count"": 0, ""guard_samples"": [], ""connected_maps"": [""1_021"", ""1_023""], ""coordinate_evidence"": ""MapRegion PointRegion centers; no Merchant coordinate snapshot available""}"	"[""1_022 / Teleport Destination"", ""1_022 / Teleport Destination"", ""1_022 / Teleport Destination"", ""1_022 / Teleport Source"", ""1_022 / Teleport Source"", ""1_022 / Teleport Source"", ""1_022 / Teleport Source"", ""1_022 / Teleport Source"", ""1_022 / Teleport Source"", ""1_022 / Teleport Source"", ""1_022 / Teleport Source"", ""1_022 / Teleport Destination"", ""1_022 / Teleport Destination"", ""1_022 / Teleport Destination"", ""1_022 / Teleport Destination""]"	"{""status"": ""pass"", ""walkable_cells"": 5047, ""total_cells"": 25800, ""walkable_ratio"": 0.19562}"	"{""status"": ""pass"", ""walkable_cells"": 5047, ""total_cells"": 25800, ""walkable_ratio"": 0.19562}"	identity logical-grid coordinates	allowed-after-point-check	high	"{""relation"": ""same local map bytes"", ""hero_kill_sha256"": ""135eb613c402582d539c4c4a71f2179eb845acc54797f7c8bc9c17b1b14c2eea"", ""zircon_sha256"": ""135eb613c402582d539c4c4a71f2179eb845acc54797f7c8bc9c17b1b14c2eea""}"
1_023	1_023	/home/tetsuya/mir2ei/Map/1_023.map	/home/tetsuya/mir2ei/Map/1_023.map	"{""index"": 661, ""file"": ""1_023"", ""description"": ""蜈蚣洞穴""}"	/home/tetsuya/development/zircon/Debug/ServerCore/Map/1_023.map	exact	"{""hero_kill"": {""width"": 50, ""height"": 50}, ""zircon"": {""width"": 50, ""height"": 50}}"	"{""region_count"": 8, ""region_landmark_samples"": [""1_023 / Teleport Destination"", ""1_023 / Teleport Destination"", ""1_023 / Teleport Destination"", ""1_023 / Teleport Destination"", ""1_023 / Teleport Source"", ""1_023 / Teleport Source"", ""1_023 / Teleport Source"", ""1_023 / Teleport Source""], ""guard_count"": 0, ""guard_samples"": [], ""connected_maps"": [""1_022""], ""coordinate_evidence"": ""MapRegion PointRegion centers; no Merchant coordinate snapshot available""}"	"[""1_023 / Teleport Destination"", ""1_023 / Teleport Destination"", ""1_023 / Teleport Destination"", ""1_023 / Teleport Destination"", ""1_023 / Teleport Source"", ""1_023 / Teleport Source"", ""1_023 / Teleport Source"", ""1_023 / Teleport Source""]"	"{""status"": ""pass"", ""walkable_cells"": 758, ""total_cells"": 2500, ""walkable_ratio"": 0.3032}"	"{""status"": ""pass"", ""walkable_cells"": 758, ""total_cells"": 2500, ""walkable_ratio"": 0.3032}"	identity logical-grid coordinates	allowed-after-point-check	high	"{""relation"": ""same local map bytes"", ""hero_kill_sha256"": ""17b547f358b89806cbf561ecc0ba837bdf1dc9a51cb828b011526d684bf3b847"", ""zircon_sha256"": ""17b547f358b89806cbf561ecc0ba837bdf1dc9a51cb828b011526d684bf3b847""}"
31	31	/home/tetsuya/mir2ei/Map/31.map	/home/tetsuya/mir2ei/Map/31.map	"{""index"": 662, ""file"": ""31"", ""description"": ""祖玛神殿""}"	/home/tetsuya/development/zircon/Debug/ServerCore/Map/31.map	exact	"{""hero_kill"": {""width"": 300, ""height"": 300}, ""zircon"": {""width"": 300, ""height"": 300}}"	"{""region_count"": 54, ""region_landmark_samples"": [""31 / Wolf Spawn"", ""31 / Oma Spawn"", ""31 / Forest Yeti Spawn"", ""31 / Carnivorous Plant Spawn"", ""31 / Tiger Snake Spawn"", ""31 / Evil Snake Spawn"", ""31 / Armoured Ant Spawn"", ""31 / Centipede Spawn"", ""31 / Armoured Ant Spawn"", ""31 / Shinsu Spawn"", ""31 / Larva Spawn"", ""31 / Forest Yeti Spawn"", ""31 / Tiger Snake Spawn"", ""31 / Armoured Ant Spawn"", ""31 / Centipede Spawn"", ""31 / Shinsu Spawn"", ""31 / Teleport Destination"", ""31 / Teleport Destination"", ""31 / Teleport Destination"", ""31 / Teleport Source"", ""31 / Teleport Source"", ""31 / Teleport Source"", ""31 / Teleport Source"", ""31 / Teleport Source"", ""31 / Teleport Source"", ""31 / Teleport Source"", ""31 / Teleport Source"", ""31 / Teleport Source"", ""31 / Teleport Source"", ""31 / Teleport Destination"", ""31 / Teleport Destination"", ""31 / Teleport Destination"", ""31 / Teleport Destination"", ""31 / Teleport Destination"", ""31 / Teleport Destination"", ""31 / Teleport Destination"", ""31 / Teleport Destination"", ""31 / Teleport Destination"", ""31 / Teleport Source"", ""31 / Teleport Source""], ""guard_count"": 0, ""guard_samples"": [], ""connected_maps"": [""2""], ""coordinate_evidence"": ""MapRegion PointRegion centers; no Merchant coordinate snapshot available""}"	"[""31 / Wolf Spawn"", ""31 / Oma Spawn"", ""31 / Forest Yeti Spawn"", ""31 / Carnivorous Plant Spawn"", ""31 / Tiger Snake Spawn"", ""31 / Evil Snake Spawn"", ""31 / Armoured Ant Spawn"", ""31 / Centipede Spawn"", ""31 / Armoured Ant Spawn"", ""31 / Shinsu Spawn"", ""31 / Larva Spawn"", ""31 / Forest Yeti Spawn"", ""31 / Tiger Snake Spawn"", ""31 / Armoured Ant Spawn"", ""31 / Centipede Spawn"", ""31 / Shinsu Spawn"", ""31 / Teleport Destination"", ""31 / Teleport Destination"", ""31 / Teleport Destination"", ""31 / Teleport Source"", ""31 / Teleport Source"", ""31 / Teleport Source"", ""31 / Teleport Source"", ""31 / Teleport Source"", ""31 / Teleport Source"", ""31 / Teleport Source"", ""31 / Teleport Source"", ""31 / Teleport Source"", ""31 / Teleport Source"", ""31 / Teleport Destination"", ""31 / Teleport Destination"", ""31 / Teleport Destination"", ""31 / Teleport Destination"", ""31 / Teleport Destination"", ""31 / Teleport Destination"", ""31 / Teleport Destination"", ""31 / Teleport Destination"", ""31 / Teleport Destination"", ""31 / Teleport Source"", ""31 / Teleport Source""]"	"{""status"": ""pass"", ""walkable_cells"": 28595, ""total_cells"": 90000, ""walkable_ratio"": 0.317722}"	"{""status"": ""pass"", ""walkable_cells"": 28595, ""total_cells"": 90000, ""walkable_ratio"": 0.317722}"	identity logical-grid coordinates	allowed-after-point-check	high	"{""relation"": ""same local map bytes"", ""hero_kill_sha256"": ""61c76fbec9461803b826af14b5ade3869d144dc9e0493ebe1c77b635093735c7"", ""zircon_sha256"": ""61c76fbec9461803b826af14b5ade3869d144dc9e0493ebe1c77b635093735c7""}"
41	41	/home/tetsuya/mir2ei/Map/41.map	/home/tetsuya/mir2ei/Map/41.map	"{""index"": 663, ""file"": ""41"", ""description"": ""诺玛沙漠""}"	/home/tetsuya/development/zircon/Debug/ServerCore/Map/41.map	exact	"{""hero_kill"": {""width"": 400, ""height"": 400}, ""zircon"": {""width"": 400, ""height"": 400}}"	"{""region_count"": 59, ""region_landmark_samples"": [""41 / Safe Zone"", ""41 / Numa Grunt Spawn"", ""41 / Numa Grunt Spawn"", ""41 / Numa Grunt Spawn"", ""41 / Numa High Mage Spawn"", ""41 / Numa High Mage Spawn"", ""41 / Numa High Mage Spawn"", ""41 / Sand Golem Spawn"", ""41 / Sand Golem Spawn"", ""41 / Sand Golem Spawn"", ""41 / Cursed Cactus Spawn"", ""41 / Cursed Cactus Spawn"", ""41 / Cursed Cactus Spawn"", ""41 / Dust Devil Spawn"", ""41 / Dust Devil Spawn"", ""41 / Dust Devil Spawn"", ""41 / Sand Golem Spawn"", ""41 / Sand Golem Spawn"", ""41 / Sand Golem Spawn"", ""41 / Sand Shark Spawn"", ""41 / Sand Shark Spawn"", ""41 / Sand Shark Spawn"", ""41 / Sand Shark Spawn"", ""41 / Sand Shark Spawn"", ""41 / Sand Shark Spawn"", ""41 / Numa Grunt Spawn"", ""41 / Sand Golem Spawn"", ""41 / Dust Devil Spawn"", ""41 / Teleport Destination"", ""41 / Teleport Destination"", ""41 / Teleport Destination"", ""41 / Teleport Destination"", ""41 / Teleport Source"", ""41 / Teleport Source"", ""41 / Teleport Source"", ""41 / Teleport Source"", ""41 / Teleport Source"", ""41 / Teleport Source"", ""41 / Teleport Source"", ""41 / Teleport Source""], ""guard_count"": 0, ""guard_samples"": [], ""connected_maps"": [""4"", ""42""], ""coordinate_evidence"": ""MapRegion PointRegion centers; no Merchant coordinate snapshot available""}"	"[""41 / Safe Zone"", ""41 / Numa Grunt Spawn"", ""41 / Numa Grunt Spawn"", ""41 / Numa Grunt Spawn"", ""41 / Numa High Mage Spawn"", ""41 / Numa High Mage Spawn"", ""41 / Numa High Mage Spawn"", ""41 / Sand Golem Spawn"", ""41 / Sand Golem Spawn"", ""41 / Sand Golem Spawn"", ""41 / Cursed Cactus Spawn"", ""41 / Cursed Cactus Spawn"", ""41 / Cursed Cactus Spawn"", ""41 / Dust Devil Spawn"", ""41 / Dust Devil Spawn"", ""41 / Dust Devil Spawn"", ""41 / Sand Golem Spawn"", ""41 / Sand Golem Spawn"", ""41 / Sand Golem Spawn"", ""41 / Sand Shark Spawn"", ""41 / Sand Shark Spawn"", ""41 / Sand Shark Spawn"", ""41 / Sand Shark Spawn"", ""41 / Sand Shark Spawn"", ""41 / Sand Shark Spawn"", ""41 / Numa Grunt Spawn"", ""41 / Sand Golem Spawn"", ""41 / Dust Devil Spawn"", ""41 / Teleport Destination"", ""41 / Teleport Destination"", ""41 / Teleport Destination"", ""41 / Teleport Destination"", ""41 / Teleport Source"", ""41 / Teleport Source"", ""41 / Teleport Source"", ""41 / Teleport Source"", ""41 / Teleport Source"", ""41 / Teleport Source"", ""41 / Teleport Source"", ""41 / Teleport Source""]"	"{""status"": ""pass"", ""walkable_cells"": 81464, ""total_cells"": 160000, ""walkable_ratio"": 0.50915}"	"{""status"": ""pass"", ""walkable_cells"": 81464, ""total_cells"": 160000, ""walkable_ratio"": 0.50915}"	identity logical-grid coordinates	allowed-after-point-check	high	"{""relation"": ""same local map bytes"", ""hero_kill_sha256"": ""417b604da8ba04a1fbd4c02c5c5143ce8f4cdd71547d80420f0711bc7067c99d"", ""zircon_sha256"": ""417b604da8ba04a1fbd4c02c5c5143ce8f4cdd71547d80420f0711bc7067c99d""}"
42	42	/home/tetsuya/mir2ei/Map/42.map	/home/tetsuya/mir2ei/Map/42.map	"{""index"": 664, ""file"": ""42"", ""description"": ""沙漠""}"	/home/tetsuya/development/zircon/Debug/ServerCore/Map/42.map	exact	"{""hero_kill"": {""width"": 400, ""height"": 400}, ""zircon"": {""width"": 400, ""height"": 400}}"	"{""region_count"": 30, ""region_landmark_samples"": [""42 / Numa Grunt Spawn"", ""42 / Numa High Mage Spawn"", ""42 / Sand Golem Spawn"", ""42 / Cursed Cactus Spawn"", ""42 / Sand Shark Spawn"", ""42 / Dust Devil Spawn"", ""42 / Sand Golem Spawn"", ""42 / Sand Shark Spawn"", ""42 / Numa Grunt Spawn"", ""42 / Numa Elder Shaman Spawn"", ""42 / Teleport Destination"", ""42 / Teleport Destination"", ""42 / Teleport Destination"", ""42 / Teleport Destination"", ""42 / Teleport Destination"", ""42 / Teleport Source"", ""42 / Teleport Source"", ""42 / Teleport Source"", ""42 / Teleport Source"", ""42 / Teleport Source"", ""42 / Teleport Source"", ""42 / Teleport Source"", ""42 / Teleport Source"", ""42 / Teleport Source"", ""42 / Teleport Source"", ""42 / Teleport Destination"", ""42 / Teleport Destination"", ""42 / Teleport Destination"", ""42 / Teleport Destination"", ""42 / Teleport Destination""], ""guard_count"": 0, ""guard_samples"": [], ""connected_maps"": [""41"", ""43""], ""coordinate_evidence"": ""MapRegion PointRegion centers; no Merchant coordinate snapshot available""}"	"[""42 / Numa Grunt Spawn"", ""42 / Numa High Mage Spawn"", ""42 / Sand Golem Spawn"", ""42 / Cursed Cactus Spawn"", ""42 / Sand Shark Spawn"", ""42 / Dust Devil Spawn"", ""42 / Sand Golem Spawn"", ""42 / Sand Shark Spawn"", ""42 / Numa Grunt Spawn"", ""42 / Numa Elder Shaman Spawn"", ""42 / Teleport Destination"", ""42 / Teleport Destination"", ""42 / Teleport Destination"", ""42 / Teleport Destination"", ""42 / Teleport Destination"", ""42 / Teleport Source"", ""42 / Teleport Source"", ""42 / Teleport Source"", ""42 / Teleport Source"", ""42 / Teleport Source"", ""42 / Teleport Source"", ""42 / Teleport Source"", ""42 / Teleport Source"", ""42 / Teleport Source"", ""42 / Teleport Source"", ""42 / Teleport Destination"", ""42 / Teleport Destination"", ""42 / Teleport Destination"", ""42 / Teleport Destination"", ""42 / Teleport Destination""]"	"{""status"": ""pass"", ""walkable_cells"": 87957, ""total_cells"": 160000, ""walkable_ratio"": 0.549731}"	"{""status"": ""pass"", ""walkable_cells"": 87957, ""total_cells"": 160000, ""walkable_ratio"": 0.549731}"	identity logical-grid coordinates	allowed-after-point-check	high	"{""relation"": ""same local map bytes"", ""hero_kill_sha256"": ""5430c991bd5c7fe6b8c8d7e835ddc7debf6ff11c7a8b59fbefbf624ed163845f"", ""zircon_sha256"": ""5430c991bd5c7fe6b8c8d7e835ddc7debf6ff11c7a8b59fbefbf624ed163845f""}"
43	43	/home/tetsuya/mir2ei/Map/43.map	/home/tetsuya/mir2ei/Map/43.map	"{""index"": 665, ""file"": ""43"", ""description"": ""沙漠""}"	/home/tetsuya/development/zircon/Debug/ServerCore/Map/43.map	exact	"{""hero_kill"": {""width"": 400, ""height"": 400}, ""zircon"": {""width"": 400, ""height"": 400}}"	"{""region_count"": 34, ""region_landmark_samples"": [""43 / Numa Grunt Spawn"", ""43 / Numa High Mage Spawn"", ""43 / Sand Golem Spawn"", ""43 / Cursed Cactus Spawn"", ""43 / Sand Shark Spawn"", ""43 / Dust Devil Spawn"", ""43 / Sand Golem Spawn"", ""43 / Sand Shark Spawn"", ""43 / Numa Grunt Spawn"", ""43 / Sand Golem Spawn"", ""43 / Dust Devil Spawn"", ""43 / Numa Elder Shaman Spawn"", ""43 / Teleport Destination"", ""43 / Teleport Destination"", ""43 / Teleport Destination"", ""43 / Teleport Destination"", ""43 / Teleport Destination"", ""43 / Teleport Source"", ""43 / Teleport Source"", ""43 / Teleport Source"", ""43 / Teleport Source"", ""43 / Teleport Source"", ""43 / Teleport Source"", ""43 / Teleport Source"", ""43 / Teleport Source"", ""43 / Teleport Source"", ""43 / Teleport Source"", ""43 / Teleport Source"", ""43 / Teleport Destination"", ""43 / Teleport Destination"", ""43 / Teleport Destination"", ""43 / Teleport Destination"", ""43 / Teleport Destination"", ""43 / Teleport Destination""], ""guard_count"": 0, ""guard_samples"": [], ""connected_maps"": [""42"", ""44""], ""coordinate_evidence"": ""MapRegion PointRegion centers; no Merchant coordinate snapshot available""}"	"[""43 / Numa Grunt Spawn"", ""43 / Numa High Mage Spawn"", ""43 / Sand Golem Spawn"", ""43 / Cursed Cactus Spawn"", ""43 / Sand Shark Spawn"", ""43 / Dust Devil Spawn"", ""43 / Sand Golem Spawn"", ""43 / Sand Shark Spawn"", ""43 / Numa Grunt Spawn"", ""43 / Sand Golem Spawn"", ""43 / Dust Devil Spawn"", ""43 / Numa Elder Shaman Spawn"", ""43 / Teleport Destination"", ""43 / Teleport Destination"", ""43 / Teleport Destination"", ""43 / Teleport Destination"", ""43 / Teleport Destination"", ""43 / Teleport Source"", ""43 / Teleport Source"", ""43 / Teleport Source"", ""43 / Teleport Source"", ""43 / Teleport Source"", ""43 / Teleport Source"", ""43 / Teleport Source"", ""43 / Teleport Source"", ""43 / Teleport Source"", ""43 / Teleport Source"", ""43 / Teleport Source"", ""43 / Teleport Destination"", ""43 / Teleport Destination"", ""43 / Teleport Destination"", ""43 / Teleport Destination"", ""43 / Teleport Destination"", ""43 / Teleport Destination""]"	"{""status"": ""pass"", ""walkable_cells"": 74487, ""total_cells"": 160000, ""walkable_ratio"": 0.465544}"	"{""status"": ""pass"", ""walkable_cells"": 74487, ""total_cells"": 160000, ""walkable_ratio"": 0.465544}"	identity logical-grid coordinates	allowed-after-point-check	high	"{""relation"": ""same local map bytes"", ""hero_kill_sha256"": ""fa0e10eeb33ff76559b626a1a90232bdc2479aa29fca0d0f4f2f9a3e68c1b4cd"", ""zircon_sha256"": ""fa0e10eeb33ff76559b626a1a90232bdc2479aa29fca0d0f4f2f9a3e68c1b4cd""}"
44	44	/home/tetsuya/mir2ei/Map/44.map	/home/tetsuya/mir2ei/Map/44.map	"{""index"": 666, ""file"": ""44"", ""description"": ""沙漠""}"	/home/tetsuya/development/zircon/Debug/ServerCore/Map/44.map	exact	"{""hero_kill"": {""width"": 400, ""height"": 400}, ""zircon"": {""width"": 400, ""height"": 400}}"	"{""region_count"": 35, ""region_landmark_samples"": [""44 / Numa Grunt Spawn"", ""44 / Numa High Mage Spawn"", ""44 / Sand Golem Spawn"", ""44 / Cursed Cactus Spawn"", ""44 / Sand Shark Spawn"", ""44 / Dust Devil Spawn"", ""44 / Sand Golem Spawn"", ""44 / Sand Shark Spawn"", ""44 / Numa Grunt Spawn"", ""44 / Sand Golem Spawn"", ""44 / Dust Devil Spawn"", ""44 / Teleport Destination"", ""44 / Teleport Destination"", ""44 / Teleport Destination"", ""44 / Teleport Destination"", ""44 / Teleport Destination"", ""44 / Teleport Destination"", ""44 / Teleport Source"", ""44 / Teleport Source"", ""44 / Teleport Source"", ""44 / Teleport Source"", ""44 / Teleport Source"", ""44 / Teleport Source"", ""44 / Teleport Destination"", ""44 / Teleport Destination"", ""44 / Teleport Destination"", ""44 / Teleport Destination"", ""44 / Teleport Destination"", ""44 / Teleport Destination"", ""44 / Teleport Source"", ""44 / Teleport Source"", ""44 / Teleport Source"", ""44 / Teleport Source"", ""44 / Teleport Source"", ""44 / Teleport Source""], ""guard_count"": 0, ""guard_samples"": [], ""connected_maps"": [""4"", ""43""], ""coordinate_evidence"": ""MapRegion PointRegion centers; no Merchant coordinate snapshot available""}"	"[""44 / Numa Grunt Spawn"", ""44 / Numa High Mage Spawn"", ""44 / Sand Golem Spawn"", ""44 / Cursed Cactus Spawn"", ""44 / Sand Shark Spawn"", ""44 / Dust Devil Spawn"", ""44 / Sand Golem Spawn"", ""44 / Sand Shark Spawn"", ""44 / Numa Grunt Spawn"", ""44 / Sand Golem Spawn"", ""44 / Dust Devil Spawn"", ""44 / Teleport Destination"", ""44 / Teleport Destination"", ""44 / Teleport Destination"", ""44 / Teleport Destination"", ""44 / Teleport Destination"", ""44 / Teleport Destination"", ""44 / Teleport Source"", ""44 / Teleport Source"", ""44 / Teleport Source"", ""44 / Teleport Source"", ""44 / Teleport Source"", ""44 / Teleport Source"", ""44 / Teleport Destination"", ""44 / Teleport Destination"", ""44 / Teleport Destination"", ""44 / Teleport Destination"", ""44 / Teleport Destination"", ""44 / Teleport Destination"", ""44 / Teleport Source"", ""44 / Teleport Source"", ""44 / Teleport Source"", ""44 / Teleport Source"", ""44 / Teleport Source"", ""44 / Teleport Source""]"	"{""status"": ""pass"", ""walkable_cells"": 49580, ""total_cells"": 160000, ""walkable_ratio"": 0.309875}"	"{""status"": ""pass"", ""walkable_cells"": 49580, ""total_cells"": 160000, ""walkable_ratio"": 0.309875}"	identity logical-grid coordinates	allowed-after-point-check	high	"{""relation"": ""same local map bytes"", ""hero_kill_sha256"": ""08d917f59c3122738a9d893719c50dd2c22d3862e281931adda7a8d77ebe7b8e"", ""zircon_sha256"": ""08d917f59c3122738a9d893719c50dd2c22d3862e281931adda7a8d77ebe7b8e""}"
4_001	4_001	/home/tetsuya/mir2ei/Map/4_001.map	/home/tetsuya/mir2ei/Map/4_001.map	"{""index"": 667, ""file"": ""4_001"", ""description"": ""武器店""}"	/home/tetsuya/development/zircon/Debug/ServerCore/Map/4_001.map	exact	"{""hero_kill"": {""width"": 20, ""height"": 20}, ""zircon"": {""width"": 20, ""height"": 20}}"	"{""region_count"": 3, ""region_landmark_samples"": [""4_001 / Teleport Destination"", ""4_001 / Teleport Source""], ""guard_count"": 0, ""guard_samples"": [], ""connected_maps"": [""4""], ""coordinate_evidence"": ""MapRegion PointRegion centers; no Merchant coordinate snapshot available""}"	"[""4_001 / Teleport Destination"", ""4_001 / Teleport Source""]"	"{""status"": ""pass"", ""walkable_cells"": 45, ""total_cells"": 400, ""walkable_ratio"": 0.1125}"	"{""status"": ""pass"", ""walkable_cells"": 45, ""total_cells"": 400, ""walkable_ratio"": 0.1125}"	identity logical-grid coordinates	allowed-after-point-check	high	"{""relation"": ""same local map bytes"", ""hero_kill_sha256"": ""8f4d750f7070c6b1dc9f5563306de90ce2026c99a31a68a36148375b5f2ac6a1"", ""zircon_sha256"": ""8f4d750f7070c6b1dc9f5563306de90ce2026c99a31a68a36148375b5f2ac6a1""}"
4_002	4_002	/home/tetsuya/mir2ei/Map/4_002.map	/home/tetsuya/mir2ei/Map/4_002.map	"{""index"": 668, ""file"": ""4_002"", ""description"": ""民家""}"	/home/tetsuya/development/zircon/Debug/ServerCore/Map/4_002.map	exact	"{""hero_kill"": {""width"": 30, ""height"": 30}, ""zircon"": {""width"": 30, ""height"": 30}}"	"{""region_count"": 4, ""region_landmark_samples"": [""4_002 / Teleport Destination"", ""4_002 / Teleport Source"", ""4_002 / Teleport Destination"", ""4_002 / Teleport Source""], ""guard_count"": 0, ""guard_samples"": [], ""connected_maps"": [""4""], ""coordinate_evidence"": ""MapRegion PointRegion centers; no Merchant coordinate snapshot available""}"	"[""4_002 / Teleport Destination"", ""4_002 / Teleport Source"", ""4_002 / Teleport Destination"", ""4_002 / Teleport Source""]"	"{""status"": ""pass"", ""walkable_cells"": 35, ""total_cells"": 900, ""walkable_ratio"": 0.038889}"	"{""status"": ""pass"", ""walkable_cells"": 35, ""total_cells"": 900, ""walkable_ratio"": 0.038889}"	identity logical-grid coordinates	allowed-after-point-check	high	"{""relation"": ""same local map bytes"", ""hero_kill_sha256"": ""8e588cd6631ad66ec6c3b0cedd33bdc911d095a45bf37e6ea419fc83ce57c933"", ""zircon_sha256"": ""8e588cd6631ad66ec6c3b0cedd33bdc911d095a45bf37e6ea419fc83ce57c933""}"
4_003	4_003	/home/tetsuya/mir2ei/Map/4_003.map	/home/tetsuya/mir2ei/Map/4_003.map	"{""index"": 669, ""file"": ""4_003"", ""description"": ""中药商""}"	/home/tetsuya/development/zircon/Debug/ServerCore/Map/4_003.map	exact	"{""hero_kill"": {""width"": 20, ""height"": 20}, ""zircon"": {""width"": 20, ""height"": 20}}"	"{""region_count"": 5, ""region_landmark_samples"": [""4_003 / 绿洲仓库管家"", ""4_003 / Teleport Destination"", ""4_003 / Teleport Source""], ""guard_count"": 0, ""guard_samples"": [], ""connected_maps"": [""4""], ""coordinate_evidence"": ""MapRegion PointRegion centers; no Merchant coordinate snapshot available""}"	"[""4_003 / 绿洲仓库管家"", ""4_003 / Teleport Destination"", ""4_003 / Teleport Source""]"	"{""status"": ""pass"", ""walkable_cells"": 41, ""total_cells"": 400, ""walkable_ratio"": 0.1025}"	"{""status"": ""pass"", ""walkable_cells"": 41, ""total_cells"": 400, ""walkable_ratio"": 0.1025}"	identity logical-grid coordinates	allowed-after-point-check	high	"{""relation"": ""same local map bytes"", ""hero_kill_sha256"": ""f9364820b3d3cf2876907561a427f6c0769c3fe5b04e77d70d59f3d5ce6a66a6"", ""zircon_sha256"": ""f9364820b3d3cf2876907561a427f6c0769c3fe5b04e77d70d59f3d5ce6a66a6""}"
4_004	4_004	/home/tetsuya/mir2ei/Map/4_004.map	/home/tetsuya/mir2ei/Map/4_004.map	"{""index"": 670, ""file"": ""4_004"", ""description"": ""布匹店""}"	/home/tetsuya/development/zircon/Debug/ServerCore/Map/4_004.map	exact	"{""hero_kill"": {""width"": 20, ""height"": 20}, ""zircon"": {""width"": 20, ""height"": 20}}"	"{""region_count"": 3, ""region_landmark_samples"": [""4_004 / Teleport Destination"", ""4_004 / Teleport Source""], ""guard_count"": 0, ""guard_samples"": [], ""connected_maps"": [""4""], ""coordinate_evidence"": ""MapRegion PointRegion centers; no Merchant coordinate snapshot available""}"	"[""4_004 / Teleport Destination"", ""4_004 / Teleport Source""]"	"{""status"": ""pass"", ""walkable_cells"": 58, ""total_cells"": 400, ""walkable_ratio"": 0.145}"	"{""status"": ""pass"", ""walkable_cells"": 58, ""total_cells"": 400, ""walkable_ratio"": 0.145}"	identity logical-grid coordinates	allowed-after-point-check	high	"{""relation"": ""same local map bytes"", ""hero_kill_sha256"": ""71af8545eb5910bf10ced86a3ceb0265c2b88181ca4876c220bf6ea563f2430c"", ""zircon_sha256"": ""71af8545eb5910bf10ced86a3ceb0265c2b88181ca4876c220bf6ea563f2430c""}"
4_005	4_005	/home/tetsuya/mir2ei/Map/4_005.map	/home/tetsuya/mir2ei/Map/4_005.map	"{""index"": 671, ""file"": ""4_005"", ""description"": ""占卜屋""}"	/home/tetsuya/development/zircon/Debug/ServerCore/Map/4_005.map	exact	"{""hero_kill"": {""width"": 24, ""height"": 30}, ""zircon"": {""width"": 24, ""height"": 30}}"	"{""region_count"": 3, ""region_landmark_samples"": [""4_005 / Teleport Destination"", ""4_005 / Teleport Source""], ""guard_count"": 0, ""guard_samples"": [], ""connected_maps"": [""4""], ""coordinate_evidence"": ""MapRegion PointRegion centers; no Merchant coordinate snapshot available""}"	"[""4_005 / Teleport Destination"", ""4_005 / Teleport Source""]"	"{""status"": ""pass"", ""walkable_cells"": 27, ""total_cells"": 720, ""walkable_ratio"": 0.0375}"	"{""status"": ""pass"", ""walkable_cells"": 27, ""total_cells"": 720, ""walkable_ratio"": 0.0375}"	identity logical-grid coordinates	allowed-after-point-check	high	"{""relation"": ""same local map bytes"", ""hero_kill_sha256"": ""ede2683c33798489230966236a552cc3eb120072533f0500a5f741fcc0b7fd42"", ""zircon_sha256"": ""ede2683c33798489230966236a552cc3eb120072533f0500a5f741fcc0b7fd42""}"
50	50	/home/tetsuya/mir2ei/Map/50.map	/home/tetsuya/mir2ei/Map/50.map	"{""index"": 672, ""file"": ""50"", ""description"": ""EI 50""}"	/home/tetsuya/development/zircon/Debug/ServerCore/Map/50.map	exact	"{""hero_kill"": {""width"": 120, ""height"": 150}, ""zircon"": {""width"": 120, ""height"": 150}}"	"{""region_count"": 0, ""region_landmark_samples"": [], ""guard_count"": 0, ""guard_samples"": [], ""connected_maps"": [], ""coordinate_evidence"": ""MapRegion PointRegion centers; no Merchant coordinate snapshot available""}"	[]	"{""status"": ""pass"", ""walkable_cells"": 7496, ""total_cells"": 18000, ""walkable_ratio"": 0.416444}"	"{""status"": ""pass"", ""walkable_cells"": 7496, ""total_cells"": 18000, ""walkable_ratio"": 0.416444}"	identity logical-grid coordinates	allowed-after-point-check	high	"{""relation"": ""same local map bytes"", ""hero_kill_sha256"": ""62ce7a924aaf5e77b0cfd28395dde05edd22317fd91e996a3542066a1df26552"", ""zircon_sha256"": ""62ce7a924aaf5e77b0cfd28395dde05edd22317fd91e996a3542066a1df26552""}"
50_001	50_001	/home/tetsuya/mir2ei/Map/50_001.map	/home/tetsuya/mir2ei/Map/50_001.map	"{""index"": 673, ""file"": ""50_001"", ""description"": ""EI 50_001""}"	/home/tetsuya/development/zircon/Debug/ServerCore/Map/50_001.map	exact	"{""hero_kill"": {""width"": 70, ""height"": 70}, ""zircon"": {""width"": 70, ""height"": 70}}"	"{""region_count"": 0, ""region_landmark_samples"": [], ""guard_count"": 0, ""guard_samples"": [], ""connected_maps"": [], ""coordinate_evidence"": ""MapRegion PointRegion centers; no Merchant coordinate snapshot available""}"	[]	"{""status"": ""pass"", ""walkable_cells"": 1165, ""total_cells"": 4900, ""walkable_ratio"": 0.237755}"	"{""status"": ""pass"", ""walkable_cells"": 1165, ""total_cells"": 4900, ""walkable_ratio"": 0.237755}"	identity logical-grid coordinates	allowed-after-point-check	high	"{""relation"": ""same local map bytes"", ""hero_kill_sha256"": ""83e81a4532416486191aeb8a1ed0437c02202b5cea2df4074a8508cf7ff7a016"", ""zircon_sha256"": ""83e81a4532416486191aeb8a1ed0437c02202b5cea2df4074a8508cf7ff7a016""}"
5_0011	5_0011	/home/tetsuya/mir2ei/Map/5_0011.map	/home/tetsuya/mir2ei/Map/5_0011.map	"{""index"": 674, ""file"": ""5_0011"", ""description"": ""贵族屋""}"	/home/tetsuya/development/zircon/Debug/ServerCore/Map/5_0011.map	exact	"{""hero_kill"": {""width"": 60, ""height"": 70}, ""zircon"": {""width"": 60, ""height"": 70}}"	"{""region_count"": 6, ""region_landmark_samples"": [""5_0011 / Teleport Destination"", ""5_0011 / Teleport Source"", ""5_0011 / Teleport Destination"", ""5_0011 / Teleport Source"", ""5_0011 / Teleport Destination"", ""5_0011 / Teleport Source""], ""guard_count"": 0, ""guard_samples"": [], ""connected_maps"": [""5""], ""coordinate_evidence"": ""MapRegion PointRegion centers; no Merchant coordinate snapshot available""}"	"[""5_0011 / Teleport Destination"", ""5_0011 / Teleport Source"", ""5_0011 / Teleport Destination"", ""5_0011 / Teleport Source"", ""5_0011 / Teleport Destination"", ""5_0011 / Teleport Source""]"	"{""status"": ""pass"", ""walkable_cells"": 226, ""total_cells"": 4200, ""walkable_ratio"": 0.05381}"	"{""status"": ""pass"", ""walkable_cells"": 226, ""total_cells"": 4200, ""walkable_ratio"": 0.05381}"	identity logical-grid coordinates	allowed-after-point-check	high	"{""relation"": ""same local map bytes"", ""hero_kill_sha256"": ""a986b4fd246be7f2270c3105eb75aadda34b07c9a859acaa62c0db0af998078f"", ""zircon_sha256"": ""a986b4fd246be7f2270c3105eb75aadda34b07c9a859acaa62c0db0af998078f""}"
5_0012	5_0012	/home/tetsuya/mir2ei/Map/5_0012.map	/home/tetsuya/mir2ei/Map/5_0012.map	"{""index"": 675, ""file"": ""5_0012"", ""description"": ""贵族屋""}"	/home/tetsuya/development/zircon/Debug/ServerCore/Map/5_0012.map	exact	"{""hero_kill"": {""width"": 40, ""height"": 50}, ""zircon"": {""width"": 40, ""height"": 50}}"	"{""region_count"": 2, ""region_landmark_samples"": [""5_0012 / Teleport Destination"", ""5_0012 / Teleport Source""], ""guard_count"": 0, ""guard_samples"": [], ""connected_maps"": [""5""], ""coordinate_evidence"": ""MapRegion PointRegion centers; no Merchant coordinate snapshot available""}"	"[""5_0012 / Teleport Destination"", ""5_0012 / Teleport Source""]"	"{""status"": ""pass"", ""walkable_cells"": 140, ""total_cells"": 2000, ""walkable_ratio"": 0.07}"	"{""status"": ""pass"", ""walkable_cells"": 140, ""total_cells"": 2000, ""walkable_ratio"": 0.07}"	identity logical-grid coordinates	allowed-after-point-check	high	"{""relation"": ""same local map bytes"", ""hero_kill_sha256"": ""0a04b2915369059fb9ee2e66f1b52b075719d8bd2d0ce157ccb00f5882aa1ce8"", ""zircon_sha256"": ""0a04b2915369059fb9ee2e66f1b52b075719d8bd2d0ce157ccb00f5882aa1ce8""}"
5_0013	5_0013	/home/tetsuya/mir2ei/Map/5_0013.map	/home/tetsuya/mir2ei/Map/5_0013.map	"{""index"": 676, ""file"": ""5_0013"", ""description"": ""贵族屋""}"	/home/tetsuya/development/zircon/Debug/ServerCore/Map/5_0013.map	exact	"{""hero_kill"": {""width"": 68, ""height"": 68}, ""zircon"": {""width"": 68, ""height"": 68}}"	"{""region_count"": 2, ""region_landmark_samples"": [""5_0013 / Teleport Destination"", ""5_0013 / Teleport Source""], ""guard_count"": 0, ""guard_samples"": [], ""connected_maps"": [""5""], ""coordinate_evidence"": ""MapRegion PointRegion centers; no Merchant coordinate snapshot available""}"	"[""5_0013 / Teleport Destination"", ""5_0013 / Teleport Source""]"	"{""status"": ""pass"", ""walkable_cells"": 113, ""total_cells"": 4624, ""walkable_ratio"": 0.024438}"	"{""status"": ""pass"", ""walkable_cells"": 113, ""total_cells"": 4624, ""walkable_ratio"": 0.024438}"	identity logical-grid coordinates	allowed-after-point-check	high	"{""relation"": ""same local map bytes"", ""hero_kill_sha256"": ""5d36fb50a5c44b71d4754c2091fbea16236af1d8656a6c8da00eae39511fa8fc"", ""zircon_sha256"": ""5d36fb50a5c44b71d4754c2091fbea16236af1d8656a6c8da00eae39511fa8fc""}"
5_002	5_002	/home/tetsuya/mir2ei/Map/5_002.map	/home/tetsuya/mir2ei/Map/5_002.map	"{""index"": 677, ""file"": ""5_002"", ""description"": ""武器商""}"	/home/tetsuya/development/zircon/Debug/ServerCore/Map/5_002.map	exact	"{""hero_kill"": {""width"": 20, ""height"": 30}, ""zircon"": {""width"": 20, ""height"": 30}}"	"{""region_count"": 4, ""region_landmark_samples"": [""5_002 / Teleport Destination"", ""5_002 / Teleport Source""], ""guard_count"": 0, ""guard_samples"": [], ""connected_maps"": [""5""], ""coordinate_evidence"": ""MapRegion PointRegion centers; no Merchant coordinate snapshot available""}"	"[""5_002 / Teleport Destination"", ""5_002 / Teleport Source""]"	"{""status"": ""pass"", ""walkable_cells"": 51, ""total_cells"": 600, ""walkable_ratio"": 0.085}"	"{""status"": ""pass"", ""walkable_cells"": 51, ""total_cells"": 600, ""walkable_ratio"": 0.085}"	identity logical-grid coordinates	allowed-after-point-check	high	"{""relation"": ""same local map bytes"", ""hero_kill_sha256"": ""3fca3af6663f1a75edc7080a816cbd5cbf64ed6f86444ecb839d94eef2b20525"", ""zircon_sha256"": ""3fca3af6663f1a75edc7080a816cbd5cbf64ed6f86444ecb839d94eef2b20525""}"
5_003	5_003	/home/tetsuya/mir2ei/Map/5_003.map	/home/tetsuya/mir2ei/Map/5_003.map	"{""index"": 678, ""file"": ""5_003"", ""description"": ""药房""}"	/home/tetsuya/development/zircon/Debug/ServerCore/Map/5_003.map	exact	"{""hero_kill"": {""width"": 30, ""height"": 30}, ""zircon"": {""width"": 30, ""height"": 30}}"	"{""region_count"": 5, ""region_landmark_samples"": [""5_003 / Teleport Destination"", ""5_003 / Teleport Source"", ""5_003 / Teleport Destination"", ""5_003 / Teleport Source""], ""guard_count"": 0, ""guard_samples"": [], ""connected_maps"": [""5""], ""coordinate_evidence"": ""MapRegion PointRegion centers; no Merchant coordinate snapshot available""}"	"[""5_003 / Teleport Destination"", ""5_003 / Teleport Source"", ""5_003 / Teleport Destination"", ""5_003 / Teleport Source""]"	"{""status"": ""pass"", ""walkable_cells"": 46, ""total_cells"": 900, ""walkable_ratio"": 0.051111}"	"{""status"": ""pass"", ""walkable_cells"": 46, ""total_cells"": 900, ""walkable_ratio"": 0.051111}"	identity logical-grid coordinates	allowed-after-point-check	high	"{""relation"": ""same local map bytes"", ""hero_kill_sha256"": ""acbe85bd89bc0116c700d5b69e10f05b5488a25f1006ed646f92570f9cc34863"", ""zircon_sha256"": ""acbe85bd89bc0116c700d5b69e10f05b5488a25f1006ed646f92570f9cc34863""}"
5_004	5_004	/home/tetsuya/mir2ei/Map/5_004.map	/home/tetsuya/mir2ei/Map/5_004.map	"{""index"": 679, ""file"": ""5_004"", ""description"": ""服饰店""}"	/home/tetsuya/development/zircon/Debug/ServerCore/Map/5_004.map	exact	"{""hero_kill"": {""width"": 30, ""height"": 30}, ""zircon"": {""width"": 30, ""height"": 30}}"	"{""region_count"": 3, ""region_landmark_samples"": [""5_004 / Teleport Destination"", ""5_004 / Teleport Source""], ""guard_count"": 0, ""guard_samples"": [], ""connected_maps"": [""5""], ""coordinate_evidence"": ""MapRegion PointRegion centers; no Merchant coordinate snapshot available""}"	"[""5_004 / Teleport Destination"", ""5_004 / Teleport Source""]"	"{""status"": ""pass"", ""walkable_cells"": 82, ""total_cells"": 900, ""walkable_ratio"": 0.091111}"	"{""status"": ""pass"", ""walkable_cells"": 82, ""total_cells"": 900, ""walkable_ratio"": 0.091111}"	identity logical-grid coordinates	allowed-after-point-check	high	"{""relation"": ""same local map bytes"", ""hero_kill_sha256"": ""aa2324964cde3acff71bb7247f6cd84b9be6562ad3b405fa15363c46ae2b872c"", ""zircon_sha256"": ""aa2324964cde3acff71bb7247f6cd84b9be6562ad3b405fa15363c46ae2b872c""}"
5_005	5_005	/home/tetsuya/mir2ei/Map/5_005.map	/home/tetsuya/mir2ei/Map/5_005.map	"{""index"": 680, ""file"": ""5_005"", ""description"": ""饰品店""}"	/home/tetsuya/development/zircon/Debug/ServerCore/Map/5_005.map	exact	"{""hero_kill"": {""width"": 30, ""height"": 30}, ""zircon"": {""width"": 30, ""height"": 30}}"	"{""region_count"": 3, ""region_landmark_samples"": [""5_005 / Teleport Destination"", ""5_005 / Teleport Source""], ""guard_count"": 0, ""guard_samples"": [], ""connected_maps"": [""5""], ""coordinate_evidence"": ""MapRegion PointRegion centers; no Merchant coordinate snapshot available""}"	"[""5_005 / Teleport Destination"", ""5_005 / Teleport Source""]"	"{""status"": ""pass"", ""walkable_cells"": 45, ""total_cells"": 900, ""walkable_ratio"": 0.05}"	"{""status"": ""pass"", ""walkable_cells"": 45, ""total_cells"": 900, ""walkable_ratio"": 0.05}"	identity logical-grid coordinates	allowed-after-point-check	high	"{""relation"": ""same local map bytes"", ""hero_kill_sha256"": ""974560815eb391f034bb3e66e0ed9ec14bca6f3175a3069839f022528ab79ded"", ""zircon_sha256"": ""974560815eb391f034bb3e66e0ed9ec14bca6f3175a3069839f022528ab79ded""}"
5_006	5_006	/home/tetsuya/mir2ei/Map/5_006.map	/home/tetsuya/mir2ei/Map/5_006.map	"{""index"": 681, ""file"": ""5_006"", ""description"": ""仓库""}"	/home/tetsuya/development/zircon/Debug/ServerCore/Map/5_006.map	exact	"{""hero_kill"": {""width"": 40, ""height"": 40}, ""zircon"": {""width"": 40, ""height"": 40}}"	"{""region_count"": 6, ""region_landmark_samples"": [""5_006 / 沙漠仓库管家"", ""5_006 / Teleport Destination"", ""5_006 / Teleport Source"", ""5_006 / Teleport Destination"", ""5_006 / Teleport Source""], ""guard_count"": 0, ""guard_samples"": [], ""connected_maps"": [""5""], ""coordinate_evidence"": ""MapRegion PointRegion centers; no Merchant coordinate snapshot available""}"	"[""5_006 / 沙漠仓库管家"", ""5_006 / Teleport Destination"", ""5_006 / Teleport Source"", ""5_006 / Teleport Destination"", ""5_006 / Teleport Source""]"	"{""status"": ""pass"", ""walkable_cells"": 70, ""total_cells"": 1600, ""walkable_ratio"": 0.04375}"	"{""status"": ""pass"", ""walkable_cells"": 70, ""total_cells"": 1600, ""walkable_ratio"": 0.04375}"	identity logical-grid coordinates	allowed-after-point-check	high	"{""relation"": ""same local map bytes"", ""hero_kill_sha256"": ""31378cb06329b4a7dfdc99bf336899f4b41fd6065526a71d3f66bc75f5eb2e84"", ""zircon_sha256"": ""31378cb06329b4a7dfdc99bf336899f4b41fd6065526a71d3f66bc75f5eb2e84""}"
6	6	/home/tetsuya/mir2ei/Map/6.map	/home/tetsuya/mir2ei/Map/6.map	"{""index"": 682, ""file"": ""6"", ""description"": ""沙漠""}"	/home/tetsuya/development/zircon/Debug/ServerCore/Map/6.map	variant	"{""hero_kill"": {""width"": 800, ""height"": 800}, ""zircon"": {""width"": 800, ""height"": 800}}"	"{""region_count"": 59, ""region_landmark_samples"": [""6 / Numa Grunt Spawn"", ""6 / Numa High Mage Spawn"", ""6 / Sand Golem Spawn"", ""6 / Cursed Cactus Spawn"", ""6 / Numa Grunt Spawn"", ""6 / Sand Golem Spawn"", ""6 / Numa Elder Shaman Spawn"", ""6 / Teleport Destination"", ""6 / Teleport Destination"", ""6 / Teleport Destination"", ""6 / Teleport Destination"", ""6 / Teleport Destination"", ""6 / Teleport Source"", ""6 / Teleport Source"", ""6 / Teleport Source"", ""6 / Teleport Source"", ""6 / Teleport Source"", ""6 / Teleport Destination"", ""6 / Teleport Destination"", ""6 / Teleport Destination"", ""6 / Teleport Destination"", ""6 / Teleport Destination"", ""6 / Teleport Destination"", ""6 / Teleport Destination"", ""6 / Teleport Destination"", ""6 / Teleport Destination"", ""6 / Teleport Destination"", ""6 / Teleport Destination"", ""6 / Teleport Destination"", ""6 / Teleport Destination"", ""6 / Teleport Source"", ""6 / Teleport Source"", ""6 / Teleport Source"", ""6 / Teleport Source"", ""6 / Teleport Source"", ""6 / Teleport Source"", ""6 / Teleport Source"", ""6 / Teleport Source"", ""6 / Teleport Source"", ""6 / Teleport Source""], ""guard_count"": 0, ""guard_samples"": [], ""connected_maps"": [""4"", ""5"", ""78"", ""D8002"", ""d2001""], ""coordinate_evidence"": ""MapRegion PointRegion centers; no Merchant coordinate snapshot available""}"	"[""6 / Numa Grunt Spawn"", ""6 / Numa High Mage Spawn"", ""6 / Sand Golem Spawn"", ""6 / Cursed Cactus Spawn"", ""6 / Numa Grunt Spawn"", ""6 / Sand Golem Spawn"", ""6 / Numa Elder Shaman Spawn"", ""6 / Teleport Destination"", ""6 / Teleport Destination"", ""6 / Teleport Destination"", ""6 / Teleport Destination"", ""6 / Teleport Destination"", ""6 / Teleport Source"", ""6 / Teleport Source"", ""6 / Teleport Source"", ""6 / Teleport Source"", ""6 / Teleport Source"", ""6 / Teleport Destination"", ""6 / Teleport Destination"", ""6 / Teleport Destination"", ""6 / Teleport Destination"", ""6 / Teleport Destination"", ""6 / Teleport Destination"", ""6 / Teleport Destination"", ""6 / Teleport Destination"", ""6 / Teleport Destination"", ""6 / Teleport Destination"", ""6 / Teleport Destination"", ""6 / Teleport Destination"", ""6 / Teleport Destination"", ""6 / Teleport Source"", ""6 / Teleport Source"", ""6 / Teleport Source"", ""6 / Teleport Source"", ""6 / Teleport Source"", ""6 / Teleport Source"", ""6 / Teleport Source"", ""6 / Teleport Source"", ""6 / Teleport Source"", ""6 / Teleport Source""]"	"{""status"": ""pass"", ""walkable_cells"": 240921, ""total_cells"": 640000, ""walkable_ratio"": 0.376439}"	"{""status"": ""pass"", ""walkable_cells"": 240514, ""total_cells"": 640000, ""walkable_ratio"": 0.375803}"	pending landmark mapping; no blind coordinate reuse	blocked	low	"{""relation"": ""same dimensions, different map bytes"", ""hero_kill_sha256"": ""5f345e178995128b2c1576a52b92ba5d8784b2cee28c86dd4c8c62f313620db8"", ""zircon_sha256"": ""91e4eeafbec96082b90e8ae1d4fa910441b54da888b3c3b3103c71297f91ca50""}"
71	71	/home/tetsuya/mir2ei/Map/71.map	/home/tetsuya/mir2ei/Map/71.map	"{""index"": 683, ""file"": ""71"", ""description"": ""沙漠""}"	/home/tetsuya/development/zircon/Debug/ServerCore/Map/71.map	exact	"{""hero_kill"": {""width"": 400, ""height"": 200}, ""zircon"": {""width"": 400, ""height"": 200}}"	"{""region_count"": 34, ""region_landmark_samples"": [""71 / Armoured Ant Spawn"", ""71 / Centipede Spawn"", ""71 / Shinsu Spawn"", ""71 / Armoured Ant Spawn"", ""71 / Centipede Spawn"", ""71 / Shinsu Spawn"", ""71 / Teleport Destination"", ""71 / Teleport Destination"", ""71 / Teleport Destination"", ""71 / Teleport Destination"", ""71 / Teleport Destination"", ""71 / Teleport Destination"", ""71 / Teleport Destination"", ""71 / Teleport Source"", ""71 / Teleport Source"", ""71 / Teleport Source"", ""71 / Teleport Source"", ""71 / Teleport Source"", ""71 / Teleport Source"", ""71 / Teleport Source"", ""71 / Teleport Source"", ""71 / Teleport Source"", ""71 / Teleport Source"", ""71 / Teleport Source"", ""71 / Teleport Source"", ""71 / Teleport Source"", ""71 / Teleport Source"", ""71 / Teleport Destination"", ""71 / Teleport Destination"", ""71 / Teleport Destination"", ""71 / Teleport Destination"", ""71 / Teleport Destination"", ""71 / Teleport Destination"", ""71 / Teleport Destination""], ""guard_count"": 0, ""guard_samples"": [], ""connected_maps"": [""01"", ""72""], ""coordinate_evidence"": ""MapRegion PointRegion centers; no Merchant coordinate snapshot available""}"	"[""71 / Armoured Ant Spawn"", ""71 / Centipede Spawn"", ""71 / Shinsu Spawn"", ""71 / Armoured Ant Spawn"", ""71 / Centipede Spawn"", ""71 / Shinsu Spawn"", ""71 / Teleport Destination"", ""71 / Teleport Destination"", ""71 / Teleport Destination"", ""71 / Teleport Destination"", ""71 / Teleport Destination"", ""71 / Teleport Destination"", ""71 / Teleport Destination"", ""71 / Teleport Source"", ""71 / Teleport Source"", ""71 / Teleport Source"", ""71 / Teleport Source"", ""71 / Teleport Source"", ""71 / Teleport Source"", ""71 / Teleport Source"", ""71 / Teleport Source"", ""71 / Teleport Source"", ""71 / Teleport Source"", ""71 / Teleport Source"", ""71 / Teleport Source"", ""71 / Teleport Source"", ""71 / Teleport Source"", ""71 / Teleport Destination"", ""71 / Teleport Destination"", ""71 / Teleport Destination"", ""71 / Teleport Destination"", ""71 / Teleport Destination"", ""71 / Teleport Destination"", ""71 / Teleport Destination""]"	"{""status"": ""pass"", ""walkable_cells"": 30178, ""total_cells"": 80000, ""walkable_ratio"": 0.377225}"	"{""status"": ""pass"", ""walkable_cells"": 30178, ""total_cells"": 80000, ""walkable_ratio"": 0.377225}"	identity logical-grid coordinates	allowed-after-point-check	high	"{""relation"": ""same local map bytes"", ""hero_kill_sha256"": ""8acdbefed0e94998c0c2f1218b98e562a85acb776881ff617d0c186c0f6c604b"", ""zircon_sha256"": ""8acdbefed0e94998c0c2f1218b98e562a85acb776881ff617d0c186c0f6c604b""}"
72	72	/home/tetsuya/mir2ei/Map/72.map	/home/tetsuya/mir2ei/Map/72.map	"{""index"": 684, ""file"": ""72"", ""description"": ""沙漠""}"	/home/tetsuya/development/zircon/Debug/ServerCore/Map/72.map	exact	"{""hero_kill"": {""width"": 400, ""height"": 200}, ""zircon"": {""width"": 400, ""height"": 200}}"	"{""region_count"": 35, ""region_landmark_samples"": [""72 / Armoured Ant Spawn"", ""72 / Centipede Spawn"", ""72 / Shinsu Spawn"", ""72 / Armoured Ant Spawn"", ""72 / Centipede Spawn"", ""72 / Shinsu Spawn"", ""72 / Teleport Destination"", ""72 / Teleport Destination"", ""72 / Teleport Destination"", ""72 / Teleport Destination"", ""72 / Teleport Destination"", ""72 / Teleport Destination"", ""72 / Teleport Destination"", ""72 / Teleport Source"", ""72 / Teleport Source"", ""72 / Teleport Source"", ""72 / Teleport Source"", ""72 / Teleport Source"", ""72 / Teleport Source"", ""72 / Teleport Source"", ""72 / Teleport Source"", ""72 / Teleport Source"", ""72 / Teleport Source"", ""72 / Teleport Source"", ""72 / Teleport Source"", ""72 / Teleport Source"", ""72 / Teleport Source"", ""72 / Teleport Destination"", ""72 / Teleport Destination"", ""72 / Teleport Destination"", ""72 / Teleport Destination"", ""72 / Teleport Destination"", ""72 / Teleport Destination"", ""72 / Teleport Destination"", ""72 / Teleport Destination""], ""guard_count"": 0, ""guard_samples"": [], ""connected_maps"": [""71"", ""73""], ""coordinate_evidence"": ""MapRegion PointRegion centers; no Merchant coordinate snapshot available""}"	"[""72 / Armoured Ant Spawn"", ""72 / Centipede Spawn"", ""72 / Shinsu Spawn"", ""72 / Armoured Ant Spawn"", ""72 / Centipede Spawn"", ""72 / Shinsu Spawn"", ""72 / Teleport Destination"", ""72 / Teleport Destination"", ""72 / Teleport Destination"", ""72 / Teleport Destination"", ""72 / Teleport Destination"", ""72 / Teleport Destination"", ""72 / Teleport Destination"", ""72 / Teleport Source"", ""72 / Teleport Source"", ""72 / Teleport Source"", ""72 / Teleport Source"", ""72 / Teleport Source"", ""72 / Teleport Source"", ""72 / Teleport Source"", ""72 / Teleport Source"", ""72 / Teleport Source"", ""72 / Teleport Source"", ""72 / Teleport Source"", ""72 / Teleport Source"", ""72 / Teleport Source"", ""72 / Teleport Source"", ""72 / Teleport Destination"", ""72 / Teleport Destination"", ""72 / Teleport Destination"", ""72 / Teleport Destination"", ""72 / Teleport Destination"", ""72 / Teleport Destination"", ""72 / Teleport Destination"", ""72 / Teleport Destination""]"	"{""status"": ""pass"", ""walkable_cells"": 32911, ""total_cells"": 80000, ""walkable_ratio"": 0.411388}"	"{""status"": ""pass"", ""walkable_cells"": 32911, ""total_cells"": 80000, ""walkable_ratio"": 0.411388}"	identity logical-grid coordinates	allowed-after-point-check	high	"{""relation"": ""same local map bytes"", ""hero_kill_sha256"": ""3b8a66750404ee9281ec8791c1f995b4e1b30b973d7dc20e1be0f9fd49c5d8ea"", ""zircon_sha256"": ""3b8a66750404ee9281ec8791c1f995b4e1b30b973d7dc20e1be0f9fd49c5d8ea""}"
73	73	/home/tetsuya/mir2ei/Map/73.map	/home/tetsuya/mir2ei/Map/73.map	"{""index"": 685, ""file"": ""73"", ""description"": ""沙漠""}"	/home/tetsuya/development/zircon/Debug/ServerCore/Map/73.map	exact	"{""hero_kill"": {""width"": 400, ""height"": 200}, ""zircon"": {""width"": 400, ""height"": 200}}"	"{""region_count"": 34, ""region_landmark_samples"": [""73 / Armoured Ant Spawn"", ""73 / Centipede Spawn"", ""73 / Shinsu Spawn"", ""73 / Armoured Ant Spawn"", ""73 / Centipede Spawn"", ""73 / Shinsu Spawn"", ""73 / Teleport Destination"", ""73 / Teleport Destination"", ""73 / Teleport Destination"", ""73 / Teleport Destination"", ""73 / Teleport Destination"", ""73 / Teleport Destination"", ""73 / Teleport Destination"", ""73 / Teleport Source"", ""73 / Teleport Source"", ""73 / Teleport Source"", ""73 / Teleport Source"", ""73 / Teleport Source"", ""73 / Teleport Source"", ""73 / Teleport Source"", ""73 / Teleport Source"", ""73 / Teleport Source"", ""73 / Teleport Source"", ""73 / Teleport Source"", ""73 / Teleport Source"", ""73 / Teleport Source"", ""73 / Teleport Destination"", ""73 / Teleport Destination"", ""73 / Teleport Destination"", ""73 / Teleport Destination"", ""73 / Teleport Destination"", ""73 / Teleport Destination"", ""73 / Teleport Destination"", ""73 / Teleport Destination""], ""guard_count"": 0, ""guard_samples"": [], ""connected_maps"": [""72"", ""74""], ""coordinate_evidence"": ""MapRegion PointRegion centers; no Merchant coordinate snapshot available""}"	"[""73 / Armoured Ant Spawn"", ""73 / Centipede Spawn"", ""73 / Shinsu Spawn"", ""73 / Armoured Ant Spawn"", ""73 / Centipede Spawn"", ""73 / Shinsu Spawn"", ""73 / Teleport Destination"", ""73 / Teleport Destination"", ""73 / Teleport Destination"", ""73 / Teleport Destination"", ""73 / Teleport Destination"", ""73 / Teleport Destination"", ""73 / Teleport Destination"", ""73 / Teleport Source"", ""73 / Teleport Source"", ""73 / Teleport Source"", ""73 / Teleport Source"", ""73 / Teleport Source"", ""73 / Teleport Source"", ""73 / Teleport Source"", ""73 / Teleport Source"", ""73 / Teleport Source"", ""73 / Teleport Source"", ""73 / Teleport Source"", ""73 / Teleport Source"", ""73 / Teleport Source"", ""73 / Teleport Destination"", ""73 / Teleport Destination"", ""73 / Teleport Destination"", ""73 / Teleport Destination"", ""73 / Teleport Destination"", ""73 / Teleport Destination"", ""73 / Teleport Destination"", ""73 / Teleport Destination""]"	"{""status"": ""pass"", ""walkable_cells"": 23610, ""total_cells"": 80000, ""walkable_ratio"": 0.295125}"	"{""status"": ""pass"", ""walkable_cells"": 23610, ""total_cells"": 80000, ""walkable_ratio"": 0.295125}"	identity logical-grid coordinates	allowed-after-point-check	high	"{""relation"": ""same local map bytes"", ""hero_kill_sha256"": ""35b4e5b0e21d3255668c02bc8ce5153c4566ae30b460a690e67ccc66e9c3b8ed"", ""zircon_sha256"": ""35b4e5b0e21d3255668c02bc8ce5153c4566ae30b460a690e67ccc66e9c3b8ed""}"
74	74	/home/tetsuya/mir2ei/Map/74.map	/home/tetsuya/mir2ei/Map/74.map	"{""index"": 686, ""file"": ""74"", ""description"": ""盟重县""}"	/home/tetsuya/development/zircon/Debug/ServerCore/Map/74.map	exact	"{""hero_kill"": {""width"": 600, ""height"": 600}, ""zircon"": {""width"": 600, ""height"": 600}}"	"{""region_count"": 54, ""region_landmark_samples"": [""74 / Safe Zone"", ""74 / Armoured Ant Spawn"", ""74 / Centipede Spawn"", ""74 / Armoured Ant Spawn"", ""74 / Shinsu Spawn"", ""74 / Larva Spawn"", ""74 / Millipede Spawn"", ""74 / Teleport Destination"", ""74 / Teleport Destination"", ""74 / Teleport Destination"", ""74 / Teleport Destination"", ""74 / Teleport Destination"", ""74 / Teleport Source"", ""74 / Teleport Source"", ""74 / Teleport Source"", ""74 / Teleport Source"", ""74 / Teleport Source"", ""74 / Teleport Source"", ""74 / Teleport Source"", ""74 / Teleport Source"", ""74 / Teleport Source"", ""74 / Teleport Source"", ""74 / Teleport Source"", ""74 / Teleport Source"", ""74 / Teleport Source"", ""74 / Teleport Source"", ""74 / Teleport Source"", ""74 / Teleport Destination"", ""74 / Teleport Destination"", ""74 / Teleport Destination"", ""74 / Teleport Destination"", ""74 / Teleport Destination"", ""74 / Teleport Destination"", ""74 / Teleport Destination"", ""74 / Teleport Destination"", ""74 / Teleport Source"", ""74 / Teleport Destination"", ""74 / Teleport Source"", ""74 / Teleport Destination"", ""74 / Teleport Source""], ""guard_count"": 4, ""guard_samples"": [""74 / Guard / 285 / 268"", ""74 / Guard / 275 / 278"", ""74 / Guard / 353 / 309"", ""74 / Guard / 346 / 316""], ""connected_maps"": [""73"", ""75"", ""d60011"", ""d6011"", ""d6021""], ""coordinate_evidence"": ""MapRegion PointRegion centers; no Merchant coordinate snapshot available""}"	"[""74 / Safe Zone"", ""74 / Armoured Ant Spawn"", ""74 / Centipede Spawn"", ""74 / Armoured Ant Spawn"", ""74 / Shinsu Spawn"", ""74 / Larva Spawn"", ""74 / Millipede Spawn"", ""74 / Teleport Destination"", ""74 / Teleport Destination"", ""74 / Teleport Destination"", ""74 / Teleport Destination"", ""74 / Teleport Destination"", ""74 / Teleport Source"", ""74 / Teleport Source"", ""74 / Teleport Source"", ""74 / Teleport Source"", ""74 / Teleport Source"", ""74 / Teleport Source"", ""74 / Teleport Source"", ""74 / Teleport Source"", ""74 / Teleport Source"", ""74 / Teleport Source"", ""74 / Teleport Source"", ""74 / Teleport Source"", ""74 / Teleport Source"", ""74 / Teleport Source"", ""74 / Teleport Source"", ""74 / Teleport Destination"", ""74 / Teleport Destination"", ""74 / Teleport Destination"", ""74 / Teleport Destination"", ""74 / Teleport Destination"", ""74 / Teleport Destination"", ""74 / Teleport Destination"", ""74 / Teleport Destination"", ""74 / Teleport Source"", ""74 / Teleport Destination"", ""74 / Teleport Source"", ""74 / Teleport Destination"", ""74 / Teleport Source""]"	"{""status"": ""pass"", ""walkable_cells"": 132064, ""total_cells"": 360000, ""walkable_ratio"": 0.366844}"	"{""status"": ""pass"", ""walkable_cells"": 132064, ""total_cells"": 360000, ""walkable_ratio"": 0.366844}"	identity logical-grid coordinates	allowed-after-point-check	high	"{""relation"": ""same local map bytes"", ""hero_kill_sha256"": ""1deb3ec6fde3d269ca8653eed1ce7c39352eb1480a9042760f39321880ead16e"", ""zircon_sha256"": ""1deb3ec6fde3d269ca8653eed1ce7c39352eb1480a9042760f39321880ead16e""}"
75	75	/home/tetsuya/mir2ei/Map/75.map	/home/tetsuya/mir2ei/Map/75.map	"{""index"": 687, ""file"": ""75"", ""description"": ""石阁庙""}"	/home/tetsuya/development/zircon/Debug/ServerCore/Map/75.map	exact	"{""hero_kill"": {""width"": 400, ""height"": 400}, ""zircon"": {""width"": 400, ""height"": 400}}"	"{""region_count"": 39, ""region_landmark_samples"": [""75 / Armoured Ant Spawn"", ""75 / Centipede Spawn"", ""75 / Armoured Ant Spawn"", ""75 / Shinsu Spawn"", ""75 / Larva Spawn"", ""75 / Millipede Spawn"", ""75 / Teleport Destination"", ""75 / Teleport Destination"", ""75 / Teleport Destination"", ""75 / Teleport Destination"", ""75 / Teleport Destination"", ""75 / Teleport Destination"", ""75 / Teleport Destination"", ""75 / Teleport Source"", ""75 / Teleport Source"", ""75 / Teleport Source"", ""75 / Teleport Source"", ""75 / Teleport Source"", ""75 / Teleport Source"", ""75 / Teleport Source"", ""75 / Teleport Source"", ""75 / Teleport Source"", ""75 / Teleport Source"", ""75 / Teleport Source"", ""75 / Teleport Source"", ""75 / Teleport Source"", ""75 / Teleport Source"", ""75 / Teleport Source"", ""75 / Teleport Destination"", ""75 / Teleport Destination"", ""75 / Teleport Destination"", ""75 / Teleport Destination"", ""75 / Teleport Destination"", ""75 / Teleport Destination"", ""75 / Teleport Destination"", ""75 / Teleport Destination"", ""75 / Teleport Source"", ""75 / Teleport Destination""], ""guard_count"": 0, ""guard_samples"": [], ""connected_maps"": [""74"", ""76"", ""d7101""], ""coordinate_evidence"": ""MapRegion PointRegion centers; no Merchant coordinate snapshot available""}"	"[""75 / Armoured Ant Spawn"", ""75 / Centipede Spawn"", ""75 / Armoured Ant Spawn"", ""75 / Shinsu Spawn"", ""75 / Larva Spawn"", ""75 / Millipede Spawn"", ""75 / Teleport Destination"", ""75 / Teleport Destination"", ""75 / Teleport Destination"", ""75 / Teleport Destination"", ""75 / Teleport Destination"", ""75 / Teleport Destination"", ""75 / Teleport Destination"", ""75 / Teleport Source"", ""75 / Teleport Source"", ""75 / Teleport Source"", ""75 / Teleport Source"", ""75 / Teleport Source"", ""75 / Teleport Source"", ""75 / Teleport Source"", ""75 / Teleport Source"", ""75 / Teleport Source"", ""75 / Teleport Source"", ""75 / Teleport Source"", ""75 / Teleport Source"", ""75 / Teleport Source"", ""75 / Teleport Source"", ""75 / Teleport Source"", ""75 / Teleport Destination"", ""75 / Teleport Destination"", ""75 / Teleport Destination"", ""75 / Teleport Destination"", ""75 / Teleport Destination"", ""75 / Teleport Destination"", ""75 / Teleport Destination"", ""75 / Teleport Destination"", ""75 / Teleport Source"", ""75 / Teleport Destination""]"	"{""status"": ""pass"", ""walkable_cells"": 61739, ""total_cells"": 160000, ""walkable_ratio"": 0.385869}"	"{""status"": ""pass"", ""walkable_cells"": 61739, ""total_cells"": 160000, ""walkable_ratio"": 0.385869}"	identity logical-grid coordinates	allowed-after-point-check	high	"{""relation"": ""same local map bytes"", ""hero_kill_sha256"": ""1e7c6cb05fda3bc3218f64754994de6966a934972e950915922f5857c9689372"", ""zircon_sha256"": ""1e7c6cb05fda3bc3218f64754994de6966a934972e950915922f5857c9689372""}"
76	76	/home/tetsuya/mir2ei/Map/76.map	/home/tetsuya/mir2ei/Map/76.map	"{""index"": 688, ""file"": ""76"", ""description"": ""沙漠""}"	/home/tetsuya/development/zircon/Debug/ServerCore/Map/76.map	exact	"{""hero_kill"": {""width"": 400, ""height"": 200}, ""zircon"": {""width"": 400, ""height"": 200}}"	"{""region_count"": 34, ""region_landmark_samples"": [""76 / Armoured Ant Spawn"", ""76 / Centipede Spawn"", ""76 / Shinsu Spawn"", ""76 / Armoured Ant Spawn"", ""76 / Centipede Spawn"", ""76 / Shinsu Spawn"", ""76 / Teleport Destination"", ""76 / Teleport Destination"", ""76 / Teleport Destination"", ""76 / Teleport Destination"", ""76 / Teleport Destination"", ""76 / Teleport Destination"", ""76 / Teleport Destination"", ""76 / Teleport Source"", ""76 / Teleport Source"", ""76 / Teleport Source"", ""76 / Teleport Source"", ""76 / Teleport Source"", ""76 / Teleport Source"", ""76 / Teleport Source"", ""76 / Teleport Source"", ""76 / Teleport Source"", ""76 / Teleport Source"", ""76 / Teleport Source"", ""76 / Teleport Source"", ""76 / Teleport Source"", ""76 / Teleport Destination"", ""76 / Teleport Destination"", ""76 / Teleport Destination"", ""76 / Teleport Destination"", ""76 / Teleport Destination"", ""76 / Teleport Destination"", ""76 / Teleport Destination"", ""76 / Teleport Destination""], ""guard_count"": 0, ""guard_samples"": [], ""connected_maps"": [""75"", ""77""], ""coordinate_evidence"": ""MapRegion PointRegion centers; no Merchant coordinate snapshot available""}"	"[""76 / Armoured Ant Spawn"", ""76 / Centipede Spawn"", ""76 / Shinsu Spawn"", ""76 / Armoured Ant Spawn"", ""76 / Centipede Spawn"", ""76 / Shinsu Spawn"", ""76 / Teleport Destination"", ""76 / Teleport Destination"", ""76 / Teleport Destination"", ""76 / Teleport Destination"", ""76 / Teleport Destination"", ""76 / Teleport Destination"", ""76 / Teleport Destination"", ""76 / Teleport Source"", ""76 / Teleport Source"", ""76 / Teleport Source"", ""76 / Teleport Source"", ""76 / Teleport Source"", ""76 / Teleport Source"", ""76 / Teleport Source"", ""76 / Teleport Source"", ""76 / Teleport Source"", ""76 / Teleport Source"", ""76 / Teleport Source"", ""76 / Teleport Source"", ""76 / Teleport Source"", ""76 / Teleport Destination"", ""76 / Teleport Destination"", ""76 / Teleport Destination"", ""76 / Teleport Destination"", ""76 / Teleport Destination"", ""76 / Teleport Destination"", ""76 / Teleport Destination"", ""76 / Teleport Destination""]"	"{""status"": ""pass"", ""walkable_cells"": 23610, ""total_cells"": 80000, ""walkable_ratio"": 0.295125}"	"{""status"": ""pass"", ""walkable_cells"": 23610, ""total_cells"": 80000, ""walkable_ratio"": 0.295125}"	identity logical-grid coordinates	allowed-after-point-check	high	"{""relation"": ""same local map bytes"", ""hero_kill_sha256"": ""35b4e5b0e21d3255668c02bc8ce5153c4566ae30b460a690e67ccc66e9c3b8ed"", ""zircon_sha256"": ""35b4e5b0e21d3255668c02bc8ce5153c4566ae30b460a690e67ccc66e9c3b8ed""}"
77	77	/home/tetsuya/mir2ei/Map/77.map	/home/tetsuya/mir2ei/Map/77.map	"{""index"": 689, ""file"": ""77"", ""description"": ""沙漠""}"	/home/tetsuya/development/zircon/Debug/ServerCore/Map/77.map	exact	"{""hero_kill"": {""width"": 400, ""height"": 200}, ""zircon"": {""width"": 400, ""height"": 200}}"	"{""region_count"": 32, ""region_landmark_samples"": [""77 / Armoured Ant Spawn"", ""77 / Centipede Spawn"", ""77 / Shinsu Spawn"", ""77 / Armoured Ant Spawn"", ""77 / Centipede Spawn"", ""77 / Shinsu Spawn"", ""77 / Teleport Destination"", ""77 / Teleport Destination"", ""77 / Teleport Destination"", ""77 / Teleport Destination"", ""77 / Teleport Destination"", ""77 / Teleport Source"", ""77 / Teleport Source"", ""77 / Teleport Source"", ""77 / Teleport Source"", ""77 / Teleport Source"", ""77 / Teleport Source"", ""77 / Teleport Source"", ""77 / Teleport Source"", ""77 / Teleport Source"", ""77 / Teleport Source"", ""77 / Teleport Source"", ""77 / Teleport Source"", ""77 / Teleport Source"", ""77 / Teleport Destination"", ""77 / Teleport Destination"", ""77 / Teleport Destination"", ""77 / Teleport Destination"", ""77 / Teleport Destination"", ""77 / Teleport Destination"", ""77 / Teleport Destination"", ""77 / Teleport Destination""], ""guard_count"": 0, ""guard_samples"": [], ""connected_maps"": [""76"", ""78""], ""coordinate_evidence"": ""MapRegion PointRegion centers; no Merchant coordinate snapshot available""}"	"[""77 / Armoured Ant Spawn"", ""77 / Centipede Spawn"", ""77 / Shinsu Spawn"", ""77 / Armoured Ant Spawn"", ""77 / Centipede Spawn"", ""77 / Shinsu Spawn"", ""77 / Teleport Destination"", ""77 / Teleport Destination"", ""77 / Teleport Destination"", ""77 / Teleport Destination"", ""77 / Teleport Destination"", ""77 / Teleport Source"", ""77 / Teleport Source"", ""77 / Teleport Source"", ""77 / Teleport Source"", ""77 / Teleport Source"", ""77 / Teleport Source"", ""77 / Teleport Source"", ""77 / Teleport Source"", ""77 / Teleport Source"", ""77 / Teleport Source"", ""77 / Teleport Source"", ""77 / Teleport Source"", ""77 / Teleport Source"", ""77 / Teleport Destination"", ""77 / Teleport Destination"", ""77 / Teleport Destination"", ""77 / Teleport Destination"", ""77 / Teleport Destination"", ""77 / Teleport Destination"", ""77 / Teleport Destination"", ""77 / Teleport Destination""]"	"{""status"": ""pass"", ""walkable_cells"": 23610, ""total_cells"": 80000, ""walkable_ratio"": 0.295125}"	"{""status"": ""pass"", ""walkable_cells"": 23610, ""total_cells"": 80000, ""walkable_ratio"": 0.295125}"	identity logical-grid coordinates	allowed-after-point-check	high	"{""relation"": ""same local map bytes"", ""hero_kill_sha256"": ""35b4e5b0e21d3255668c02bc8ce5153c4566ae30b460a690e67ccc66e9c3b8ed"", ""zircon_sha256"": ""35b4e5b0e21d3255668c02bc8ce5153c4566ae30b460a690e67ccc66e9c3b8ed""}"
78	78	/home/tetsuya/mir2ei/Map/78.map	/home/tetsuya/mir2ei/Map/78.map	"{""index"": 690, ""file"": ""78"", ""description"": ""沙漠""}"	/home/tetsuya/development/zircon/Debug/ServerCore/Map/78.map	exact	"{""hero_kill"": {""width"": 400, ""height"": 200}, ""zircon"": {""width"": 400, ""height"": 200}}"	"{""region_count"": 29, ""region_landmark_samples"": [""78 / Armoured Ant Spawn"", ""78 / Centipede Spawn"", ""78 / Shinsu Spawn"", ""78 / Armoured Ant Spawn"", ""78 / Centipede Spawn"", ""78 / Shinsu Spawn"", ""78 / Teleport Destination"", ""78 / Teleport Destination"", ""78 / Teleport Destination"", ""78 / Teleport Destination"", ""78 / Teleport Destination"", ""78 / Teleport Source"", ""78 / Teleport Source"", ""78 / Teleport Source"", ""78 / Teleport Source"", ""78 / Teleport Source"", ""78 / Teleport Source"", ""78 / Teleport Source"", ""78 / Teleport Source"", ""78 / Teleport Source"", ""78 / Teleport Source"", ""78 / Teleport Source"", ""78 / Teleport Source"", ""78 / Teleport Source"", ""78 / Teleport Destination"", ""78 / Teleport Destination"", ""78 / Teleport Destination"", ""78 / Teleport Destination"", ""78 / Teleport Destination""], ""guard_count"": 0, ""guard_samples"": [], ""connected_maps"": [""6"", ""77""], ""coordinate_evidence"": ""MapRegion PointRegion centers; no Merchant coordinate snapshot available""}"	"[""78 / Armoured Ant Spawn"", ""78 / Centipede Spawn"", ""78 / Shinsu Spawn"", ""78 / Armoured Ant Spawn"", ""78 / Centipede Spawn"", ""78 / Shinsu Spawn"", ""78 / Teleport Destination"", ""78 / Teleport Destination"", ""78 / Teleport Destination"", ""78 / Teleport Destination"", ""78 / Teleport Destination"", ""78 / Teleport Source"", ""78 / Teleport Source"", ""78 / Teleport Source"", ""78 / Teleport Source"", ""78 / Teleport Source"", ""78 / Teleport Source"", ""78 / Teleport Source"", ""78 / Teleport Source"", ""78 / Teleport Source"", ""78 / Teleport Source"", ""78 / Teleport Source"", ""78 / Teleport Source"", ""78 / Teleport Source"", ""78 / Teleport Destination"", ""78 / Teleport Destination"", ""78 / Teleport Destination"", ""78 / Teleport Destination"", ""78 / Teleport Destination""]"	"{""status"": ""pass"", ""walkable_cells"": 23610, ""total_cells"": 80000, ""walkable_ratio"": 0.295125}"	"{""status"": ""pass"", ""walkable_cells"": 23610, ""total_cells"": 80000, ""walkable_ratio"": 0.295125}"	identity logical-grid coordinates	allowed-after-point-check	high	"{""relation"": ""same local map bytes"", ""hero_kill_sha256"": ""35b4e5b0e21d3255668c02bc8ce5153c4566ae30b460a690e67ccc66e9c3b8ed"", ""zircon_sha256"": ""35b4e5b0e21d3255668c02bc8ce5153c4566ae30b460a690e67ccc66e9c3b8ed""}"
81	81	/home/tetsuya/mir2ei/Map/81.map	/home/tetsuya/mir2ei/Map/81.map	"{""index"": 691, ""file"": ""81"", ""description"": ""流放岛""}"	/home/tetsuya/development/zircon/Debug/ServerCore/Map/81.map	variant	"{""hero_kill"": {""width"": 300, ""height"": 350}, ""zircon"": {""width"": 300, ""height"": 350}}"	"{""region_count"": 12, ""region_landmark_samples"": [""81 / Safe Zone"", ""81 / Teleport Source"", ""81 / Teleport Destination"", ""81 / 81 / 传送流放"", ""81 / Teleport Source"", ""81 / Teleport Source"", ""81 / Teleport Destination"", ""81 / Teleport Destination"", ""81 / Teleport Destination""], ""guard_count"": 0, ""guard_samples"": [], ""connected_maps"": [""D1201""], ""coordinate_evidence"": ""MapRegion PointRegion centers; no Merchant coordinate snapshot available""}"	"[""81 / Safe Zone"", ""81 / Teleport Source"", ""81 / Teleport Destination"", ""81 / 81 / 传送流放"", ""81 / Teleport Source"", ""81 / Teleport Source"", ""81 / Teleport Destination"", ""81 / Teleport Destination"", ""81 / Teleport Destination""]"	"{""status"": ""pass"", ""walkable_cells"": 14624, ""total_cells"": 105000, ""walkable_ratio"": 0.139276}"	"{""status"": ""pass"", ""walkable_cells"": 14470, ""total_cells"": 105000, ""walkable_ratio"": 0.13781}"	pending landmark mapping; no blind coordinate reuse	blocked	low	"{""relation"": ""same dimensions, different map bytes"", ""hero_kill_sha256"": ""d91226b4f040c77ac9c2a2a289369811c9da73faa53de61a50a67a2f0acfb055"", ""zircon_sha256"": ""4ba56fe6e1ebbd105a35e26d6b99cc490e565f03ba3fe49e8f1c78fd9be60506""}"
B010	B010	/home/tetsuya/mir2ei/Map/B010.map	/home/tetsuya/mir2ei/Map/B010.map	"{""index"": 692, ""file"": ""B010"", ""description"": ""EI B010""}"	/home/tetsuya/development/zircon/Debug/ServerCore/Map/B010.map	exact	"{""hero_kill"": {""width"": 100, ""height"": 100}, ""zircon"": {""width"": 100, ""height"": 100}}"	"{""region_count"": 0, ""region_landmark_samples"": [], ""guard_count"": 0, ""guard_samples"": [], ""connected_maps"": [], ""coordinate_evidence"": ""MapRegion PointRegion centers; no Merchant coordinate snapshot available""}"	[]	"{""status"": ""pass"", ""walkable_cells"": 1322, ""total_cells"": 10000, ""walkable_ratio"": 0.1322}"	"{""status"": ""pass"", ""walkable_cells"": 1322, ""total_cells"": 10000, ""walkable_ratio"": 0.1322}"	identity logical-grid coordinates	allowed-after-point-check	high	"{""relation"": ""same local map bytes"", ""hero_kill_sha256"": ""5c94ddd5b24001cecb14ed5bf3cc1d87ffe75228f423ab53d9c298b6dd82de3e"", ""zircon_sha256"": ""5c94ddd5b24001cecb14ed5bf3cc1d87ffe75228f423ab53d9c298b6dd82de3e""}"
B011	B011	/home/tetsuya/mir2ei/Map/B011.map	/home/tetsuya/mir2ei/Map/B011.map	"{""index"": 693, ""file"": ""B011"", ""description"": ""EI B011""}"	/home/tetsuya/development/zircon/Debug/ServerCore/Map/B011.map	exact	"{""hero_kill"": {""width"": 18, ""height"": 18}, ""zircon"": {""width"": 18, ""height"": 18}}"	"{""region_count"": 0, ""region_landmark_samples"": [], ""guard_count"": 0, ""guard_samples"": [], ""connected_maps"": [], ""coordinate_evidence"": ""MapRegion PointRegion centers; no Merchant coordinate snapshot available""}"	[]	"{""status"": ""pass"", ""walkable_cells"": 40, ""total_cells"": 324, ""walkable_ratio"": 0.123457}"	"{""status"": ""pass"", ""walkable_cells"": 40, ""total_cells"": 324, ""walkable_ratio"": 0.123457}"	identity logical-grid coordinates	allowed-after-point-check	high	"{""relation"": ""same local map bytes"", ""hero_kill_sha256"": ""fb0c0763f7bebd2ce220e570501afb88f41fa006c7ea88a39ae1307344cbb518"", ""zircon_sha256"": ""fb0c0763f7bebd2ce220e570501afb88f41fa006c7ea88a39ae1307344cbb518""}"
B101	B101	/home/tetsuya/mir2ei/Map/B101.map	/home/tetsuya/mir2ei/Map/B101.map	"{""index"": 694, ""file"": ""B101"", ""description"": ""EI B101""}"	/home/tetsuya/development/zircon/Debug/ServerCore/Map/B101.map	exact	"{""hero_kill"": {""width"": 22, ""height"": 22}, ""zircon"": {""width"": 22, ""height"": 22}}"	"{""region_count"": 0, ""region_landmark_samples"": [], ""guard_count"": 0, ""guard_samples"": [], ""connected_maps"": [], ""coordinate_evidence"": ""MapRegion PointRegion centers; no Merchant coordinate snapshot available""}"	[]	"{""status"": ""pass"", ""walkable_cells"": 71, ""total_cells"": 484, ""walkable_ratio"": 0.146694}"	"{""status"": ""pass"", ""walkable_cells"": 71, ""total_cells"": 484, ""walkable_ratio"": 0.146694}"	identity logical-grid coordinates	allowed-after-point-check	high	"{""relation"": ""same local map bytes"", ""hero_kill_sha256"": ""e27a08627d7b89c8857bd1b5c4a317ee18cc3d3087f17f9b265807c0168f5a63"", ""zircon_sha256"": ""e27a08627d7b89c8857bd1b5c4a317ee18cc3d3087f17f9b265807c0168f5a63""}"
B102	B102	/home/tetsuya/mir2ei/Map/B102.map	/home/tetsuya/mir2ei/Map/B102.map	"{""index"": 695, ""file"": ""B102"", ""description"": ""EI B102""}"	/home/tetsuya/development/zircon/Debug/ServerCore/Map/B102.map	exact	"{""hero_kill"": {""width"": 22, ""height"": 22}, ""zircon"": {""width"": 22, ""height"": 22}}"	"{""region_count"": 0, ""region_landmark_samples"": [], ""guard_count"": 0, ""guard_samples"": [], ""connected_maps"": [], ""coordinate_evidence"": ""MapRegion PointRegion centers; no Merchant coordinate snapshot available""}"	[]	"{""status"": ""pass"", ""walkable_cells"": 71, ""total_cells"": 484, ""walkable_ratio"": 0.146694}"	"{""status"": ""pass"", ""walkable_cells"": 71, ""total_cells"": 484, ""walkable_ratio"": 0.146694}"	identity logical-grid coordinates	allowed-after-point-check	high	"{""relation"": ""same local map bytes"", ""hero_kill_sha256"": ""e27a08627d7b89c8857bd1b5c4a317ee18cc3d3087f17f9b265807c0168f5a63"", ""zircon_sha256"": ""e27a08627d7b89c8857bd1b5c4a317ee18cc3d3087f17f9b265807c0168f5a63""}"
B103	B103	/home/tetsuya/mir2ei/Map/B103.map	/home/tetsuya/mir2ei/Map/B103.map	"{""index"": 696, ""file"": ""B103"", ""description"": ""EI B103""}"	/home/tetsuya/development/zircon/Debug/ServerCore/Map/B103.map	exact	"{""hero_kill"": {""width"": 22, ""height"": 22}, ""zircon"": {""width"": 22, ""height"": 22}}"	"{""region_count"": 0, ""region_landmark_samples"": [], ""guard_count"": 0, ""guard_samples"": [], ""connected_maps"": [], ""coordinate_evidence"": ""MapRegion PointRegion centers; no Merchant coordinate snapshot available""}"	[]	"{""status"": ""pass"", ""walkable_cells"": 71, ""total_cells"": 484, ""walkable_ratio"": 0.146694}"	"{""status"": ""pass"", ""walkable_cells"": 71, ""total_cells"": 484, ""walkable_ratio"": 0.146694}"	identity logical-grid coordinates	allowed-after-point-check	high	"{""relation"": ""same local map bytes"", ""hero_kill_sha256"": ""e27a08627d7b89c8857bd1b5c4a317ee18cc3d3087f17f9b265807c0168f5a63"", ""zircon_sha256"": ""e27a08627d7b89c8857bd1b5c4a317ee18cc3d3087f17f9b265807c0168f5a63""}"
B103_001	B103_001	/home/tetsuya/mir2ei/Map/B103_001.map	/home/tetsuya/mir2ei/Map/B103_001.map	"{""index"": 697, ""file"": ""B103_001"", ""description"": ""NPC休息室""}"	/home/tetsuya/development/zircon/Debug/ServerCore/Map/B103_001.map	exact	"{""hero_kill"": {""width"": 40, ""height"": 40}, ""zircon"": {""width"": 40, ""height"": 40}}"	"{""region_count"": 0, ""region_landmark_samples"": [], ""guard_count"": 0, ""guard_samples"": [], ""connected_maps"": [], ""coordinate_evidence"": ""MapRegion PointRegion centers; no Merchant coordinate snapshot available""}"	[]	"{""status"": ""pass"", ""walkable_cells"": 183, ""total_cells"": 1600, ""walkable_ratio"": 0.114375}"	"{""status"": ""pass"", ""walkable_cells"": 183, ""total_cells"": 1600, ""walkable_ratio"": 0.114375}"	identity logical-grid coordinates	allowed-after-point-check	high	"{""relation"": ""same local map bytes"", ""hero_kill_sha256"": ""d29d3790bb119db23b7658d0f908b10a1517d7d92834a512d5f10d77ed0eec0b"", ""zircon_sha256"": ""d29d3790bb119db23b7658d0f908b10a1517d7d92834a512d5f10d77ed0eec0b""}"
B104	B104	/home/tetsuya/mir2ei/Map/B104.map	/home/tetsuya/mir2ei/Map/B104.map	"{""index"": 698, ""file"": ""B104"", ""description"": ""EI B104""}"	/home/tetsuya/development/zircon/Debug/ServerCore/Map/B104.map	exact	"{""hero_kill"": {""width"": 22, ""height"": 22}, ""zircon"": {""width"": 22, ""height"": 22}}"	"{""region_count"": 0, ""region_landmark_samples"": [], ""guard_count"": 0, ""guard_samples"": [], ""connected_maps"": [], ""coordinate_evidence"": ""MapRegion PointRegion centers; no Merchant coordinate snapshot available""}"	[]	"{""status"": ""pass"", ""walkable_cells"": 71, ""total_cells"": 484, ""walkable_ratio"": 0.146694}"	"{""status"": ""pass"", ""walkable_cells"": 71, ""total_cells"": 484, ""walkable_ratio"": 0.146694}"	identity logical-grid coordinates	allowed-after-point-check	high	"{""relation"": ""same local map bytes"", ""hero_kill_sha256"": ""e27a08627d7b89c8857bd1b5c4a317ee18cc3d3087f17f9b265807c0168f5a63"", ""zircon_sha256"": ""e27a08627d7b89c8857bd1b5c4a317ee18cc3d3087f17f9b265807c0168f5a63""}"
B105	B105	/home/tetsuya/mir2ei/Map/B105.map	/home/tetsuya/mir2ei/Map/B105.map	"{""index"": 699, ""file"": ""B105"", ""description"": ""EI B105""}"	/home/tetsuya/development/zircon/Debug/ServerCore/Map/B105.map	exact	"{""hero_kill"": {""width"": 22, ""height"": 22}, ""zircon"": {""width"": 22, ""height"": 22}}"	"{""region_count"": 0, ""region_landmark_samples"": [], ""guard_count"": 0, ""guard_samples"": [], ""connected_maps"": [], ""coordinate_evidence"": ""MapRegion PointRegion centers; no Merchant coordinate snapshot available""}"	[]	"{""status"": ""pass"", ""walkable_cells"": 71, ""total_cells"": 484, ""walkable_ratio"": 0.146694}"	"{""status"": ""pass"", ""walkable_cells"": 71, ""total_cells"": 484, ""walkable_ratio"": 0.146694}"	identity logical-grid coordinates	allowed-after-point-check	high	"{""relation"": ""same local map bytes"", ""hero_kill_sha256"": ""e27a08627d7b89c8857bd1b5c4a317ee18cc3d3087f17f9b265807c0168f5a63"", ""zircon_sha256"": ""e27a08627d7b89c8857bd1b5c4a317ee18cc3d3087f17f9b265807c0168f5a63""}"
B105_001	B105_001	/home/tetsuya/mir2ei/Map/B105_001.map	/home/tetsuya/mir2ei/Map/B105_001.map	"{""index"": 700, ""file"": ""B105_001"", ""description"": ""EI B105_001""}"	/home/tetsuya/development/zircon/Debug/ServerCore/Map/B105_001.map	exact	"{""hero_kill"": {""width"": 40, ""height"": 40}, ""zircon"": {""width"": 40, ""height"": 40}}"	"{""region_count"": 0, ""region_landmark_samples"": [], ""guard_count"": 0, ""guard_samples"": [], ""connected_maps"": [], ""coordinate_evidence"": ""MapRegion PointRegion centers; no Merchant coordinate snapshot available""}"	[]	"{""status"": ""pass"", ""walkable_cells"": 183, ""total_cells"": 1600, ""walkable_ratio"": 0.114375}"	"{""status"": ""pass"", ""walkable_cells"": 183, ""total_cells"": 1600, ""walkable_ratio"": 0.114375}"	identity logical-grid coordinates	allowed-after-point-check	high	"{""relation"": ""same local map bytes"", ""hero_kill_sha256"": ""d29d3790bb119db23b7658d0f908b10a1517d7d92834a512d5f10d77ed0eec0b"", ""zircon_sha256"": ""d29d3790bb119db23b7658d0f908b10a1517d7d92834a512d5f10d77ed0eec0b""}"
B106	B106	/home/tetsuya/mir2ei/Map/B106.map	/home/tetsuya/mir2ei/Map/B106.map	"{""index"": 701, ""file"": ""B106"", ""description"": ""EI B106""}"	/home/tetsuya/development/zircon/Debug/ServerCore/Map/B106.map	exact	"{""hero_kill"": {""width"": 22, ""height"": 22}, ""zircon"": {""width"": 22, ""height"": 22}}"	"{""region_count"": 0, ""region_landmark_samples"": [], ""guard_count"": 0, ""guard_samples"": [], ""connected_maps"": [], ""coordinate_evidence"": ""MapRegion PointRegion centers; no Merchant coordinate snapshot available""}"	[]	"{""status"": ""pass"", ""walkable_cells"": 71, ""total_cells"": 484, ""walkable_ratio"": 0.146694}"	"{""status"": ""pass"", ""walkable_cells"": 71, ""total_cells"": 484, ""walkable_ratio"": 0.146694}"	identity logical-grid coordinates	allowed-after-point-check	high	"{""relation"": ""same local map bytes"", ""hero_kill_sha256"": ""e27a08627d7b89c8857bd1b5c4a317ee18cc3d3087f17f9b265807c0168f5a63"", ""zircon_sha256"": ""e27a08627d7b89c8857bd1b5c4a317ee18cc3d3087f17f9b265807c0168f5a63""}"
B106_001	B106_001	/home/tetsuya/mir2ei/Map/B106_001.map	/home/tetsuya/mir2ei/Map/B106_001.map	"{""index"": 702, ""file"": ""B106_001"", ""description"": ""EI B106_001""}"	/home/tetsuya/development/zircon/Debug/ServerCore/Map/B106_001.map	exact	"{""hero_kill"": {""width"": 40, ""height"": 40}, ""zircon"": {""width"": 40, ""height"": 40}}"	"{""region_count"": 0, ""region_landmark_samples"": [], ""guard_count"": 0, ""guard_samples"": [], ""connected_maps"": [], ""coordinate_evidence"": ""MapRegion PointRegion centers; no Merchant coordinate snapshot available""}"	[]	"{""status"": ""pass"", ""walkable_cells"": 218, ""total_cells"": 1600, ""walkable_ratio"": 0.13625}"	"{""status"": ""pass"", ""walkable_cells"": 218, ""total_cells"": 1600, ""walkable_ratio"": 0.13625}"	identity logical-grid coordinates	allowed-after-point-check	high	"{""relation"": ""same local map bytes"", ""hero_kill_sha256"": ""f7a24186ce06930970ccecea94a7852c45aab173840dc46b07f3c36adb9b1d29"", ""zircon_sha256"": ""f7a24186ce06930970ccecea94a7852c45aab173840dc46b07f3c36adb9b1d29""}"
B106_002	B106_002	/home/tetsuya/mir2ei/Map/B106_002.map	/home/tetsuya/mir2ei/Map/B106_002.map	"{""index"": 703, ""file"": ""B106_002"", ""description"": ""EI B106_002""}"	/home/tetsuya/development/zircon/Debug/ServerCore/Map/B106_002.map	exact	"{""hero_kill"": {""width"": 40, ""height"": 40}, ""zircon"": {""width"": 40, ""height"": 40}}"	"{""region_count"": 0, ""region_landmark_samples"": [], ""guard_count"": 0, ""guard_samples"": [], ""connected_maps"": [], ""coordinate_evidence"": ""MapRegion PointRegion centers; no Merchant coordinate snapshot available""}"	[]	"{""status"": ""pass"", ""walkable_cells"": 218, ""total_cells"": 1600, ""walkable_ratio"": 0.13625}"	"{""status"": ""pass"", ""walkable_cells"": 218, ""total_cells"": 1600, ""walkable_ratio"": 0.13625}"	identity logical-grid coordinates	allowed-after-point-check	high	"{""relation"": ""same local map bytes"", ""hero_kill_sha256"": ""f7a24186ce06930970ccecea94a7852c45aab173840dc46b07f3c36adb9b1d29"", ""zircon_sha256"": ""f7a24186ce06930970ccecea94a7852c45aab173840dc46b07f3c36adb9b1d29""}"
B106_003	B106_003	/home/tetsuya/mir2ei/Map/B106_003.map	/home/tetsuya/mir2ei/Map/B106_003.map	"{""index"": 704, ""file"": ""B106_003"", ""description"": ""EI B106_003""}"	/home/tetsuya/development/zircon/Debug/ServerCore/Map/B106_003.map	exact	"{""hero_kill"": {""width"": 40, ""height"": 40}, ""zircon"": {""width"": 40, ""height"": 40}}"	"{""region_count"": 0, ""region_landmark_samples"": [], ""guard_count"": 0, ""guard_samples"": [], ""connected_maps"": [], ""coordinate_evidence"": ""MapRegion PointRegion centers; no Merchant coordinate snapshot available""}"	[]	"{""status"": ""pass"", ""walkable_cells"": 218, ""total_cells"": 1600, ""walkable_ratio"": 0.13625}"	"{""status"": ""pass"", ""walkable_cells"": 218, ""total_cells"": 1600, ""walkable_ratio"": 0.13625}"	identity logical-grid coordinates	allowed-after-point-check	high	"{""relation"": ""same local map bytes"", ""hero_kill_sha256"": ""f7a24186ce06930970ccecea94a7852c45aab173840dc46b07f3c36adb9b1d29"", ""zircon_sha256"": ""f7a24186ce06930970ccecea94a7852c45aab173840dc46b07f3c36adb9b1d29""}"
B107	B107	/home/tetsuya/mir2ei/Map/B107.map	/home/tetsuya/mir2ei/Map/B107.map	"{""index"": 705, ""file"": ""B107"", ""description"": ""EI B107""}"	/home/tetsuya/development/zircon/Debug/ServerCore/Map/B107.map	exact	"{""hero_kill"": {""width"": 22, ""height"": 22}, ""zircon"": {""width"": 22, ""height"": 22}}"	"{""region_count"": 0, ""region_landmark_samples"": [], ""guard_count"": 0, ""guard_samples"": [], ""connected_maps"": [], ""coordinate_evidence"": ""MapRegion PointRegion centers; no Merchant coordinate snapshot available""}"	[]	"{""status"": ""pass"", ""walkable_cells"": 71, ""total_cells"": 484, ""walkable_ratio"": 0.146694}"	"{""status"": ""pass"", ""walkable_cells"": 71, ""total_cells"": 484, ""walkable_ratio"": 0.146694}"	identity logical-grid coordinates	allowed-after-point-check	high	"{""relation"": ""same local map bytes"", ""hero_kill_sha256"": ""e27a08627d7b89c8857bd1b5c4a317ee18cc3d3087f17f9b265807c0168f5a63"", ""zircon_sha256"": ""e27a08627d7b89c8857bd1b5c4a317ee18cc3d3087f17f9b265807c0168f5a63""}"
B108	B108	/home/tetsuya/mir2ei/Map/B108.map	/home/tetsuya/mir2ei/Map/B108.map	"{""index"": 706, ""file"": ""B108"", ""description"": ""EI B108""}"	/home/tetsuya/development/zircon/Debug/ServerCore/Map/B108.map	exact	"{""hero_kill"": {""width"": 22, ""height"": 22}, ""zircon"": {""width"": 22, ""height"": 22}}"	"{""region_count"": 0, ""region_landmark_samples"": [], ""guard_count"": 0, ""guard_samples"": [], ""connected_maps"": [], ""coordinate_evidence"": ""MapRegion PointRegion centers; no Merchant coordinate snapshot available""}"	[]	"{""status"": ""pass"", ""walkable_cells"": 71, ""total_cells"": 484, ""walkable_ratio"": 0.146694}"	"{""status"": ""pass"", ""walkable_cells"": 71, ""total_cells"": 484, ""walkable_ratio"": 0.146694}"	identity logical-grid coordinates	allowed-after-point-check	high	"{""relation"": ""same local map bytes"", ""hero_kill_sha256"": ""e27a08627d7b89c8857bd1b5c4a317ee18cc3d3087f17f9b265807c0168f5a63"", ""zircon_sha256"": ""e27a08627d7b89c8857bd1b5c4a317ee18cc3d3087f17f9b265807c0168f5a63""}"
B109	B109	/home/tetsuya/mir2ei/Map/B109.map	/home/tetsuya/mir2ei/Map/B109.map	"{""index"": 707, ""file"": ""B109"", ""description"": ""EI B109""}"	/home/tetsuya/development/zircon/Debug/ServerCore/Map/B109.map	exact	"{""hero_kill"": {""width"": 22, ""height"": 22}, ""zircon"": {""width"": 22, ""height"": 22}}"	"{""region_count"": 0, ""region_landmark_samples"": [], ""guard_count"": 0, ""guard_samples"": [], ""connected_maps"": [], ""coordinate_evidence"": ""MapRegion PointRegion centers; no Merchant coordinate snapshot available""}"	[]	"{""status"": ""pass"", ""walkable_cells"": 71, ""total_cells"": 484, ""walkable_ratio"": 0.146694}"	"{""status"": ""pass"", ""walkable_cells"": 71, ""total_cells"": 484, ""walkable_ratio"": 0.146694}"	identity logical-grid coordinates	allowed-after-point-check	high	"{""relation"": ""same local map bytes"", ""hero_kill_sha256"": ""e27a08627d7b89c8857bd1b5c4a317ee18cc3d3087f17f9b265807c0168f5a63"", ""zircon_sha256"": ""e27a08627d7b89c8857bd1b5c4a317ee18cc3d3087f17f9b265807c0168f5a63""}"
B109_001	B109_001	/home/tetsuya/mir2ei/Map/B109_001.map	/home/tetsuya/mir2ei/Map/B109_001.map	"{""index"": 708, ""file"": ""B109_001"", ""description"": ""EI B109_001""}"	/home/tetsuya/development/zircon/Debug/ServerCore/Map/B109_001.map	exact	"{""hero_kill"": {""width"": 100, ""height"": 100}, ""zircon"": {""width"": 100, ""height"": 100}}"	"{""region_count"": 0, ""region_landmark_samples"": [], ""guard_count"": 0, ""guard_samples"": [], ""connected_maps"": [], ""coordinate_evidence"": ""MapRegion PointRegion centers; no Merchant coordinate snapshot available""}"	[]	"{""status"": ""pass"", ""walkable_cells"": 2266, ""total_cells"": 10000, ""walkable_ratio"": 0.2266}"	"{""status"": ""pass"", ""walkable_cells"": 2266, ""total_cells"": 10000, ""walkable_ratio"": 0.2266}"	identity logical-grid coordinates	allowed-after-point-check	high	"{""relation"": ""same local map bytes"", ""hero_kill_sha256"": ""f9d8c3e0c1459f6e1c7508716e374f0f93000bd7b2743422ecd74ccc92ce38ab"", ""zircon_sha256"": ""f9d8c3e0c1459f6e1c7508716e374f0f93000bd7b2743422ecd74ccc92ce38ab""}"
B110	B110	/home/tetsuya/mir2ei/Map/B110.map	/home/tetsuya/mir2ei/Map/B110.map	"{""index"": 709, ""file"": ""B110"", ""description"": ""EI B110""}"	/home/tetsuya/development/zircon/Debug/ServerCore/Map/B110.map	exact	"{""hero_kill"": {""width"": 22, ""height"": 22}, ""zircon"": {""width"": 22, ""height"": 22}}"	"{""region_count"": 0, ""region_landmark_samples"": [], ""guard_count"": 0, ""guard_samples"": [], ""connected_maps"": [], ""coordinate_evidence"": ""MapRegion PointRegion centers; no Merchant coordinate snapshot available""}"	[]	"{""status"": ""pass"", ""walkable_cells"": 71, ""total_cells"": 484, ""walkable_ratio"": 0.146694}"	"{""status"": ""pass"", ""walkable_cells"": 71, ""total_cells"": 484, ""walkable_ratio"": 0.146694}"	identity logical-grid coordinates	allowed-after-point-check	high	"{""relation"": ""same local map bytes"", ""hero_kill_sha256"": ""e27a08627d7b89c8857bd1b5c4a317ee18cc3d3087f17f9b265807c0168f5a63"", ""zircon_sha256"": ""e27a08627d7b89c8857bd1b5c4a317ee18cc3d3087f17f9b265807c0168f5a63""}"
B111	B111	/home/tetsuya/mir2ei/Map/B111.map	/home/tetsuya/mir2ei/Map/B111.map	"{""index"": 710, ""file"": ""B111"", ""description"": ""EI B111""}"	/home/tetsuya/development/zircon/Debug/ServerCore/Map/B111.map	exact	"{""hero_kill"": {""width"": 22, ""height"": 22}, ""zircon"": {""width"": 22, ""height"": 22}}"	"{""region_count"": 0, ""region_landmark_samples"": [], ""guard_count"": 0, ""guard_samples"": [], ""connected_maps"": [], ""coordinate_evidence"": ""MapRegion PointRegion centers; no Merchant coordinate snapshot available""}"	[]	"{""status"": ""pass"", ""walkable_cells"": 71, ""total_cells"": 484, ""walkable_ratio"": 0.146694}"	"{""status"": ""pass"", ""walkable_cells"": 71, ""total_cells"": 484, ""walkable_ratio"": 0.146694}"	identity logical-grid coordinates	allowed-after-point-check	high	"{""relation"": ""same local map bytes"", ""hero_kill_sha256"": ""e27a08627d7b89c8857bd1b5c4a317ee18cc3d3087f17f9b265807c0168f5a63"", ""zircon_sha256"": ""e27a08627d7b89c8857bd1b5c4a317ee18cc3d3087f17f9b265807c0168f5a63""}"
B112	B112	/home/tetsuya/mir2ei/Map/B112.map	/home/tetsuya/mir2ei/Map/B112.map	"{""index"": 711, ""file"": ""B112"", ""description"": ""EI B112""}"	/home/tetsuya/development/zircon/Debug/ServerCore/Map/B112.map	exact	"{""hero_kill"": {""width"": 22, ""height"": 22}, ""zircon"": {""width"": 22, ""height"": 22}}"	"{""region_count"": 0, ""region_landmark_samples"": [], ""guard_count"": 0, ""guard_samples"": [], ""connected_maps"": [], ""coordinate_evidence"": ""MapRegion PointRegion centers; no Merchant coordinate snapshot available""}"	[]	"{""status"": ""pass"", ""walkable_cells"": 71, ""total_cells"": 484, ""walkable_ratio"": 0.146694}"	"{""status"": ""pass"", ""walkable_cells"": 71, ""total_cells"": 484, ""walkable_ratio"": 0.146694}"	identity logical-grid coordinates	allowed-after-point-check	high	"{""relation"": ""same local map bytes"", ""hero_kill_sha256"": ""e27a08627d7b89c8857bd1b5c4a317ee18cc3d3087f17f9b265807c0168f5a63"", ""zircon_sha256"": ""e27a08627d7b89c8857bd1b5c4a317ee18cc3d3087f17f9b265807c0168f5a63""}"
B113	B113	/home/tetsuya/mir2ei/Map/B113.map	/home/tetsuya/mir2ei/Map/B113.map	"{""index"": 712, ""file"": ""B113"", ""description"": ""EI B113""}"	/home/tetsuya/development/zircon/Debug/ServerCore/Map/B113.map	exact	"{""hero_kill"": {""width"": 22, ""height"": 22}, ""zircon"": {""width"": 22, ""height"": 22}}"	"{""region_count"": 0, ""region_landmark_samples"": [], ""guard_count"": 0, ""guard_samples"": [], ""connected_maps"": [], ""coordinate_evidence"": ""MapRegion PointRegion centers; no Merchant coordinate snapshot available""}"	[]	"{""status"": ""pass"", ""walkable_cells"": 71, ""total_cells"": 484, ""walkable_ratio"": 0.146694}"	"{""status"": ""pass"", ""walkable_cells"": 71, ""total_cells"": 484, ""walkable_ratio"": 0.146694}"	identity logical-grid coordinates	allowed-after-point-check	high	"{""relation"": ""same local map bytes"", ""hero_kill_sha256"": ""e27a08627d7b89c8857bd1b5c4a317ee18cc3d3087f17f9b265807c0168f5a63"", ""zircon_sha256"": ""e27a08627d7b89c8857bd1b5c4a317ee18cc3d3087f17f9b265807c0168f5a63""}"
B114	B114	/home/tetsuya/mir2ei/Map/B114.map	/home/tetsuya/mir2ei/Map/B114.map	"{""index"": 713, ""file"": ""B114"", ""description"": ""EI B114""}"	/home/tetsuya/development/zircon/Debug/ServerCore/Map/B114.map	exact	"{""hero_kill"": {""width"": 22, ""height"": 22}, ""zircon"": {""width"": 22, ""height"": 22}}"	"{""region_count"": 0, ""region_landmark_samples"": [], ""guard_count"": 0, ""guard_samples"": [], ""connected_maps"": [], ""coordinate_evidence"": ""MapRegion PointRegion centers; no Merchant coordinate snapshot available""}"	[]	"{""status"": ""pass"", ""walkable_cells"": 71, ""total_cells"": 484, ""walkable_ratio"": 0.146694}"	"{""status"": ""pass"", ""walkable_cells"": 71, ""total_cells"": 484, ""walkable_ratio"": 0.146694}"	identity logical-grid coordinates	allowed-after-point-check	high	"{""relation"": ""same local map bytes"", ""hero_kill_sha256"": ""e27a08627d7b89c8857bd1b5c4a317ee18cc3d3087f17f9b265807c0168f5a63"", ""zircon_sha256"": ""e27a08627d7b89c8857bd1b5c4a317ee18cc3d3087f17f9b265807c0168f5a63""}"
B115	B115	/home/tetsuya/mir2ei/Map/B115.map	/home/tetsuya/mir2ei/Map/B115.map	"{""index"": 714, ""file"": ""B115"", ""description"": ""EI B115""}"	/home/tetsuya/development/zircon/Debug/ServerCore/Map/B115.map	exact	"{""hero_kill"": {""width"": 22, ""height"": 22}, ""zircon"": {""width"": 22, ""height"": 22}}"	"{""region_count"": 0, ""region_landmark_samples"": [], ""guard_count"": 0, ""guard_samples"": [], ""connected_maps"": [], ""coordinate_evidence"": ""MapRegion PointRegion centers; no Merchant coordinate snapshot available""}"	[]	"{""status"": ""pass"", ""walkable_cells"": 71, ""total_cells"": 484, ""walkable_ratio"": 0.146694}"	"{""status"": ""pass"", ""walkable_cells"": 71, ""total_cells"": 484, ""walkable_ratio"": 0.146694}"	identity logical-grid coordinates	allowed-after-point-check	high	"{""relation"": ""same local map bytes"", ""hero_kill_sha256"": ""e27a08627d7b89c8857bd1b5c4a317ee18cc3d3087f17f9b265807c0168f5a63"", ""zircon_sha256"": ""e27a08627d7b89c8857bd1b5c4a317ee18cc3d3087f17f9b265807c0168f5a63""}"
B115_001	B115_001	/home/tetsuya/mir2ei/Map/B115_001.map	/home/tetsuya/mir2ei/Map/B115_001.map	"{""index"": 715, ""file"": ""B115_001"", ""description"": ""矿石空间""}"	/home/tetsuya/development/zircon/Debug/ServerCore/Map/B115_001.map	exact	"{""hero_kill"": {""width"": 200, ""height"": 200}, ""zircon"": {""width"": 200, ""height"": 200}}"	"{""region_count"": 5, ""region_landmark_samples"": [""B115_001 / Blood Thristy Zombie Spawn"", ""B115_001 / Blood Thristy Zombie Spawn"", ""B115_001 / Blood Thristy Zombie Spawn"", ""B115_001 / Blood Thristy Zombie Spawn"", ""B115_001 / Blood Thristy Zombie Spawn""], ""guard_count"": 0, ""guard_samples"": [], ""connected_maps"": [], ""coordinate_evidence"": ""MapRegion PointRegion centers; no Merchant coordinate snapshot available""}"	"[""B115_001 / Blood Thristy Zombie Spawn"", ""B115_001 / Blood Thristy Zombie Spawn"", ""B115_001 / Blood Thristy Zombie Spawn"", ""B115_001 / Blood Thristy Zombie Spawn"", ""B115_001 / Blood Thristy Zombie Spawn""]"	"{""status"": ""pass"", ""walkable_cells"": 8277, ""total_cells"": 40000, ""walkable_ratio"": 0.206925}"	"{""status"": ""pass"", ""walkable_cells"": 8277, ""total_cells"": 40000, ""walkable_ratio"": 0.206925}"	identity logical-grid coordinates	allowed-after-point-check	high	"{""relation"": ""same local map bytes"", ""hero_kill_sha256"": ""d9007c7541a0d57bad547b6947e6053fc1e5b8a874a5820bc242a682a8db4291"", ""zircon_sha256"": ""d9007c7541a0d57bad547b6947e6053fc1e5b8a874a5820bc242a682a8db4291""}"
B116	B116	/home/tetsuya/mir2ei/Map/B116.map	/home/tetsuya/mir2ei/Map/B116.map	"{""index"": 716, ""file"": ""B116"", ""description"": ""EI B116""}"	/home/tetsuya/development/zircon/Debug/ServerCore/Map/B116.map	exact	"{""hero_kill"": {""width"": 22, ""height"": 22}, ""zircon"": {""width"": 22, ""height"": 22}}"	"{""region_count"": 0, ""region_landmark_samples"": [], ""guard_count"": 0, ""guard_samples"": [], ""connected_maps"": [], ""coordinate_evidence"": ""MapRegion PointRegion centers; no Merchant coordinate snapshot available""}"	[]	"{""status"": ""pass"", ""walkable_cells"": 71, ""total_cells"": 484, ""walkable_ratio"": 0.146694}"	"{""status"": ""pass"", ""walkable_cells"": 71, ""total_cells"": 484, ""walkable_ratio"": 0.146694}"	identity logical-grid coordinates	allowed-after-point-check	high	"{""relation"": ""same local map bytes"", ""hero_kill_sha256"": ""e27a08627d7b89c8857bd1b5c4a317ee18cc3d3087f17f9b265807c0168f5a63"", ""zircon_sha256"": ""e27a08627d7b89c8857bd1b5c4a317ee18cc3d3087f17f9b265807c0168f5a63""}"
B117	B117	/home/tetsuya/mir2ei/Map/B117.map	/home/tetsuya/mir2ei/Map/B117.map	"{""index"": 717, ""file"": ""B117"", ""description"": ""EI B117""}"	/home/tetsuya/development/zircon/Debug/ServerCore/Map/B117.map	exact	"{""hero_kill"": {""width"": 22, ""height"": 22}, ""zircon"": {""width"": 22, ""height"": 22}}"	"{""region_count"": 0, ""region_landmark_samples"": [], ""guard_count"": 0, ""guard_samples"": [], ""connected_maps"": [], ""coordinate_evidence"": ""MapRegion PointRegion centers; no Merchant coordinate snapshot available""}"	[]	"{""status"": ""pass"", ""walkable_cells"": 71, ""total_cells"": 484, ""walkable_ratio"": 0.146694}"	"{""status"": ""pass"", ""walkable_cells"": 71, ""total_cells"": 484, ""walkable_ratio"": 0.146694}"	identity logical-grid coordinates	allowed-after-point-check	high	"{""relation"": ""same local map bytes"", ""hero_kill_sha256"": ""e27a08627d7b89c8857bd1b5c4a317ee18cc3d3087f17f9b265807c0168f5a63"", ""zircon_sha256"": ""e27a08627d7b89c8857bd1b5c4a317ee18cc3d3087f17f9b265807c0168f5a63""}"
B118	B118	/home/tetsuya/mir2ei/Map/B118.map	/home/tetsuya/mir2ei/Map/B118.map	"{""index"": 718, ""file"": ""B118"", ""description"": ""EI B118""}"	/home/tetsuya/development/zircon/Debug/ServerCore/Map/B118.map	exact	"{""hero_kill"": {""width"": 22, ""height"": 22}, ""zircon"": {""width"": 22, ""height"": 22}}"	"{""region_count"": 0, ""region_landmark_samples"": [], ""guard_count"": 0, ""guard_samples"": [], ""connected_maps"": [], ""coordinate_evidence"": ""MapRegion PointRegion centers; no Merchant coordinate snapshot available""}"	[]	"{""status"": ""pass"", ""walkable_cells"": 71, ""total_cells"": 484, ""walkable_ratio"": 0.146694}"	"{""status"": ""pass"", ""walkable_cells"": 71, ""total_cells"": 484, ""walkable_ratio"": 0.146694}"	identity logical-grid coordinates	allowed-after-point-check	high	"{""relation"": ""same local map bytes"", ""hero_kill_sha256"": ""e27a08627d7b89c8857bd1b5c4a317ee18cc3d3087f17f9b265807c0168f5a63"", ""zircon_sha256"": ""e27a08627d7b89c8857bd1b5c4a317ee18cc3d3087f17f9b265807c0168f5a63""}"
B118_001	B118_001	/home/tetsuya/mir2ei/Map/B118_001.map	/home/tetsuya/mir2ei/Map/B118_001.map	"{""index"": 719, ""file"": ""B118_001"", ""description"": ""EI B118_001""}"	/home/tetsuya/development/zircon/Debug/ServerCore/Map/B118_001.map	exact	"{""hero_kill"": {""width"": 30, ""height"": 36}, ""zircon"": {""width"": 30, ""height"": 36}}"	"{""region_count"": 0, ""region_landmark_samples"": [], ""guard_count"": 0, ""guard_samples"": [], ""connected_maps"": [], ""coordinate_evidence"": ""MapRegion PointRegion centers; no Merchant coordinate snapshot available""}"	[]	"{""status"": ""pass"", ""walkable_cells"": 180, ""total_cells"": 1080, ""walkable_ratio"": 0.166667}"	"{""status"": ""pass"", ""walkable_cells"": 180, ""total_cells"": 1080, ""walkable_ratio"": 0.166667}"	identity logical-grid coordinates	allowed-after-point-check	high	"{""relation"": ""same local map bytes"", ""hero_kill_sha256"": ""af2706f5d99f26ba0dbc29dc0d8bc875debcb08a3e6fbb88d95a87bb46bee870"", ""zircon_sha256"": ""af2706f5d99f26ba0dbc29dc0d8bc875debcb08a3e6fbb88d95a87bb46bee870""}"
B119	B119	/home/tetsuya/mir2ei/Map/B119.map	/home/tetsuya/mir2ei/Map/B119.map	"{""index"": 720, ""file"": ""B119"", ""description"": ""EI B119""}"	/home/tetsuya/development/zircon/Debug/ServerCore/Map/B119.map	exact	"{""hero_kill"": {""width"": 22, ""height"": 22}, ""zircon"": {""width"": 22, ""height"": 22}}"	"{""region_count"": 0, ""region_landmark_samples"": [], ""guard_count"": 0, ""guard_samples"": [], ""connected_maps"": [], ""coordinate_evidence"": ""MapRegion PointRegion centers; no Merchant coordinate snapshot available""}"	[]	"{""status"": ""pass"", ""walkable_cells"": 71, ""total_cells"": 484, ""walkable_ratio"": 0.146694}"	"{""status"": ""pass"", ""walkable_cells"": 71, ""total_cells"": 484, ""walkable_ratio"": 0.146694}"	identity logical-grid coordinates	allowed-after-point-check	high	"{""relation"": ""same local map bytes"", ""hero_kill_sha256"": ""e27a08627d7b89c8857bd1b5c4a317ee18cc3d3087f17f9b265807c0168f5a63"", ""zircon_sha256"": ""e27a08627d7b89c8857bd1b5c4a317ee18cc3d3087f17f9b265807c0168f5a63""}"
B119_001	B119_001	/home/tetsuya/mir2ei/Map/B119_001.map	/home/tetsuya/mir2ei/Map/B119_001.map	"{""index"": 721, ""file"": ""B119_001"", ""description"": ""EI B119_001""}"	/home/tetsuya/development/zircon/Debug/ServerCore/Map/B119_001.map	exact	"{""hero_kill"": {""width"": 100, ""height"": 100}, ""zircon"": {""width"": 100, ""height"": 100}}"	"{""region_count"": 0, ""region_landmark_samples"": [], ""guard_count"": 0, ""guard_samples"": [], ""connected_maps"": [], ""coordinate_evidence"": ""MapRegion PointRegion centers; no Merchant coordinate snapshot available""}"	[]	"{""status"": ""pass"", ""walkable_cells"": 2086, ""total_cells"": 10000, ""walkable_ratio"": 0.2086}"	"{""status"": ""pass"", ""walkable_cells"": 2086, ""total_cells"": 10000, ""walkable_ratio"": 0.2086}"	identity logical-grid coordinates	allowed-after-point-check	high	"{""relation"": ""same local map bytes"", ""hero_kill_sha256"": ""545d64508a2b86ddd3b6d775f905585811f8f5af80260946e794ecac7cc6218f"", ""zircon_sha256"": ""545d64508a2b86ddd3b6d775f905585811f8f5af80260946e794ecac7cc6218f""}"
B120	B120	/home/tetsuya/mir2ei/Map/B120.map	/home/tetsuya/mir2ei/Map/B120.map	"{""index"": 722, ""file"": ""B120"", ""description"": ""EI B120""}"	/home/tetsuya/development/zircon/Debug/ServerCore/Map/B120.map	exact	"{""hero_kill"": {""width"": 22, ""height"": 22}, ""zircon"": {""width"": 22, ""height"": 22}}"	"{""region_count"": 0, ""region_landmark_samples"": [], ""guard_count"": 0, ""guard_samples"": [], ""connected_maps"": [], ""coordinate_evidence"": ""MapRegion PointRegion centers; no Merchant coordinate snapshot available""}"	[]	"{""status"": ""pass"", ""walkable_cells"": 71, ""total_cells"": 484, ""walkable_ratio"": 0.146694}"	"{""status"": ""pass"", ""walkable_cells"": 71, ""total_cells"": 484, ""walkable_ratio"": 0.146694}"	identity logical-grid coordinates	allowed-after-point-check	high	"{""relation"": ""same local map bytes"", ""hero_kill_sha256"": ""e27a08627d7b89c8857bd1b5c4a317ee18cc3d3087f17f9b265807c0168f5a63"", ""zircon_sha256"": ""e27a08627d7b89c8857bd1b5c4a317ee18cc3d3087f17f9b265807c0168f5a63""}"
B121	B121	/home/tetsuya/mir2ei/Map/B121.map	/home/tetsuya/mir2ei/Map/B121.map	"{""index"": 723, ""file"": ""B121"", ""description"": ""EI B121""}"	/home/tetsuya/development/zircon/Debug/ServerCore/Map/B121.map	exact	"{""hero_kill"": {""width"": 22, ""height"": 22}, ""zircon"": {""width"": 22, ""height"": 22}}"	"{""region_count"": 0, ""region_landmark_samples"": [], ""guard_count"": 0, ""guard_samples"": [], ""connected_maps"": [], ""coordinate_evidence"": ""MapRegion PointRegion centers; no Merchant coordinate snapshot available""}"	[]	"{""status"": ""pass"", ""walkable_cells"": 71, ""total_cells"": 484, ""walkable_ratio"": 0.146694}"	"{""status"": ""pass"", ""walkable_cells"": 71, ""total_cells"": 484, ""walkable_ratio"": 0.146694}"	identity logical-grid coordinates	allowed-after-point-check	high	"{""relation"": ""same local map bytes"", ""hero_kill_sha256"": ""e27a08627d7b89c8857bd1b5c4a317ee18cc3d3087f17f9b265807c0168f5a63"", ""zircon_sha256"": ""e27a08627d7b89c8857bd1b5c4a317ee18cc3d3087f17f9b265807c0168f5a63""}"
B122	B122	/home/tetsuya/mir2ei/Map/B122.map	/home/tetsuya/mir2ei/Map/B122.map	"{""index"": 724, ""file"": ""B122"", ""description"": ""EI B122""}"	/home/tetsuya/development/zircon/Debug/ServerCore/Map/B122.map	exact	"{""hero_kill"": {""width"": 22, ""height"": 22}, ""zircon"": {""width"": 22, ""height"": 22}}"	"{""region_count"": 0, ""region_landmark_samples"": [], ""guard_count"": 0, ""guard_samples"": [], ""connected_maps"": [], ""coordinate_evidence"": ""MapRegion PointRegion centers; no Merchant coordinate snapshot available""}"	[]	"{""status"": ""pass"", ""walkable_cells"": 71, ""total_cells"": 484, ""walkable_ratio"": 0.146694}"	"{""status"": ""pass"", ""walkable_cells"": 71, ""total_cells"": 484, ""walkable_ratio"": 0.146694}"	identity logical-grid coordinates	allowed-after-point-check	high	"{""relation"": ""same local map bytes"", ""hero_kill_sha256"": ""e27a08627d7b89c8857bd1b5c4a317ee18cc3d3087f17f9b265807c0168f5a63"", ""zircon_sha256"": ""e27a08627d7b89c8857bd1b5c4a317ee18cc3d3087f17f9b265807c0168f5a63""}"
B123	B123	/home/tetsuya/mir2ei/Map/B123.map	/home/tetsuya/mir2ei/Map/B123.map	"{""index"": 725, ""file"": ""B123"", ""description"": ""EI B123""}"	/home/tetsuya/development/zircon/Debug/ServerCore/Map/B123.map	exact	"{""hero_kill"": {""width"": 22, ""height"": 22}, ""zircon"": {""width"": 22, ""height"": 22}}"	"{""region_count"": 0, ""region_landmark_samples"": [], ""guard_count"": 0, ""guard_samples"": [], ""connected_maps"": [], ""coordinate_evidence"": ""MapRegion PointRegion centers; no Merchant coordinate snapshot available""}"	[]	"{""status"": ""pass"", ""walkable_cells"": 71, ""total_cells"": 484, ""walkable_ratio"": 0.146694}"	"{""status"": ""pass"", ""walkable_cells"": 71, ""total_cells"": 484, ""walkable_ratio"": 0.146694}"	identity logical-grid coordinates	allowed-after-point-check	high	"{""relation"": ""same local map bytes"", ""hero_kill_sha256"": ""e27a08627d7b89c8857bd1b5c4a317ee18cc3d3087f17f9b265807c0168f5a63"", ""zircon_sha256"": ""e27a08627d7b89c8857bd1b5c4a317ee18cc3d3087f17f9b265807c0168f5a63""}"
B124	B124	/home/tetsuya/mir2ei/Map/B124.map	/home/tetsuya/mir2ei/Map/B124.map	"{""index"": 726, ""file"": ""B124"", ""description"": ""EI B124""}"	/home/tetsuya/development/zircon/Debug/ServerCore/Map/B124.map	exact	"{""hero_kill"": {""width"": 22, ""height"": 22}, ""zircon"": {""width"": 22, ""height"": 22}}"	"{""region_count"": 0, ""region_landmark_samples"": [], ""guard_count"": 0, ""guard_samples"": [], ""connected_maps"": [], ""coordinate_evidence"": ""MapRegion PointRegion centers; no Merchant coordinate snapshot available""}"	[]	"{""status"": ""pass"", ""walkable_cells"": 71, ""total_cells"": 484, ""walkable_ratio"": 0.146694}"	"{""status"": ""pass"", ""walkable_cells"": 71, ""total_cells"": 484, ""walkable_ratio"": 0.146694}"	identity logical-grid coordinates	allowed-after-point-check	high	"{""relation"": ""same local map bytes"", ""hero_kill_sha256"": ""e27a08627d7b89c8857bd1b5c4a317ee18cc3d3087f17f9b265807c0168f5a63"", ""zircon_sha256"": ""e27a08627d7b89c8857bd1b5c4a317ee18cc3d3087f17f9b265807c0168f5a63""}"
B125	B125	/home/tetsuya/mir2ei/Map/B125.map	/home/tetsuya/mir2ei/Map/B125.map	"{""index"": 727, ""file"": ""B125"", ""description"": ""EI B125""}"	/home/tetsuya/development/zircon/Debug/ServerCore/Map/B125.map	exact	"{""hero_kill"": {""width"": 22, ""height"": 22}, ""zircon"": {""width"": 22, ""height"": 22}}"	"{""region_count"": 0, ""region_landmark_samples"": [], ""guard_count"": 0, ""guard_samples"": [], ""connected_maps"": [], ""coordinate_evidence"": ""MapRegion PointRegion centers; no Merchant coordinate snapshot available""}"	[]	"{""status"": ""pass"", ""walkable_cells"": 71, ""total_cells"": 484, ""walkable_ratio"": 0.146694}"	"{""status"": ""pass"", ""walkable_cells"": 71, ""total_cells"": 484, ""walkable_ratio"": 0.146694}"	identity logical-grid coordinates	allowed-after-point-check	high	"{""relation"": ""same local map bytes"", ""hero_kill_sha256"": ""e27a08627d7b89c8857bd1b5c4a317ee18cc3d3087f17f9b265807c0168f5a63"", ""zircon_sha256"": ""e27a08627d7b89c8857bd1b5c4a317ee18cc3d3087f17f9b265807c0168f5a63""}"
B125_001	B125_001	/home/tetsuya/mir2ei/Map/B125_001.map	/home/tetsuya/mir2ei/Map/B125_001.map	"{""index"": 728, ""file"": ""B125_001"", ""description"": ""EI B125_001""}"	/home/tetsuya/development/zircon/Debug/ServerCore/Map/B125_001.map	exact	"{""hero_kill"": {""width"": 16, ""height"": 18}, ""zircon"": {""width"": 16, ""height"": 18}}"	"{""region_count"": 0, ""region_landmark_samples"": [], ""guard_count"": 0, ""guard_samples"": [], ""connected_maps"": [], ""coordinate_evidence"": ""MapRegion PointRegion centers; no Merchant coordinate snapshot available""}"	[]	"{""status"": ""pass"", ""walkable_cells"": 53, ""total_cells"": 288, ""walkable_ratio"": 0.184028}"	"{""status"": ""pass"", ""walkable_cells"": 53, ""total_cells"": 288, ""walkable_ratio"": 0.184028}"	identity logical-grid coordinates	allowed-after-point-check	high	"{""relation"": ""same local map bytes"", ""hero_kill_sha256"": ""b80f348287893f4d1111d521561d0c12523e1ef1a929d55f6f15c3a8760147a5"", ""zircon_sha256"": ""b80f348287893f4d1111d521561d0c12523e1ef1a929d55f6f15c3a8760147a5""}"
B126	B126	/home/tetsuya/mir2ei/Map/B126.map	/home/tetsuya/mir2ei/Map/B126.map	"{""index"": 729, ""file"": ""B126"", ""description"": ""EI B126""}"	/home/tetsuya/development/zircon/Debug/ServerCore/Map/B126.map	exact	"{""hero_kill"": {""width"": 22, ""height"": 22}, ""zircon"": {""width"": 22, ""height"": 22}}"	"{""region_count"": 0, ""region_landmark_samples"": [], ""guard_count"": 0, ""guard_samples"": [], ""connected_maps"": [], ""coordinate_evidence"": ""MapRegion PointRegion centers; no Merchant coordinate snapshot available""}"	[]	"{""status"": ""pass"", ""walkable_cells"": 71, ""total_cells"": 484, ""walkable_ratio"": 0.146694}"	"{""status"": ""pass"", ""walkable_cells"": 71, ""total_cells"": 484, ""walkable_ratio"": 0.146694}"	identity logical-grid coordinates	allowed-after-point-check	high	"{""relation"": ""same local map bytes"", ""hero_kill_sha256"": ""e27a08627d7b89c8857bd1b5c4a317ee18cc3d3087f17f9b265807c0168f5a63"", ""zircon_sha256"": ""e27a08627d7b89c8857bd1b5c4a317ee18cc3d3087f17f9b265807c0168f5a63""}"
B127	B127	/home/tetsuya/mir2ei/Map/B127.map	/home/tetsuya/mir2ei/Map/B127.map	"{""index"": 730, ""file"": ""B127"", ""description"": ""EI B127""}"	/home/tetsuya/development/zircon/Debug/ServerCore/Map/B127.map	exact	"{""hero_kill"": {""width"": 22, ""height"": 22}, ""zircon"": {""width"": 22, ""height"": 22}}"	"{""region_count"": 0, ""region_landmark_samples"": [], ""guard_count"": 0, ""guard_samples"": [], ""connected_maps"": [], ""coordinate_evidence"": ""MapRegion PointRegion centers; no Merchant coordinate snapshot available""}"	[]	"{""status"": ""pass"", ""walkable_cells"": 71, ""total_cells"": 484, ""walkable_ratio"": 0.146694}"	"{""status"": ""pass"", ""walkable_cells"": 71, ""total_cells"": 484, ""walkable_ratio"": 0.146694}"	identity logical-grid coordinates	allowed-after-point-check	high	"{""relation"": ""same local map bytes"", ""hero_kill_sha256"": ""e27a08627d7b89c8857bd1b5c4a317ee18cc3d3087f17f9b265807c0168f5a63"", ""zircon_sha256"": ""e27a08627d7b89c8857bd1b5c4a317ee18cc3d3087f17f9b265807c0168f5a63""}"
B128	B128	/home/tetsuya/mir2ei/Map/B128.map	/home/tetsuya/mir2ei/Map/B128.map	"{""index"": 731, ""file"": ""B128"", ""description"": ""EI B128""}"	/home/tetsuya/development/zircon/Debug/ServerCore/Map/B128.map	exact	"{""hero_kill"": {""width"": 22, ""height"": 22}, ""zircon"": {""width"": 22, ""height"": 22}}"	"{""region_count"": 0, ""region_landmark_samples"": [], ""guard_count"": 0, ""guard_samples"": [], ""connected_maps"": [], ""coordinate_evidence"": ""MapRegion PointRegion centers; no Merchant coordinate snapshot available""}"	[]	"{""status"": ""pass"", ""walkable_cells"": 71, ""total_cells"": 484, ""walkable_ratio"": 0.146694}"	"{""status"": ""pass"", ""walkable_cells"": 71, ""total_cells"": 484, ""walkable_ratio"": 0.146694}"	identity logical-grid coordinates	allowed-after-point-check	high	"{""relation"": ""same local map bytes"", ""hero_kill_sha256"": ""e27a08627d7b89c8857bd1b5c4a317ee18cc3d3087f17f9b265807c0168f5a63"", ""zircon_sha256"": ""e27a08627d7b89c8857bd1b5c4a317ee18cc3d3087f17f9b265807c0168f5a63""}"
B129	B129	/home/tetsuya/mir2ei/Map/B129.map	/home/tetsuya/mir2ei/Map/B129.map	"{""index"": 732, ""file"": ""B129"", ""description"": ""EI B129""}"	/home/tetsuya/development/zircon/Debug/ServerCore/Map/B129.map	exact	"{""hero_kill"": {""width"": 22, ""height"": 22}, ""zircon"": {""width"": 22, ""height"": 22}}"	"{""region_count"": 0, ""region_landmark_samples"": [], ""guard_count"": 0, ""guard_samples"": [], ""connected_maps"": [], ""coordinate_evidence"": ""MapRegion PointRegion centers; no Merchant coordinate snapshot available""}"	[]	"{""status"": ""pass"", ""walkable_cells"": 71, ""total_cells"": 484, ""walkable_ratio"": 0.146694}"	"{""status"": ""pass"", ""walkable_cells"": 71, ""total_cells"": 484, ""walkable_ratio"": 0.146694}"	identity logical-grid coordinates	allowed-after-point-check	high	"{""relation"": ""same local map bytes"", ""hero_kill_sha256"": ""e27a08627d7b89c8857bd1b5c4a317ee18cc3d3087f17f9b265807c0168f5a63"", ""zircon_sha256"": ""e27a08627d7b89c8857bd1b5c4a317ee18cc3d3087f17f9b265807c0168f5a63""}"
B130	B130	/home/tetsuya/mir2ei/Map/B130.map	/home/tetsuya/mir2ei/Map/B130.map	"{""index"": 733, ""file"": ""B130"", ""description"": ""EI B130""}"	/home/tetsuya/development/zircon/Debug/ServerCore/Map/B130.map	exact	"{""hero_kill"": {""width"": 22, ""height"": 22}, ""zircon"": {""width"": 22, ""height"": 22}}"	"{""region_count"": 0, ""region_landmark_samples"": [], ""guard_count"": 0, ""guard_samples"": [], ""connected_maps"": [], ""coordinate_evidence"": ""MapRegion PointRegion centers; no Merchant coordinate snapshot available""}"	[]	"{""status"": ""pass"", ""walkable_cells"": 71, ""total_cells"": 484, ""walkable_ratio"": 0.146694}"	"{""status"": ""pass"", ""walkable_cells"": 71, ""total_cells"": 484, ""walkable_ratio"": 0.146694}"	identity logical-grid coordinates	allowed-after-point-check	high	"{""relation"": ""same local map bytes"", ""hero_kill_sha256"": ""e27a08627d7b89c8857bd1b5c4a317ee18cc3d3087f17f9b265807c0168f5a63"", ""zircon_sha256"": ""e27a08627d7b89c8857bd1b5c4a317ee18cc3d3087f17f9b265807c0168f5a63""}"
B131	B131	/home/tetsuya/mir2ei/Map/B131.map	/home/tetsuya/mir2ei/Map/B131.map	"{""index"": 734, ""file"": ""B131"", ""description"": ""EI B131""}"	/home/tetsuya/development/zircon/Debug/ServerCore/Map/B131.map	exact	"{""hero_kill"": {""width"": 22, ""height"": 22}, ""zircon"": {""width"": 22, ""height"": 22}}"	"{""region_count"": 0, ""region_landmark_samples"": [], ""guard_count"": 0, ""guard_samples"": [], ""connected_maps"": [], ""coordinate_evidence"": ""MapRegion PointRegion centers; no Merchant coordinate snapshot available""}"	[]	"{""status"": ""pass"", ""walkable_cells"": 71, ""total_cells"": 484, ""walkable_ratio"": 0.146694}"	"{""status"": ""pass"", ""walkable_cells"": 71, ""total_cells"": 484, ""walkable_ratio"": 0.146694}"	identity logical-grid coordinates	allowed-after-point-check	high	"{""relation"": ""same local map bytes"", ""hero_kill_sha256"": ""e27a08627d7b89c8857bd1b5c4a317ee18cc3d3087f17f9b265807c0168f5a63"", ""zircon_sha256"": ""e27a08627d7b89c8857bd1b5c4a317ee18cc3d3087f17f9b265807c0168f5a63""}"
B131_001	B131_001	/home/tetsuya/mir2ei/Map/B131_001.map	/home/tetsuya/mir2ei/Map/B131_001.map	"{""index"": 735, ""file"": ""B131_001"", ""description"": ""EI B131_001""}"	/home/tetsuya/development/zircon/Debug/ServerCore/Map/B131_001.map	exact	"{""hero_kill"": {""width"": 22, ""height"": 22}, ""zircon"": {""width"": 22, ""height"": 22}}"	"{""region_count"": 0, ""region_landmark_samples"": [], ""guard_count"": 0, ""guard_samples"": [], ""connected_maps"": [], ""coordinate_evidence"": ""MapRegion PointRegion centers; no Merchant coordinate snapshot available""}"	[]	"{""status"": ""pass"", ""walkable_cells"": 71, ""total_cells"": 484, ""walkable_ratio"": 0.146694}"	"{""status"": ""pass"", ""walkable_cells"": 71, ""total_cells"": 484, ""walkable_ratio"": 0.146694}"	identity logical-grid coordinates	allowed-after-point-check	high	"{""relation"": ""same local map bytes"", ""hero_kill_sha256"": ""e27a08627d7b89c8857bd1b5c4a317ee18cc3d3087f17f9b265807c0168f5a63"", ""zircon_sha256"": ""e27a08627d7b89c8857bd1b5c4a317ee18cc3d3087f17f9b265807c0168f5a63""}"
B132	B132	/home/tetsuya/mir2ei/Map/B132.map	/home/tetsuya/mir2ei/Map/B132.map	"{""index"": 736, ""file"": ""B132"", ""description"": ""EI B132""}"	/home/tetsuya/development/zircon/Debug/ServerCore/Map/B132.map	exact	"{""hero_kill"": {""width"": 22, ""height"": 22}, ""zircon"": {""width"": 22, ""height"": 22}}"	"{""region_count"": 0, ""region_landmark_samples"": [], ""guard_count"": 0, ""guard_samples"": [], ""connected_maps"": [], ""coordinate_evidence"": ""MapRegion PointRegion centers; no Merchant coordinate snapshot available""}"	[]	"{""status"": ""pass"", ""walkable_cells"": 71, ""total_cells"": 484, ""walkable_ratio"": 0.146694}"	"{""status"": ""pass"", ""walkable_cells"": 71, ""total_cells"": 484, ""walkable_ratio"": 0.146694}"	identity logical-grid coordinates	allowed-after-point-check	high	"{""relation"": ""same local map bytes"", ""hero_kill_sha256"": ""e27a08627d7b89c8857bd1b5c4a317ee18cc3d3087f17f9b265807c0168f5a63"", ""zircon_sha256"": ""e27a08627d7b89c8857bd1b5c4a317ee18cc3d3087f17f9b265807c0168f5a63""}"
B132_001	B132_001	/home/tetsuya/mir2ei/Map/B132_001.map	/home/tetsuya/mir2ei/Map/B132_001.map	"{""index"": 737, ""file"": ""B132_001"", ""description"": ""GM活动室""}"	/home/tetsuya/development/zircon/Debug/ServerCore/Map/B132_001.map	exact	"{""hero_kill"": {""width"": 50, ""height"": 50}, ""zircon"": {""width"": 50, ""height"": 50}}"	"{""region_count"": 0, ""region_landmark_samples"": [], ""guard_count"": 0, ""guard_samples"": [], ""connected_maps"": [], ""coordinate_evidence"": ""MapRegion PointRegion centers; no Merchant coordinate snapshot available""}"	[]	"{""status"": ""pass"", ""walkable_cells"": 229, ""total_cells"": 2500, ""walkable_ratio"": 0.0916}"	"{""status"": ""pass"", ""walkable_cells"": 229, ""total_cells"": 2500, ""walkable_ratio"": 0.0916}"	identity logical-grid coordinates	allowed-after-point-check	high	"{""relation"": ""same local map bytes"", ""hero_kill_sha256"": ""c7904e3256a42c4d898fe3a8f8ec67d207ed655abe6b76035665e58379b51902"", ""zircon_sha256"": ""c7904e3256a42c4d898fe3a8f8ec67d207ed655abe6b76035665e58379b51902""}"
B133	B133	/home/tetsuya/mir2ei/Map/B133.map	/home/tetsuya/mir2ei/Map/B133.map	"{""index"": 738, ""file"": ""B133"", ""description"": ""EI B133""}"	/home/tetsuya/development/zircon/Debug/ServerCore/Map/B133.map	exact	"{""hero_kill"": {""width"": 22, ""height"": 22}, ""zircon"": {""width"": 22, ""height"": 22}}"	"{""region_count"": 0, ""region_landmark_samples"": [], ""guard_count"": 0, ""guard_samples"": [], ""connected_maps"": [], ""coordinate_evidence"": ""MapRegion PointRegion centers; no Merchant coordinate snapshot available""}"	[]	"{""status"": ""pass"", ""walkable_cells"": 71, ""total_cells"": 484, ""walkable_ratio"": 0.146694}"	"{""status"": ""pass"", ""walkable_cells"": 71, ""total_cells"": 484, ""walkable_ratio"": 0.146694}"	identity logical-grid coordinates	allowed-after-point-check	high	"{""relation"": ""same local map bytes"", ""hero_kill_sha256"": ""e27a08627d7b89c8857bd1b5c4a317ee18cc3d3087f17f9b265807c0168f5a63"", ""zircon_sha256"": ""e27a08627d7b89c8857bd1b5c4a317ee18cc3d3087f17f9b265807c0168f5a63""}"
B134	B134	/home/tetsuya/mir2ei/Map/B134.map	/home/tetsuya/mir2ei/Map/B134.map	"{""index"": 739, ""file"": ""B134"", ""description"": ""EI B134""}"	/home/tetsuya/development/zircon/Debug/ServerCore/Map/B134.map	exact	"{""hero_kill"": {""width"": 22, ""height"": 22}, ""zircon"": {""width"": 22, ""height"": 22}}"	"{""region_count"": 0, ""region_landmark_samples"": [], ""guard_count"": 0, ""guard_samples"": [], ""connected_maps"": [], ""coordinate_evidence"": ""MapRegion PointRegion centers; no Merchant coordinate snapshot available""}"	[]	"{""status"": ""pass"", ""walkable_cells"": 71, ""total_cells"": 484, ""walkable_ratio"": 0.146694}"	"{""status"": ""pass"", ""walkable_cells"": 71, ""total_cells"": 484, ""walkable_ratio"": 0.146694}"	identity logical-grid coordinates	allowed-after-point-check	high	"{""relation"": ""same local map bytes"", ""hero_kill_sha256"": ""e27a08627d7b89c8857bd1b5c4a317ee18cc3d3087f17f9b265807c0168f5a63"", ""zircon_sha256"": ""e27a08627d7b89c8857bd1b5c4a317ee18cc3d3087f17f9b265807c0168f5a63""}"
B134_001	B134_001	/home/tetsuya/mir2ei/Map/B134_001.map	/home/tetsuya/mir2ei/Map/B134_001.map	"{""index"": 740, ""file"": ""B134_001"", ""description"": ""EI B134_001""}"	/home/tetsuya/development/zircon/Debug/ServerCore/Map/B134_001.map	exact	"{""hero_kill"": {""width"": 50, ""height"": 50}, ""zircon"": {""width"": 50, ""height"": 50}}"	"{""region_count"": 0, ""region_landmark_samples"": [], ""guard_count"": 0, ""guard_samples"": [], ""connected_maps"": [], ""coordinate_evidence"": ""MapRegion PointRegion centers; no Merchant coordinate snapshot available""}"	[]	"{""status"": ""pass"", ""walkable_cells"": 108, ""total_cells"": 2500, ""walkable_ratio"": 0.0432}"	"{""status"": ""pass"", ""walkable_cells"": 108, ""total_cells"": 2500, ""walkable_ratio"": 0.0432}"	identity logical-grid coordinates	allowed-after-point-check	high	"{""relation"": ""same local map bytes"", ""hero_kill_sha256"": ""e68dbf745f3535327dc79889bda9e797473b4c087618a5b49247d37152b663e7"", ""zircon_sha256"": ""e68dbf745f3535327dc79889bda9e797473b4c087618a5b49247d37152b663e7""}"
B135	B135	/home/tetsuya/mir2ei/Map/B135.map	/home/tetsuya/mir2ei/Map/B135.map	"{""index"": 741, ""file"": ""B135"", ""description"": ""EI B135""}"	/home/tetsuya/development/zircon/Debug/ServerCore/Map/B135.map	exact	"{""hero_kill"": {""width"": 22, ""height"": 22}, ""zircon"": {""width"": 22, ""height"": 22}}"	"{""region_count"": 0, ""region_landmark_samples"": [], ""guard_count"": 0, ""guard_samples"": [], ""connected_maps"": [], ""coordinate_evidence"": ""MapRegion PointRegion centers; no Merchant coordinate snapshot available""}"	[]	"{""status"": ""pass"", ""walkable_cells"": 71, ""total_cells"": 484, ""walkable_ratio"": 0.146694}"	"{""status"": ""pass"", ""walkable_cells"": 71, ""total_cells"": 484, ""walkable_ratio"": 0.146694}"	identity logical-grid coordinates	allowed-after-point-check	high	"{""relation"": ""same local map bytes"", ""hero_kill_sha256"": ""e27a08627d7b89c8857bd1b5c4a317ee18cc3d3087f17f9b265807c0168f5a63"", ""zircon_sha256"": ""e27a08627d7b89c8857bd1b5c4a317ee18cc3d3087f17f9b265807c0168f5a63""}"
B136	B136	/home/tetsuya/mir2ei/Map/B136.map	/home/tetsuya/mir2ei/Map/B136.map	"{""index"": 742, ""file"": ""B136"", ""description"": ""EI B136""}"	/home/tetsuya/development/zircon/Debug/ServerCore/Map/B136.map	exact	"{""hero_kill"": {""width"": 22, ""height"": 22}, ""zircon"": {""width"": 22, ""height"": 22}}"	"{""region_count"": 0, ""region_landmark_samples"": [], ""guard_count"": 0, ""guard_samples"": [], ""connected_maps"": [], ""coordinate_evidence"": ""MapRegion PointRegion centers; no Merchant coordinate snapshot available""}"	[]	"{""status"": ""pass"", ""walkable_cells"": 71, ""total_cells"": 484, ""walkable_ratio"": 0.146694}"	"{""status"": ""pass"", ""walkable_cells"": 71, ""total_cells"": 484, ""walkable_ratio"": 0.146694}"	identity logical-grid coordinates	allowed-after-point-check	high	"{""relation"": ""same local map bytes"", ""hero_kill_sha256"": ""e27a08627d7b89c8857bd1b5c4a317ee18cc3d3087f17f9b265807c0168f5a63"", ""zircon_sha256"": ""e27a08627d7b89c8857bd1b5c4a317ee18cc3d3087f17f9b265807c0168f5a63""}"
B136_001	B136_001	/home/tetsuya/mir2ei/Map/B136_001.map	/home/tetsuya/mir2ei/Map/B136_001.map	"{""index"": 743, ""file"": ""B136_001"", ""description"": ""EI B136_001""}"	/home/tetsuya/development/zircon/Debug/ServerCore/Map/B136_001.map	exact	"{""hero_kill"": {""width"": 20, ""height"": 20}, ""zircon"": {""width"": 20, ""height"": 20}}"	"{""region_count"": 0, ""region_landmark_samples"": [], ""guard_count"": 0, ""guard_samples"": [], ""connected_maps"": [], ""coordinate_evidence"": ""MapRegion PointRegion centers; no Merchant coordinate snapshot available""}"	[]	"{""status"": ""pass"", ""walkable_cells"": 361, ""total_cells"": 400, ""walkable_ratio"": 0.9025}"	"{""status"": ""pass"", ""walkable_cells"": 361, ""total_cells"": 400, ""walkable_ratio"": 0.9025}"	identity logical-grid coordinates	allowed-after-point-check	high	"{""relation"": ""same local map bytes"", ""hero_kill_sha256"": ""54684b702fd0c54c41492cfac0c3b8dc6c6dd6dc3aad9dda3b5abd5256100910"", ""zircon_sha256"": ""54684b702fd0c54c41492cfac0c3b8dc6c6dd6dc3aad9dda3b5abd5256100910""}"
B136_002	B136_002	/home/tetsuya/mir2ei/Map/B136_002.map	/home/tetsuya/mir2ei/Map/B136_002.map	"{""index"": 744, ""file"": ""B136_002"", ""description"": ""EI B136_002""}"	/home/tetsuya/development/zircon/Debug/ServerCore/Map/B136_002.map	exact	"{""hero_kill"": {""width"": 20, ""height"": 20}, ""zircon"": {""width"": 20, ""height"": 20}}"	"{""region_count"": 0, ""region_landmark_samples"": [], ""guard_count"": 0, ""guard_samples"": [], ""connected_maps"": [], ""coordinate_evidence"": ""MapRegion PointRegion centers; no Merchant coordinate snapshot available""}"	[]	"{""status"": ""pass"", ""walkable_cells"": 361, ""total_cells"": 400, ""walkable_ratio"": 0.9025}"	"{""status"": ""pass"", ""walkable_cells"": 361, ""total_cells"": 400, ""walkable_ratio"": 0.9025}"	identity logical-grid coordinates	allowed-after-point-check	high	"{""relation"": ""same local map bytes"", ""hero_kill_sha256"": ""54684b702fd0c54c41492cfac0c3b8dc6c6dd6dc3aad9dda3b5abd5256100910"", ""zircon_sha256"": ""54684b702fd0c54c41492cfac0c3b8dc6c6dd6dc3aad9dda3b5abd5256100910""}"
B136_003	B136_003	/home/tetsuya/mir2ei/Map/B136_003.map	/home/tetsuya/mir2ei/Map/B136_003.map	"{""index"": 745, ""file"": ""B136_003"", ""description"": ""EI B136_003""}"	/home/tetsuya/development/zircon/Debug/ServerCore/Map/B136_003.map	exact	"{""hero_kill"": {""width"": 22, ""height"": 22}, ""zircon"": {""width"": 22, ""height"": 22}}"	"{""region_count"": 0, ""region_landmark_samples"": [], ""guard_count"": 0, ""guard_samples"": [], ""connected_maps"": [], ""coordinate_evidence"": ""MapRegion PointRegion centers; no Merchant coordinate snapshot available""}"	[]	"{""status"": ""pass"", ""walkable_cells"": 71, ""total_cells"": 484, ""walkable_ratio"": 0.146694}"	"{""status"": ""pass"", ""walkable_cells"": 71, ""total_cells"": 484, ""walkable_ratio"": 0.146694}"	identity logical-grid coordinates	allowed-after-point-check	high	"{""relation"": ""same local map bytes"", ""hero_kill_sha256"": ""e27a08627d7b89c8857bd1b5c4a317ee18cc3d3087f17f9b265807c0168f5a63"", ""zircon_sha256"": ""e27a08627d7b89c8857bd1b5c4a317ee18cc3d3087f17f9b265807c0168f5a63""}"
B137	B137	/home/tetsuya/mir2ei/Map/B137.map	/home/tetsuya/mir2ei/Map/B137.map	"{""index"": 746, ""file"": ""B137"", ""description"": ""EI B137""}"	/home/tetsuya/development/zircon/Debug/ServerCore/Map/B137.map	exact	"{""hero_kill"": {""width"": 22, ""height"": 22}, ""zircon"": {""width"": 22, ""height"": 22}}"	"{""region_count"": 0, ""region_landmark_samples"": [], ""guard_count"": 0, ""guard_samples"": [], ""connected_maps"": [], ""coordinate_evidence"": ""MapRegion PointRegion centers; no Merchant coordinate snapshot available""}"	[]	"{""status"": ""pass"", ""walkable_cells"": 71, ""total_cells"": 484, ""walkable_ratio"": 0.146694}"	"{""status"": ""pass"", ""walkable_cells"": 71, ""total_cells"": 484, ""walkable_ratio"": 0.146694}"	identity logical-grid coordinates	allowed-after-point-check	high	"{""relation"": ""same local map bytes"", ""hero_kill_sha256"": ""e27a08627d7b89c8857bd1b5c4a317ee18cc3d3087f17f9b265807c0168f5a63"", ""zircon_sha256"": ""e27a08627d7b89c8857bd1b5c4a317ee18cc3d3087f17f9b265807c0168f5a63""}"
B138	B138	/home/tetsuya/mir2ei/Map/B138.map	/home/tetsuya/mir2ei/Map/B138.map	"{""index"": 747, ""file"": ""B138"", ""description"": ""EI B138""}"	/home/tetsuya/development/zircon/Debug/ServerCore/Map/B138.map	exact	"{""hero_kill"": {""width"": 22, ""height"": 22}, ""zircon"": {""width"": 22, ""height"": 22}}"	"{""region_count"": 0, ""region_landmark_samples"": [], ""guard_count"": 0, ""guard_samples"": [], ""connected_maps"": [], ""coordinate_evidence"": ""MapRegion PointRegion centers; no Merchant coordinate snapshot available""}"	[]	"{""status"": ""pass"", ""walkable_cells"": 71, ""total_cells"": 484, ""walkable_ratio"": 0.146694}"	"{""status"": ""pass"", ""walkable_cells"": 71, ""total_cells"": 484, ""walkable_ratio"": 0.146694}"	identity logical-grid coordinates	allowed-after-point-check	high	"{""relation"": ""same local map bytes"", ""hero_kill_sha256"": ""e27a08627d7b89c8857bd1b5c4a317ee18cc3d3087f17f9b265807c0168f5a63"", ""zircon_sha256"": ""e27a08627d7b89c8857bd1b5c4a317ee18cc3d3087f17f9b265807c0168f5a63""}"
B138_001	B138_001	/home/tetsuya/mir2ei/Map/B138_001.map	/home/tetsuya/mir2ei/Map/B138_001.map	"{""index"": 748, ""file"": ""B138_001"", ""description"": ""EI B138_001""}"	/home/tetsuya/development/zircon/Debug/ServerCore/Map/B138_001.map	exact	"{""hero_kill"": {""width"": 22, ""height"": 22}, ""zircon"": {""width"": 22, ""height"": 22}}"	"{""region_count"": 0, ""region_landmark_samples"": [], ""guard_count"": 0, ""guard_samples"": [], ""connected_maps"": [], ""coordinate_evidence"": ""MapRegion PointRegion centers; no Merchant coordinate snapshot available""}"	[]	"{""status"": ""pass"", ""walkable_cells"": 71, ""total_cells"": 484, ""walkable_ratio"": 0.146694}"	"{""status"": ""pass"", ""walkable_cells"": 71, ""total_cells"": 484, ""walkable_ratio"": 0.146694}"	identity logical-grid coordinates	allowed-after-point-check	high	"{""relation"": ""same local map bytes"", ""hero_kill_sha256"": ""e27a08627d7b89c8857bd1b5c4a317ee18cc3d3087f17f9b265807c0168f5a63"", ""zircon_sha256"": ""e27a08627d7b89c8857bd1b5c4a317ee18cc3d3087f17f9b265807c0168f5a63""}"
B139	B139	/home/tetsuya/mir2ei/Map/B139.map	/home/tetsuya/mir2ei/Map/B139.map	"{""index"": 749, ""file"": ""B139"", ""description"": ""EI B139""}"	/home/tetsuya/development/zircon/Debug/ServerCore/Map/B139.map	exact	"{""hero_kill"": {""width"": 22, ""height"": 22}, ""zircon"": {""width"": 22, ""height"": 22}}"	"{""region_count"": 0, ""region_landmark_samples"": [], ""guard_count"": 0, ""guard_samples"": [], ""connected_maps"": [], ""coordinate_evidence"": ""MapRegion PointRegion centers; no Merchant coordinate snapshot available""}"	[]	"{""status"": ""pass"", ""walkable_cells"": 71, ""total_cells"": 484, ""walkable_ratio"": 0.146694}"	"{""status"": ""pass"", ""walkable_cells"": 71, ""total_cells"": 484, ""walkable_ratio"": 0.146694}"	identity logical-grid coordinates	allowed-after-point-check	high	"{""relation"": ""same local map bytes"", ""hero_kill_sha256"": ""e27a08627d7b89c8857bd1b5c4a317ee18cc3d3087f17f9b265807c0168f5a63"", ""zircon_sha256"": ""e27a08627d7b89c8857bd1b5c4a317ee18cc3d3087f17f9b265807c0168f5a63""}"
B139_001	B139_001	/home/tetsuya/mir2ei/Map/B139_001.map	/home/tetsuya/mir2ei/Map/B139_001.map	"{""index"": 750, ""file"": ""B139_001"", ""description"": ""暗黑封印""}"	/home/tetsuya/development/zircon/Debug/ServerCore/Map/B139_001.map	exact	"{""hero_kill"": {""width"": 40, ""height"": 40}, ""zircon"": {""width"": 40, ""height"": 40}}"	"{""region_count"": 1, ""region_landmark_samples"": [""B139_001 / Zuma King Spawn""], ""guard_count"": 0, ""guard_samples"": [], ""connected_maps"": [], ""coordinate_evidence"": ""MapRegion PointRegion centers; no Merchant coordinate snapshot available""}"	"[""B139_001 / Zuma King Spawn""]"	"{""status"": ""pass"", ""walkable_cells"": 456, ""total_cells"": 1600, ""walkable_ratio"": 0.285}"	"{""status"": ""pass"", ""walkable_cells"": 456, ""total_cells"": 1600, ""walkable_ratio"": 0.285}"	identity logical-grid coordinates	allowed-after-point-check	high	"{""relation"": ""same local map bytes"", ""hero_kill_sha256"": ""4e4048795fcb180187c0c11068a32ee2220e99b42604d0be7967db717c30974b"", ""zircon_sha256"": ""4e4048795fcb180187c0c11068a32ee2220e99b42604d0be7967db717c30974b""}"
B140	B140	/home/tetsuya/mir2ei/Map/B140.map	/home/tetsuya/mir2ei/Map/B140.map	"{""index"": 751, ""file"": ""B140"", ""description"": ""EI B140""}"	/home/tetsuya/development/zircon/Debug/ServerCore/Map/B140.map	exact	"{""hero_kill"": {""width"": 22, ""height"": 22}, ""zircon"": {""width"": 22, ""height"": 22}}"	"{""region_count"": 0, ""region_landmark_samples"": [], ""guard_count"": 0, ""guard_samples"": [], ""connected_maps"": [], ""coordinate_evidence"": ""MapRegion PointRegion centers; no Merchant coordinate snapshot available""}"	[]	"{""status"": ""pass"", ""walkable_cells"": 71, ""total_cells"": 484, ""walkable_ratio"": 0.146694}"	"{""status"": ""pass"", ""walkable_cells"": 71, ""total_cells"": 484, ""walkable_ratio"": 0.146694}"	identity logical-grid coordinates	allowed-after-point-check	high	"{""relation"": ""same local map bytes"", ""hero_kill_sha256"": ""e27a08627d7b89c8857bd1b5c4a317ee18cc3d3087f17f9b265807c0168f5a63"", ""zircon_sha256"": ""e27a08627d7b89c8857bd1b5c4a317ee18cc3d3087f17f9b265807c0168f5a63""}"
B140_001	B140_001	/home/tetsuya/mir2ei/Map/B140_001.map	/home/tetsuya/mir2ei/Map/B140_001.map	"{""index"": 752, ""file"": ""B140_001"", ""description"": ""EI B140_001""}"	/home/tetsuya/development/zircon/Debug/ServerCore/Map/B140_001.map	exact	"{""hero_kill"": {""width"": 30, ""height"": 30}, ""zircon"": {""width"": 30, ""height"": 30}}"	"{""region_count"": 0, ""region_landmark_samples"": [], ""guard_count"": 0, ""guard_samples"": [], ""connected_maps"": [], ""coordinate_evidence"": ""MapRegion PointRegion centers; no Merchant coordinate snapshot available""}"	[]	"{""status"": ""pass"", ""walkable_cells"": 200, ""total_cells"": 900, ""walkable_ratio"": 0.222222}"	"{""status"": ""pass"", ""walkable_cells"": 200, ""total_cells"": 900, ""walkable_ratio"": 0.222222}"	identity logical-grid coordinates	allowed-after-point-check	high	"{""relation"": ""same local map bytes"", ""hero_kill_sha256"": ""63ba09b1328f5ab2ca1c05c3946257c7ab723002c5b304f6165fa7896af3b96b"", ""zircon_sha256"": ""63ba09b1328f5ab2ca1c05c3946257c7ab723002c5b304f6165fa7896af3b96b""}"
D001_001	D001_001	/home/tetsuya/mir2ei/Map/D001_001.map	/home/tetsuya/mir2ei/Map/D001_001.map	"{""index"": 753, ""file"": ""D001_001"", ""description"": ""半兽勇士洞""}"	/home/tetsuya/development/zircon/Debug/ServerCore/Map/D001_001.map	exact	"{""hero_kill"": {""width"": 30, ""height"": 30}, ""zircon"": {""width"": 30, ""height"": 30}}"	"{""region_count"": 2, ""region_landmark_samples"": [""D001_001 / Teleport Source"", ""D001_001 / Teleport Destination""], ""guard_count"": 0, ""guard_samples"": [], ""connected_maps"": [""D001""], ""coordinate_evidence"": ""MapRegion PointRegion centers; no Merchant coordinate snapshot available""}"	"[""D001_001 / Teleport Source"", ""D001_001 / Teleport Destination""]"	"{""status"": ""pass"", ""walkable_cells"": 150, ""total_cells"": 900, ""walkable_ratio"": 0.166667}"	"{""status"": ""pass"", ""walkable_cells"": 150, ""total_cells"": 900, ""walkable_ratio"": 0.166667}"	identity logical-grid coordinates	allowed-after-point-check	high	"{""relation"": ""same local map bytes"", ""hero_kill_sha256"": ""4a940debb8caf054ad46f9dd3f2601debca5efb8fdb32e934e74b96ce295299c"", ""zircon_sha256"": ""4a940debb8caf054ad46f9dd3f2601debca5efb8fdb32e934e74b96ce295299c""}"
D002_001	D002_001	/home/tetsuya/mir2ei/Map/D002_001.map	/home/tetsuya/mir2ei/Map/D002_001.map	"{""index"": 754, ""file"": ""D002_001"", ""description"": ""骷髅精灵洞""}"	/home/tetsuya/development/zircon/Debug/ServerCore/Map/D002_001.map	exact	"{""hero_kill"": {""width"": 30, ""height"": 30}, ""zircon"": {""width"": 30, ""height"": 30}}"	"{""region_count"": 2, ""region_landmark_samples"": [""D002_001 / Teleport Source"", ""D002_001 / Teleport Destination""], ""guard_count"": 0, ""guard_samples"": [], ""connected_maps"": [""D002""], ""coordinate_evidence"": ""MapRegion PointRegion centers; no Merchant coordinate snapshot available""}"	"[""D002_001 / Teleport Source"", ""D002_001 / Teleport Destination""]"	"{""status"": ""pass"", ""walkable_cells"": 150, ""total_cells"": 900, ""walkable_ratio"": 0.166667}"	"{""status"": ""pass"", ""walkable_cells"": 150, ""total_cells"": 900, ""walkable_ratio"": 0.166667}"	identity logical-grid coordinates	allowed-after-point-check	high	"{""relation"": ""same local map bytes"", ""hero_kill_sha256"": ""4a940debb8caf054ad46f9dd3f2601debca5efb8fdb32e934e74b96ce295299c"", ""zircon_sha256"": ""4a940debb8caf054ad46f9dd3f2601debca5efb8fdb32e934e74b96ce295299c""}"
D011	D011	/home/tetsuya/mir2ei/Map/D011.map	/home/tetsuya/mir2ei/Map/D011.map	"{""index"": 755, ""file"": ""D011"", ""description"": ""天然洞穴1层""}"	/home/tetsuya/development/zircon/Debug/ServerCore/Map/D011.map	exact	"{""hero_kill"": {""width"": 400, ""height"": 400}, ""zircon"": {""width"": 400, ""height"": 400}}"	"{""region_count"": 23, ""region_landmark_samples"": [""D011 / Skeleton Spawn"", ""D011 / Skeleton Warrior Spawn"", ""D011 / Scorpion Spawn"", ""D011 / Cave Maggot Spawn"", ""D011 / Skeleton Spawn"", ""D011 / Skeleton Warrior Spawn"", ""D011 / Skeleton Spawn"", ""D011 / Teleport Destination"", ""D011 / Teleport Source"", ""D011 / Teleport Source"", ""D011 / Teleport Source"", ""D011 / Teleport Destination"", ""D011 / Teleport Source"", ""D011 / Teleport Destination"", ""D011 / Chicken Spawn"", ""D011 / Cow Spawn"", ""D011 / Pig Spawn"", ""D011 / Sheep Spawn"", ""D011 / Teleport Destination"", ""D011 / Teleport Destination"", ""D011 / Teleport Source"", ""D011 / Teleport Source"", ""D011 / Teleport Source""], ""guard_count"": 0, ""guard_samples"": [], ""connected_maps"": [""02"", ""D012""], ""coordinate_evidence"": ""MapRegion PointRegion centers; no Merchant coordinate snapshot available""}"	"[""D011 / Skeleton Spawn"", ""D011 / Skeleton Warrior Spawn"", ""D011 / Scorpion Spawn"", ""D011 / Cave Maggot Spawn"", ""D011 / Skeleton Spawn"", ""D011 / Skeleton Warrior Spawn"", ""D011 / Skeleton Spawn"", ""D011 / Teleport Destination"", ""D011 / Teleport Source"", ""D011 / Teleport Source"", ""D011 / Teleport Source"", ""D011 / Teleport Destination"", ""D011 / Teleport Source"", ""D011 / Teleport Destination"", ""D011 / Chicken Spawn"", ""D011 / Cow Spawn"", ""D011 / Pig Spawn"", ""D011 / Sheep Spawn"", ""D011 / Teleport Destination"", ""D011 / Teleport Destination"", ""D011 / Teleport Source"", ""D011 / Teleport Source"", ""D011 / Teleport Source""]"	"{""status"": ""pass"", ""walkable_cells"": 31578, ""total_cells"": 160000, ""walkable_ratio"": 0.197362}"	"{""status"": ""pass"", ""walkable_cells"": 31578, ""total_cells"": 160000, ""walkable_ratio"": 0.197362}"	identity logical-grid coordinates	allowed-after-point-check	high	"{""relation"": ""same local map bytes"", ""hero_kill_sha256"": ""2326ac95a791eff6016052eed0bc56f1040f473e9fbb4ecad47f8d28f97bf007"", ""zircon_sha256"": ""2326ac95a791eff6016052eed0bc56f1040f473e9fbb4ecad47f8d28f97bf007""}"
D012	D012	/home/tetsuya/mir2ei/Map/D012.map	/home/tetsuya/mir2ei/Map/D012.map	"{""index"": 756, ""file"": ""D012"", ""description"": ""天然洞穴2层""}"	/home/tetsuya/development/zircon/Debug/ServerCore/Map/D012.map	exact	"{""hero_kill"": {""width"": 400, ""height"": 400}, ""zircon"": {""width"": 400, ""height"": 400}}"	"{""region_count"": 19, ""region_landmark_samples"": [""D012 / Skeleton Warrior Spawn"", ""D012 / Skeleton Enforcer Spawn"", ""D012 / Skeleton Axe Thrower Spawn"", ""D012 / Scorpion Spawn"", ""D012 / Cave Maggot Spawn"", ""D012 / Skeleton Warrior Spawn"", ""D012 / Skeleton Enforcer Spawn"", ""D012 / Skeleton Axe Thrower Spawn"", ""D012 / Skeleton Spawn"", ""D012 / Teleport Destination"", ""D012 / Teleport Source"", ""D012 / Teleport Destination"", ""D012 / Teleport Source"", ""D012 / Teleport Destination"", ""D012 / Teleport Source"", ""D012 / Teleport Source"", ""D012 / Teleport Destination"", ""D012 / Teleport Destination"", ""D012 / Teleport Source""], ""guard_count"": 0, ""guard_samples"": [], ""connected_maps"": [""D011"", ""D012_001"", ""DM011"", ""E002""], ""coordinate_evidence"": ""MapRegion PointRegion centers; no Merchant coordinate snapshot available""}"	"[""D012 / Skeleton Warrior Spawn"", ""D012 / Skeleton Enforcer Spawn"", ""D012 / Skeleton Axe Thrower Spawn"", ""D012 / Scorpion Spawn"", ""D012 / Cave Maggot Spawn"", ""D012 / Skeleton Warrior Spawn"", ""D012 / Skeleton Enforcer Spawn"", ""D012 / Skeleton Axe Thrower Spawn"", ""D012 / Skeleton Spawn"", ""D012 / Teleport Destination"", ""D012 / Teleport Source"", ""D012 / Teleport Destination"", ""D012 / Teleport Source"", ""D012 / Teleport Destination"", ""D012 / Teleport Source"", ""D012 / Teleport Source"", ""D012 / Teleport Destination"", ""D012 / Teleport Destination"", ""D012 / Teleport Source""]"	"{""status"": ""pass"", ""walkable_cells"": 43873, ""total_cells"": 160000, ""walkable_ratio"": 0.274206}"	"{""status"": ""pass"", ""walkable_cells"": 43873, ""total_cells"": 160000, ""walkable_ratio"": 0.274206}"	identity logical-grid coordinates	allowed-after-point-check	high	"{""relation"": ""same local map bytes"", ""hero_kill_sha256"": ""0659acf68bda7aa70009233b0b45c1f8f80cfc8e643f47cef912191d5425737a"", ""zircon_sha256"": ""0659acf68bda7aa70009233b0b45c1f8f80cfc8e643f47cef912191d5425737a""}"
D012_001	D012_001	/home/tetsuya/mir2ei/Map/D012_001.map	/home/tetsuya/mir2ei/Map/D012_001.map	"{""index"": 757, ""file"": ""D012_001"", ""description"": ""天然洞穴2层""}"	/home/tetsuya/development/zircon/Debug/ServerCore/Map/D012_001.map	exact	"{""hero_kill"": {""width"": 20, ""height"": 20}, ""zircon"": {""width"": 20, ""height"": 20}}"	"{""region_count"": 3, ""region_landmark_samples"": [""D012_001 / Teleport Source"", ""D012_001 / Teleport Destination""], ""guard_count"": 0, ""guard_samples"": [], ""connected_maps"": [""D012""], ""coordinate_evidence"": ""MapRegion PointRegion centers; no Merchant coordinate snapshot available""}"	"[""D012_001 / Teleport Source"", ""D012_001 / Teleport Destination""]"	"{""status"": ""pass"", ""walkable_cells"": 55, ""total_cells"": 400, ""walkable_ratio"": 0.1375}"	"{""status"": ""pass"", ""walkable_cells"": 55, ""total_cells"": 400, ""walkable_ratio"": 0.1375}"	identity logical-grid coordinates	allowed-after-point-check	high	"{""relation"": ""same local map bytes"", ""hero_kill_sha256"": ""6593611242a47fcaf3a23b4fbf97ac584d3025358960fd8acc4111086c88cd67"", ""zircon_sha256"": ""6593611242a47fcaf3a23b4fbf97ac584d3025358960fd8acc4111086c88cd67""}"
D021	D021	/home/tetsuya/mir2ei/Map/D021.map	/home/tetsuya/mir2ei/Map/D021.map	"{""index"": 758, ""file"": ""D021"", ""description"": ""沃玛神殿入口""}"	/home/tetsuya/development/zircon/Debug/ServerCore/Map/D021.map	exact	"{""hero_kill"": {""width"": 100, ""height"": 100}, ""zircon"": {""width"": 100, ""height"": 100}}"	"{""region_count"": 16, ""region_landmark_samples"": [""D021 / Cave Bat Spawn"", ""D021 / Cave Maggot Spawn"", ""D021 / Teleport Destination"", ""D021 / Teleport Destination"", ""D021 / Teleport Source"", ""D021 / Teleport Source"", ""D021 / Teleport Source"", ""D021 / Teleport Source"", ""D021 / Teleport Destination"", ""D021 / Teleport Destination"", ""D021 / Teleport Source"", ""D021 / Teleport Destination"", ""D021 / Teleport Destination"", ""D021 / Teleport Source"", ""D021 / Teleport Destination"", ""D021 / Teleport Destination""], ""guard_count"": 0, ""guard_samples"": [], ""connected_maps"": [""1"", ""D022"", ""D032"", ""D042""], ""coordinate_evidence"": ""MapRegion PointRegion centers; no Merchant coordinate snapshot available""}"	"[""D021 / Cave Bat Spawn"", ""D021 / Cave Maggot Spawn"", ""D021 / Teleport Destination"", ""D021 / Teleport Destination"", ""D021 / Teleport Source"", ""D021 / Teleport Source"", ""D021 / Teleport Source"", ""D021 / Teleport Source"", ""D021 / Teleport Destination"", ""D021 / Teleport Destination"", ""D021 / Teleport Source"", ""D021 / Teleport Destination"", ""D021 / Teleport Destination"", ""D021 / Teleport Source"", ""D021 / Teleport Destination"", ""D021 / Teleport Destination""]"	"{""status"": ""pass"", ""walkable_cells"": 3152, ""total_cells"": 10000, ""walkable_ratio"": 0.3152}"	"{""status"": ""pass"", ""walkable_cells"": 3152, ""total_cells"": 10000, ""walkable_ratio"": 0.3152}"	identity logical-grid coordinates	allowed-after-point-check	high	"{""relation"": ""same local map bytes"", ""hero_kill_sha256"": ""0c7f2d3f6e91f435d7efaefb76b4d3f0cb21941694ae89e71671511c5932b2db"", ""zircon_sha256"": ""0c7f2d3f6e91f435d7efaefb76b4d3f0cb21941694ae89e71671511c5932b2db""}"
D022	D022	/home/tetsuya/mir2ei/Map/D022.map	/home/tetsuya/mir2ei/Map/D022.map	"{""index"": 759, ""file"": ""D022"", ""description"": ""沃玛神殿1层""}"	/home/tetsuya/development/zircon/Debug/ServerCore/Map/D022.map	exact	"{""hero_kill"": {""width"": 500, ""height"": 500}, ""zircon"": {""width"": 500, ""height"": 500}}"	"{""region_count"": 27, ""region_landmark_samples"": [""D022 / Larva Spawn"", ""D022 / Uma Infidel Spawn"", ""D022 / Uma Anguisher Spawn"", ""D022 / Uma Flame Thrower Spawn"", ""D022 / Uma Flame Thrower Spawn"", ""D022 / Cave Bat Spawn"", ""D022 / Uma Anguisher Spawn"", ""D022 / Uma Flame Thrower Spawn"", ""D022 / Uma Flame Thrower Spawn"", ""D022 / Uma King Spawn"", ""D022 / Uma Anguisher Spawn"", ""D022 / Teleport Destination"", ""D022 / Teleport Destination"", ""D022 / Teleport Source"", ""D022 / Teleport Source"", ""D022 / Teleport Source"", ""D022 / Teleport Source"", ""D022 / Teleport Destination"", ""D022 / Teleport Destination"", ""D022 / Teleport Destination"", ""D022 / Teleport Destination"", ""D022 / Teleport Destination"", ""D022 / Teleport Destination"", ""D022 / Teleport Destination"", ""D022 / Teleport Destination"", ""D022 / Teleport Destination""], ""guard_count"": 0, ""guard_samples"": [], ""connected_maps"": [""D021"", ""D022_001"", ""D023""], ""coordinate_evidence"": ""MapRegion PointRegion centers; no Merchant coordinate snapshot available""}"	"[""D022 / Larva Spawn"", ""D022 / Uma Infidel Spawn"", ""D022 / Uma Anguisher Spawn"", ""D022 / Uma Flame Thrower Spawn"", ""D022 / Uma Flame Thrower Spawn"", ""D022 / Cave Bat Spawn"", ""D022 / Uma Anguisher Spawn"", ""D022 / Uma Flame Thrower Spawn"", ""D022 / Uma Flame Thrower Spawn"", ""D022 / Uma King Spawn"", ""D022 / Uma Anguisher Spawn"", ""D022 / Teleport Destination"", ""D022 / Teleport Destination"", ""D022 / Teleport Source"", ""D022 / Teleport Source"", ""D022 / Teleport Source"", ""D022 / Teleport Source"", ""D022 / Teleport Destination"", ""D022 / Teleport Destination"", ""D022 / Teleport Destination"", ""D022 / Teleport Destination"", ""D022 / Teleport Destination"", ""D022 / Teleport Destination"", ""D022 / Teleport Destination"", ""D022 / Teleport Destination"", ""D022 / Teleport Destination""]"	"{""status"": ""pass"", ""walkable_cells"": 31244, ""total_cells"": 250000, ""walkable_ratio"": 0.124976}"	"{""status"": ""pass"", ""walkable_cells"": 31244, ""total_cells"": 250000, ""walkable_ratio"": 0.124976}"	identity logical-grid coordinates	allowed-after-point-check	high	"{""relation"": ""same local map bytes"", ""hero_kill_sha256"": ""6c52cf2bbef5759ec7191453cef5c314eb9625a93416c4e56cae00055240a13e"", ""zircon_sha256"": ""6c52cf2bbef5759ec7191453cef5c314eb9625a93416c4e56cae00055240a13e""}"
D022_001	D022_001	/home/tetsuya/mir2ei/Map/D022_001.map	/home/tetsuya/mir2ei/Map/D022_001.map	"{""index"": 760, ""file"": ""D022_001"", ""description"": ""沃玛神殿1层""}"	/home/tetsuya/development/zircon/Debug/ServerCore/Map/D022_001.map	exact	"{""hero_kill"": {""width"": 80, ""height"": 80}, ""zircon"": {""width"": 80, ""height"": 80}}"	"{""region_count"": 12, ""region_landmark_samples"": [""D022_001 / Uma Flame Thrower Spawn"", ""D022_001 / Uma Flame Thrower Spawn"", ""D022_001 / Uma Flame Thrower Spawn"", ""D022_001 / Uma Flame Thrower Spawn"", ""D022_001 / Teleport Source"", ""D022_001 / Teleport Source"", ""D022_001 / Teleport Source"", ""D022_001 / Teleport Source"", ""D022_001 / Teleport Source"", ""D022_001 / Teleport Source"", ""D022_001 / Teleport Source""], ""guard_count"": 0, ""guard_samples"": [], ""connected_maps"": [""D022""], ""coordinate_evidence"": ""MapRegion PointRegion centers; no Merchant coordinate snapshot available""}"	"[""D022_001 / Uma Flame Thrower Spawn"", ""D022_001 / Uma Flame Thrower Spawn"", ""D022_001 / Uma Flame Thrower Spawn"", ""D022_001 / Uma Flame Thrower Spawn"", ""D022_001 / Teleport Source"", ""D022_001 / Teleport Source"", ""D022_001 / Teleport Source"", ""D022_001 / Teleport Source"", ""D022_001 / Teleport Source"", ""D022_001 / Teleport Source"", ""D022_001 / Teleport Source""]"	"{""status"": ""pass"", ""walkable_cells"": 1195, ""total_cells"": 6400, ""walkable_ratio"": 0.186719}"	"{""status"": ""pass"", ""walkable_cells"": 1195, ""total_cells"": 6400, ""walkable_ratio"": 0.186719}"	identity logical-grid coordinates	allowed-after-point-check	high	"{""relation"": ""same local map bytes"", ""hero_kill_sha256"": ""0fcec8341361918dd384789df09f4b81b7cbd4ce8e95337201320a61f48a1301"", ""zircon_sha256"": ""0fcec8341361918dd384789df09f4b81b7cbd4ce8e95337201320a61f48a1301""}"
D023	D023	/home/tetsuya/mir2ei/Map/D023.map	/home/tetsuya/mir2ei/Map/D023.map	"{""index"": 761, ""file"": ""D023"", ""description"": ""沃玛神殿2层""}"	/home/tetsuya/development/zircon/Debug/ServerCore/Map/D023.map	exact	"{""hero_kill"": {""width"": 400, ""height"": 400}, ""zircon"": {""width"": 400, ""height"": 400}}"	"{""region_count"": 30, ""region_landmark_samples"": [""D023 / Dark Stone Spawn"", ""D023 / Larva Spawn"", ""D023 / Uma Infidel Spawn"", ""D023 / Uma Anguisher Spawn"", ""D023 / Uma Flame Thrower Spawn"", ""D023 / Uma Flame Thrower Spawn"", ""D023 / Dark Stone Spawn"", ""D023 / Uma Anguisher Spawn"", ""D023 / Uma Flame Thrower Spawn"", ""D023 / Uma King Spawn"", ""D023 / Uma Anguisher Spawn"", ""D023 / Uma King Spawn"", ""D023 / Teleport Destination"", ""D023 / Teleport Destination"", ""D023 / Teleport Source"", ""D023 / Teleport Source"", ""D023 / Teleport Source"", ""D023 / Teleport Destination"", ""D023 / Teleport Source"", ""D023 / Teleport Source"", ""D023 / Teleport Destination"", ""D023 / Teleport Source"", ""D023 / Teleport Source"", ""D023 / Teleport Source"", ""D023 / Uma King Spawn"", ""D023 / Teleport Destination"", ""D023 / Teleport Destination"", ""D023 / Teleport Source"", ""D023 / Teleport Source"", ""D023 / Teleport Source""], ""guard_count"": 0, ""guard_samples"": [], ""connected_maps"": [""1"", ""1_015"", ""D022"", ""D023_001"", ""D023_002"", ""D024""], ""coordinate_evidence"": ""MapRegion PointRegion centers; no Merchant coordinate snapshot available""}"	"[""D023 / Dark Stone Spawn"", ""D023 / Larva Spawn"", ""D023 / Uma Infidel Spawn"", ""D023 / Uma Anguisher Spawn"", ""D023 / Uma Flame Thrower Spawn"", ""D023 / Uma Flame Thrower Spawn"", ""D023 / Dark Stone Spawn"", ""D023 / Uma Anguisher Spawn"", ""D023 / Uma Flame Thrower Spawn"", ""D023 / Uma King Spawn"", ""D023 / Uma Anguisher Spawn"", ""D023 / Uma King Spawn"", ""D023 / Teleport Destination"", ""D023 / Teleport Destination"", ""D023 / Teleport Source"", ""D023 / Teleport Source"", ""D023 / Teleport Source"", ""D023 / Teleport Destination"", ""D023 / Teleport Source"", ""D023 / Teleport Source"", ""D023 / Teleport Destination"", ""D023 / Teleport Source"", ""D023 / Teleport Source"", ""D023 / Teleport Source"", ""D023 / Uma King Spawn"", ""D023 / Teleport Destination"", ""D023 / Teleport Destination"", ""D023 / Teleport Source"", ""D023 / Teleport Source"", ""D023 / Teleport Source""]"	"{""status"": ""pass"", ""walkable_cells"": 33203, ""total_cells"": 160000, ""walkable_ratio"": 0.207519}"	"{""status"": ""pass"", ""walkable_cells"": 33203, ""total_cells"": 160000, ""walkable_ratio"": 0.207519}"	identity logical-grid coordinates	allowed-after-point-check	high	"{""relation"": ""same local map bytes"", ""hero_kill_sha256"": ""f00864f7f053d2d91a033301d055e4b132fc08a9d12dfd4c86d99044f9294561"", ""zircon_sha256"": ""f00864f7f053d2d91a033301d055e4b132fc08a9d12dfd4c86d99044f9294561""}"
D023_001	D023_001	/home/tetsuya/mir2ei/Map/D023_001.map	/home/tetsuya/mir2ei/Map/D023_001.map	"{""index"": 762, ""file"": ""D023_001"", ""description"": ""沃玛神殿师徒关""}"	/home/tetsuya/development/zircon/Debug/ServerCore/Map/D023_001.map	exact	"{""hero_kill"": {""width"": 40, ""height"": 40}, ""zircon"": {""width"": 40, ""height"": 40}}"	"{""region_count"": 4, ""region_landmark_samples"": [""D023_001 / Teleport Source"", ""D023_001 / Teleport Destination"", ""D023_001 / Teleport Destination""], ""guard_count"": 0, ""guard_samples"": [], ""connected_maps"": [""D023""], ""coordinate_evidence"": ""MapRegion PointRegion centers; no Merchant coordinate snapshot available""}"	"[""D023_001 / Teleport Source"", ""D023_001 / Teleport Destination"", ""D023_001 / Teleport Destination""]"	"{""status"": ""pass"", ""walkable_cells"": 258, ""total_cells"": 1600, ""walkable_ratio"": 0.16125}"	"{""status"": ""pass"", ""walkable_cells"": 258, ""total_cells"": 1600, ""walkable_ratio"": 0.16125}"	identity logical-grid coordinates	allowed-after-point-check	high	"{""relation"": ""same local map bytes"", ""hero_kill_sha256"": ""a67284274df6de025da2e39442e4dbb144ada6909124637ccddafca9202a196e"", ""zircon_sha256"": ""a67284274df6de025da2e39442e4dbb144ada6909124637ccddafca9202a196e""}"
D023_002	D023_002	/home/tetsuya/mir2ei/Map/D023_002.map	/home/tetsuya/mir2ei/Map/D023_002.map	"{""index"": 763, ""file"": ""D023_002"", ""description"": ""沃玛神殿师徒关""}"	/home/tetsuya/development/zircon/Debug/ServerCore/Map/D023_002.map	exact	"{""hero_kill"": {""width"": 40, ""height"": 40}, ""zircon"": {""width"": 40, ""height"": 40}}"	"{""region_count"": 1, ""region_landmark_samples"": [""D023_002 / Teleport Source""], ""guard_count"": 0, ""guard_samples"": [], ""connected_maps"": [""D023""], ""coordinate_evidence"": ""MapRegion PointRegion centers; no Merchant coordinate snapshot available""}"	"[""D023_002 / Teleport Source""]"	"{""status"": ""pass"", ""walkable_cells"": 258, ""total_cells"": 1600, ""walkable_ratio"": 0.16125}"	"{""status"": ""pass"", ""walkable_cells"": 258, ""total_cells"": 1600, ""walkable_ratio"": 0.16125}"	identity logical-grid coordinates	allowed-after-point-check	high	"{""relation"": ""same local map bytes"", ""hero_kill_sha256"": ""a67284274df6de025da2e39442e4dbb144ada6909124637ccddafca9202a196e"", ""zircon_sha256"": ""a67284274df6de025da2e39442e4dbb144ada6909124637ccddafca9202a196e""}"
D024	D024	/home/tetsuya/mir2ei/Map/D024.map	/home/tetsuya/mir2ei/Map/D024.map	"{""index"": 764, ""file"": ""D024"", ""description"": ""沃玛神殿""}"	/home/tetsuya/development/zircon/Debug/ServerCore/Map/D024.map	variant	"{""hero_kill"": {""width"": 100, ""height"": 100}, ""zircon"": {""width"": 100, ""height"": 100}}"	"{""region_count"": 13, ""region_landmark_samples"": [""D024 / Uma Anguisher Spawn"", ""D024 / Uma Flame Thrower Spawn"", ""D024 / Uma Flame Thrower Spawn"", ""D024 / Dark Stone Spawn"", ""D024 / Uma King Spawn"", ""D024 / Uma Anguisher Spawn"", ""D024 / Uma Flame Thrower Spawn"", ""D024 / Uma Flame Thrower Spawn"", ""D024 / Dark Stone Spawn"", ""D024 / Teleport Destination"", ""D024 / Teleport Destination"", ""D024 / Teleport Destination"", ""D024 / Teleport Destination""], ""guard_count"": 0, ""guard_samples"": [], ""connected_maps"": [""D023"", ""D033"", ""D043""], ""coordinate_evidence"": ""MapRegion PointRegion centers; no Merchant coordinate snapshot available""}"	"[""D024 / Uma Anguisher Spawn"", ""D024 / Uma Flame Thrower Spawn"", ""D024 / Uma Flame Thrower Spawn"", ""D024 / Dark Stone Spawn"", ""D024 / Uma King Spawn"", ""D024 / Uma Anguisher Spawn"", ""D024 / Uma Flame Thrower Spawn"", ""D024 / Uma Flame Thrower Spawn"", ""D024 / Dark Stone Spawn"", ""D024 / Teleport Destination"", ""D024 / Teleport Destination"", ""D024 / Teleport Destination"", ""D024 / Teleport Destination""]"	"{""status"": ""pass"", ""walkable_cells"": 3221, ""total_cells"": 10000, ""walkable_ratio"": 0.3221}"	"{""status"": ""pass"", ""walkable_cells"": 3219, ""total_cells"": 10000, ""walkable_ratio"": 0.3219}"	pending landmark mapping; no blind coordinate reuse	blocked	low	"{""relation"": ""same dimensions, different map bytes"", ""hero_kill_sha256"": ""d713345c57065b1c6d9f9c75d0532a566dd944b7c8a044b430e166158b297a3a"", ""zircon_sha256"": ""e48ec5674cf902925fa247760c49080f059177d8007df49a2090ba5129a95861""}"
D032	D032	/home/tetsuya/mir2ei/Map/D032.map	/home/tetsuya/mir2ei/Map/D032.map	"{""index"": 765, ""file"": ""D032"", ""description"": ""沃玛神殿1层""}"	/home/tetsuya/development/zircon/Debug/ServerCore/Map/D032.map	exact	"{""hero_kill"": {""width"": 500, ""height"": 500}, ""zircon"": {""width"": 500, ""height"": 500}}"	"{""region_count"": 19, ""region_landmark_samples"": [""D032 / Larva Spawn"", ""D032 / Uma Infidel Spawn"", ""D032 / Uma Anguisher Spawn"", ""D032 / Uma Flame Thrower Spawn"", ""D032 / Uma Flame Thrower Spawn"", ""D032 / Cave Bat Spawn"", ""D032 / Uma Infidel Spawn"", ""D032 / Uma Anguisher Spawn"", ""D032 / Uma Flame Thrower Spawn"", ""D032 / Cave Bat Spawn"", ""D032 / Uma King Spawn"", ""D032 / Uma Anguisher Spawn"", ""D032 / Teleport Destination"", ""D032 / Teleport Source"", ""D032 / Teleport Source"", ""D032 / Teleport Source"", ""D032 / Teleport Source"", ""D032 / Teleport Destination"", ""D032 / Teleport Destination""], ""guard_count"": 0, ""guard_samples"": [], ""connected_maps"": [""D021"", ""D033""], ""coordinate_evidence"": ""MapRegion PointRegion centers; no Merchant coordinate snapshot available""}"	"[""D032 / Larva Spawn"", ""D032 / Uma Infidel Spawn"", ""D032 / Uma Anguisher Spawn"", ""D032 / Uma Flame Thrower Spawn"", ""D032 / Uma Flame Thrower Spawn"", ""D032 / Cave Bat Spawn"", ""D032 / Uma Infidel Spawn"", ""D032 / Uma Anguisher Spawn"", ""D032 / Uma Flame Thrower Spawn"", ""D032 / Cave Bat Spawn"", ""D032 / Uma King Spawn"", ""D032 / Uma Anguisher Spawn"", ""D032 / Teleport Destination"", ""D032 / Teleport Source"", ""D032 / Teleport Source"", ""D032 / Teleport Source"", ""D032 / Teleport Source"", ""D032 / Teleport Destination"", ""D032 / Teleport Destination""]"	"{""status"": ""pass"", ""walkable_cells"": 31219, ""total_cells"": 250000, ""walkable_ratio"": 0.124876}"	"{""status"": ""pass"", ""walkable_cells"": 31219, ""total_cells"": 250000, ""walkable_ratio"": 0.124876}"	identity logical-grid coordinates	allowed-after-point-check	high	"{""relation"": ""same local map bytes"", ""hero_kill_sha256"": ""caba7dbf373cdfff0022936b2e889254cca8cb1dc0d86859c634f09737fd440c"", ""zircon_sha256"": ""caba7dbf373cdfff0022936b2e889254cca8cb1dc0d86859c634f09737fd440c""}"
D033	D033	/home/tetsuya/mir2ei/Map/D033.map	/home/tetsuya/mir2ei/Map/D033.map	"{""index"": 766, ""file"": ""D033"", ""description"": ""沃玛神殿2层""}"	/home/tetsuya/development/zircon/Debug/ServerCore/Map/D033.map	exact	"{""hero_kill"": {""width"": 400, ""height"": 400}, ""zircon"": {""width"": 400, ""height"": 400}}"	"{""region_count"": 18, ""region_landmark_samples"": [""D033 / Dark Stone Spawn"", ""D033 / Larva Spawn"", ""D033 / Uma Infidel Spawn"", ""D033 / Uma Anguisher Spawn"", ""D033 / Uma Flame Thrower Spawn"", ""D033 / Uma Flame Thrower Spawn"", ""D033 / Dark Stone Spawn"", ""D033 / Uma Infidel Spawn"", ""D033 / Uma Flame Thrower Spawn"", ""D033 / Uma Flame Thrower Spawn"", ""D033 / Uma King Spawn"", ""D033 / Uma Anguisher Spawn"", ""D033 / Uma King Spawn"", ""D033 / Teleport Destination"", ""D033 / Teleport Destination"", ""D033 / Teleport Source"", ""D033 / Teleport Source"", ""D033 / Teleport Source""], ""guard_count"": 0, ""guard_samples"": [], ""connected_maps"": [""D024"", ""D032""], ""coordinate_evidence"": ""MapRegion PointRegion centers; no Merchant coordinate snapshot available""}"	"[""D033 / Dark Stone Spawn"", ""D033 / Larva Spawn"", ""D033 / Uma Infidel Spawn"", ""D033 / Uma Anguisher Spawn"", ""D033 / Uma Flame Thrower Spawn"", ""D033 / Uma Flame Thrower Spawn"", ""D033 / Dark Stone Spawn"", ""D033 / Uma Infidel Spawn"", ""D033 / Uma Flame Thrower Spawn"", ""D033 / Uma Flame Thrower Spawn"", ""D033 / Uma King Spawn"", ""D033 / Uma Anguisher Spawn"", ""D033 / Uma King Spawn"", ""D033 / Teleport Destination"", ""D033 / Teleport Destination"", ""D033 / Teleport Source"", ""D033 / Teleport Source"", ""D033 / Teleport Source""]"	"{""status"": ""pass"", ""walkable_cells"": 33236, ""total_cells"": 160000, ""walkable_ratio"": 0.207725}"	"{""status"": ""pass"", ""walkable_cells"": 33236, ""total_cells"": 160000, ""walkable_ratio"": 0.207725}"	identity logical-grid coordinates	allowed-after-point-check	high	"{""relation"": ""same local map bytes"", ""hero_kill_sha256"": ""0b9309b3b8d07c55d5f403187b1d38704e3cf91f666c796512e69647429530bf"", ""zircon_sha256"": ""0b9309b3b8d07c55d5f403187b1d38704e3cf91f666c796512e69647429530bf""}"
D042	D042	/home/tetsuya/mir2ei/Map/D042.map	/home/tetsuya/mir2ei/Map/D042.map	"{""index"": 767, ""file"": ""D042"", ""description"": ""沃玛神殿1层""}"	/home/tetsuya/development/zircon/Debug/ServerCore/Map/D042.map	exact	"{""hero_kill"": {""width"": 500, ""height"": 500}, ""zircon"": {""width"": 500, ""height"": 500}}"	"{""region_count"": 18, ""region_landmark_samples"": [""D042 / Larva Spawn"", ""D042 / Uma Infidel Spawn"", ""D042 / Uma Anguisher Spawn"", ""D042 / Uma Flame Thrower Spawn"", ""D042 / Uma Flame Thrower Spawn"", ""D042 / Cave Bat Spawn"", ""D042 / Uma Anguisher Spawn"", ""D042 / Uma Flame Thrower Spawn"", ""D042 / Cave Bat Spawn"", ""D042 / Uma King Spawn"", ""D042 / Uma Anguisher Spawn"", ""D042 / Teleport Destination"", ""D042 / Teleport Source"", ""D042 / Teleport Source"", ""D042 / Teleport Source"", ""D042 / Teleport Source"", ""D042 / Teleport Destination"", ""D042 / Teleport Destination""], ""guard_count"": 0, ""guard_samples"": [], ""connected_maps"": [""D021"", ""D043""], ""coordinate_evidence"": ""MapRegion PointRegion centers; no Merchant coordinate snapshot available""}"	"[""D042 / Larva Spawn"", ""D042 / Uma Infidel Spawn"", ""D042 / Uma Anguisher Spawn"", ""D042 / Uma Flame Thrower Spawn"", ""D042 / Uma Flame Thrower Spawn"", ""D042 / Cave Bat Spawn"", ""D042 / Uma Anguisher Spawn"", ""D042 / Uma Flame Thrower Spawn"", ""D042 / Cave Bat Spawn"", ""D042 / Uma King Spawn"", ""D042 / Uma Anguisher Spawn"", ""D042 / Teleport Destination"", ""D042 / Teleport Source"", ""D042 / Teleport Source"", ""D042 / Teleport Source"", ""D042 / Teleport Source"", ""D042 / Teleport Destination"", ""D042 / Teleport Destination""]"	"{""status"": ""pass"", ""walkable_cells"": 31303, ""total_cells"": 250000, ""walkable_ratio"": 0.125212}"	"{""status"": ""pass"", ""walkable_cells"": 31303, ""total_cells"": 250000, ""walkable_ratio"": 0.125212}"	identity logical-grid coordinates	allowed-after-point-check	high	"{""relation"": ""same local map bytes"", ""hero_kill_sha256"": ""1de0d7527c975fe541dda0e57623c481046c4d43d3920eca9241e3c7589cf8da"", ""zircon_sha256"": ""1de0d7527c975fe541dda0e57623c481046c4d43d3920eca9241e3c7589cf8da""}"
D043	D043	/home/tetsuya/mir2ei/Map/D043.map	/home/tetsuya/mir2ei/Map/D043.map	"{""index"": 768, ""file"": ""D043"", ""description"": ""沃玛神殿2层""}"	/home/tetsuya/development/zircon/Debug/ServerCore/Map/D043.map	exact	"{""hero_kill"": {""width"": 400, ""height"": 400}, ""zircon"": {""width"": 400, ""height"": 400}}"	"{""region_count"": 17, ""region_landmark_samples"": [""D043 / Dark Stone Spawn"", ""D043 / Larva Spawn"", ""D043 / Uma Infidel Spawn"", ""D043 / Uma Anguisher Spawn"", ""D043 / Uma Flame Thrower Spawn"", ""D043 / Uma Flame Thrower Spawn"", ""D043 / Uma Infidel Spawn"", ""D043 / Uma Anguisher Spawn"", ""D043 / Uma Flame Thrower Spawn"", ""D043 / Uma King Spawn"", ""D043 / Uma Anguisher Spawn"", ""D043 / Uma King Spawn"", ""D043 / Teleport Destination"", ""D043 / Teleport Destination"", ""D043 / Teleport Source"", ""D043 / Teleport Source"", ""D043 / Teleport Source""], ""guard_count"": 0, ""guard_samples"": [], ""connected_maps"": [""D024"", ""D042""], ""coordinate_evidence"": ""MapRegion PointRegion centers; no Merchant coordinate snapshot available""}"	"[""D043 / Dark Stone Spawn"", ""D043 / Larva Spawn"", ""D043 / Uma Infidel Spawn"", ""D043 / Uma Anguisher Spawn"", ""D043 / Uma Flame Thrower Spawn"", ""D043 / Uma Flame Thrower Spawn"", ""D043 / Uma Infidel Spawn"", ""D043 / Uma Anguisher Spawn"", ""D043 / Uma Flame Thrower Spawn"", ""D043 / Uma King Spawn"", ""D043 / Uma Anguisher Spawn"", ""D043 / Uma King Spawn"", ""D043 / Teleport Destination"", ""D043 / Teleport Destination"", ""D043 / Teleport Source"", ""D043 / Teleport Source"", ""D043 / Teleport Source""]"	"{""status"": ""pass"", ""walkable_cells"": 33114, ""total_cells"": 160000, ""walkable_ratio"": 0.206962}"	"{""status"": ""pass"", ""walkable_cells"": 33114, ""total_cells"": 160000, ""walkable_ratio"": 0.206962}"	identity logical-grid coordinates	allowed-after-point-check	high	"{""relation"": ""same local map bytes"", ""hero_kill_sha256"": ""0c8f44abc14ad0e204dbe6f0ac2c15dd03e3e511b8b6f0f018da4bad472e17d0"", ""zircon_sha256"": ""0c8f44abc14ad0e204dbe6f0ac2c15dd03e3e511b8b6f0f018da4bad472e17d0""}"
D052	D052	/home/tetsuya/mir2ei/Map/D052.map	/home/tetsuya/mir2ei/Map/D052.map	"{""index"": 769, ""file"": ""D052"", ""description"": ""沃玛神殿1层""}"	/home/tetsuya/development/zircon/Debug/ServerCore/Map/D052.map	exact	"{""hero_kill"": {""width"": 500, ""height"": 500}, ""zircon"": {""width"": 500, ""height"": 500}}"	"{""region_count"": 5, ""region_landmark_samples"": [""D052 / Uma King Spawn"", ""D052 / Teleport Source"", ""D052 / Teleport Source"", ""D052 / Teleport Destination"", ""D052 / Teleport Destination""], ""guard_count"": 0, ""guard_samples"": [], ""connected_maps"": [""D053""], ""coordinate_evidence"": ""MapRegion PointRegion centers; no Merchant coordinate snapshot available""}"	"[""D052 / Uma King Spawn"", ""D052 / Teleport Source"", ""D052 / Teleport Source"", ""D052 / Teleport Destination"", ""D052 / Teleport Destination""]"	"{""status"": ""pass"", ""walkable_cells"": 31161, ""total_cells"": 250000, ""walkable_ratio"": 0.124644}"	"{""status"": ""pass"", ""walkable_cells"": 31161, ""total_cells"": 250000, ""walkable_ratio"": 0.124644}"	identity logical-grid coordinates	allowed-after-point-check	high	"{""relation"": ""same local map bytes"", ""hero_kill_sha256"": ""e53c9370ca0b2fb8979c65686e38b8ac2c8593f6a2dd147faa6bb071ccc5cff4"", ""zircon_sha256"": ""e53c9370ca0b2fb8979c65686e38b8ac2c8593f6a2dd147faa6bb071ccc5cff4""}"
D053	D053	/home/tetsuya/mir2ei/Map/D053.map	/home/tetsuya/mir2ei/Map/D053.map	"{""index"": 770, ""file"": ""D053"", ""description"": ""沃玛神殿2层""}"	/home/tetsuya/development/zircon/Debug/ServerCore/Map/D053.map	exact	"{""hero_kill"": {""width"": 400, ""height"": 400}, ""zircon"": {""width"": 400, ""height"": 400}}"	"{""region_count"": 5, ""region_landmark_samples"": [""D053 / Uma King Spawn"", ""D053 / Teleport Destination"", ""D053 / Teleport Destination"", ""D053 / Teleport Source"", ""D053 / Teleport Source""], ""guard_count"": 0, ""guard_samples"": [], ""connected_maps"": [""D052""], ""coordinate_evidence"": ""MapRegion PointRegion centers; no Merchant coordinate snapshot available""}"	"[""D053 / Uma King Spawn"", ""D053 / Teleport Destination"", ""D053 / Teleport Destination"", ""D053 / Teleport Source"", ""D053 / Teleport Source""]"	"{""status"": ""pass"", ""walkable_cells"": 33246, ""total_cells"": 160000, ""walkable_ratio"": 0.207788}"	"{""status"": ""pass"", ""walkable_cells"": 33246, ""total_cells"": 160000, ""walkable_ratio"": 0.207788}"	identity logical-grid coordinates	allowed-after-point-check	high	"{""relation"": ""same local map bytes"", ""hero_kill_sha256"": ""32605cf05bb91a62a8c52ae78a6901cd3f3b70fa131c9bb0e86a882147fc3385"", ""zircon_sha256"": ""32605cf05bb91a62a8c52ae78a6901cd3f3b70fa131c9bb0e86a882147fc3385""}"
D10011	D10011	/home/tetsuya/mir2ei/Map/D10011.map	/home/tetsuya/mir2ei/Map/D10011.map	"{""index"": 771, ""file"": ""D10011"", ""description"": ""EI D10011""}"	/home/tetsuya/development/zircon/Debug/ServerCore/Map/D10011.map	exact	"{""hero_kill"": {""width"": 400, ""height"": 400}, ""zircon"": {""width"": 400, ""height"": 400}}"	"{""region_count"": 0, ""region_landmark_samples"": [], ""guard_count"": 0, ""guard_samples"": [], ""connected_maps"": [], ""coordinate_evidence"": ""MapRegion PointRegion centers; no Merchant coordinate snapshot available""}"	[]	"{""status"": ""pass"", ""walkable_cells"": 33105, ""total_cells"": 160000, ""walkable_ratio"": 0.206906}"	"{""status"": ""pass"", ""walkable_cells"": 33105, ""total_cells"": 160000, ""walkable_ratio"": 0.206906}"	identity logical-grid coordinates	allowed-after-point-check	high	"{""relation"": ""same local map bytes"", ""hero_kill_sha256"": ""0ed224e96df3adf134f11913668b819fccc41d2200806207058d204e49b29b31"", ""zircon_sha256"": ""0ed224e96df3adf134f11913668b819fccc41d2200806207058d204e49b29b31""}"
D10012	D10012	/home/tetsuya/mir2ei/Map/D10012.map	/home/tetsuya/mir2ei/Map/D10012.map	"{""index"": 772, ""file"": ""D10012"", ""description"": ""EI D10012""}"	/home/tetsuya/development/zircon/Debug/ServerCore/Map/D10012.map	exact	"{""hero_kill"": {""width"": 300, ""height"": 300}, ""zircon"": {""width"": 300, ""height"": 300}}"	"{""region_count"": 0, ""region_landmark_samples"": [], ""guard_count"": 0, ""guard_samples"": [], ""connected_maps"": [], ""coordinate_evidence"": ""MapRegion PointRegion centers; no Merchant coordinate snapshot available""}"	[]	"{""status"": ""pass"", ""walkable_cells"": 14512, ""total_cells"": 90000, ""walkable_ratio"": 0.161244}"	"{""status"": ""pass"", ""walkable_cells"": 14512, ""total_cells"": 90000, ""walkable_ratio"": 0.161244}"	identity logical-grid coordinates	allowed-after-point-check	high	"{""relation"": ""same local map bytes"", ""hero_kill_sha256"": ""a33ba56531aef2ea4a6f39b5f24b005e801de2bef9b25753da9309490101b31e"", ""zircon_sha256"": ""a33ba56531aef2ea4a6f39b5f24b005e801de2bef9b25753da9309490101b31e""}"
D10013	D10013	/home/tetsuya/mir2ei/Map/D10013.map	/home/tetsuya/mir2ei/Map/D10013.map	"{""index"": 773, ""file"": ""D10013"", ""description"": ""EI D10013""}"	/home/tetsuya/development/zircon/Debug/ServerCore/Map/D10013.map	exact	"{""hero_kill"": {""width"": 300, ""height"": 300}, ""zircon"": {""width"": 300, ""height"": 300}}"	"{""region_count"": 0, ""region_landmark_samples"": [], ""guard_count"": 0, ""guard_samples"": [], ""connected_maps"": [], ""coordinate_evidence"": ""MapRegion PointRegion centers; no Merchant coordinate snapshot available""}"	[]	"{""status"": ""pass"", ""walkable_cells"": 20131, ""total_cells"": 90000, ""walkable_ratio"": 0.223678}"	"{""status"": ""pass"", ""walkable_cells"": 20131, ""total_cells"": 90000, ""walkable_ratio"": 0.223678}"	identity logical-grid coordinates	allowed-after-point-check	high	"{""relation"": ""same local map bytes"", ""hero_kill_sha256"": ""a981d443406ba10affd826a7de50c392f6a14176b72a3b0bc81962896d04bfae"", ""zircon_sha256"": ""a981d443406ba10affd826a7de50c392f6a14176b72a3b0bc81962896d04bfae""}"
D10051	D10051	/home/tetsuya/mir2ei/Map/D10051.map	/home/tetsuya/mir2ei/Map/D10051.map	"{""index"": 774, ""file"": ""D10051"", ""description"": ""赤月山谷5层""}"	/home/tetsuya/development/zircon/Debug/ServerCore/Map/D10051.map	exact	"{""hero_kill"": {""width"": 200, ""height"": 200}, ""zircon"": {""width"": 200, ""height"": 200}}"	"{""region_count"": 11, ""region_landmark_samples"": [""D10051 / Giant Lizard Spawn"", ""D10051 / Crystal Golem Spawn"", ""D10051 / Red Moon Royal Guard Spawn"", ""D10051 / Red Moon Guardian Spawn"", ""D10051 / Giant Lizard Spawn"", ""D10051 / Crystal Golem Spawn"", ""D10051 / Red Moon Royal Guard Spawn"", ""D10051 / Red Moon Guardian Spawn"", ""D10051 / Netherworld Gate Spawn"", ""D10051 / Teleport Destination"", ""D10051 / Teleport Source""], ""guard_count"": 0, ""guard_samples"": [], ""connected_maps"": [""D1004""], ""coordinate_evidence"": ""MapRegion PointRegion centers; no Merchant coordinate snapshot available""}"	"[""D10051 / Giant Lizard Spawn"", ""D10051 / Crystal Golem Spawn"", ""D10051 / Red Moon Royal Guard Spawn"", ""D10051 / Red Moon Guardian Spawn"", ""D10051 / Giant Lizard Spawn"", ""D10051 / Crystal Golem Spawn"", ""D10051 / Red Moon Royal Guard Spawn"", ""D10051 / Red Moon Guardian Spawn"", ""D10051 / Netherworld Gate Spawn"", ""D10051 / Teleport Destination"", ""D10051 / Teleport Source""]"	"{""status"": ""pass"", ""walkable_cells"": 12871, ""total_cells"": 40000, ""walkable_ratio"": 0.321775}"	"{""status"": ""pass"", ""walkable_cells"": 12871, ""total_cells"": 40000, ""walkable_ratio"": 0.321775}"	identity logical-grid coordinates	allowed-after-point-check	high	"{""relation"": ""same local map bytes"", ""hero_kill_sha256"": ""a6bf3332bb9f9f6cb0edc4977f4b30c65a141835d668c5ff6bf7ed2713b1bac7"", ""zircon_sha256"": ""a6bf3332bb9f9f6cb0edc4977f4b30c65a141835d668c5ff6bf7ed2713b1bac7""}"
D10052	D10052	/home/tetsuya/mir2ei/Map/D10052.map	/home/tetsuya/mir2ei/Map/D10052.map	"{""index"": 775, ""file"": ""D10052"", ""description"": ""赤月山谷5层""}"	/home/tetsuya/development/zircon/Debug/ServerCore/Map/D10052.map	exact	"{""hero_kill"": {""width"": 200, ""height"": 200}, ""zircon"": {""width"": 200, ""height"": 200}}"	"{""region_count"": 11, ""region_landmark_samples"": [""D10052 / Giant Lizard Spawn"", ""D10052 / Crystal Golem Spawn"", ""D10052 / Red Moon Royal Guard Spawn"", ""D10052 / Red Moon Guardian Spawn"", ""D10052 / Giant Lizard Spawn"", ""D10052 / Crystal Golem Spawn"", ""D10052 / Red Moon Royal Guard Spawn"", ""D10052 / Red Moon Guardian Spawn"", ""D10052 / Netherworld Gate Spawn"", ""D10052 / Teleport Destination"", ""D10052 / Teleport Source""], ""guard_count"": 0, ""guard_samples"": [], ""connected_maps"": [""D1004""], ""coordinate_evidence"": ""MapRegion PointRegion centers; no Merchant coordinate snapshot available""}"	"[""D10052 / Giant Lizard Spawn"", ""D10052 / Crystal Golem Spawn"", ""D10052 / Red Moon Royal Guard Spawn"", ""D10052 / Red Moon Guardian Spawn"", ""D10052 / Giant Lizard Spawn"", ""D10052 / Crystal Golem Spawn"", ""D10052 / Red Moon Royal Guard Spawn"", ""D10052 / Red Moon Guardian Spawn"", ""D10052 / Netherworld Gate Spawn"", ""D10052 / Teleport Destination"", ""D10052 / Teleport Source""]"	"{""status"": ""pass"", ""walkable_cells"": 6934, ""total_cells"": 40000, ""walkable_ratio"": 0.17335}"	"{""status"": ""pass"", ""walkable_cells"": 6934, ""total_cells"": 40000, ""walkable_ratio"": 0.17335}"	identity logical-grid coordinates	allowed-after-point-check	high	"{""relation"": ""same local map bytes"", ""hero_kill_sha256"": ""738c32d8e28aae26014a5d99efd18af073937418a603d59988773f1a109c284f"", ""zircon_sha256"": ""738c32d8e28aae26014a5d99efd18af073937418a603d59988773f1a109c284f""}"
D10053	D10053	/home/tetsuya/mir2ei/Map/D10053.map	/home/tetsuya/mir2ei/Map/D10053.map	"{""index"": 776, ""file"": ""D10053"", ""description"": ""EI D10053""}"	/home/tetsuya/development/zircon/Debug/ServerCore/Map/D10053.map	exact	"{""hero_kill"": {""width"": 100, ""height"": 100}, ""zircon"": {""width"": 100, ""height"": 100}}"	"{""region_count"": 0, ""region_landmark_samples"": [], ""guard_count"": 0, ""guard_samples"": [], ""connected_maps"": [], ""coordinate_evidence"": ""MapRegion PointRegion centers; no Merchant coordinate snapshot available""}"	[]	"{""status"": ""pass"", ""walkable_cells"": 2198, ""total_cells"": 10000, ""walkable_ratio"": 0.2198}"	"{""status"": ""pass"", ""walkable_cells"": 2198, ""total_cells"": 10000, ""walkable_ratio"": 0.2198}"	identity logical-grid coordinates	allowed-after-point-check	high	"{""relation"": ""same local map bytes"", ""hero_kill_sha256"": ""2c34926260a25ce253407b1e74a48fb98bdcd1f6158665446522cc494e9a0042"", ""zircon_sha256"": ""2c34926260a25ce253407b1e74a48fb98bdcd1f6158665446522cc494e9a0042""}"
D10054	D10054	/home/tetsuya/mir2ei/Map/D10054.map	/home/tetsuya/mir2ei/Map/D10054.map	"{""index"": 777, ""file"": ""D10054"", ""description"": ""EI D10054""}"	/home/tetsuya/development/zircon/Debug/ServerCore/Map/D10054.map	exact	"{""hero_kill"": {""width"": 100, ""height"": 100}, ""zircon"": {""width"": 100, ""height"": 100}}"	"{""region_count"": 0, ""region_landmark_samples"": [], ""guard_count"": 0, ""guard_samples"": [], ""connected_maps"": [], ""coordinate_evidence"": ""MapRegion PointRegion centers; no Merchant coordinate snapshot available""}"	[]	"{""status"": ""pass"", ""walkable_cells"": 2513, ""total_cells"": 10000, ""walkable_ratio"": 0.2513}"	"{""status"": ""pass"", ""walkable_cells"": 2513, ""total_cells"": 10000, ""walkable_ratio"": 0.2513}"	identity logical-grid coordinates	allowed-after-point-check	high	"{""relation"": ""same local map bytes"", ""hero_kill_sha256"": ""e28189aa429910ee043cd56a03aeb5f3b585443e681cfa5af7354380ba94735a"", ""zircon_sha256"": ""e28189aa429910ee043cd56a03aeb5f3b585443e681cfa5af7354380ba94735a""}"
D10061	D10061	/home/tetsuya/mir2ei/Map/D10061.map	/home/tetsuya/mir2ei/Map/D10061.map	"{""index"": 778, ""file"": ""D10061"", ""description"": ""EI D10061""}"	/home/tetsuya/development/zircon/Debug/ServerCore/Map/D10061.map	exact	"{""hero_kill"": {""width"": 30, ""height"": 30}, ""zircon"": {""width"": 30, ""height"": 30}}"	"{""region_count"": 0, ""region_landmark_samples"": [], ""guard_count"": 0, ""guard_samples"": [], ""connected_maps"": [], ""coordinate_evidence"": ""MapRegion PointRegion centers; no Merchant coordinate snapshot available""}"	[]	"{""status"": ""pass"", ""walkable_cells"": 199, ""total_cells"": 900, ""walkable_ratio"": 0.221111}"	"{""status"": ""pass"", ""walkable_cells"": 199, ""total_cells"": 900, ""walkable_ratio"": 0.221111}"	identity logical-grid coordinates	allowed-after-point-check	high	"{""relation"": ""same local map bytes"", ""hero_kill_sha256"": ""931df733e2dd071126e1e9a57c19a76aceadbe306f31253c6e38ceda14d460f1"", ""zircon_sha256"": ""931df733e2dd071126e1e9a57c19a76aceadbe306f31253c6e38ceda14d460f1""}"
D10062	D10062	/home/tetsuya/mir2ei/Map/D10062.map	/home/tetsuya/mir2ei/Map/D10062.map	"{""index"": 779, ""file"": ""D10062"", ""description"": ""EI D10062""}"	/home/tetsuya/development/zircon/Debug/ServerCore/Map/D10062.map	exact	"{""hero_kill"": {""width"": 40, ""height"": 40}, ""zircon"": {""width"": 40, ""height"": 40}}"	"{""region_count"": 0, ""region_landmark_samples"": [], ""guard_count"": 0, ""guard_samples"": [], ""connected_maps"": [], ""coordinate_evidence"": ""MapRegion PointRegion centers; no Merchant coordinate snapshot available""}"	[]	"{""status"": ""pass"", ""walkable_cells"": 254, ""total_cells"": 1600, ""walkable_ratio"": 0.15875}"	"{""status"": ""pass"", ""walkable_cells"": 254, ""total_cells"": 1600, ""walkable_ratio"": 0.15875}"	identity logical-grid coordinates	allowed-after-point-check	high	"{""relation"": ""same local map bytes"", ""hero_kill_sha256"": ""17af3024bfe75c51b63695fe143f5da9639089c2505adefcdb986361974bb39c"", ""zircon_sha256"": ""17af3024bfe75c51b63695fe143f5da9639089c2505adefcdb986361974bb39c""}"
D10071	D10071	/home/tetsuya/mir2ei/Map/D10071.map	/home/tetsuya/mir2ei/Map/D10071.map	"{""index"": 780, ""file"": ""D10071"", ""description"": ""EI D10071""}"	/home/tetsuya/development/zircon/Debug/ServerCore/Map/D10071.map	exact	"{""hero_kill"": {""width"": 40, ""height"": 40}, ""zircon"": {""width"": 40, ""height"": 40}}"	"{""region_count"": 0, ""region_landmark_samples"": [], ""guard_count"": 0, ""guard_samples"": [], ""connected_maps"": [], ""coordinate_evidence"": ""MapRegion PointRegion centers; no Merchant coordinate snapshot available""}"	[]	"{""status"": ""pass"", ""walkable_cells"": 258, ""total_cells"": 1600, ""walkable_ratio"": 0.16125}"	"{""status"": ""pass"", ""walkable_cells"": 258, ""total_cells"": 1600, ""walkable_ratio"": 0.16125}"	identity logical-grid coordinates	allowed-after-point-check	high	"{""relation"": ""same local map bytes"", ""hero_kill_sha256"": ""8db8e6b1b1bb0c6d2f725d329cef1948c30c21366a04eec2eba2d45d23827421"", ""zircon_sha256"": ""8db8e6b1b1bb0c6d2f725d329cef1948c30c21366a04eec2eba2d45d23827421""}"
D10131	D10131	/home/tetsuya/mir2ei/Map/D10131.map	/home/tetsuya/mir2ei/Map/D10131.map	"{""index"": 781, ""file"": ""D10131"", ""description"": ""赤月山谷3层""}"	/home/tetsuya/development/zircon/Debug/ServerCore/Map/D10131.map	exact	"{""hero_kill"": {""width"": 300, ""height"": 300}, ""zircon"": {""width"": 300, ""height"": 300}}"	"{""region_count"": 12, ""region_landmark_samples"": [""D10131 / Giant Lizard Spawn"", ""D10131 / Crystal Golem Spawn"", ""D10131 / Red Moon Guardian Spawn"", ""D10131 / Red Moon Royal Guard Spawn"", ""D10131 / Giant Lizard Spawn"", ""D10131 / Crystal Golem Spawn"", ""D10131 / Red Moon Guardian Spawn"", ""D10131 / Netherworld Gate Spawn"", ""D10131 / Teleport Destination"", ""D10131 / Teleport Source"", ""D10131 / Teleport Source"", ""D10131 / Teleport Destination""], ""guard_count"": 0, ""guard_samples"": [], ""connected_maps"": [""D1012"", ""D1014""], ""coordinate_evidence"": ""MapRegion PointRegion centers; no Merchant coordinate snapshot available""}"	"[""D10131 / Giant Lizard Spawn"", ""D10131 / Crystal Golem Spawn"", ""D10131 / Red Moon Guardian Spawn"", ""D10131 / Red Moon Royal Guard Spawn"", ""D10131 / Giant Lizard Spawn"", ""D10131 / Crystal Golem Spawn"", ""D10131 / Red Moon Guardian Spawn"", ""D10131 / Netherworld Gate Spawn"", ""D10131 / Teleport Destination"", ""D10131 / Teleport Source"", ""D10131 / Teleport Source"", ""D10131 / Teleport Destination""]"	"{""status"": ""pass"", ""walkable_cells"": 18129, ""total_cells"": 90000, ""walkable_ratio"": 0.201433}"	"{""status"": ""pass"", ""walkable_cells"": 18129, ""total_cells"": 90000, ""walkable_ratio"": 0.201433}"	identity logical-grid coordinates	allowed-after-point-check	high	"{""relation"": ""same local map bytes"", ""hero_kill_sha256"": ""34e0eff1924e7900edd6d6c35dc715d5922a5eddbc2758581f00dd85f004ba76"", ""zircon_sha256"": ""34e0eff1924e7900edd6d6c35dc715d5922a5eddbc2758581f00dd85f004ba76""}"
D10132	D10132	/home/tetsuya/mir2ei/Map/D10132.map	/home/tetsuya/mir2ei/Map/D10132.map	"{""index"": 782, ""file"": ""D10132"", ""description"": ""赤月山谷3层""}"	/home/tetsuya/development/zircon/Debug/ServerCore/Map/D10132.map	exact	"{""hero_kill"": {""width"": 300, ""height"": 300}, ""zircon"": {""width"": 300, ""height"": 300}}"	"{""region_count"": 13, ""region_landmark_samples"": [""D10132 / Giant Lizard Spawn"", ""D10132 / Crystal Golem Spawn"", ""D10132 / Red Moon Guardian Spawn"", ""D10132 / Red Moon Royal Guard Spawn"", ""D10132 / Giant Lizard Spawn"", ""D10132 / Crystal Golem Spawn"", ""D10132 / Red Moon Guardian Spawn"", ""D10132 / Red Moon Royal Guard Spawn"", ""D10132 / Netherworld Gate Spawn"", ""D10132 / Teleport Destination"", ""D10132 / Teleport Source"", ""D10132 / Teleport Source"", ""D10132 / Teleport Destination""], ""guard_count"": 0, ""guard_samples"": [], ""connected_maps"": [""D1012"", ""D1014""], ""coordinate_evidence"": ""MapRegion PointRegion centers; no Merchant coordinate snapshot available""}"	"[""D10132 / Giant Lizard Spawn"", ""D10132 / Crystal Golem Spawn"", ""D10132 / Red Moon Guardian Spawn"", ""D10132 / Red Moon Royal Guard Spawn"", ""D10132 / Giant Lizard Spawn"", ""D10132 / Crystal Golem Spawn"", ""D10132 / Red Moon Guardian Spawn"", ""D10132 / Red Moon Royal Guard Spawn"", ""D10132 / Netherworld Gate Spawn"", ""D10132 / Teleport Destination"", ""D10132 / Teleport Source"", ""D10132 / Teleport Source"", ""D10132 / Teleport Destination""]"	"{""status"": ""pass"", ""walkable_cells"": 14182, ""total_cells"": 90000, ""walkable_ratio"": 0.157578}"	"{""status"": ""pass"", ""walkable_cells"": 14182, ""total_cells"": 90000, ""walkable_ratio"": 0.157578}"	identity logical-grid coordinates	allowed-after-point-check	high	"{""relation"": ""same local map bytes"", ""hero_kill_sha256"": ""b72b5a6d0f9dd2551a3bd6b1590746a1544c168c3d1f7dbe1c6996d343f26ce3"", ""zircon_sha256"": ""b72b5a6d0f9dd2551a3bd6b1590746a1544c168c3d1f7dbe1c6996d343f26ce3""}"
D1014	D1014	/home/tetsuya/mir2ei/Map/D1014.map	/home/tetsuya/mir2ei/Map/D1014.map	"{""index"": 783, ""file"": ""D1014"", ""description"": ""赤月山谷4层""}"	/home/tetsuya/development/zircon/Debug/ServerCore/Map/D1014.map	exact	"{""hero_kill"": {""width"": 300, ""height"": 300}, ""zircon"": {""width"": 300, ""height"": 300}}"	"{""region_count"": 17, ""region_landmark_samples"": [""D1014 / Giant Lizard Spawn"", ""D1014 / Crystal Golem Spawn"", ""D1014 / Red Moon Guardian Spawn"", ""D1014 / Red Moon Royal Guard Spawn"", ""D1014 / Giant Lizard Spawn"", ""D1014 / Crystal Golem Spawn"", ""D1014 / Red Moon Guardian Spawn"", ""D1014 / Red Moon Royal Guard Spawn"", ""D1014 / Netherworld Gate Spawn"", ""D1014 / Teleport Destination"", ""D1014 / Teleport Source"", ""D1014 / Teleport Destination"", ""D1014 / Teleport Source"", ""D1014 / Teleport Source"", ""D1014 / Teleport Destination"", ""D1014 / Teleport Source"", ""D1014 / Teleport Destination""], ""guard_count"": 0, ""guard_samples"": [], ""connected_maps"": [""D10131"", ""D10132"", ""D10151"", ""D10152""], ""coordinate_evidence"": ""MapRegion PointRegion centers; no Merchant coordinate snapshot available""}"	"[""D1014 / Giant Lizard Spawn"", ""D1014 / Crystal Golem Spawn"", ""D1014 / Red Moon Guardian Spawn"", ""D1014 / Red Moon Royal Guard Spawn"", ""D1014 / Giant Lizard Spawn"", ""D1014 / Crystal Golem Spawn"", ""D1014 / Red Moon Guardian Spawn"", ""D1014 / Red Moon Royal Guard Spawn"", ""D1014 / Netherworld Gate Spawn"", ""D1014 / Teleport Destination"", ""D1014 / Teleport Source"", ""D1014 / Teleport Destination"", ""D1014 / Teleport Source"", ""D1014 / Teleport Source"", ""D1014 / Teleport Destination"", ""D1014 / Teleport Source"", ""D1014 / Teleport Destination""]"	"{""status"": ""pass"", ""walkable_cells"": 17230, ""total_cells"": 90000, ""walkable_ratio"": 0.191444}"	"{""status"": ""pass"", ""walkable_cells"": 17230, ""total_cells"": 90000, ""walkable_ratio"": 0.191444}"	identity logical-grid coordinates	allowed-after-point-check	high	"{""relation"": ""same local map bytes"", ""hero_kill_sha256"": ""a3ffba511d3c961d91d614979a80caaeb2c99b3e714c15c80f12bafe7d076687"", ""zircon_sha256"": ""a3ffba511d3c961d91d614979a80caaeb2c99b3e714c15c80f12bafe7d076687""}"
D10151	D10151	/home/tetsuya/mir2ei/Map/D10151.map	/home/tetsuya/mir2ei/Map/D10151.map	"{""index"": 784, ""file"": ""D10151"", ""description"": ""赤月山谷5层""}"	/home/tetsuya/development/zircon/Debug/ServerCore/Map/D10151.map	exact	"{""hero_kill"": {""width"": 200, ""height"": 200}, ""zircon"": {""width"": 200, ""height"": 200}}"	"{""region_count"": 20, ""region_landmark_samples"": [""D10151 / Giant Lizard Spawn"", ""D10151 / Crystal Golem Spawn"", ""D10151 / Red Moon Royal Guard Spawn"", ""D10151 / Red Moon Guardian Spawn"", ""D10151 / Crystal Golem Spawn"", ""D10151 / Red Moon Royal Guard Spawn"", ""D10151 / Red Moon Guardian Spawn"", ""D10151 / Netherworld Gate Spawn"", ""D10151 / Teleport Destination"", ""D10151 / Teleport Source"", ""D10151 / Teleport Source"", ""D10151 / Netherworld Gate Spawn"", ""D10151 / Teleport Destination"", ""D10151 / Teleport Destination"", ""D10151 / Teleport Source"", ""D10151 / Teleport Destination"", ""D10151 / Teleport Destination"", ""D10151 / Teleport Destination"", ""D10151 / Teleport Destination"", ""D10151 / Teleport Source""], ""guard_count"": 0, ""guard_samples"": [], ""connected_maps"": [""12"", ""D1014"", ""D10162""], ""coordinate_evidence"": ""MapRegion PointRegion centers; no Merchant coordinate snapshot available""}"	"[""D10151 / Giant Lizard Spawn"", ""D10151 / Crystal Golem Spawn"", ""D10151 / Red Moon Royal Guard Spawn"", ""D10151 / Red Moon Guardian Spawn"", ""D10151 / Crystal Golem Spawn"", ""D10151 / Red Moon Royal Guard Spawn"", ""D10151 / Red Moon Guardian Spawn"", ""D10151 / Netherworld Gate Spawn"", ""D10151 / Teleport Destination"", ""D10151 / Teleport Source"", ""D10151 / Teleport Source"", ""D10151 / Netherworld Gate Spawn"", ""D10151 / Teleport Destination"", ""D10151 / Teleport Destination"", ""D10151 / Teleport Source"", ""D10151 / Teleport Destination"", ""D10151 / Teleport Destination"", ""D10151 / Teleport Destination"", ""D10151 / Teleport Destination"", ""D10151 / Teleport Source""]"	"{""status"": ""pass"", ""walkable_cells"": 5689, ""total_cells"": 40000, ""walkable_ratio"": 0.142225}"	"{""status"": ""pass"", ""walkable_cells"": 5689, ""total_cells"": 40000, ""walkable_ratio"": 0.142225}"	identity logical-grid coordinates	allowed-after-point-check	high	"{""relation"": ""same local map bytes"", ""hero_kill_sha256"": ""3a101195daab8c0e50e10cfa6216f9c584199f88074726cbd4dd924291efe69f"", ""zircon_sha256"": ""3a101195daab8c0e50e10cfa6216f9c584199f88074726cbd4dd924291efe69f""}"
D10152	D10152	/home/tetsuya/mir2ei/Map/D10152.map	/home/tetsuya/mir2ei/Map/D10152.map	"{""index"": 785, ""file"": ""D10152"", ""description"": ""赤月山谷5层""}"	/home/tetsuya/development/zircon/Debug/ServerCore/Map/D10152.map	exact	"{""hero_kill"": {""width"": 200, ""height"": 200}, ""zircon"": {""width"": 200, ""height"": 200}}"	"{""region_count"": 10, ""region_landmark_samples"": [""D10152 / Giant Lizard Spawn"", ""D10152 / Crystal Golem Spawn"", ""D10152 / Red Moon Royal Guard Spawn"", ""D10152 / Red Moon Guardian Spawn"", ""D10152 / Crystal Golem Spawn"", ""D10152 / Red Moon Royal Guard Spawn"", ""D10152 / Red Moon Guardian Spawn"", ""D10152 / Netherworld Gate Spawn"", ""D10152 / Teleport Destination"", ""D10152 / Teleport Source""], ""guard_count"": 0, ""guard_samples"": [], ""connected_maps"": [""D1014""], ""coordinate_evidence"": ""MapRegion PointRegion centers; no Merchant coordinate snapshot available""}"	"[""D10152 / Giant Lizard Spawn"", ""D10152 / Crystal Golem Spawn"", ""D10152 / Red Moon Royal Guard Spawn"", ""D10152 / Red Moon Guardian Spawn"", ""D10152 / Crystal Golem Spawn"", ""D10152 / Red Moon Royal Guard Spawn"", ""D10152 / Red Moon Guardian Spawn"", ""D10152 / Netherworld Gate Spawn"", ""D10152 / Teleport Destination"", ""D10152 / Teleport Source""]"	"{""status"": ""pass"", ""walkable_cells"": 8335, ""total_cells"": 40000, ""walkable_ratio"": 0.208375}"	"{""status"": ""pass"", ""walkable_cells"": 8335, ""total_cells"": 40000, ""walkable_ratio"": 0.208375}"	identity logical-grid coordinates	allowed-after-point-check	high	"{""relation"": ""same local map bytes"", ""hero_kill_sha256"": ""542709db7e6fa8c809ec0a6217f02498f9b884abc9f247fd635f4279ab22fc4e"", ""zircon_sha256"": ""542709db7e6fa8c809ec0a6217f02498f9b884abc9f247fd635f4279ab22fc4e""}"
D10162	D10162	/home/tetsuya/mir2ei/Map/D10162.map	/home/tetsuya/mir2ei/Map/D10162.map	"{""index"": 786, ""file"": ""D10162"", ""description"": ""赤月恶魔洞穴""}"	/home/tetsuya/development/zircon/Debug/ServerCore/Map/D10162.map	variant	"{""hero_kill"": {""width"": 40, ""height"": 40}, ""zircon"": {""width"": 40, ""height"": 40}}"	"{""region_count"": 9, ""region_landmark_samples"": [""D10162 / Red Moon Royal Guard Spawn"", ""D10162 / Red Moon Guardian Spawn"", ""D10162 / Crystal Golem Spawn"", ""D10162 / Red Moon The Fallen Spawn"", ""D10162 / Red Moon Royal Guard Spawn"", ""D10162 / Red Moon Guardian Spawn"", ""D10162 / Crystal Golem Spawn"", ""D10162 / Teleport Destination"", ""D10162 / Teleport Destination""], ""guard_count"": 0, ""guard_samples"": [], ""connected_maps"": [""D10151""], ""coordinate_evidence"": ""MapRegion PointRegion centers; no Merchant coordinate snapshot available""}"	"[""D10162 / Red Moon Royal Guard Spawn"", ""D10162 / Red Moon Guardian Spawn"", ""D10162 / Crystal Golem Spawn"", ""D10162 / Red Moon The Fallen Spawn"", ""D10162 / Red Moon Royal Guard Spawn"", ""D10162 / Red Moon Guardian Spawn"", ""D10162 / Crystal Golem Spawn"", ""D10162 / Teleport Destination"", ""D10162 / Teleport Destination""]"	"{""status"": ""pass"", ""walkable_cells"": 254, ""total_cells"": 1600, ""walkable_ratio"": 0.15875}"	"{""status"": ""pass"", ""walkable_cells"": 249, ""total_cells"": 1600, ""walkable_ratio"": 0.155625}"	pending landmark mapping; no blind coordinate reuse	blocked	low	"{""relation"": ""same dimensions, different map bytes"", ""hero_kill_sha256"": ""17af3024bfe75c51b63695fe143f5da9639089c2505adefcdb986361974bb39c"", ""zircon_sha256"": ""dba2b0660e2ebf0eb7decf3e78d5f930f5a17b514ac6dbc161df206a1b0acc6b""}"
D1021	D1021	/home/tetsuya/mir2ei/Map/D1021.map	/home/tetsuya/mir2ei/Map/D1021.map	"{""index"": 787, ""file"": ""D1021"", ""description"": ""赤月山谷1层""}"	/home/tetsuya/development/zircon/Debug/ServerCore/Map/D1021.map	exact	"{""hero_kill"": {""width"": 300, ""height"": 300}, ""zircon"": {""width"": 300, ""height"": 300}}"	"{""region_count"": 11, ""region_landmark_samples"": [""D1021 / Giant Lizard Spawn"", ""D1021 / Crystal Golem Spawn"", ""D1021 / Red Moon Royal Guard Spawn"", ""D1021 / Red Moon Guardian Spawn"", ""D1021 / Giant Lizard Spawn"", ""D1021 / Crystal Golem Spawn"", ""D1021 / Netherworld Gate Spawn"", ""D1021 / Teleport Destination"", ""D1021 / Teleport Source"", ""D1021 / Teleport Source"", ""D1021 / Teleport Destination""], ""guard_count"": 0, ""guard_samples"": [], ""connected_maps"": [""12"", ""D1022""], ""coordinate_evidence"": ""MapRegion PointRegion centers; no Merchant coordinate snapshot available""}"	"[""D1021 / Giant Lizard Spawn"", ""D1021 / Crystal Golem Spawn"", ""D1021 / Red Moon Royal Guard Spawn"", ""D1021 / Red Moon Guardian Spawn"", ""D1021 / Giant Lizard Spawn"", ""D1021 / Crystal Golem Spawn"", ""D1021 / Netherworld Gate Spawn"", ""D1021 / Teleport Destination"", ""D1021 / Teleport Source"", ""D1021 / Teleport Source"", ""D1021 / Teleport Destination""]"	"{""status"": ""pass"", ""walkable_cells"": 20129, ""total_cells"": 90000, ""walkable_ratio"": 0.223656}"	"{""status"": ""pass"", ""walkable_cells"": 20129, ""total_cells"": 90000, ""walkable_ratio"": 0.223656}"	identity logical-grid coordinates	allowed-after-point-check	high	"{""relation"": ""same local map bytes"", ""hero_kill_sha256"": ""efed3efa7b0c9e115c619aed9b05c75fcdee003775404357a750e35c863ee6db"", ""zircon_sha256"": ""efed3efa7b0c9e115c619aed9b05c75fcdee003775404357a750e35c863ee6db""}"
D1022	D1022	/home/tetsuya/mir2ei/Map/D1022.map	/home/tetsuya/mir2ei/Map/D1022.map	"{""index"": 788, ""file"": ""D1022"", ""description"": ""赤月山谷2层""}"	/home/tetsuya/development/zircon/Debug/ServerCore/Map/D1022.map	exact	"{""hero_kill"": {""width"": 300, ""height"": 300}, ""zircon"": {""width"": 300, ""height"": 300}}"	"{""region_count"": 13, ""region_landmark_samples"": [""D1022 / Giant Lizard Spawn"", ""D1022 / Crystal Golem Spawn"", ""D1022 / Red Moon Royal Guard Spawn"", ""D1022 / Red Moon Guardian Spawn"", ""D1022 / Giant Lizard Spawn"", ""D1022 / Crystal Golem Spawn"", ""D1022 / Netherworld Gate Spawn"", ""D1022 / Teleport Destination"", ""D1022 / Teleport Source"", ""D1022 / Teleport Source"", ""D1022 / Teleport Destination"", ""D1022 / Teleport Source"", ""D1022 / Teleport Destination""], ""guard_count"": 0, ""guard_samples"": [], ""connected_maps"": [""D1021"", ""D10231"", ""D10232""], ""coordinate_evidence"": ""MapRegion PointRegion centers; no Merchant coordinate snapshot available""}"	"[""D1022 / Giant Lizard Spawn"", ""D1022 / Crystal Golem Spawn"", ""D1022 / Red Moon Royal Guard Spawn"", ""D1022 / Red Moon Guardian Spawn"", ""D1022 / Giant Lizard Spawn"", ""D1022 / Crystal Golem Spawn"", ""D1022 / Netherworld Gate Spawn"", ""D1022 / Teleport Destination"", ""D1022 / Teleport Source"", ""D1022 / Teleport Source"", ""D1022 / Teleport Destination"", ""D1022 / Teleport Source"", ""D1022 / Teleport Destination""]"	"{""status"": ""pass"", ""walkable_cells"": 15661, ""total_cells"": 90000, ""walkable_ratio"": 0.174011}"	"{""status"": ""pass"", ""walkable_cells"": 15661, ""total_cells"": 90000, ""walkable_ratio"": 0.174011}"	identity logical-grid coordinates	allowed-after-point-check	high	"{""relation"": ""same local map bytes"", ""hero_kill_sha256"": ""8b75cd9354baf6794a0b5a8d7056166a7005f07c0a498a7bd14e88565f17d614"", ""zircon_sha256"": ""8b75cd9354baf6794a0b5a8d7056166a7005f07c0a498a7bd14e88565f17d614""}"
D10231	D10231	/home/tetsuya/mir2ei/Map/D10231.map	/home/tetsuya/mir2ei/Map/D10231.map	"{""index"": 789, ""file"": ""D10231"", ""description"": ""赤月山谷3层""}"	/home/tetsuya/development/zircon/Debug/ServerCore/Map/D10231.map	exact	"{""hero_kill"": {""width"": 300, ""height"": 300}, ""zircon"": {""width"": 300, ""height"": 300}}"	"{""region_count"": 12, ""region_landmark_samples"": [""D10231 / Giant Lizard Spawn"", ""D10231 / Crystal Golem Spawn"", ""D10231 / Red Moon Guardian Spawn"", ""D10231 / Red Moon Royal Guard Spawn"", ""D10231 / Giant Lizard Spawn"", ""D10231 / Crystal Golem Spawn"", ""D10231 / Red Moon Guardian Spawn"", ""D10231 / Netherworld Gate Spawn"", ""D10231 / Teleport Destination"", ""D10231 / Teleport Source"", ""D10231 / Teleport Source"", ""D10231 / Teleport Destination""], ""guard_count"": 0, ""guard_samples"": [], ""connected_maps"": [""D1022"", ""D1024""], ""coordinate_evidence"": ""MapRegion PointRegion centers; no Merchant coordinate snapshot available""}"	"[""D10231 / Giant Lizard Spawn"", ""D10231 / Crystal Golem Spawn"", ""D10231 / Red Moon Guardian Spawn"", ""D10231 / Red Moon Royal Guard Spawn"", ""D10231 / Giant Lizard Spawn"", ""D10231 / Crystal Golem Spawn"", ""D10231 / Red Moon Guardian Spawn"", ""D10231 / Netherworld Gate Spawn"", ""D10231 / Teleport Destination"", ""D10231 / Teleport Source"", ""D10231 / Teleport Source"", ""D10231 / Teleport Destination""]"	"{""status"": ""pass"", ""walkable_cells"": 17362, ""total_cells"": 90000, ""walkable_ratio"": 0.192911}"	"{""status"": ""pass"", ""walkable_cells"": 17362, ""total_cells"": 90000, ""walkable_ratio"": 0.192911}"	identity logical-grid coordinates	allowed-after-point-check	high	"{""relation"": ""same local map bytes"", ""hero_kill_sha256"": ""7f4de48740e68de1889933ad6e9d5c7a78bff84121e438d7e06a466a8d15ddef"", ""zircon_sha256"": ""7f4de48740e68de1889933ad6e9d5c7a78bff84121e438d7e06a466a8d15ddef""}"
D10232	D10232	/home/tetsuya/mir2ei/Map/D10232.map	/home/tetsuya/mir2ei/Map/D10232.map	"{""index"": 790, ""file"": ""D10232"", ""description"": ""赤月山谷3层""}"	/home/tetsuya/development/zircon/Debug/ServerCore/Map/D10232.map	exact	"{""hero_kill"": {""width"": 300, ""height"": 300}, ""zircon"": {""width"": 300, ""height"": 300}}"	"{""region_count"": 13, ""region_landmark_samples"": [""D10232 / Giant Lizard Spawn"", ""D10232 / Crystal Golem Spawn"", ""D10232 / Red Moon Guardian Spawn"", ""D10232 / Red Moon Royal Guard Spawn"", ""D10232 / Giant Lizard Spawn"", ""D10232 / Crystal Golem Spawn"", ""D10232 / Red Moon Guardian Spawn"", ""D10232 / Red Moon Royal Guard Spawn"", ""D10232 / Netherworld Gate Spawn"", ""D10232 / Teleport Destination"", ""D10232 / Teleport Source"", ""D10232 / Teleport Source"", ""D10232 / Teleport Destination""], ""guard_count"": 0, ""guard_samples"": [], ""connected_maps"": [""D1022"", ""D1024""], ""coordinate_evidence"": ""MapRegion PointRegion centers; no Merchant coordinate snapshot available""}"	"[""D10232 / Giant Lizard Spawn"", ""D10232 / Crystal Golem Spawn"", ""D10232 / Red Moon Guardian Spawn"", ""D10232 / Red Moon Royal Guard Spawn"", ""D10232 / Giant Lizard Spawn"", ""D10232 / Crystal Golem Spawn"", ""D10232 / Red Moon Guardian Spawn"", ""D10232 / Red Moon Royal Guard Spawn"", ""D10232 / Netherworld Gate Spawn"", ""D10232 / Teleport Destination"", ""D10232 / Teleport Source"", ""D10232 / Teleport Source"", ""D10232 / Teleport Destination""]"	"{""status"": ""pass"", ""walkable_cells"": 19519, ""total_cells"": 90000, ""walkable_ratio"": 0.216878}"	"{""status"": ""pass"", ""walkable_cells"": 19519, ""total_cells"": 90000, ""walkable_ratio"": 0.216878}"	identity logical-grid coordinates	allowed-after-point-check	high	"{""relation"": ""same local map bytes"", ""hero_kill_sha256"": ""360af79b56f62ac15043a2ecd22247e80247f88c62082214ec63bda61a02449a"", ""zircon_sha256"": ""360af79b56f62ac15043a2ecd22247e80247f88c62082214ec63bda61a02449a""}"
D1024	D1024	/home/tetsuya/mir2ei/Map/D1024.map	/home/tetsuya/mir2ei/Map/D1024.map	"{""index"": 791, ""file"": ""D1024"", ""description"": ""赤月山谷4层""}"	/home/tetsuya/development/zircon/Debug/ServerCore/Map/D1024.map	exact	"{""hero_kill"": {""width"": 300, ""height"": 300}, ""zircon"": {""width"": 300, ""height"": 300}}"	"{""region_count"": 17, ""region_landmark_samples"": [""D1024 / Giant Lizard Spawn"", ""D1024 / Crystal Golem Spawn"", ""D1024 / Red Moon Guardian Spawn"", ""D1024 / Red Moon Royal Guard Spawn"", ""D1024 / Giant Lizard Spawn"", ""D1024 / Crystal Golem Spawn"", ""D1024 / Red Moon Guardian Spawn"", ""D1024 / Red Moon Royal Guard Spawn"", ""D1024 / Netherworld Gate Spawn"", ""D1024 / Teleport Destination"", ""D1024 / Teleport Source"", ""D1024 / Teleport Destination"", ""D1024 / Teleport Source"", ""D1024 / Teleport Source"", ""D1024 / Teleport Destination"", ""D1024 / Teleport Source"", ""D1024 / Teleport Destination""], ""guard_count"": 0, ""guard_samples"": [], ""connected_maps"": [""D10231"", ""D10232"", ""D10251"", ""D10252""], ""coordinate_evidence"": ""MapRegion PointRegion centers; no Merchant coordinate snapshot available""}"	"[""D1024 / Giant Lizard Spawn"", ""D1024 / Crystal Golem Spawn"", ""D1024 / Red Moon Guardian Spawn"", ""D1024 / Red Moon Royal Guard Spawn"", ""D1024 / Giant Lizard Spawn"", ""D1024 / Crystal Golem Spawn"", ""D1024 / Red Moon Guardian Spawn"", ""D1024 / Red Moon Royal Guard Spawn"", ""D1024 / Netherworld Gate Spawn"", ""D1024 / Teleport Destination"", ""D1024 / Teleport Source"", ""D1024 / Teleport Destination"", ""D1024 / Teleport Source"", ""D1024 / Teleport Source"", ""D1024 / Teleport Destination"", ""D1024 / Teleport Source"", ""D1024 / Teleport Destination""]"	"{""status"": ""pass"", ""walkable_cells"": 17640, ""total_cells"": 90000, ""walkable_ratio"": 0.196}"	"{""status"": ""pass"", ""walkable_cells"": 17640, ""total_cells"": 90000, ""walkable_ratio"": 0.196}"	identity logical-grid coordinates	allowed-after-point-check	high	"{""relation"": ""same local map bytes"", ""hero_kill_sha256"": ""d98891657d9784072c47da7e3d14fa4bfc9f3ef0eb3d317f4a9e81dc8a6b0175"", ""zircon_sha256"": ""d98891657d9784072c47da7e3d14fa4bfc9f3ef0eb3d317f4a9e81dc8a6b0175""}"
D10251	D10251	/home/tetsuya/mir2ei/Map/D10251.map	/home/tetsuya/mir2ei/Map/D10251.map	"{""index"": 792, ""file"": ""D10251"", ""description"": ""赤月山谷5层""}"	/home/tetsuya/development/zircon/Debug/ServerCore/Map/D10251.map	exact	"{""hero_kill"": {""width"": 200, ""height"": 200}, ""zircon"": {""width"": 200, ""height"": 200}}"	"{""region_count"": 10, ""region_landmark_samples"": [""D10251 / Giant Lizard Spawn"", ""D10251 / Crystal Golem Spawn"", ""D10251 / Red Moon Royal Guard Spawn"", ""D10251 / Red Moon Guardian Spawn"", ""D10251 / Crystal Golem Spawn"", ""D10251 / Red Moon Royal Guard Spawn"", ""D10251 / Red Moon Guardian Spawn"", ""D10251 / Netherworld Gate Spawn"", ""D10251 / Teleport Destination"", ""D10251 / Teleport Source""], ""guard_count"": 0, ""guard_samples"": [], ""connected_maps"": [""D1024""], ""coordinate_evidence"": ""MapRegion PointRegion centers; no Merchant coordinate snapshot available""}"	"[""D10251 / Giant Lizard Spawn"", ""D10251 / Crystal Golem Spawn"", ""D10251 / Red Moon Royal Guard Spawn"", ""D10251 / Red Moon Guardian Spawn"", ""D10251 / Crystal Golem Spawn"", ""D10251 / Red Moon Royal Guard Spawn"", ""D10251 / Red Moon Guardian Spawn"", ""D10251 / Netherworld Gate Spawn"", ""D10251 / Teleport Destination"", ""D10251 / Teleport Source""]"	"{""status"": ""pass"", ""walkable_cells"": 9695, ""total_cells"": 40000, ""walkable_ratio"": 0.242375}"	"{""status"": ""pass"", ""walkable_cells"": 9695, ""total_cells"": 40000, ""walkable_ratio"": 0.242375}"	identity logical-grid coordinates	allowed-after-point-check	high	"{""relation"": ""same local map bytes"", ""hero_kill_sha256"": ""0e0455d3573c0b08b0cab6ee3020ce70e60a9e6ed0adf6ca0ab28e38b5504cd0"", ""zircon_sha256"": ""0e0455d3573c0b08b0cab6ee3020ce70e60a9e6ed0adf6ca0ab28e38b5504cd0""}"
D10252	D10252	/home/tetsuya/mir2ei/Map/D10252.map	/home/tetsuya/mir2ei/Map/D10252.map	"{""index"": 793, ""file"": ""D10252"", ""description"": ""赤月山谷5层""}"	/home/tetsuya/development/zircon/Debug/ServerCore/Map/D10252.map	exact	"{""hero_kill"": {""width"": 200, ""height"": 200}, ""zircon"": {""width"": 200, ""height"": 200}}"	"{""region_count"": 10, ""region_landmark_samples"": [""D10252 / Crystal Golem Spawn"", ""D10252 / Crystal Golem Spawn"", ""D10252 / Red Moon Royal Guard Spawn"", ""D10252 / Red Moon Guardian Spawn"", ""D10252 / Crystal Golem Spawn"", ""D10252 / Red Moon Royal Guard Spawn"", ""D10252 / Red Moon Guardian Spawn"", ""D10252 / Netherworld Gate Spawn"", ""D10252 / Teleport Destination"", ""D10252 / Teleport Source""], ""guard_count"": 0, ""guard_samples"": [], ""connected_maps"": [""D1024""], ""coordinate_evidence"": ""MapRegion PointRegion centers; no Merchant coordinate snapshot available""}"	"[""D10252 / Crystal Golem Spawn"", ""D10252 / Crystal Golem Spawn"", ""D10252 / Red Moon Royal Guard Spawn"", ""D10252 / Red Moon Guardian Spawn"", ""D10252 / Crystal Golem Spawn"", ""D10252 / Red Moon Royal Guard Spawn"", ""D10252 / Red Moon Guardian Spawn"", ""D10252 / Netherworld Gate Spawn"", ""D10252 / Teleport Destination"", ""D10252 / Teleport Source""]"	"{""status"": ""pass"", ""walkable_cells"": 9816, ""total_cells"": 40000, ""walkable_ratio"": 0.2454}"	"{""status"": ""pass"", ""walkable_cells"": 9816, ""total_cells"": 40000, ""walkable_ratio"": 0.2454}"	identity logical-grid coordinates	allowed-after-point-check	high	"{""relation"": ""same local map bytes"", ""hero_kill_sha256"": ""f05d929baaf1b8f7254588a5ef16587dc59524884acd56b097b42a651b8604e6"", ""zircon_sha256"": ""f05d929baaf1b8f7254588a5ef16587dc59524884acd56b097b42a651b8604e6""}"
D10261	D10261	/home/tetsuya/mir2ei/Map/D10261.map	/home/tetsuya/mir2ei/Map/D10261.map	"{""index"": 794, ""file"": ""D10261"", ""description"": ""EI D10261""}"	/home/tetsuya/development/zircon/Debug/ServerCore/Map/D10261.map	exact	"{""hero_kill"": {""width"": 30, ""height"": 30}, ""zircon"": {""width"": 30, ""height"": 30}}"	"{""region_count"": 0, ""region_landmark_samples"": [], ""guard_count"": 0, ""guard_samples"": [], ""connected_maps"": [], ""coordinate_evidence"": ""MapRegion PointRegion centers; no Merchant coordinate snapshot available""}"	[]	"{""status"": ""pass"", ""walkable_cells"": 199, ""total_cells"": 900, ""walkable_ratio"": 0.221111}"	"{""status"": ""pass"", ""walkable_cells"": 199, ""total_cells"": 900, ""walkable_ratio"": 0.221111}"	identity logical-grid coordinates	allowed-after-point-check	high	"{""relation"": ""same local map bytes"", ""hero_kill_sha256"": ""931df733e2dd071126e1e9a57c19a76aceadbe306f31253c6e38ceda14d460f1"", ""zircon_sha256"": ""931df733e2dd071126e1e9a57c19a76aceadbe306f31253c6e38ceda14d460f1""}"
D10262	D10262	/home/tetsuya/mir2ei/Map/D10262.map	/home/tetsuya/mir2ei/Map/D10262.map	"{""index"": 795, ""file"": ""D10262"", ""description"": ""EI D10262""}"	/home/tetsuya/development/zircon/Debug/ServerCore/Map/D10262.map	exact	"{""hero_kill"": {""width"": 40, ""height"": 40}, ""zircon"": {""width"": 40, ""height"": 40}}"	"{""region_count"": 0, ""region_landmark_samples"": [], ""guard_count"": 0, ""guard_samples"": [], ""connected_maps"": [], ""coordinate_evidence"": ""MapRegion PointRegion centers; no Merchant coordinate snapshot available""}"	[]	"{""status"": ""pass"", ""walkable_cells"": 254, ""total_cells"": 1600, ""walkable_ratio"": 0.15875}"	"{""status"": ""pass"", ""walkable_cells"": 254, ""total_cells"": 1600, ""walkable_ratio"": 0.15875}"	identity logical-grid coordinates	allowed-after-point-check	high	"{""relation"": ""same local map bytes"", ""hero_kill_sha256"": ""17af3024bfe75c51b63695fe143f5da9639089c2505adefcdb986361974bb39c"", ""zircon_sha256"": ""17af3024bfe75c51b63695fe143f5da9639089c2505adefcdb986361974bb39c""}"
D10271	D10271	/home/tetsuya/mir2ei/Map/D10271.map	/home/tetsuya/mir2ei/Map/D10271.map	"{""index"": 796, ""file"": ""D10271"", ""description"": ""EI D10271""}"	/home/tetsuya/development/zircon/Debug/ServerCore/Map/D10271.map	exact	"{""hero_kill"": {""width"": 40, ""height"": 40}, ""zircon"": {""width"": 40, ""height"": 40}}"	"{""region_count"": 0, ""region_landmark_samples"": [], ""guard_count"": 0, ""guard_samples"": [], ""connected_maps"": [], ""coordinate_evidence"": ""MapRegion PointRegion centers; no Merchant coordinate snapshot available""}"	[]	"{""status"": ""pass"", ""walkable_cells"": 257, ""total_cells"": 1600, ""walkable_ratio"": 0.160625}"	"{""status"": ""pass"", ""walkable_cells"": 257, ""total_cells"": 1600, ""walkable_ratio"": 0.160625}"	identity logical-grid coordinates	allowed-after-point-check	high	"{""relation"": ""same local map bytes"", ""hero_kill_sha256"": ""5f8a93374d35bbfeac44f0c6e5107b53442b9d56c52276e88ee2616a497af40d"", ""zircon_sha256"": ""5f8a93374d35bbfeac44f0c6e5107b53442b9d56c52276e88ee2616a497af40d""}"
D11031	D11031	/home/tetsuya/mir2ei/Map/D11031.map	/home/tetsuya/mir2ei/Map/D11031.map	"{""index"": 797, ""file"": ""D11031"", ""description"": ""潘夜神殿3层西部""}"	/home/tetsuya/development/zircon/Debug/ServerCore/Map/D11031.map	variant	"{""hero_kill"": {""width"": 400, ""height"": 400}, ""zircon"": {""width"": 400, ""height"": 400}}"	"{""region_count"": 23, ""region_landmark_samples"": [""D11031 / D11031 / Teleport Stone"", ""D11031 / Banyo Soldier Spawn"", ""D11031 / Sama Ice Guardian Spawn"", ""D11031 / Dust Devil Spawn"", ""D11031 / Ghost Mage Spawn"", ""D11031 / Flame Demon Spawn"", ""D11031 / Banyo Soldier Spawn"", ""D11031 / Ghost Mage Spawn"", ""D11031 / Banyo Soldier Spawn"", ""D11031 / Ghost Mage Spawn"", ""D11031 / Banyo Captain Spawn"", ""D11031 / Teleport Destination"", ""D11031 / Teleport Source"", ""D11031 / D11031 / 潘业传送3"", ""D11031 / Banyo Captain Spawn"", ""D11031 / Banyo Soldier Spawn"", ""D11031 / Sama Ice Guardian Spawn"", ""D11031 / Dust Devil Spawn"", ""D11031 / Ghost Mage Spawn"", ""D11031 / Flame Demon Spawn"", ""D11031 / Teleport Destination"", ""D11031 / Teleport Source""], ""guard_count"": 0, ""guard_samples"": [], ""connected_maps"": [""D1102""], ""coordinate_evidence"": ""MapRegion PointRegion centers; no Merchant coordinate snapshot available""}"	"[""D11031 / D11031 / Teleport Stone"", ""D11031 / Banyo Soldier Spawn"", ""D11031 / Sama Ice Guardian Spawn"", ""D11031 / Dust Devil Spawn"", ""D11031 / Ghost Mage Spawn"", ""D11031 / Flame Demon Spawn"", ""D11031 / Banyo Soldier Spawn"", ""D11031 / Ghost Mage Spawn"", ""D11031 / Banyo Soldier Spawn"", ""D11031 / Ghost Mage Spawn"", ""D11031 / Banyo Captain Spawn"", ""D11031 / Teleport Destination"", ""D11031 / Teleport Source"", ""D11031 / D11031 / 潘业传送3"", ""D11031 / Banyo Captain Spawn"", ""D11031 / Banyo Soldier Spawn"", ""D11031 / Sama Ice Guardian Spawn"", ""D11031 / Dust Devil Spawn"", ""D11031 / Ghost Mage Spawn"", ""D11031 / Flame Demon Spawn"", ""D11031 / Teleport Destination"", ""D11031 / Teleport Source""]"	"{""status"": ""pass"", ""walkable_cells"": 43953, ""total_cells"": 160000, ""walkable_ratio"": 0.274706}"	"{""status"": ""pass"", ""walkable_cells"": 43952, ""total_cells"": 160000, ""walkable_ratio"": 0.2747}"	pending landmark mapping; no blind coordinate reuse	blocked	low	"{""relation"": ""same dimensions, different map bytes"", ""hero_kill_sha256"": ""cdafd4a03d86d80bdc060964906c1c52ba9f4644a1237d04331def2a5912e29a"", ""zircon_sha256"": ""38dd3d567313a53b471a368d68342f5e61b80aa0a5a34a2df10979cf188410ef""}"
D11032	D11032	/home/tetsuya/mir2ei/Map/D11032.map	/home/tetsuya/mir2ei/Map/D11032.map	"{""index"": 798, ""file"": ""D11032"", ""description"": ""潘夜神殿3层东部""}"	/home/tetsuya/development/zircon/Debug/ServerCore/Map/D11032.map	exact	"{""hero_kill"": {""width"": 100, ""height"": 100}, ""zircon"": {""width"": 100, ""height"": 100}}"	"{""region_count"": 17, ""region_landmark_samples"": [""D11032 / Banyo Soldier Spawn"", ""D11032 / Sama Ice Guardian Spawn"", ""D11032 / Dust Devil Spawn"", ""D11032 / Ghost Mage Spawn"", ""D11032 / Flame Demon Spawn"", ""D11032 / Teleport Destination"", ""D11032 / Teleport Source"", ""D11032 / Teleport Source"", ""D11032 / Teleport Destination"", ""D11032 / Banyo Soldier Spawn"", ""D11032 / Sama Ice Guardian Spawn"", ""D11032 / Dust Devil Spawn"", ""D11032 / Ghost Mage Spawn"", ""D11032 / Flame Demon Spawn"", ""D11032 / Teleport Destination"", ""D11032 / Teleport Source"", ""D11032 / Teleport Source""], ""guard_count"": 0, ""guard_samples"": [], ""connected_maps"": [""D1102"", ""D1104""], ""coordinate_evidence"": ""MapRegion PointRegion centers; no Merchant coordinate snapshot available""}"	"[""D11032 / Banyo Soldier Spawn"", ""D11032 / Sama Ice Guardian Spawn"", ""D11032 / Dust Devil Spawn"", ""D11032 / Ghost Mage Spawn"", ""D11032 / Flame Demon Spawn"", ""D11032 / Teleport Destination"", ""D11032 / Teleport Source"", ""D11032 / Teleport Source"", ""D11032 / Teleport Destination"", ""D11032 / Banyo Soldier Spawn"", ""D11032 / Sama Ice Guardian Spawn"", ""D11032 / Dust Devil Spawn"", ""D11032 / Ghost Mage Spawn"", ""D11032 / Flame Demon Spawn"", ""D11032 / Teleport Destination"", ""D11032 / Teleport Source"", ""D11032 / Teleport Source""]"	"{""status"": ""pass"", ""walkable_cells"": 2338, ""total_cells"": 10000, ""walkable_ratio"": 0.2338}"	"{""status"": ""pass"", ""walkable_cells"": 2338, ""total_cells"": 10000, ""walkable_ratio"": 0.2338}"	identity logical-grid coordinates	allowed-after-point-check	high	"{""relation"": ""same local map bytes"", ""hero_kill_sha256"": ""6f61abfac89a909068dfab1e9d0fa5c94528543d65b33d788f227afedbb501a5"", ""zircon_sha256"": ""6f61abfac89a909068dfab1e9d0fa5c94528543d65b33d788f227afedbb501a5""}"
D1110	D1110	/home/tetsuya/mir2ei/Map/D1110.map	/home/tetsuya/mir2ei/Map/D1110.map	"{""index"": 799, ""file"": ""D1110"", ""description"": ""潘夜神殿大厅""}"	/home/tetsuya/development/zircon/Debug/ServerCore/Map/D1110.map	exact	"{""hero_kill"": {""width"": 50, ""height"": 50}, ""zircon"": {""width"": 50, ""height"": 50}}"	"{""region_count"": 7, ""region_landmark_samples"": [""D1110 / Teleport Source"", ""D1110 / Teleport Destination""], ""guard_count"": 0, ""guard_samples"": [], ""connected_maps"": [""D1111""], ""coordinate_evidence"": ""MapRegion PointRegion centers; no Merchant coordinate snapshot available""}"	"[""D1110 / Teleport Source"", ""D1110 / Teleport Destination""]"	"{""status"": ""pass"", ""walkable_cells"": 648, ""total_cells"": 2500, ""walkable_ratio"": 0.2592}"	"{""status"": ""pass"", ""walkable_cells"": 648, ""total_cells"": 2500, ""walkable_ratio"": 0.2592}"	identity logical-grid coordinates	allowed-after-point-check	high	"{""relation"": ""same local map bytes"", ""hero_kill_sha256"": ""27810115ee2cfd188c5c53dbb0374488bb61776dd0d7715a859f3e4db805599b"", ""zircon_sha256"": ""27810115ee2cfd188c5c53dbb0374488bb61776dd0d7715a859f3e4db805599b""}"
D1111	D1111	/home/tetsuya/mir2ei/Map/D1111.map	/home/tetsuya/mir2ei/Map/D1111.map	"{""index"": 800, ""file"": ""D1111"", ""description"": ""潘夜神殿4层""}"	/home/tetsuya/development/zircon/Debug/ServerCore/Map/D1111.map	exact	"{""hero_kill"": {""width"": 300, ""height"": 300}, ""zircon"": {""width"": 300, ""height"": 300}}"	"{""region_count"": 16, ""region_landmark_samples"": [""D1111 / Banyo Soldier Spawn"", ""D1111 / Sama Ice Guardian Spawn"", ""D1111 / Dust Devil Spawn"", ""D1111 / Ghost Mage Spawn"", ""D1111 / Flame Demon Spawn"", ""D1111 / Banya Left Guard Spawn"", ""D1111 / Banya Right Guard Spawn"", ""D1111 / Flame Demon Spawn"", ""D1111 / Banya Right Guard Spawn"", ""D1111 / Flame Demon Spawn"", ""D1111 / Banya Right Guard Spawn"", ""D1111 / Banyo Captain Spawn"", ""D1111 / Teleport Destination"", ""D1111 / Teleport Source"", ""D1111 / Teleport Source"", ""D1111 / Teleport Destination""], ""guard_count"": 0, ""guard_samples"": [], ""connected_maps"": [""D1110"", ""D1112""], ""coordinate_evidence"": ""MapRegion PointRegion centers; no Merchant coordinate snapshot available""}"	"[""D1111 / Banyo Soldier Spawn"", ""D1111 / Sama Ice Guardian Spawn"", ""D1111 / Dust Devil Spawn"", ""D1111 / Ghost Mage Spawn"", ""D1111 / Flame Demon Spawn"", ""D1111 / Banya Left Guard Spawn"", ""D1111 / Banya Right Guard Spawn"", ""D1111 / Flame Demon Spawn"", ""D1111 / Banya Right Guard Spawn"", ""D1111 / Flame Demon Spawn"", ""D1111 / Banya Right Guard Spawn"", ""D1111 / Banyo Captain Spawn"", ""D1111 / Teleport Destination"", ""D1111 / Teleport Source"", ""D1111 / Teleport Source"", ""D1111 / Teleport Destination""]"	"{""status"": ""pass"", ""walkable_cells"": 26122, ""total_cells"": 90000, ""walkable_ratio"": 0.290244}"	"{""status"": ""pass"", ""walkable_cells"": 26122, ""total_cells"": 90000, ""walkable_ratio"": 0.290244}"	identity logical-grid coordinates	allowed-after-point-check	high	"{""relation"": ""same local map bytes"", ""hero_kill_sha256"": ""84e8ec1094620e161be594e8d15f1f025b10e71738df9c1be38acdef38294da9"", ""zircon_sha256"": ""84e8ec1094620e161be594e8d15f1f025b10e71738df9c1be38acdef38294da9""}"
D1112	D1112	/home/tetsuya/mir2ei/Map/D1112.map	/home/tetsuya/mir2ei/Map/D1112.map	"{""index"": 801, ""file"": ""D1112"", ""description"": ""潘夜神殿5层""}"	/home/tetsuya/development/zircon/Debug/ServerCore/Map/D1112.map	exact	"{""hero_kill"": {""width"": 400, ""height"": 400}, ""zircon"": {""width"": 400, ""height"": 400}}"	"{""region_count"": 16, ""region_landmark_samples"": [""D1112 / Banyo Soldier Spawn"", ""D1112 / Sama Ice Guardian Spawn"", ""D1112 / Dust Devil Spawn"", ""D1112 / Ghost Mage Spawn"", ""D1112 / Flame Demon Spawn"", ""D1112 / Banya Left Guard Spawn"", ""D1112 / Banya Right Guard Spawn"", ""D1112 / Banya Left Guard Spawn"", ""D1112 / Banya Right Guard Spawn"", ""D1112 / Banya Left Guard Spawn"", ""D1112 / Banya Right Guard Spawn"", ""D1112 / Banyo Captain Spawn"", ""D1112 / Teleport Destination"", ""D1112 / Teleport Source"", ""D1112 / Teleport Source"", ""D1112 / Teleport Destination""], ""guard_count"": 0, ""guard_samples"": [], ""connected_maps"": [""D1111"", ""D1113""], ""coordinate_evidence"": ""MapRegion PointRegion centers; no Merchant coordinate snapshot available""}"	"[""D1112 / Banyo Soldier Spawn"", ""D1112 / Sama Ice Guardian Spawn"", ""D1112 / Dust Devil Spawn"", ""D1112 / Ghost Mage Spawn"", ""D1112 / Flame Demon Spawn"", ""D1112 / Banya Left Guard Spawn"", ""D1112 / Banya Right Guard Spawn"", ""D1112 / Banya Left Guard Spawn"", ""D1112 / Banya Right Guard Spawn"", ""D1112 / Banya Left Guard Spawn"", ""D1112 / Banya Right Guard Spawn"", ""D1112 / Banyo Captain Spawn"", ""D1112 / Teleport Destination"", ""D1112 / Teleport Source"", ""D1112 / Teleport Source"", ""D1112 / Teleport Destination""]"	"{""status"": ""pass"", ""walkable_cells"": 48848, ""total_cells"": 160000, ""walkable_ratio"": 0.3053}"	"{""status"": ""pass"", ""walkable_cells"": 48848, ""total_cells"": 160000, ""walkable_ratio"": 0.3053}"	identity logical-grid coordinates	allowed-after-point-check	high	"{""relation"": ""same local map bytes"", ""hero_kill_sha256"": ""8092147664c28b96296bf2e8101dd4dfb87fd89de33b7cb427d02372490619cc"", ""zircon_sha256"": ""8092147664c28b96296bf2e8101dd4dfb87fd89de33b7cb427d02372490619cc""}"
D1113	D1113	/home/tetsuya/mir2ei/Map/D1113.map	/home/tetsuya/mir2ei/Map/D1113.map	"{""index"": 802, ""file"": ""D1113"", ""description"": ""潘夜神殿6层""}"	/home/tetsuya/development/zircon/Debug/ServerCore/Map/D1113.map	exact	"{""hero_kill"": {""width"": 400, ""height"": 400}, ""zircon"": {""width"": 400, ""height"": 400}}"	"{""region_count"": 20, ""region_landmark_samples"": [""D1113 / Banyo Soldier Spawn"", ""D1113 / Sama Ice Guardian Spawn"", ""D1113 / Dust Devil Spawn"", ""D1113 / Ghost Mage Spawn"", ""D1113 / Flame Demon Spawn"", ""D1113 / Banya Left Guard Spawn"", ""D1113 / Banya Right Guard Spawn"", ""D1113 / Ghost Mage Spawn"", ""D1113 / Banya Right Guard Spawn"", ""D1113 / Ghost Mage Spawn"", ""D1113 / Banya Right Guard Spawn"", ""D1113 / Banyo Captain Spawn"", ""D1113 / Teleport Destination"", ""D1113 / Teleport Source"", ""D1113 / Teleport Source"", ""D1113 / Teleport Destination"", ""D1113 / Teleport Source"", ""D1113 / Teleport Destination"", ""D1113 / Teleport Source"", ""D1113 / Teleport Destination""], ""guard_count"": 0, ""guard_samples"": [], ""connected_maps"": [""D1112"", ""D11141"", ""D11142"", ""D1115""], ""coordinate_evidence"": ""MapRegion PointRegion centers; no Merchant coordinate snapshot available""}"	"[""D1113 / Banyo Soldier Spawn"", ""D1113 / Sama Ice Guardian Spawn"", ""D1113 / Dust Devil Spawn"", ""D1113 / Ghost Mage Spawn"", ""D1113 / Flame Demon Spawn"", ""D1113 / Banya Left Guard Spawn"", ""D1113 / Banya Right Guard Spawn"", ""D1113 / Ghost Mage Spawn"", ""D1113 / Banya Right Guard Spawn"", ""D1113 / Ghost Mage Spawn"", ""D1113 / Banya Right Guard Spawn"", ""D1113 / Banyo Captain Spawn"", ""D1113 / Teleport Destination"", ""D1113 / Teleport Source"", ""D1113 / Teleport Source"", ""D1113 / Teleport Destination"", ""D1113 / Teleport Source"", ""D1113 / Teleport Destination"", ""D1113 / Teleport Source"", ""D1113 / Teleport Destination""]"	"{""status"": ""pass"", ""walkable_cells"": 42973, ""total_cells"": 160000, ""walkable_ratio"": 0.268581}"	"{""status"": ""pass"", ""walkable_cells"": 42973, ""total_cells"": 160000, ""walkable_ratio"": 0.268581}"	identity logical-grid coordinates	allowed-after-point-check	high	"{""relation"": ""same local map bytes"", ""hero_kill_sha256"": ""94cd210a47e08056064731bb932c0b99499d23b5893025f71deec3b58af99127"", ""zircon_sha256"": ""94cd210a47e08056064731bb932c0b99499d23b5893025f71deec3b58af99127""}"
D11141	D11141	/home/tetsuya/mir2ei/Map/D11141.map	/home/tetsuya/mir2ei/Map/D11141.map	"{""index"": 803, ""file"": ""D11141"", ""description"": ""潘夜神殿7层西部""}"	/home/tetsuya/development/zircon/Debug/ServerCore/Map/D11141.map	exact	"{""hero_kill"": {""width"": 200, ""height"": 200}, ""zircon"": {""width"": 200, ""height"": 200}}"	"{""region_count"": 16, ""region_landmark_samples"": [""D11141 / Banyo Soldier Spawn"", ""D11141 / Sama Ice Guardian Spawn"", ""D11141 / Dust Devil Spawn"", ""D11141 / Ghost Mage Spawn"", ""D11141 / Flame Demon Spawn"", ""D11141 / Banya Left Guard Spawn"", ""D11141 / Banya Right Guard Spawn"", ""D11141 / Sama Ice Guardian Spawn"", ""D11141 / Dust Devil Spawn"", ""D11141 / Sama Ice Guardian Spawn"", ""D11141 / Dust Devil Spawn"", ""D11141 / Banyo Captain Spawn"", ""D11141 / Teleport Destination"", ""D11141 / Teleport Source"", ""D11141 / Teleport Source"", ""D11141 / Teleport Destination""], ""guard_count"": 0, ""guard_samples"": [], ""connected_maps"": [""D1113"", ""D1115""], ""coordinate_evidence"": ""MapRegion PointRegion centers; no Merchant coordinate snapshot available""}"	"[""D11141 / Banyo Soldier Spawn"", ""D11141 / Sama Ice Guardian Spawn"", ""D11141 / Dust Devil Spawn"", ""D11141 / Ghost Mage Spawn"", ""D11141 / Flame Demon Spawn"", ""D11141 / Banya Left Guard Spawn"", ""D11141 / Banya Right Guard Spawn"", ""D11141 / Sama Ice Guardian Spawn"", ""D11141 / Dust Devil Spawn"", ""D11141 / Sama Ice Guardian Spawn"", ""D11141 / Dust Devil Spawn"", ""D11141 / Banyo Captain Spawn"", ""D11141 / Teleport Destination"", ""D11141 / Teleport Source"", ""D11141 / Teleport Source"", ""D11141 / Teleport Destination""]"	"{""status"": ""pass"", ""walkable_cells"": 11460, ""total_cells"": 40000, ""walkable_ratio"": 0.2865}"	"{""status"": ""pass"", ""walkable_cells"": 11460, ""total_cells"": 40000, ""walkable_ratio"": 0.2865}"	identity logical-grid coordinates	allowed-after-point-check	high	"{""relation"": ""same local map bytes"", ""hero_kill_sha256"": ""48d66100a9658113caf9f7dc5a841d69ab941c87e015f96c882ab7356be51de4"", ""zircon_sha256"": ""48d66100a9658113caf9f7dc5a841d69ab941c87e015f96c882ab7356be51de4""}"
D11142	D11142	/home/tetsuya/mir2ei/Map/D11142.map	/home/tetsuya/mir2ei/Map/D11142.map	"{""index"": 804, ""file"": ""D11142"", ""description"": ""潘夜神殿7层东部""}"	/home/tetsuya/development/zircon/Debug/ServerCore/Map/D11142.map	exact	"{""hero_kill"": {""width"": 200, ""height"": 200}, ""zircon"": {""width"": 200, ""height"": 200}}"	"{""region_count"": 16, ""region_landmark_samples"": [""D11142 / Banyo Soldier Spawn"", ""D11142 / Sama Ice Guardian Spawn"", ""D11142 / Dust Devil Spawn"", ""D11142 / Ghost Mage Spawn"", ""D11142 / Flame Demon Spawn"", ""D11142 / Banya Left Guard Spawn"", ""D11142 / Banya Right Guard Spawn"", ""D11142 / Banyo Soldier Spawn"", ""D11142 / Banya Right Guard Spawn"", ""D11142 / Banyo Soldier Spawn"", ""D11142 / Banya Right Guard Spawn"", ""D11142 / Banyo Captain Spawn"", ""D11142 / Teleport Destination"", ""D11142 / Teleport Source"", ""D11142 / Teleport Source"", ""D11142 / Teleport Destination""], ""guard_count"": 0, ""guard_samples"": [], ""connected_maps"": [""D1113"", ""D1115""], ""coordinate_evidence"": ""MapRegion PointRegion centers; no Merchant coordinate snapshot available""}"	"[""D11142 / Banyo Soldier Spawn"", ""D11142 / Sama Ice Guardian Spawn"", ""D11142 / Dust Devil Spawn"", ""D11142 / Ghost Mage Spawn"", ""D11142 / Flame Demon Spawn"", ""D11142 / Banya Left Guard Spawn"", ""D11142 / Banya Right Guard Spawn"", ""D11142 / Banyo Soldier Spawn"", ""D11142 / Banya Right Guard Spawn"", ""D11142 / Banyo Soldier Spawn"", ""D11142 / Banya Right Guard Spawn"", ""D11142 / Banyo Captain Spawn"", ""D11142 / Teleport Destination"", ""D11142 / Teleport Source"", ""D11142 / Teleport Source"", ""D11142 / Teleport Destination""]"	"{""status"": ""pass"", ""walkable_cells"": 12458, ""total_cells"": 40000, ""walkable_ratio"": 0.31145}"	"{""status"": ""pass"", ""walkable_cells"": 12458, ""total_cells"": 40000, ""walkable_ratio"": 0.31145}"	identity logical-grid coordinates	allowed-after-point-check	high	"{""relation"": ""same local map bytes"", ""hero_kill_sha256"": ""6e335b5aa3e66bba0ef66781f30509420a32ebcb72356b377df98bc252b47fac"", ""zircon_sha256"": ""6e335b5aa3e66bba0ef66781f30509420a32ebcb72356b377df98bc252b47fac""}"
D1115	D1115	/home/tetsuya/mir2ei/Map/D1115.map	/home/tetsuya/mir2ei/Map/D1115.map	"{""index"": 805, ""file"": ""D1115"", ""description"": ""潘夜神殿8层""}"	/home/tetsuya/development/zircon/Debug/ServerCore/Map/D1115.map	exact	"{""hero_kill"": {""width"": 400, ""height"": 400}, ""zircon"": {""width"": 400, ""height"": 400}}"	"{""region_count"": 29, ""region_landmark_samples"": [""D1115 / Banyo Soldier Spawn"", ""D1115 / Sama Ice Guardian Spawn"", ""D1115 / Dust Devil Spawn"", ""D1115 / Ghost Mage Spawn"", ""D1115 / Flame Demon Spawn"", ""D1115 / Banya Left Guard Spawn"", ""D1115 / Banya Right Guard Spawn"", ""D1115 / Banya Left Guard Spawn"", ""D1115 / Banya Right Guard Spawn"", ""D1115 / Banya Left Guard Spawn"", ""D1115 / Banya Right Guard Spawn"", ""D1115 / Banyo Captain Spawn"", ""D1115 / Teleport Destination"", ""D1115 / Teleport Source"", ""D1115 / Teleport Destination"", ""D1115 / Teleport Source"", ""D1115 / Teleport Destination"", ""D1115 / Teleport Source"", ""D1115 / Teleport Source"", ""D1115 / 潘业传送4"", ""D1115 / Banyo Captain Spawn"", ""D1115 / Banyo Soldier Spawn"", ""D1115 / Sama Ice Guardian Spawn"", ""D1115 / Dust Devil Spawn"", ""D1115 / Ghost Mage Spawn"", ""D1115 / Flame Demon Spawn"", ""D1115 / Banya Left Guard Spawn"", ""D1115 / Banya Right Guard Spawn"", ""D1115 / Teleport Source""], ""guard_count"": 0, ""guard_samples"": [], ""connected_maps"": [""D1113"", ""D11141"", ""D11142"", ""D1116""], ""coordinate_evidence"": ""MapRegion PointRegion centers; no Merchant coordinate snapshot available""}"	"[""D1115 / Banyo Soldier Spawn"", ""D1115 / Sama Ice Guardian Spawn"", ""D1115 / Dust Devil Spawn"", ""D1115 / Ghost Mage Spawn"", ""D1115 / Flame Demon Spawn"", ""D1115 / Banya Left Guard Spawn"", ""D1115 / Banya Right Guard Spawn"", ""D1115 / Banya Left Guard Spawn"", ""D1115 / Banya Right Guard Spawn"", ""D1115 / Banya Left Guard Spawn"", ""D1115 / Banya Right Guard Spawn"", ""D1115 / Banyo Captain Spawn"", ""D1115 / Teleport Destination"", ""D1115 / Teleport Source"", ""D1115 / Teleport Destination"", ""D1115 / Teleport Source"", ""D1115 / Teleport Destination"", ""D1115 / Teleport Source"", ""D1115 / Teleport Source"", ""D1115 / 潘业传送4"", ""D1115 / Banyo Captain Spawn"", ""D1115 / Banyo Soldier Spawn"", ""D1115 / Sama Ice Guardian Spawn"", ""D1115 / Dust Devil Spawn"", ""D1115 / Ghost Mage Spawn"", ""D1115 / Flame Demon Spawn"", ""D1115 / Banya Left Guard Spawn"", ""D1115 / Banya Right Guard Spawn"", ""D1115 / Teleport Source""]"	"{""status"": ""pass"", ""walkable_cells"": 53589, ""total_cells"": 160000, ""walkable_ratio"": 0.334931}"	"{""status"": ""pass"", ""walkable_cells"": 53589, ""total_cells"": 160000, ""walkable_ratio"": 0.334931}"	identity logical-grid coordinates	allowed-after-point-check	high	"{""relation"": ""same local map bytes"", ""hero_kill_sha256"": ""9b81b83a03f3f5be80137b74db0167aec3c9ebed52ddbd2c3ea5aaf07e9259f3"", ""zircon_sha256"": ""9b81b83a03f3f5be80137b74db0167aec3c9ebed52ddbd2c3ea5aaf07e9259f3""}"
D1116	D1116	/home/tetsuya/mir2ei/Map/D1116.map	/home/tetsuya/mir2ei/Map/D1116.map	"{""index"": 806, ""file"": ""D1116"", ""description"": ""潘夜神殿""}"	/home/tetsuya/development/zircon/Debug/ServerCore/Map/D1116.map	exact	"{""hero_kill"": {""width"": 100, ""height"": 100}, ""zircon"": {""width"": 100, ""height"": 100}}"	"{""region_count"": 4, ""region_landmark_samples"": [""D1116 / Teleport Destination"", ""D1116 / Banya Left Guard Spawn"", ""D1116 / Banya Right Guard Spawn"", ""D1116 / Teleport Destination""], ""guard_count"": 0, ""guard_samples"": [], ""connected_maps"": [""D1115""], ""coordinate_evidence"": ""MapRegion PointRegion centers; no Merchant coordinate snapshot available""}"	"[""D1116 / Teleport Destination"", ""D1116 / Banya Left Guard Spawn"", ""D1116 / Banya Right Guard Spawn"", ""D1116 / Teleport Destination""]"	"{""status"": ""pass"", ""walkable_cells"": 5257, ""total_cells"": 10000, ""walkable_ratio"": 0.5257}"	"{""status"": ""pass"", ""walkable_cells"": 5257, ""total_cells"": 10000, ""walkable_ratio"": 0.5257}"	identity logical-grid coordinates	allowed-after-point-check	high	"{""relation"": ""same local map bytes"", ""hero_kill_sha256"": ""c80ed346f397cbb25cd3503700d8a73fda087ae47c9555571880eb117783fb3e"", ""zircon_sha256"": ""c80ed346f397cbb25cd3503700d8a73fda087ae47c9555571880eb117783fb3e""}"
D1201	D1201	/home/tetsuya/mir2ei/Map/D1201.map	/home/tetsuya/mir2ei/Map/D1201.map	"{""index"": 807, ""file"": ""D1201"", ""description"": ""罪孽洞穴1层""}"	/home/tetsuya/development/zircon/Debug/ServerCore/Map/D1201.map	exact	"{""hero_kill"": {""width"": 200, ""height"": 200}, ""zircon"": {""width"": 200, ""height"": 200}}"	"{""region_count"": 14, ""region_landmark_samples"": [""D1201 / Wild Boar Spawn"", ""D1201 / Dragon Spawn"", ""D1201 / Teleport Destination"", ""D1201 / Teleport Source"", ""D1201 / Teleport Source"", ""D1201 / Teleport Destination"", ""D1201 / Evil Spirit Archer Spawn"", ""D1201 / Evil Spirit Soldier Spawn"", ""D1201 / Evil Spirit Warrior Spawn"", ""D1201 / Teleport Destination"", ""D1201 / Teleport Destination"", ""D1201 / Teleport Source"", ""D1201 / Teleport Source"", ""D1201 / Teleport Source""], ""guard_count"": 0, ""guard_samples"": [], ""connected_maps"": [""81"", ""D1202""], ""coordinate_evidence"": ""MapRegion PointRegion centers; no Merchant coordinate snapshot available""}"	"[""D1201 / Wild Boar Spawn"", ""D1201 / Dragon Spawn"", ""D1201 / Teleport Destination"", ""D1201 / Teleport Source"", ""D1201 / Teleport Source"", ""D1201 / Teleport Destination"", ""D1201 / Evil Spirit Archer Spawn"", ""D1201 / Evil Spirit Soldier Spawn"", ""D1201 / Evil Spirit Warrior Spawn"", ""D1201 / Teleport Destination"", ""D1201 / Teleport Destination"", ""D1201 / Teleport Source"", ""D1201 / Teleport Source"", ""D1201 / Teleport Source""]"	"{""status"": ""pass"", ""walkable_cells"": 8434, ""total_cells"": 40000, ""walkable_ratio"": 0.21085}"	"{""status"": ""pass"", ""walkable_cells"": 8434, ""total_cells"": 40000, ""walkable_ratio"": 0.21085}"	identity logical-grid coordinates	allowed-after-point-check	high	"{""relation"": ""same local map bytes"", ""hero_kill_sha256"": ""5368423558317de90466652e84856c380e2e039a05b918b2d2b27c866a69c1c5"", ""zircon_sha256"": ""5368423558317de90466652e84856c380e2e039a05b918b2d2b27c866a69c1c5""}"
D1202	D1202	/home/tetsuya/mir2ei/Map/D1202.map	/home/tetsuya/mir2ei/Map/D1202.map	"{""index"": 808, ""file"": ""D1202"", ""description"": ""罪孽洞穴2层""}"	/home/tetsuya/development/zircon/Debug/ServerCore/Map/D1202.map	exact	"{""hero_kill"": {""width"": 200, ""height"": 200}, ""zircon"": {""width"": 200, ""height"": 200}}"	"{""region_count"": 8, ""region_landmark_samples"": [""D1202 / Wild Boar Spawn"", ""D1202 / Dragon Spawn"", ""D1202 / Teleport Destination"", ""D1202 / Teleport Source"", ""D1202 / Teleport Source"", ""D1202 / Teleport Destination"", ""D1202 / Teleport Source"", ""D1202 / Teleport Destination""], ""guard_count"": 0, ""guard_samples"": [], ""connected_maps"": [""D1201"", ""D12031"", ""D12032""], ""coordinate_evidence"": ""MapRegion PointRegion centers; no Merchant coordinate snapshot available""}"	"[""D1202 / Wild Boar Spawn"", ""D1202 / Dragon Spawn"", ""D1202 / Teleport Destination"", ""D1202 / Teleport Source"", ""D1202 / Teleport Source"", ""D1202 / Teleport Destination"", ""D1202 / Teleport Source"", ""D1202 / Teleport Destination""]"	"{""status"": ""pass"", ""walkable_cells"": 8421, ""total_cells"": 40000, ""walkable_ratio"": 0.210525}"	"{""status"": ""pass"", ""walkable_cells"": 8421, ""total_cells"": 40000, ""walkable_ratio"": 0.210525}"	identity logical-grid coordinates	allowed-after-point-check	high	"{""relation"": ""same local map bytes"", ""hero_kill_sha256"": ""91597ba897475946d6a60a9a473fbad322593a464b5cf3db3ab9cbd042d39c4e"", ""zircon_sha256"": ""91597ba897475946d6a60a9a473fbad322593a464b5cf3db3ab9cbd042d39c4e""}"
D1204	D1204	/home/tetsuya/mir2ei/Map/D1204.map	/home/tetsuya/mir2ei/Map/D1204.map	"{""index"": 809, ""file"": ""D1204"", ""description"": ""罪孽洞穴4层""}"	/home/tetsuya/development/zircon/Debug/ServerCore/Map/D1204.map	exact	"{""hero_kill"": {""width"": 300, ""height"": 300}, ""zircon"": {""width"": 300, ""height"": 300}}"	"{""region_count"": 8, ""region_landmark_samples"": [""D1204 / Wild Boar Spawn"", ""D1204 / Dragon Spawn"", ""D1204 / Teleport Destination"", ""D1204 / Teleport Source"", ""D1204 / Teleport Destination"", ""D1204 / Teleport Source"", ""D1204 / Teleport Source"", ""D1204 / Teleport Destination""], ""guard_count"": 0, ""guard_samples"": [], ""connected_maps"": [""D12031"", ""D12032"", ""D1205""], ""coordinate_evidence"": ""MapRegion PointRegion centers; no Merchant coordinate snapshot available""}"	"[""D1204 / Wild Boar Spawn"", ""D1204 / Dragon Spawn"", ""D1204 / Teleport Destination"", ""D1204 / Teleport Source"", ""D1204 / Teleport Destination"", ""D1204 / Teleport Source"", ""D1204 / Teleport Source"", ""D1204 / Teleport Destination""]"	"{""status"": ""pass"", ""walkable_cells"": 19791, ""total_cells"": 90000, ""walkable_ratio"": 0.2199}"	"{""status"": ""pass"", ""walkable_cells"": 19791, ""total_cells"": 90000, ""walkable_ratio"": 0.2199}"	identity logical-grid coordinates	allowed-after-point-check	high	"{""relation"": ""same local map bytes"", ""hero_kill_sha256"": ""eb30d6b40a70c0295ea735908665bafd4b26a20f1de1817f1e51cd984c4865d1"", ""zircon_sha256"": ""eb30d6b40a70c0295ea735908665bafd4b26a20f1de1817f1e51cd984c4865d1""}"
D1211	D1211	/home/tetsuya/mir2ei/Map/D1211.map	/home/tetsuya/mir2ei/Map/D1211.map	"{""index"": 810, ""file"": ""D1211"", ""description"": ""潘夜石窟1层""}"	/home/tetsuya/development/zircon/Debug/ServerCore/Map/D1211.map	exact	"{""hero_kill"": {""width"": 200, ""height"": 200}, ""zircon"": {""width"": 200, ""height"": 200}}"	"{""region_count"": 12, ""region_landmark_samples"": [""D1211 / Skeleton Axeman Spawn"", ""D1211 / Skeleton Warrior Spawn"", ""D1211 / Skeleton Spawn"", ""D1211 / Skeleton Lord Spawn"", ""D1211 / Skeleton Axeman Spawn"", ""D1211 / Skeleton Spawn"", ""D1211 / Skeleton Spawn"", ""D1211 / Ghoul Champion Spawn"", ""D1211 / Teleport Destination"", ""D1211 / Teleport Source"", ""D1211 / Teleport Source"", ""D1211 / Teleport Destination""], ""guard_count"": 0, ""guard_samples"": [], ""connected_maps"": [""8"", ""D12121""], ""coordinate_evidence"": ""MapRegion PointRegion centers; no Merchant coordinate snapshot available""}"	"[""D1211 / Skeleton Axeman Spawn"", ""D1211 / Skeleton Warrior Spawn"", ""D1211 / Skeleton Spawn"", ""D1211 / Skeleton Lord Spawn"", ""D1211 / Skeleton Axeman Spawn"", ""D1211 / Skeleton Spawn"", ""D1211 / Skeleton Spawn"", ""D1211 / Ghoul Champion Spawn"", ""D1211 / Teleport Destination"", ""D1211 / Teleport Source"", ""D1211 / Teleport Source"", ""D1211 / Teleport Destination""]"	"{""status"": ""pass"", ""walkable_cells"": 11099, ""total_cells"": 40000, ""walkable_ratio"": 0.277475}"	"{""status"": ""pass"", ""walkable_cells"": 11099, ""total_cells"": 40000, ""walkable_ratio"": 0.277475}"	identity logical-grid coordinates	allowed-after-point-check	high	"{""relation"": ""same local map bytes"", ""hero_kill_sha256"": ""b5e86ce369f9a35494b3984e2769ff09bb7c2223d54c8927c556dda27bc4e64c"", ""zircon_sha256"": ""b5e86ce369f9a35494b3984e2769ff09bb7c2223d54c8927c556dda27bc4e64c""}"
D12121	D12121	/home/tetsuya/mir2ei/Map/D12121.map	/home/tetsuya/mir2ei/Map/D12121.map	"{""index"": 811, ""file"": ""D12121"", ""description"": ""潘夜石窟2层西部""}"	/home/tetsuya/development/zircon/Debug/ServerCore/Map/D12121.map	exact	"{""hero_kill"": {""width"": 300, ""height"": 300}, ""zircon"": {""width"": 300, ""height"": 300}}"	"{""region_count"": 12, ""region_landmark_samples"": [""D12121 / Skeleton Axeman Spawn"", ""D12121 / Skeleton Warrior Spawn"", ""D12121 / Skeleton Spawn"", ""D12121 / Skeleton Lord Spawn"", ""D12121 / Skeleton Axeman Spawn"", ""D12121 / Skeleton Spawn"", ""D12121 / Skeleton Lord Spawn"", ""D12121 / Ghoul Champion Spawn"", ""D12121 / Teleport Destination"", ""D12121 / Teleport Source"", ""D12121 / Teleport Source"", ""D12121 / Teleport Destination""], ""guard_count"": 0, ""guard_samples"": [], ""connected_maps"": [""D1211"", ""D1213""], ""coordinate_evidence"": ""MapRegion PointRegion centers; no Merchant coordinate snapshot available""}"	"[""D12121 / Skeleton Axeman Spawn"", ""D12121 / Skeleton Warrior Spawn"", ""D12121 / Skeleton Spawn"", ""D12121 / Skeleton Lord Spawn"", ""D12121 / Skeleton Axeman Spawn"", ""D12121 / Skeleton Spawn"", ""D12121 / Skeleton Lord Spawn"", ""D12121 / Ghoul Champion Spawn"", ""D12121 / Teleport Destination"", ""D12121 / Teleport Source"", ""D12121 / Teleport Source"", ""D12121 / Teleport Destination""]"	"{""status"": ""pass"", ""walkable_cells"": 20152, ""total_cells"": 90000, ""walkable_ratio"": 0.223911}"	"{""status"": ""pass"", ""walkable_cells"": 20152, ""total_cells"": 90000, ""walkable_ratio"": 0.223911}"	identity logical-grid coordinates	allowed-after-point-check	high	"{""relation"": ""same local map bytes"", ""hero_kill_sha256"": ""930411ffccd43333fd7529d4ba71a4217a8d87e988b46f0acf183cedb458d57b"", ""zircon_sha256"": ""930411ffccd43333fd7529d4ba71a4217a8d87e988b46f0acf183cedb458d57b""}"
D12122	D12122	/home/tetsuya/mir2ei/Map/D12122.map	/home/tetsuya/mir2ei/Map/D12122.map	"{""index"": 812, ""file"": ""D12122"", ""description"": ""EI D12122""}"	/home/tetsuya/development/zircon/Debug/ServerCore/Map/D12122.map	exact	"{""hero_kill"": {""width"": 100, ""height"": 100}, ""zircon"": {""width"": 100, ""height"": 100}}"	"{""region_count"": 0, ""region_landmark_samples"": [], ""guard_count"": 0, ""guard_samples"": [], ""connected_maps"": [], ""coordinate_evidence"": ""MapRegion PointRegion centers; no Merchant coordinate snapshot available""}"	[]	"{""status"": ""pass"", ""walkable_cells"": 908, ""total_cells"": 10000, ""walkable_ratio"": 0.0908}"	"{""status"": ""pass"", ""walkable_cells"": 908, ""total_cells"": 10000, ""walkable_ratio"": 0.0908}"	identity logical-grid coordinates	allowed-after-point-check	high	"{""relation"": ""same local map bytes"", ""hero_kill_sha256"": ""3c322d5871a378f267450f5d902a4d10c53c05daf20fafb9ea6e1f04656a174d"", ""zircon_sha256"": ""3c322d5871a378f267450f5d902a4d10c53c05daf20fafb9ea6e1f04656a174d""}"
D1213	D1213	/home/tetsuya/mir2ei/Map/D1213.map	/home/tetsuya/mir2ei/Map/D1213.map	"{""index"": 813, ""file"": ""D1213"", ""description"": ""潘夜石窟3层""}"	/home/tetsuya/development/zircon/Debug/ServerCore/Map/D1213.map	exact	"{""hero_kill"": {""width"": 300, ""height"": 300}, ""zircon"": {""width"": 300, ""height"": 300}}"	"{""region_count"": 12, ""region_landmark_samples"": [""D1213 / Skeleton Axeman Spawn"", ""D1213 / Skeleton Warrior Spawn"", ""D1213 / Skeleton Spawn"", ""D1213 / Skeleton Lord Spawn"", ""D1213 / Skeleton Axeman Spawn"", ""D1213 / Skeleton Spawn"", ""D1213 / Skeleton Lord Spawn"", ""D1213 / Ghoul Champion Spawn"", ""D1213 / Teleport Destination"", ""D1213 / Teleport Source"", ""D1213 / Teleport Source"", ""D1213 / Teleport Destination""], ""guard_count"": 0, ""guard_samples"": [], ""connected_maps"": [""D12121"", ""D1214""], ""coordinate_evidence"": ""MapRegion PointRegion centers; no Merchant coordinate snapshot available""}"	"[""D1213 / Skeleton Axeman Spawn"", ""D1213 / Skeleton Warrior Spawn"", ""D1213 / Skeleton Spawn"", ""D1213 / Skeleton Lord Spawn"", ""D1213 / Skeleton Axeman Spawn"", ""D1213 / Skeleton Spawn"", ""D1213 / Skeleton Lord Spawn"", ""D1213 / Ghoul Champion Spawn"", ""D1213 / Teleport Destination"", ""D1213 / Teleport Source"", ""D1213 / Teleport Source"", ""D1213 / Teleport Destination""]"	"{""status"": ""pass"", ""walkable_cells"": 18123, ""total_cells"": 90000, ""walkable_ratio"": 0.201367}"	"{""status"": ""pass"", ""walkable_cells"": 18123, ""total_cells"": 90000, ""walkable_ratio"": 0.201367}"	identity logical-grid coordinates	allowed-after-point-check	high	"{""relation"": ""same local map bytes"", ""hero_kill_sha256"": ""b11769156f56136f4131cfff33fcd59354104e4fa5bf67e6194ade7b4e57752f"", ""zircon_sha256"": ""b11769156f56136f4131cfff33fcd59354104e4fa5bf67e6194ade7b4e57752f""}"
D1214	D1214	/home/tetsuya/mir2ei/Map/D1214.map	/home/tetsuya/mir2ei/Map/D1214.map	"{""index"": 814, ""file"": ""D1214"", ""description"": ""潘夜石窟4层""}"	/home/tetsuya/development/zircon/Debug/ServerCore/Map/D1214.map	exact	"{""hero_kill"": {""width"": 300, ""height"": 300}, ""zircon"": {""width"": 300, ""height"": 300}}"	"{""region_count"": 12, ""region_landmark_samples"": [""D1214 / Skeleton Axeman Spawn"", ""D1214 / Skeleton Warrior Spawn"", ""D1214 / Skeleton Spawn"", ""D1214 / Skeleton Lord Spawn"", ""D1214 / Skeleton Axeman Spawn"", ""D1214 / Skeleton Spawn"", ""D1214 / Skeleton Lord Spawn"", ""D1214 / Ghoul Champion Spawn"", ""D1214 / Teleport Destination"", ""D1214 / Teleport Source"", ""D1214 / Teleport Source"", ""D1214 / Teleport Destination""], ""guard_count"": 0, ""guard_samples"": [], ""connected_maps"": [""D1213"", ""D1215""], ""coordinate_evidence"": ""MapRegion PointRegion centers; no Merchant coordinate snapshot available""}"	"[""D1214 / Skeleton Axeman Spawn"", ""D1214 / Skeleton Warrior Spawn"", ""D1214 / Skeleton Spawn"", ""D1214 / Skeleton Lord Spawn"", ""D1214 / Skeleton Axeman Spawn"", ""D1214 / Skeleton Spawn"", ""D1214 / Skeleton Lord Spawn"", ""D1214 / Ghoul Champion Spawn"", ""D1214 / Teleport Destination"", ""D1214 / Teleport Source"", ""D1214 / Teleport Source"", ""D1214 / Teleport Destination""]"	"{""status"": ""pass"", ""walkable_cells"": 28047, ""total_cells"": 90000, ""walkable_ratio"": 0.311633}"	"{""status"": ""pass"", ""walkable_cells"": 28047, ""total_cells"": 90000, ""walkable_ratio"": 0.311633}"	identity logical-grid coordinates	allowed-after-point-check	high	"{""relation"": ""same local map bytes"", ""hero_kill_sha256"": ""5db900354f495ba4661194501fac28dbae799dc380fb0cd22f3ba99a62baf963"", ""zircon_sha256"": ""5db900354f495ba4661194501fac28dbae799dc380fb0cd22f3ba99a62baf963""}"
D1215	D1215	/home/tetsuya/mir2ei/Map/D1215.map	/home/tetsuya/mir2ei/Map/D1215.map	"{""index"": 815, ""file"": ""D1215"", ""description"": ""潘夜石窟5层""}"	/home/tetsuya/development/zircon/Debug/ServerCore/Map/D1215.map	exact	"{""hero_kill"": {""width"": 400, ""height"": 400}, ""zircon"": {""width"": 400, ""height"": 400}}"	"{""region_count"": 14, ""region_landmark_samples"": [""D1215 / Skeleton Axeman Spawn"", ""D1215 / Skeleton Warrior Spawn"", ""D1215 / Skeleton Spawn"", ""D1215 / Skeleton Lord Spawn"", ""D1215 / Skeleton Axeman Spawn"", ""D1215 / Skeleton Spawn"", ""D1215 / Skeleton Lord Spawn"", ""D1215 / Death Lord Jichon Spawn"", ""D1215 / Ghoul Champion Spawn"", ""D1215 / Teleport Destination"", ""D1215 / Teleport Source"", ""D1215 / Ghoul Champion Spawn"", ""D1215 / Teleport Destination"", ""D1215 / Teleport Source""], ""guard_count"": 0, ""guard_samples"": [], ""connected_maps"": [""02"", ""D1214""], ""coordinate_evidence"": ""MapRegion PointRegion centers; no Merchant coordinate snapshot available""}"	"[""D1215 / Skeleton Axeman Spawn"", ""D1215 / Skeleton Warrior Spawn"", ""D1215 / Skeleton Spawn"", ""D1215 / Skeleton Lord Spawn"", ""D1215 / Skeleton Axeman Spawn"", ""D1215 / Skeleton Spawn"", ""D1215 / Skeleton Lord Spawn"", ""D1215 / Death Lord Jichon Spawn"", ""D1215 / Ghoul Champion Spawn"", ""D1215 / Teleport Destination"", ""D1215 / Teleport Source"", ""D1215 / Ghoul Champion Spawn"", ""D1215 / Teleport Destination"", ""D1215 / Teleport Source""]"	"{""status"": ""pass"", ""walkable_cells"": 43819, ""total_cells"": 160000, ""walkable_ratio"": 0.273869}"	"{""status"": ""pass"", ""walkable_cells"": 43819, ""total_cells"": 160000, ""walkable_ratio"": 0.273869}"	identity logical-grid coordinates	allowed-after-point-check	high	"{""relation"": ""same local map bytes"", ""hero_kill_sha256"": ""9d901e171a9669625ea65f348c13794b51aebdfee61a87032a89c225b9f2713e"", ""zircon_sha256"": ""9d901e171a9669625ea65f348c13794b51aebdfee61a87032a89c225b9f2713e""}"
D1302	D1302	/home/tetsuya/mir2ei/Map/D1302.map	/home/tetsuya/mir2ei/Map/D1302.map	"{""index"": 816, ""file"": ""D1302"", ""description"": ""东部银杏废矿2层""}"	/home/tetsuya/development/zircon/Debug/ServerCore/Map/D1302.map	exact	"{""hero_kill"": {""width"": 400, ""height"": 400}, ""zircon"": {""width"": 400, ""height"": 400}}"	"{""region_count"": 11, ""region_landmark_samples"": [""D1302 / Spider Bat Spawn"", ""D1302 / Visceral Worm Spawn"", ""D1302 / Visceral Worm Spawn"", ""D1302 / Centipede Spawn"", ""D1302 / Centipede Spawn"", ""D1302 / Spider Bat Spawn"", ""D1302 / Spiked Beetle Spawn"", ""D1302 / Teleport Destination"", ""D1302 / Teleport Source"", ""D1302 / Teleport Source"", ""D1302 / Teleport Destination""], ""guard_count"": 0, ""guard_samples"": [], ""connected_maps"": [""D1301"", ""D1303""], ""coordinate_evidence"": ""MapRegion PointRegion centers; no Merchant coordinate snapshot available""}"	"[""D1302 / Spider Bat Spawn"", ""D1302 / Visceral Worm Spawn"", ""D1302 / Visceral Worm Spawn"", ""D1302 / Centipede Spawn"", ""D1302 / Centipede Spawn"", ""D1302 / Spider Bat Spawn"", ""D1302 / Spiked Beetle Spawn"", ""D1302 / Teleport Destination"", ""D1302 / Teleport Source"", ""D1302 / Teleport Source"", ""D1302 / Teleport Destination""]"	"{""status"": ""pass"", ""walkable_cells"": 38909, ""total_cells"": 160000, ""walkable_ratio"": 0.243181}"	"{""status"": ""pass"", ""walkable_cells"": 38909, ""total_cells"": 160000, ""walkable_ratio"": 0.243181}"	identity logical-grid coordinates	allowed-after-point-check	high	"{""relation"": ""same local map bytes"", ""hero_kill_sha256"": ""d2f1c9fae3d0d694533cbafef0079b13217a9680bdc62259e4f2ca0af0f3e6ad"", ""zircon_sha256"": ""d2f1c9fae3d0d694533cbafef0079b13217a9680bdc62259e4f2ca0af0f3e6ad""}"
D1311	D1311	/home/tetsuya/mir2ei/Map/D1311.map	/home/tetsuya/mir2ei/Map/D1311.map	"{""index"": 817, ""file"": ""D1311"", ""description"": ""北部银杏废矿1层""}"	/home/tetsuya/development/zircon/Debug/ServerCore/Map/D1311.map	exact	"{""hero_kill"": {""width"": 400, ""height"": 400}, ""zircon"": {""width"": 400, ""height"": 400}}"	"{""region_count"": 11, ""region_landmark_samples"": [""D1311 / Spider Bat Spawn"", ""D1311 / Visceral Worm Spawn"", ""D1311 / Visceral Worm Spawn"", ""D1311 / Centipede Spawn"", ""D1311 / Centipede Spawn"", ""D1311 / Spider Bat Spawn"", ""D1311 / Spiked Beetle Spawn"", ""D1311 / Teleport Destination"", ""D1311 / Teleport Source"", ""D1311 / Teleport Source"", ""D1311 / Teleport Destination""], ""guard_count"": 0, ""guard_samples"": [], ""connected_maps"": [""02"", ""D1312""], ""coordinate_evidence"": ""MapRegion PointRegion centers; no Merchant coordinate snapshot available""}"	"[""D1311 / Spider Bat Spawn"", ""D1311 / Visceral Worm Spawn"", ""D1311 / Visceral Worm Spawn"", ""D1311 / Centipede Spawn"", ""D1311 / Centipede Spawn"", ""D1311 / Spider Bat Spawn"", ""D1311 / Spiked Beetle Spawn"", ""D1311 / Teleport Destination"", ""D1311 / Teleport Source"", ""D1311 / Teleport Source"", ""D1311 / Teleport Destination""]"	"{""status"": ""pass"", ""walkable_cells"": 51213, ""total_cells"": 160000, ""walkable_ratio"": 0.320081}"	"{""status"": ""pass"", ""walkable_cells"": 51213, ""total_cells"": 160000, ""walkable_ratio"": 0.320081}"	identity logical-grid coordinates	allowed-after-point-check	high	"{""relation"": ""same local map bytes"", ""hero_kill_sha256"": ""7f44016003ff973c4bf2398fd1704635547c7008c04b66272adc1897bdd6fc8a"", ""zircon_sha256"": ""7f44016003ff973c4bf2398fd1704635547c7008c04b66272adc1897bdd6fc8a""}"
D1312	D1312	/home/tetsuya/mir2ei/Map/D1312.map	/home/tetsuya/mir2ei/Map/D1312.map	"{""index"": 818, ""file"": ""D1312"", ""description"": ""北部银杏废矿2层""}"	/home/tetsuya/development/zircon/Debug/ServerCore/Map/D1312.map	exact	"{""hero_kill"": {""width"": 400, ""height"": 400}, ""zircon"": {""width"": 400, ""height"": 400}}"	"{""region_count"": 11, ""region_landmark_samples"": [""D1312 / Spider Bat Spawn"", ""D1312 / Visceral Worm Spawn"", ""D1312 / Visceral Worm Spawn"", ""D1312 / Centipede Spawn"", ""D1312 / Centipede Spawn"", ""D1312 / Centipede Spawn"", ""D1312 / Spiked Beetle Spawn"", ""D1312 / Teleport Destination"", ""D1312 / Teleport Source"", ""D1312 / Teleport Source"", ""D1312 / Teleport Destination""], ""guard_count"": 0, ""guard_samples"": [], ""connected_maps"": [""D1311"", ""D1313""], ""coordinate_evidence"": ""MapRegion PointRegion centers; no Merchant coordinate snapshot available""}"	"[""D1312 / Spider Bat Spawn"", ""D1312 / Visceral Worm Spawn"", ""D1312 / Visceral Worm Spawn"", ""D1312 / Centipede Spawn"", ""D1312 / Centipede Spawn"", ""D1312 / Centipede Spawn"", ""D1312 / Spiked Beetle Spawn"", ""D1312 / Teleport Destination"", ""D1312 / Teleport Source"", ""D1312 / Teleport Source"", ""D1312 / Teleport Destination""]"	"{""status"": ""pass"", ""walkable_cells"": 38909, ""total_cells"": 160000, ""walkable_ratio"": 0.243181}"	"{""status"": ""pass"", ""walkable_cells"": 38909, ""total_cells"": 160000, ""walkable_ratio"": 0.243181}"	identity logical-grid coordinates	allowed-after-point-check	high	"{""relation"": ""same local map bytes"", ""hero_kill_sha256"": ""d2f1c9fae3d0d694533cbafef0079b13217a9680bdc62259e4f2ca0af0f3e6ad"", ""zircon_sha256"": ""d2f1c9fae3d0d694533cbafef0079b13217a9680bdc62259e4f2ca0af0f3e6ad""}"
D1313	D1313	/home/tetsuya/mir2ei/Map/D1313.map	/home/tetsuya/mir2ei/Map/D1313.map	"{""index"": 819, ""file"": ""D1313"", ""description"": ""北部银杏废矿3层""}"	/home/tetsuya/development/zircon/Debug/ServerCore/Map/D1313.map	exact	"{""hero_kill"": {""width"": 400, ""height"": 400}, ""zircon"": {""width"": 400, ""height"": 400}}"	"{""region_count"": 11, ""region_landmark_samples"": [""D1313 / Spider Bat Spawn"", ""D1313 / Visceral Worm Spawn"", ""D1313 / Visceral Worm Spawn"", ""D1313 / Centipede Spawn"", ""D1313 / Centipede Spawn"", ""D1313 / Spider Bat Spawn"", ""D1313 / Spiked Beetle Spawn"", ""D1313 / Teleport Destination"", ""D1313 / Teleport Source"", ""D1313 / Teleport Source"", ""D1313 / Teleport Destination""], ""guard_count"": 0, ""guard_samples"": [], ""connected_maps"": [""D1312"", ""D1314""], ""coordinate_evidence"": ""MapRegion PointRegion centers; no Merchant coordinate snapshot available""}"	"[""D1313 / Spider Bat Spawn"", ""D1313 / Visceral Worm Spawn"", ""D1313 / Visceral Worm Spawn"", ""D1313 / Centipede Spawn"", ""D1313 / Centipede Spawn"", ""D1313 / Spider Bat Spawn"", ""D1313 / Spiked Beetle Spawn"", ""D1313 / Teleport Destination"", ""D1313 / Teleport Source"", ""D1313 / Teleport Source"", ""D1313 / Teleport Destination""]"	"{""status"": ""pass"", ""walkable_cells"": 34719, ""total_cells"": 160000, ""walkable_ratio"": 0.216994}"	"{""status"": ""pass"", ""walkable_cells"": 34719, ""total_cells"": 160000, ""walkable_ratio"": 0.216994}"	identity logical-grid coordinates	allowed-after-point-check	high	"{""relation"": ""same local map bytes"", ""hero_kill_sha256"": ""7567ed93b68a8d42030dd2a5f4a9075e4f856f0369a9bb11457ac9a144e1f814"", ""zircon_sha256"": ""7567ed93b68a8d42030dd2a5f4a9075e4f856f0369a9bb11457ac9a144e1f814""}"
D1314	D1314	/home/tetsuya/mir2ei/Map/D1314.map	/home/tetsuya/mir2ei/Map/D1314.map	"{""index"": 820, ""file"": ""D1314"", ""description"": ""北部银杏废矿4层""}"	/home/tetsuya/development/zircon/Debug/ServerCore/Map/D1314.map	exact	"{""hero_kill"": {""width"": 400, ""height"": 400}, ""zircon"": {""width"": 400, ""height"": 400}}"	"{""region_count"": 11, ""region_landmark_samples"": [""D1314 / Spider Bat Spawn"", ""D1314 / Visceral Worm Spawn"", ""D1314 / Visceral Worm Spawn"", ""D1314 / Centipede Spawn"", ""D1314 / Centipede Spawn"", ""D1314 / Centipede Spawn"", ""D1314 / Spiked Beetle Spawn"", ""D1314 / Teleport Destination"", ""D1314 / Teleport Source"", ""D1314 / Teleport Source"", ""D1314 / Teleport Destination""], ""guard_count"": 0, ""guard_samples"": [], ""connected_maps"": [""D1313"", ""D1315""], ""coordinate_evidence"": ""MapRegion PointRegion centers; no Merchant coordinate snapshot available""}"	"[""D1314 / Spider Bat Spawn"", ""D1314 / Visceral Worm Spawn"", ""D1314 / Visceral Worm Spawn"", ""D1314 / Centipede Spawn"", ""D1314 / Centipede Spawn"", ""D1314 / Centipede Spawn"", ""D1314 / Spiked Beetle Spawn"", ""D1314 / Teleport Destination"", ""D1314 / Teleport Source"", ""D1314 / Teleport Source"", ""D1314 / Teleport Destination""]"	"{""status"": ""pass"", ""walkable_cells"": 33999, ""total_cells"": 160000, ""walkable_ratio"": 0.212494}"	"{""status"": ""pass"", ""walkable_cells"": 33999, ""total_cells"": 160000, ""walkable_ratio"": 0.212494}"	identity logical-grid coordinates	allowed-after-point-check	high	"{""relation"": ""same local map bytes"", ""hero_kill_sha256"": ""2988118964c626e689d021756ba5eb5087be1ac79604107e543b43d4be9b42cb"", ""zircon_sha256"": ""2988118964c626e689d021756ba5eb5087be1ac79604107e543b43d4be9b42cb""}"
D1315	D1315	/home/tetsuya/mir2ei/Map/D1315.map	/home/tetsuya/mir2ei/Map/D1315.map	"{""index"": 821, ""file"": ""D1315"", ""description"": ""北部银杏废矿5层""}"	/home/tetsuya/development/zircon/Debug/ServerCore/Map/D1315.map	exact	"{""hero_kill"": {""width"": 400, ""height"": 400}, ""zircon"": {""width"": 400, ""height"": 400}}"	"{""region_count"": 9, ""region_landmark_samples"": [""D1315 / Spider Bat Spawn"", ""D1315 / Visceral Worm Spawn"", ""D1315 / Visceral Worm Spawn"", ""D1315 / Centipede Spawn"", ""D1315 / Centipede Spawn"", ""D1315 / Centipede Spawn"", ""D1315 / Spiked Beetle Spawn"", ""D1315 / Teleport Destination"", ""D1315 / Teleport Source""], ""guard_count"": 0, ""guard_samples"": [], ""connected_maps"": [""D1314""], ""coordinate_evidence"": ""MapRegion PointRegion centers; no Merchant coordinate snapshot available""}"	"[""D1315 / Spider Bat Spawn"", ""D1315 / Visceral Worm Spawn"", ""D1315 / Visceral Worm Spawn"", ""D1315 / Centipede Spawn"", ""D1315 / Centipede Spawn"", ""D1315 / Centipede Spawn"", ""D1315 / Spiked Beetle Spawn"", ""D1315 / Teleport Destination"", ""D1315 / Teleport Source""]"	"{""status"": ""pass"", ""walkable_cells"": 36323, ""total_cells"": 160000, ""walkable_ratio"": 0.227019}"	"{""status"": ""pass"", ""walkable_cells"": 36323, ""total_cells"": 160000, ""walkable_ratio"": 0.227019}"	identity logical-grid coordinates	allowed-after-point-check	high	"{""relation"": ""same local map bytes"", ""hero_kill_sha256"": ""417dc93ccbbf7f3536582980f000ea1740fc786451742a30efa7112d197a7b8d"", ""zircon_sha256"": ""417dc93ccbbf7f3536582980f000ea1740fc786451742a30efa7112d197a7b8d""}"
D1321	D1321	/home/tetsuya/mir2ei/Map/D1321.map	/home/tetsuya/mir2ei/Map/D1321.map	"{""index"": 822, ""file"": ""D1321"", ""description"": ""西部银杏废矿1层""}"	/home/tetsuya/development/zircon/Debug/ServerCore/Map/D1321.map	exact	"{""hero_kill"": {""width"": 400, ""height"": 400}, ""zircon"": {""width"": 400, ""height"": 400}}"	"{""region_count"": 11, ""region_landmark_samples"": [""D1321 / Spider Bat Spawn"", ""D1321 / Visceral Worm Spawn"", ""D1321 / Visceral Worm Spawn"", ""D1321 / Centipede Spawn"", ""D1321 / Centipede Spawn"", ""D1321 / Spider Bat Spawn"", ""D1321 / Spiked Beetle Spawn"", ""D1321 / Teleport Destination"", ""D1321 / Teleport Source"", ""D1321 / Teleport Source"", ""D1321 / Teleport Destination""], ""guard_count"": 0, ""guard_samples"": [], ""connected_maps"": [""02"", ""D1322""], ""coordinate_evidence"": ""MapRegion PointRegion centers; no Merchant coordinate snapshot available""}"	"[""D1321 / Spider Bat Spawn"", ""D1321 / Visceral Worm Spawn"", ""D1321 / Visceral Worm Spawn"", ""D1321 / Centipede Spawn"", ""D1321 / Centipede Spawn"", ""D1321 / Spider Bat Spawn"", ""D1321 / Spiked Beetle Spawn"", ""D1321 / Teleport Destination"", ""D1321 / Teleport Source"", ""D1321 / Teleport Source"", ""D1321 / Teleport Destination""]"	"{""status"": ""pass"", ""walkable_cells"": 51213, ""total_cells"": 160000, ""walkable_ratio"": 0.320081}"	"{""status"": ""pass"", ""walkable_cells"": 51213, ""total_cells"": 160000, ""walkable_ratio"": 0.320081}"	identity logical-grid coordinates	allowed-after-point-check	high	"{""relation"": ""same local map bytes"", ""hero_kill_sha256"": ""7f44016003ff973c4bf2398fd1704635547c7008c04b66272adc1897bdd6fc8a"", ""zircon_sha256"": ""7f44016003ff973c4bf2398fd1704635547c7008c04b66272adc1897bdd6fc8a""}"
D1322	D1322	/home/tetsuya/mir2ei/Map/D1322.map	/home/tetsuya/mir2ei/Map/D1322.map	"{""index"": 823, ""file"": ""D1322"", ""description"": ""西部银杏废矿2层""}"	/home/tetsuya/development/zircon/Debug/ServerCore/Map/D1322.map	exact	"{""hero_kill"": {""width"": 400, ""height"": 400}, ""zircon"": {""width"": 400, ""height"": 400}}"	"{""region_count"": 11, ""region_landmark_samples"": [""D1322 / Spider Bat Spawn"", ""D1322 / Visceral Worm Spawn"", ""D1322 / Visceral Worm Spawn"", ""D1322 / Centipede Spawn"", ""D1322 / Centipede Spawn"", ""D1322 / Visceral Worm Spawn"", ""D1322 / Spiked Beetle Spawn"", ""D1322 / Teleport Destination"", ""D1322 / Teleport Source"", ""D1322 / Teleport Source"", ""D1322 / Teleport Destination""], ""guard_count"": 0, ""guard_samples"": [], ""connected_maps"": [""D1321"", ""D1323""], ""coordinate_evidence"": ""MapRegion PointRegion centers; no Merchant coordinate snapshot available""}"	"[""D1322 / Spider Bat Spawn"", ""D1322 / Visceral Worm Spawn"", ""D1322 / Visceral Worm Spawn"", ""D1322 / Centipede Spawn"", ""D1322 / Centipede Spawn"", ""D1322 / Visceral Worm Spawn"", ""D1322 / Spiked Beetle Spawn"", ""D1322 / Teleport Destination"", ""D1322 / Teleport Source"", ""D1322 / Teleport Source"", ""D1322 / Teleport Destination""]"	"{""status"": ""pass"", ""walkable_cells"": 38909, ""total_cells"": 160000, ""walkable_ratio"": 0.243181}"	"{""status"": ""pass"", ""walkable_cells"": 38909, ""total_cells"": 160000, ""walkable_ratio"": 0.243181}"	identity logical-grid coordinates	allowed-after-point-check	high	"{""relation"": ""same local map bytes"", ""hero_kill_sha256"": ""d2f1c9fae3d0d694533cbafef0079b13217a9680bdc62259e4f2ca0af0f3e6ad"", ""zircon_sha256"": ""d2f1c9fae3d0d694533cbafef0079b13217a9680bdc62259e4f2ca0af0f3e6ad""}"
D1323	D1323	/home/tetsuya/mir2ei/Map/D1323.map	/home/tetsuya/mir2ei/Map/D1323.map	"{""index"": 824, ""file"": ""D1323"", ""description"": ""西部银杏废矿3层""}"	/home/tetsuya/development/zircon/Debug/ServerCore/Map/D1323.map	exact	"{""hero_kill"": {""width"": 400, ""height"": 400}, ""zircon"": {""width"": 400, ""height"": 400}}"	"{""region_count"": 11, ""region_landmark_samples"": [""D1323 / Spider Bat Spawn"", ""D1323 / Visceral Worm Spawn"", ""D1323 / Visceral Worm Spawn"", ""D1323 / Centipede Spawn"", ""D1323 / Centipede Spawn"", ""D1323 / Centipede Spawn"", ""D1323 / Spiked Beetle Spawn"", ""D1323 / Teleport Destination"", ""D1323 / Teleport Source"", ""D1323 / Teleport Source"", ""D1323 / Teleport Destination""], ""guard_count"": 0, ""guard_samples"": [], ""connected_maps"": [""D1322"", ""D1324""], ""coordinate_evidence"": ""MapRegion PointRegion centers; no Merchant coordinate snapshot available""}"	"[""D1323 / Spider Bat Spawn"", ""D1323 / Visceral Worm Spawn"", ""D1323 / Visceral Worm Spawn"", ""D1323 / Centipede Spawn"", ""D1323 / Centipede Spawn"", ""D1323 / Centipede Spawn"", ""D1323 / Spiked Beetle Spawn"", ""D1323 / Teleport Destination"", ""D1323 / Teleport Source"", ""D1323 / Teleport Source"", ""D1323 / Teleport Destination""]"	"{""status"": ""pass"", ""walkable_cells"": 34719, ""total_cells"": 160000, ""walkable_ratio"": 0.216994}"	"{""status"": ""pass"", ""walkable_cells"": 34719, ""total_cells"": 160000, ""walkable_ratio"": 0.216994}"	identity logical-grid coordinates	allowed-after-point-check	high	"{""relation"": ""same local map bytes"", ""hero_kill_sha256"": ""7567ed93b68a8d42030dd2a5f4a9075e4f856f0369a9bb11457ac9a144e1f814"", ""zircon_sha256"": ""7567ed93b68a8d42030dd2a5f4a9075e4f856f0369a9bb11457ac9a144e1f814""}"
D1324	D1324	/home/tetsuya/mir2ei/Map/D1324.map	/home/tetsuya/mir2ei/Map/D1324.map	"{""index"": 825, ""file"": ""D1324"", ""description"": ""西部银杏废矿4层""}"	/home/tetsuya/development/zircon/Debug/ServerCore/Map/D1324.map	exact	"{""hero_kill"": {""width"": 400, ""height"": 400}, ""zircon"": {""width"": 400, ""height"": 400}}"	"{""region_count"": 11, ""region_landmark_samples"": [""D1324 / Spider Bat Spawn"", ""D1324 / Visceral Worm Spawn"", ""D1324 / Visceral Worm Spawn"", ""D1324 / Centipede Spawn"", ""D1324 / Centipede Spawn"", ""D1324 / Centipede Spawn"", ""D1324 / Spiked Beetle Spawn"", ""D1324 / Teleport Destination"", ""D1324 / Teleport Source"", ""D1324 / Teleport Source"", ""D1324 / Teleport Destination""], ""guard_count"": 0, ""guard_samples"": [], ""connected_maps"": [""D1323"", ""D1325""], ""coordinate_evidence"": ""MapRegion PointRegion centers; no Merchant coordinate snapshot available""}"	"[""D1324 / Spider Bat Spawn"", ""D1324 / Visceral Worm Spawn"", ""D1324 / Visceral Worm Spawn"", ""D1324 / Centipede Spawn"", ""D1324 / Centipede Spawn"", ""D1324 / Centipede Spawn"", ""D1324 / Spiked Beetle Spawn"", ""D1324 / Teleport Destination"", ""D1324 / Teleport Source"", ""D1324 / Teleport Source"", ""D1324 / Teleport Destination""]"	"{""status"": ""pass"", ""walkable_cells"": 33999, ""total_cells"": 160000, ""walkable_ratio"": 0.212494}"	"{""status"": ""pass"", ""walkable_cells"": 33999, ""total_cells"": 160000, ""walkable_ratio"": 0.212494}"	identity logical-grid coordinates	allowed-after-point-check	high	"{""relation"": ""same local map bytes"", ""hero_kill_sha256"": ""2988118964c626e689d021756ba5eb5087be1ac79604107e543b43d4be9b42cb"", ""zircon_sha256"": ""2988118964c626e689d021756ba5eb5087be1ac79604107e543b43d4be9b42cb""}"
D1325	D1325	/home/tetsuya/mir2ei/Map/D1325.map	/home/tetsuya/mir2ei/Map/D1325.map	"{""index"": 826, ""file"": ""D1325"", ""description"": ""西部银杏废矿5层""}"	/home/tetsuya/development/zircon/Debug/ServerCore/Map/D1325.map	exact	"{""hero_kill"": {""width"": 400, ""height"": 400}, ""zircon"": {""width"": 400, ""height"": 400}}"	"{""region_count"": 9, ""region_landmark_samples"": [""D1325 / Spider Bat Spawn"", ""D1325 / Visceral Worm Spawn"", ""D1325 / Visceral Worm Spawn"", ""D1325 / Centipede Spawn"", ""D1325 / Centipede Spawn"", ""D1325 / Centipede Spawn"", ""D1325 / Spiked Beetle Spawn"", ""D1325 / Teleport Destination"", ""D1325 / Teleport Source""], ""guard_count"": 0, ""guard_samples"": [], ""connected_maps"": [""D1324""], ""coordinate_evidence"": ""MapRegion PointRegion centers; no Merchant coordinate snapshot available""}"	"[""D1325 / Spider Bat Spawn"", ""D1325 / Visceral Worm Spawn"", ""D1325 / Visceral Worm Spawn"", ""D1325 / Centipede Spawn"", ""D1325 / Centipede Spawn"", ""D1325 / Centipede Spawn"", ""D1325 / Spiked Beetle Spawn"", ""D1325 / Teleport Destination"", ""D1325 / Teleport Source""]"	"{""status"": ""pass"", ""walkable_cells"": 36323, ""total_cells"": 160000, ""walkable_ratio"": 0.227019}"	"{""status"": ""pass"", ""walkable_cells"": 36323, ""total_cells"": 160000, ""walkable_ratio"": 0.227019}"	identity logical-grid coordinates	allowed-after-point-check	high	"{""relation"": ""same local map bytes"", ""hero_kill_sha256"": ""417dc93ccbbf7f3536582980f000ea1740fc786451742a30efa7112d197a7b8d"", ""zircon_sha256"": ""417dc93ccbbf7f3536582980f000ea1740fc786451742a30efa7112d197a7b8d""}"
D1411	D1411	/home/tetsuya/mir2ei/Map/D1411.map	/home/tetsuya/mir2ei/Map/D1411.map	"{""index"": 827, ""file"": ""D1411"", ""description"": ""北部石矿1层""}"	/home/tetsuya/development/zircon/Debug/ServerCore/Map/D1411.map	exact	"{""hero_kill"": {""width"": 400, ""height"": 400}, ""zircon"": {""width"": 400, ""height"": 400}}"	"{""region_count"": 11, ""region_landmark_samples"": [""D1411 / Blood Thristy Zombie Spawn"", ""D1411 / Blood Thristy Zombie Spawn"", ""D1411 / Blood Thristy Zombie Spawn"", ""D1411 / Blood Thristy Zombie Spawn"", ""D1411 / Blood Thristy Zombie Spawn"", ""D1411 / Cave Maggot Spawn"", ""D1411 / Blood Thristy Zombie Spawn"", ""D1411 / Teleport Destination"", ""D1411 / Teleport Source"", ""D1411 / Teleport Source"", ""D1411 / Teleport Destination""], ""guard_count"": 0, ""guard_samples"": [], ""connected_maps"": [""01"", ""D1412""], ""coordinate_evidence"": ""MapRegion PointRegion centers; no Merchant coordinate snapshot available""}"	"[""D1411 / Blood Thristy Zombie Spawn"", ""D1411 / Blood Thristy Zombie Spawn"", ""D1411 / Blood Thristy Zombie Spawn"", ""D1411 / Blood Thristy Zombie Spawn"", ""D1411 / Blood Thristy Zombie Spawn"", ""D1411 / Cave Maggot Spawn"", ""D1411 / Blood Thristy Zombie Spawn"", ""D1411 / Teleport Destination"", ""D1411 / Teleport Source"", ""D1411 / Teleport Source"", ""D1411 / Teleport Destination""]"	"{""status"": ""pass"", ""walkable_cells"": 39113, ""total_cells"": 160000, ""walkable_ratio"": 0.244456}"	"{""status"": ""pass"", ""walkable_cells"": 39113, ""total_cells"": 160000, ""walkable_ratio"": 0.244456}"	identity logical-grid coordinates	allowed-after-point-check	high	"{""relation"": ""same local map bytes"", ""hero_kill_sha256"": ""ec3d178d188c0be61c06f0f4976cc2757b3a101994a3fb637e10c00e2b47396f"", ""zircon_sha256"": ""ec3d178d188c0be61c06f0f4976cc2757b3a101994a3fb637e10c00e2b47396f""}"
D1412	D1412	/home/tetsuya/mir2ei/Map/D1412.map	/home/tetsuya/mir2ei/Map/D1412.map	"{""index"": 828, ""file"": ""D1412"", ""description"": ""北部石矿2层""}"	/home/tetsuya/development/zircon/Debug/ServerCore/Map/D1412.map	exact	"{""hero_kill"": {""width"": 400, ""height"": 400}, ""zircon"": {""width"": 400, ""height"": 400}}"	"{""region_count"": 11, ""region_landmark_samples"": [""D1412 / Blood Thristy Zombie Spawn"", ""D1412 / Blood Thristy Zombie Spawn"", ""D1412 / Blood Thristy Zombie Spawn"", ""D1412 / Blood Thristy Zombie Spawn"", ""D1412 / Blood Thristy Zombie Spawn"", ""D1412 / Cave Maggot Spawn"", ""D1412 / Blood Thristy Zombie Spawn"", ""D1412 / Teleport Destination"", ""D1412 / Teleport Source"", ""D1412 / Teleport Source"", ""D1412 / Teleport Destination""], ""guard_count"": 0, ""guard_samples"": [], ""connected_maps"": [""D1411"", ""D1413""], ""coordinate_evidence"": ""MapRegion PointRegion centers; no Merchant coordinate snapshot available""}"	"[""D1412 / Blood Thristy Zombie Spawn"", ""D1412 / Blood Thristy Zombie Spawn"", ""D1412 / Blood Thristy Zombie Spawn"", ""D1412 / Blood Thristy Zombie Spawn"", ""D1412 / Blood Thristy Zombie Spawn"", ""D1412 / Cave Maggot Spawn"", ""D1412 / Blood Thristy Zombie Spawn"", ""D1412 / Teleport Destination"", ""D1412 / Teleport Source"", ""D1412 / Teleport Source"", ""D1412 / Teleport Destination""]"	"{""status"": ""pass"", ""walkable_cells"": 42537, ""total_cells"": 160000, ""walkable_ratio"": 0.265856}"	"{""status"": ""pass"", ""walkable_cells"": 42537, ""total_cells"": 160000, ""walkable_ratio"": 0.265856}"	identity logical-grid coordinates	allowed-after-point-check	high	"{""relation"": ""same local map bytes"", ""hero_kill_sha256"": ""4b9724f79a29f9c234b68fdea6a7222c08b24b0b89487fc58104e3aaf68d24c8"", ""zircon_sha256"": ""4b9724f79a29f9c234b68fdea6a7222c08b24b0b89487fc58104e3aaf68d24c8""}"
D1413	D1413	/home/tetsuya/mir2ei/Map/D1413.map	/home/tetsuya/mir2ei/Map/D1413.map	"{""index"": 829, ""file"": ""D1413"", ""description"": ""北部石矿3层""}"	/home/tetsuya/development/zircon/Debug/ServerCore/Map/D1413.map	exact	"{""hero_kill"": {""width"": 400, ""height"": 400}, ""zircon"": {""width"": 400, ""height"": 400}}"	"{""region_count"": 10, ""region_landmark_samples"": [""D1413 / Blood Thristy Zombie Spawn"", ""D1413 / Blood Thristy Zombie Spawn"", ""D1413 / Blood Thristy Zombie Spawn"", ""D1413 / Blood Thristy Zombie Spawn"", ""D1413 / Blood Thristy Zombie Spawn"", ""D1413 / Blood Thristy Zombie Spawn"", ""D1413 / Teleport Destination"", ""D1413 / Teleport Source"", ""D1413 / Teleport Source"", ""D1413 / Teleport Destination""], ""guard_count"": 0, ""guard_samples"": [], ""connected_maps"": [""D1412"", ""D1414""], ""coordinate_evidence"": ""MapRegion PointRegion centers; no Merchant coordinate snapshot available""}"	"[""D1413 / Blood Thristy Zombie Spawn"", ""D1413 / Blood Thristy Zombie Spawn"", ""D1413 / Blood Thristy Zombie Spawn"", ""D1413 / Blood Thristy Zombie Spawn"", ""D1413 / Blood Thristy Zombie Spawn"", ""D1413 / Blood Thristy Zombie Spawn"", ""D1413 / Teleport Destination"", ""D1413 / Teleport Source"", ""D1413 / Teleport Source"", ""D1413 / Teleport Destination""]"	"{""status"": ""pass"", ""walkable_cells"": 25206, ""total_cells"": 160000, ""walkable_ratio"": 0.157537}"	"{""status"": ""pass"", ""walkable_cells"": 25206, ""total_cells"": 160000, ""walkable_ratio"": 0.157537}"	identity logical-grid coordinates	allowed-after-point-check	high	"{""relation"": ""same local map bytes"", ""hero_kill_sha256"": ""3176f589f24e69a0296594ec6e55e2a4b5167c5cfe7b856082e5669125925a61"", ""zircon_sha256"": ""3176f589f24e69a0296594ec6e55e2a4b5167c5cfe7b856082e5669125925a61""}"
D1414	D1414	/home/tetsuya/mir2ei/Map/D1414.map	/home/tetsuya/mir2ei/Map/D1414.map	"{""index"": 830, ""file"": ""D1414"", ""description"": ""北部石矿4层""}"	/home/tetsuya/development/zircon/Debug/ServerCore/Map/D1414.map	exact	"{""hero_kill"": {""width"": 400, ""height"": 400}, ""zircon"": {""width"": 400, ""height"": 400}}"	"{""region_count"": 10, ""region_landmark_samples"": [""D1414 / Blood Thristy Zombie Spawn"", ""D1414 / Blood Thristy Zombie Spawn"", ""D1414 / Blood Thristy Zombie Spawn"", ""D1414 / Blood Thristy Zombie Spawn"", ""D1414 / Blood Thristy Zombie Spawn"", ""D1414 / Blood Thristy Zombie Spawn"", ""D1414 / Teleport Destination"", ""D1414 / Teleport Source"", ""D1414 / Teleport Source"", ""D1414 / Teleport Destination""], ""guard_count"": 0, ""guard_samples"": [], ""connected_maps"": [""D1413"", ""D1415""], ""coordinate_evidence"": ""MapRegion PointRegion centers; no Merchant coordinate snapshot available""}"	"[""D1414 / Blood Thristy Zombie Spawn"", ""D1414 / Blood Thristy Zombie Spawn"", ""D1414 / Blood Thristy Zombie Spawn"", ""D1414 / Blood Thristy Zombie Spawn"", ""D1414 / Blood Thristy Zombie Spawn"", ""D1414 / Blood Thristy Zombie Spawn"", ""D1414 / Teleport Destination"", ""D1414 / Teleport Source"", ""D1414 / Teleport Source"", ""D1414 / Teleport Destination""]"	"{""status"": ""pass"", ""walkable_cells"": 44431, ""total_cells"": 160000, ""walkable_ratio"": 0.277694}"	"{""status"": ""pass"", ""walkable_cells"": 44431, ""total_cells"": 160000, ""walkable_ratio"": 0.277694}"	identity logical-grid coordinates	allowed-after-point-check	high	"{""relation"": ""same local map bytes"", ""hero_kill_sha256"": ""6d641f513b5481d8a5ed2f2fe161f510b6a3f8d0536fc5935db21405aa119bed"", ""zircon_sha256"": ""6d641f513b5481d8a5ed2f2fe161f510b6a3f8d0536fc5935db21405aa119bed""}"
D1415	D1415	/home/tetsuya/mir2ei/Map/D1415.map	/home/tetsuya/mir2ei/Map/D1415.map	"{""index"": 831, ""file"": ""D1415"", ""description"": ""北部石矿5层""}"	/home/tetsuya/development/zircon/Debug/ServerCore/Map/D1415.map	exact	"{""hero_kill"": {""width"": 400, ""height"": 400}, ""zircon"": {""width"": 400, ""height"": 400}}"	"{""region_count"": 9, ""region_landmark_samples"": [""D1415 / Blood Thristy Zombie Spawn"", ""D1415 / Blood Thristy Zombie Spawn"", ""D1415 / Blood Thristy Zombie Spawn"", ""D1415 / Blood Thristy Zombie Spawn"", ""D1415 / Blood Thristy Zombie Spawn"", ""D1415 / Blood Thristy Zombie Spawn"", ""D1415 / Death Lord Jichon Spawn"", ""D1415 / Teleport Destination"", ""D1415 / Teleport Source""], ""guard_count"": 0, ""guard_samples"": [], ""connected_maps"": [""D1414""], ""coordinate_evidence"": ""MapRegion PointRegion centers; no Merchant coordinate snapshot available""}"	"[""D1415 / Blood Thristy Zombie Spawn"", ""D1415 / Blood Thristy Zombie Spawn"", ""D1415 / Blood Thristy Zombie Spawn"", ""D1415 / Blood Thristy Zombie Spawn"", ""D1415 / Blood Thristy Zombie Spawn"", ""D1415 / Blood Thristy Zombie Spawn"", ""D1415 / Death Lord Jichon Spawn"", ""D1415 / Teleport Destination"", ""D1415 / Teleport Source""]"	"{""status"": ""pass"", ""walkable_cells"": 38987, ""total_cells"": 160000, ""walkable_ratio"": 0.243669}"	"{""status"": ""pass"", ""walkable_cells"": 38987, ""total_cells"": 160000, ""walkable_ratio"": 0.243669}"	identity logical-grid coordinates	allowed-after-point-check	high	"{""relation"": ""same local map bytes"", ""hero_kill_sha256"": ""8967cbef0d6d03896b5aca7e097dceef809402058e9c89273bb444b8bf0156d5"", ""zircon_sha256"": ""8967cbef0d6d03896b5aca7e097dceef809402058e9c89273bb444b8bf0156d5""}"
D1421	D1421	/home/tetsuya/mir2ei/Map/D1421.map	/home/tetsuya/mir2ei/Map/D1421.map	"{""index"": 832, ""file"": ""D1421"", ""description"": ""西部石矿1层""}"	/home/tetsuya/development/zircon/Debug/ServerCore/Map/D1421.map	exact	"{""hero_kill"": {""width"": 400, ""height"": 400}, ""zircon"": {""width"": 400, ""height"": 400}}"	"{""region_count"": 12, ""region_landmark_samples"": [""D1421 / Blood Thristy Zombie Spawn"", ""D1421 / Blood Thristy Zombie Spawn"", ""D1421 / Blood Thristy Zombie Spawn"", ""D1421 / Blood Thristy Zombie Spawn"", ""D1421 / Blood Thristy Zombie Spawn"", ""D1421 / Cave Maggot Spawn"", ""D1421 / Blood Thristy Zombie Spawn"", ""D1421 / Blood Thristy Zombie Spawn"", ""D1421 / Teleport Destination"", ""D1421 / Teleport Source"", ""D1421 / Teleport Source"", ""D1421 / Teleport Destination""], ""guard_count"": 0, ""guard_samples"": [], ""connected_maps"": [""01"", ""D1422""], ""coordinate_evidence"": ""MapRegion PointRegion centers; no Merchant coordinate snapshot available""}"	"[""D1421 / Blood Thristy Zombie Spawn"", ""D1421 / Blood Thristy Zombie Spawn"", ""D1421 / Blood Thristy Zombie Spawn"", ""D1421 / Blood Thristy Zombie Spawn"", ""D1421 / Blood Thristy Zombie Spawn"", ""D1421 / Cave Maggot Spawn"", ""D1421 / Blood Thristy Zombie Spawn"", ""D1421 / Blood Thristy Zombie Spawn"", ""D1421 / Teleport Destination"", ""D1421 / Teleport Source"", ""D1421 / Teleport Source"", ""D1421 / Teleport Destination""]"	"{""status"": ""pass"", ""walkable_cells"": 39113, ""total_cells"": 160000, ""walkable_ratio"": 0.244456}"	"{""status"": ""pass"", ""walkable_cells"": 39113, ""total_cells"": 160000, ""walkable_ratio"": 0.244456}"	identity logical-grid coordinates	allowed-after-point-check	high	"{""relation"": ""same local map bytes"", ""hero_kill_sha256"": ""ec3d178d188c0be61c06f0f4976cc2757b3a101994a3fb637e10c00e2b47396f"", ""zircon_sha256"": ""ec3d178d188c0be61c06f0f4976cc2757b3a101994a3fb637e10c00e2b47396f""}"
D1422	D1422	/home/tetsuya/mir2ei/Map/D1422.map	/home/tetsuya/mir2ei/Map/D1422.map	"{""index"": 833, ""file"": ""D1422"", ""description"": ""西部石矿2层""}"	/home/tetsuya/development/zircon/Debug/ServerCore/Map/D1422.map	exact	"{""hero_kill"": {""width"": 400, ""height"": 400}, ""zircon"": {""width"": 400, ""height"": 400}}"	"{""region_count"": 12, ""region_landmark_samples"": [""D1422 / Blood Thristy Zombie Spawn"", ""D1422 / Blood Thristy Zombie Spawn"", ""D1422 / Blood Thristy Zombie Spawn"", ""D1422 / Blood Thristy Zombie Spawn"", ""D1422 / Blood Thristy Zombie Spawn"", ""D1422 / Cave Maggot Spawn"", ""D1422 / Blood Thristy Zombie Spawn"", ""D1422 / Blood Thristy Zombie Spawn"", ""D1422 / Teleport Destination"", ""D1422 / Teleport Source"", ""D1422 / Teleport Source"", ""D1422 / Teleport Destination""], ""guard_count"": 0, ""guard_samples"": [], ""connected_maps"": [""D1421"", ""D1423""], ""coordinate_evidence"": ""MapRegion PointRegion centers; no Merchant coordinate snapshot available""}"	"[""D1422 / Blood Thristy Zombie Spawn"", ""D1422 / Blood Thristy Zombie Spawn"", ""D1422 / Blood Thristy Zombie Spawn"", ""D1422 / Blood Thristy Zombie Spawn"", ""D1422 / Blood Thristy Zombie Spawn"", ""D1422 / Cave Maggot Spawn"", ""D1422 / Blood Thristy Zombie Spawn"", ""D1422 / Blood Thristy Zombie Spawn"", ""D1422 / Teleport Destination"", ""D1422 / Teleport Source"", ""D1422 / Teleport Source"", ""D1422 / Teleport Destination""]"	"{""status"": ""pass"", ""walkable_cells"": 42537, ""total_cells"": 160000, ""walkable_ratio"": 0.265856}"	"{""status"": ""pass"", ""walkable_cells"": 42537, ""total_cells"": 160000, ""walkable_ratio"": 0.265856}"	identity logical-grid coordinates	allowed-after-point-check	high	"{""relation"": ""same local map bytes"", ""hero_kill_sha256"": ""4b9724f79a29f9c234b68fdea6a7222c08b24b0b89487fc58104e3aaf68d24c8"", ""zircon_sha256"": ""4b9724f79a29f9c234b68fdea6a7222c08b24b0b89487fc58104e3aaf68d24c8""}"
D1423	D1423	/home/tetsuya/mir2ei/Map/D1423.map	/home/tetsuya/mir2ei/Map/D1423.map	"{""index"": 834, ""file"": ""D1423"", ""description"": ""西部石矿3层""}"	/home/tetsuya/development/zircon/Debug/ServerCore/Map/D1423.map	exact	"{""hero_kill"": {""width"": 400, ""height"": 400}, ""zircon"": {""width"": 400, ""height"": 400}}"	"{""region_count"": 11, ""region_landmark_samples"": [""D1423 / Blood Thristy Zombie Spawn"", ""D1423 / Blood Thristy Zombie Spawn"", ""D1423 / Blood Thristy Zombie Spawn"", ""D1423 / Blood Thristy Zombie Spawn"", ""D1423 / Blood Thristy Zombie Spawn"", ""D1423 / Blood Thristy Zombie Spawn"", ""D1423 / Blood Thristy Zombie Spawn"", ""D1423 / Teleport Destination"", ""D1423 / Teleport Source"", ""D1423 / Teleport Source"", ""D1423 / Teleport Destination""], ""guard_count"": 0, ""guard_samples"": [], ""connected_maps"": [""D1422"", ""D1424""], ""coordinate_evidence"": ""MapRegion PointRegion centers; no Merchant coordinate snapshot available""}"	"[""D1423 / Blood Thristy Zombie Spawn"", ""D1423 / Blood Thristy Zombie Spawn"", ""D1423 / Blood Thristy Zombie Spawn"", ""D1423 / Blood Thristy Zombie Spawn"", ""D1423 / Blood Thristy Zombie Spawn"", ""D1423 / Blood Thristy Zombie Spawn"", ""D1423 / Blood Thristy Zombie Spawn"", ""D1423 / Teleport Destination"", ""D1423 / Teleport Source"", ""D1423 / Teleport Source"", ""D1423 / Teleport Destination""]"	"{""status"": ""pass"", ""walkable_cells"": 25206, ""total_cells"": 160000, ""walkable_ratio"": 0.157537}"	"{""status"": ""pass"", ""walkable_cells"": 25206, ""total_cells"": 160000, ""walkable_ratio"": 0.157537}"	identity logical-grid coordinates	allowed-after-point-check	high	"{""relation"": ""same local map bytes"", ""hero_kill_sha256"": ""3176f589f24e69a0296594ec6e55e2a4b5167c5cfe7b856082e5669125925a61"", ""zircon_sha256"": ""3176f589f24e69a0296594ec6e55e2a4b5167c5cfe7b856082e5669125925a61""}"
D1424	D1424	/home/tetsuya/mir2ei/Map/D1424.map	/home/tetsuya/mir2ei/Map/D1424.map	"{""index"": 835, ""file"": ""D1424"", ""description"": ""西部石矿4层""}"	/home/tetsuya/development/zircon/Debug/ServerCore/Map/D1424.map	exact	"{""hero_kill"": {""width"": 400, ""height"": 400}, ""zircon"": {""width"": 400, ""height"": 400}}"	"{""region_count"": 11, ""region_landmark_samples"": [""D1424 / Blood Thristy Zombie Spawn"", ""D1424 / Blood Thristy Zombie Spawn"", ""D1424 / Blood Thristy Zombie Spawn"", ""D1424 / Blood Thristy Zombie Spawn"", ""D1424 / Blood Thristy Zombie Spawn"", ""D1424 / Blood Thristy Zombie Spawn"", ""D1424 / Blood Thristy Zombie Spawn"", ""D1424 / Teleport Destination"", ""D1424 / Teleport Source"", ""D1424 / Teleport Source"", ""D1424 / Teleport Destination""], ""guard_count"": 0, ""guard_samples"": [], ""connected_maps"": [""D1423"", ""D1425""], ""coordinate_evidence"": ""MapRegion PointRegion centers; no Merchant coordinate snapshot available""}"	"[""D1424 / Blood Thristy Zombie Spawn"", ""D1424 / Blood Thristy Zombie Spawn"", ""D1424 / Blood Thristy Zombie Spawn"", ""D1424 / Blood Thristy Zombie Spawn"", ""D1424 / Blood Thristy Zombie Spawn"", ""D1424 / Blood Thristy Zombie Spawn"", ""D1424 / Blood Thristy Zombie Spawn"", ""D1424 / Teleport Destination"", ""D1424 / Teleport Source"", ""D1424 / Teleport Source"", ""D1424 / Teleport Destination""]"	"{""status"": ""pass"", ""walkable_cells"": 44431, ""total_cells"": 160000, ""walkable_ratio"": 0.277694}"	"{""status"": ""pass"", ""walkable_cells"": 44431, ""total_cells"": 160000, ""walkable_ratio"": 0.277694}"	identity logical-grid coordinates	allowed-after-point-check	high	"{""relation"": ""same local map bytes"", ""hero_kill_sha256"": ""6d641f513b5481d8a5ed2f2fe161f510b6a3f8d0536fc5935db21405aa119bed"", ""zircon_sha256"": ""6d641f513b5481d8a5ed2f2fe161f510b6a3f8d0536fc5935db21405aa119bed""}"
D1425	D1425	/home/tetsuya/mir2ei/Map/D1425.map	/home/tetsuya/mir2ei/Map/D1425.map	"{""index"": 836, ""file"": ""D1425"", ""description"": ""西部石矿5层""}"	/home/tetsuya/development/zircon/Debug/ServerCore/Map/D1425.map	exact	"{""hero_kill"": {""width"": 400, ""height"": 400}, ""zircon"": {""width"": 400, ""height"": 400}}"	"{""region_count"": 10, ""region_landmark_samples"": [""D1425 / Blood Thristy Zombie Spawn"", ""D1425 / Blood Thristy Zombie Spawn"", ""D1425 / Blood Thristy Zombie Spawn"", ""D1425 / Blood Thristy Zombie Spawn"", ""D1425 / Blood Thristy Zombie Spawn"", ""D1425 / Blood Thristy Zombie Spawn"", ""D1425 / Blood Thristy Zombie Spawn"", ""D1425 / Death Lord Jichon Spawn"", ""D1425 / Teleport Destination"", ""D1425 / Teleport Source""], ""guard_count"": 0, ""guard_samples"": [], ""connected_maps"": [""D1424""], ""coordinate_evidence"": ""MapRegion PointRegion centers; no Merchant coordinate snapshot available""}"	"[""D1425 / Blood Thristy Zombie Spawn"", ""D1425 / Blood Thristy Zombie Spawn"", ""D1425 / Blood Thristy Zombie Spawn"", ""D1425 / Blood Thristy Zombie Spawn"", ""D1425 / Blood Thristy Zombie Spawn"", ""D1425 / Blood Thristy Zombie Spawn"", ""D1425 / Blood Thristy Zombie Spawn"", ""D1425 / Death Lord Jichon Spawn"", ""D1425 / Teleport Destination"", ""D1425 / Teleport Source""]"	"{""status"": ""pass"", ""walkable_cells"": 38987, ""total_cells"": 160000, ""walkable_ratio"": 0.243669}"	"{""status"": ""pass"", ""walkable_cells"": 38987, ""total_cells"": 160000, ""walkable_ratio"": 0.243669}"	identity logical-grid coordinates	allowed-after-point-check	high	"{""relation"": ""same local map bytes"", ""hero_kill_sha256"": ""8967cbef0d6d03896b5aca7e097dceef809402058e9c89273bb444b8bf0156d5"", ""zircon_sha256"": ""8967cbef0d6d03896b5aca7e097dceef809402058e9c89273bb444b8bf0156d5""}"
D2011	D2011	/home/tetsuya/mir2ei/Map/D2011.map	/home/tetsuya/mir2ei/Map/D2011.map	"{""index"": 837, ""file"": ""D2011"", ""description"": ""EI D2011""}"	/home/tetsuya/development/zircon/Debug/ServerCore/Map/D2011.map	exact	"{""hero_kill"": {""width"": 100, ""height"": 100}, ""zircon"": {""width"": 100, ""height"": 100}}"	"{""region_count"": 0, ""region_landmark_samples"": [], ""guard_count"": 0, ""guard_samples"": [], ""connected_maps"": [], ""coordinate_evidence"": ""MapRegion PointRegion centers; no Merchant coordinate snapshot available""}"	[]	"{""status"": ""pass"", ""walkable_cells"": 2552, ""total_cells"": 10000, ""walkable_ratio"": 0.2552}"	"{""status"": ""pass"", ""walkable_cells"": 2552, ""total_cells"": 10000, ""walkable_ratio"": 0.2552}"	identity logical-grid coordinates	allowed-after-point-check	high	"{""relation"": ""same local map bytes"", ""hero_kill_sha256"": ""d483212a107ca8d6ba229327968588d6c068df22286e4445d6386b2524313e3c"", ""zircon_sha256"": ""d483212a107ca8d6ba229327968588d6c068df22286e4445d6386b2524313e3c""}"
D2012	D2012	/home/tetsuya/mir2ei/Map/D2012.map	/home/tetsuya/mir2ei/Map/D2012.map	"{""index"": 838, ""file"": ""D2012"", ""description"": ""EI D2012""}"	/home/tetsuya/development/zircon/Debug/ServerCore/Map/D2012.map	exact	"{""hero_kill"": {""width"": 200, ""height"": 200}, ""zircon"": {""width"": 200, ""height"": 200}}"	"{""region_count"": 0, ""region_landmark_samples"": [], ""guard_count"": 0, ""guard_samples"": [], ""connected_maps"": [], ""coordinate_evidence"": ""MapRegion PointRegion centers; no Merchant coordinate snapshot available""}"	[]	"{""status"": ""pass"", ""walkable_cells"": 8587, ""total_cells"": 40000, ""walkable_ratio"": 0.214675}"	"{""status"": ""pass"", ""walkable_cells"": 8587, ""total_cells"": 40000, ""walkable_ratio"": 0.214675}"	identity logical-grid coordinates	allowed-after-point-check	high	"{""relation"": ""same local map bytes"", ""hero_kill_sha256"": ""5b6b2e65fb2182ab184441295f654072420c88a7154df956d761a80f62d19c7a"", ""zircon_sha256"": ""5b6b2e65fb2182ab184441295f654072420c88a7154df956d761a80f62d19c7a""}"
D400_001	D400_001	/home/tetsuya/mir2ei/Map/D400_001.map	/home/tetsuya/mir2ei/Map/D400_001.map	"{""index"": 839, ""file"": ""D400_001"", ""description"": ""神圣战甲术空间""}"	/home/tetsuya/development/zircon/Debug/ServerCore/Map/D400_001.map	exact	"{""hero_kill"": {""width"": 50, ""height"": 50}, ""zircon"": {""width"": 50, ""height"": 50}}"	"{""region_count"": 1, ""region_landmark_samples"": [""D400_001 / Death Lord Jichon Spawn""], ""guard_count"": 0, ""guard_samples"": [], ""connected_maps"": [], ""coordinate_evidence"": ""MapRegion PointRegion centers; no Merchant coordinate snapshot available""}"	"[""D400_001 / Death Lord Jichon Spawn""]"	"{""status"": ""pass"", ""walkable_cells"": 534, ""total_cells"": 2500, ""walkable_ratio"": 0.2136}"	"{""status"": ""pass"", ""walkable_cells"": 534, ""total_cells"": 2500, ""walkable_ratio"": 0.2136}"	identity logical-grid coordinates	allowed-after-point-check	high	"{""relation"": ""same local map bytes"", ""hero_kill_sha256"": ""818f28f61d8edc2fe62425165d20f8bd77dac88d5b8cd8dc1aede358cfa31664"", ""zircon_sha256"": ""818f28f61d8edc2fe62425165d20f8bd77dac88d5b8cd8dc1aede358cfa31664""}"
D401_001	D401_001	/home/tetsuya/mir2ei/Map/D401_001.map	/home/tetsuya/mir2ei/Map/D401_001.map	"{""index"": 840, ""file"": ""D401_001"", ""description"": ""尸王房""}"	/home/tetsuya/development/zircon/Debug/ServerCore/Map/D401_001.map	exact	"{""hero_kill"": {""width"": 30, ""height"": 30}, ""zircon"": {""width"": 30, ""height"": 30}}"	"{""region_count"": 7, ""region_landmark_samples"": [""D401_001 / Death Lord Jichon Spawn"", ""D401_001 / Death Lord Jichon Spawn"", ""D401_001 / Teleport Destination"", ""D401_001 / Teleport Destination"", ""D401_001 / Teleport Destination"", ""D401_001 / Teleport Destination"", ""D401_001 / Teleport Destination""], ""guard_count"": 0, ""guard_samples"": [], ""connected_maps"": [""D401""], ""coordinate_evidence"": ""MapRegion PointRegion centers; no Merchant coordinate snapshot available""}"	"[""D401_001 / Death Lord Jichon Spawn"", ""D401_001 / Death Lord Jichon Spawn"", ""D401_001 / Teleport Destination"", ""D401_001 / Teleport Destination"", ""D401_001 / Teleport Destination"", ""D401_001 / Teleport Destination"", ""D401_001 / Teleport Destination""]"	"{""status"": ""pass"", ""walkable_cells"": 180, ""total_cells"": 900, ""walkable_ratio"": 0.2}"	"{""status"": ""pass"", ""walkable_cells"": 180, ""total_cells"": 900, ""walkable_ratio"": 0.2}"	identity logical-grid coordinates	allowed-after-point-check	high	"{""relation"": ""same local map bytes"", ""hero_kill_sha256"": ""bc114ba053ac36ca07117f610266b2d0dafd1264cbe3d63dd2ba70685e0035fd"", ""zircon_sha256"": ""bc114ba053ac36ca07117f610266b2d0dafd1264cbe3d63dd2ba70685e0035fd""}"
D402_001	D402_001	/home/tetsuya/mir2ei/Map/D402_001.map	/home/tetsuya/mir2ei/Map/D402_001.map	"{""index"": 841, ""file"": ""D402_001"", ""description"": ""尸王房""}"	/home/tetsuya/development/zircon/Debug/ServerCore/Map/D402_001.map	exact	"{""hero_kill"": {""width"": 30, ""height"": 30}, ""zircon"": {""width"": 30, ""height"": 30}}"	"{""region_count"": 7, ""region_landmark_samples"": [""D402_001 / Death Lord Jichon Spawn"", ""D402_001 / Death Lord Jichon Spawn"", ""D402_001 / Teleport Destination"", ""D402_001 / Teleport Destination"", ""D402_001 / Teleport Destination"", ""D402_001 / Teleport Destination"", ""D402_001 / Teleport Destination""], ""guard_count"": 0, ""guard_samples"": [], ""connected_maps"": [""D402""], ""coordinate_evidence"": ""MapRegion PointRegion centers; no Merchant coordinate snapshot available""}"	"[""D402_001 / Death Lord Jichon Spawn"", ""D402_001 / Death Lord Jichon Spawn"", ""D402_001 / Teleport Destination"", ""D402_001 / Teleport Destination"", ""D402_001 / Teleport Destination"", ""D402_001 / Teleport Destination"", ""D402_001 / Teleport Destination""]"	"{""status"": ""pass"", ""walkable_cells"": 180, ""total_cells"": 900, ""walkable_ratio"": 0.2}"	"{""status"": ""pass"", ""walkable_cells"": 180, ""total_cells"": 900, ""walkable_ratio"": 0.2}"	identity logical-grid coordinates	allowed-after-point-check	high	"{""relation"": ""same local map bytes"", ""hero_kill_sha256"": ""bc114ba053ac36ca07117f610266b2d0dafd1264cbe3d63dd2ba70685e0035fd"", ""zircon_sha256"": ""bc114ba053ac36ca07117f610266b2d0dafd1264cbe3d63dd2ba70685e0035fd""}"
D403_001	D403_001	/home/tetsuya/mir2ei/Map/D403_001.map	/home/tetsuya/mir2ei/Map/D403_001.map	"{""index"": 842, ""file"": ""D403_001"", ""description"": ""尸王房""}"	/home/tetsuya/development/zircon/Debug/ServerCore/Map/D403_001.map	exact	"{""hero_kill"": {""width"": 30, ""height"": 30}, ""zircon"": {""width"": 30, ""height"": 30}}"	"{""region_count"": 7, ""region_landmark_samples"": [""D403_001 / Death Lord Jichon Spawn"", ""D403_001 / Death Lord Jichon Spawn"", ""D403_001 / Teleport Destination"", ""D403_001 / Teleport Destination"", ""D403_001 / Teleport Destination"", ""D403_001 / Teleport Destination"", ""D403_001 / Teleport Destination""], ""guard_count"": 0, ""guard_samples"": [], ""connected_maps"": [""D403""], ""coordinate_evidence"": ""MapRegion PointRegion centers; no Merchant coordinate snapshot available""}"	"[""D403_001 / Death Lord Jichon Spawn"", ""D403_001 / Death Lord Jichon Spawn"", ""D403_001 / Teleport Destination"", ""D403_001 / Teleport Destination"", ""D403_001 / Teleport Destination"", ""D403_001 / Teleport Destination"", ""D403_001 / Teleport Destination""]"	"{""status"": ""pass"", ""walkable_cells"": 180, ""total_cells"": 900, ""walkable_ratio"": 0.2}"	"{""status"": ""pass"", ""walkable_cells"": 180, ""total_cells"": 900, ""walkable_ratio"": 0.2}"	identity logical-grid coordinates	allowed-after-point-check	high	"{""relation"": ""same local map bytes"", ""hero_kill_sha256"": ""bc114ba053ac36ca07117f610266b2d0dafd1264cbe3d63dd2ba70685e0035fd"", ""zircon_sha256"": ""bc114ba053ac36ca07117f610266b2d0dafd1264cbe3d63dd2ba70685e0035fd""}"
D404_001	D404_001	/home/tetsuya/mir2ei/Map/D404_001.map	/home/tetsuya/mir2ei/Map/D404_001.map	"{""index"": 843, ""file"": ""D404_001"", ""description"": ""尸王房""}"	/home/tetsuya/development/zircon/Debug/ServerCore/Map/D404_001.map	exact	"{""hero_kill"": {""width"": 30, ""height"": 30}, ""zircon"": {""width"": 30, ""height"": 30}}"	"{""region_count"": 7, ""region_landmark_samples"": [""D404_001 / Death Lord Jichon Spawn"", ""D404_001 / Death Lord Jichon Spawn"", ""D404_001 / Teleport Destination"", ""D404_001 / Teleport Destination"", ""D404_001 / Teleport Destination"", ""D404_001 / Teleport Destination"", ""D404_001 / Teleport Destination""], ""guard_count"": 0, ""guard_samples"": [], ""connected_maps"": [""D404""], ""coordinate_evidence"": ""MapRegion PointRegion centers; no Merchant coordinate snapshot available""}"	"[""D404_001 / Death Lord Jichon Spawn"", ""D404_001 / Death Lord Jichon Spawn"", ""D404_001 / Teleport Destination"", ""D404_001 / Teleport Destination"", ""D404_001 / Teleport Destination"", ""D404_001 / Teleport Destination"", ""D404_001 / Teleport Destination""]"	"{""status"": ""pass"", ""walkable_cells"": 180, ""total_cells"": 900, ""walkable_ratio"": 0.2}"	"{""status"": ""pass"", ""walkable_cells"": 180, ""total_cells"": 900, ""walkable_ratio"": 0.2}"	identity logical-grid coordinates	allowed-after-point-check	high	"{""relation"": ""same local map bytes"", ""hero_kill_sha256"": ""bc114ba053ac36ca07117f610266b2d0dafd1264cbe3d63dd2ba70685e0035fd"", ""zircon_sha256"": ""bc114ba053ac36ca07117f610266b2d0dafd1264cbe3d63dd2ba70685e0035fd""}"
D404_002	D404_002	/home/tetsuya/mir2ei/Map/D404_002.map	/home/tetsuya/mir2ei/Map/D404_002.map	"{""index"": 844, ""file"": ""D404_002"", ""description"": ""废矿矿山地下2层""}"	/home/tetsuya/development/zircon/Debug/ServerCore/Map/D404_002.map	exact	"{""hero_kill"": {""width"": 30, ""height"": 30}, ""zircon"": {""width"": 30, ""height"": 30}}"	"{""region_count"": 3, ""region_landmark_samples"": [""D404_002 / Teleport Source"", ""D404_002 / Teleport Destination""], ""guard_count"": 0, ""guard_samples"": [], ""connected_maps"": [""D404""], ""coordinate_evidence"": ""MapRegion PointRegion centers; no Merchant coordinate snapshot available""}"	"[""D404_002 / Teleport Source"", ""D404_002 / Teleport Destination""]"	"{""status"": ""pass"", ""walkable_cells"": 167, ""total_cells"": 900, ""walkable_ratio"": 0.185556}"	"{""status"": ""pass"", ""walkable_cells"": 167, ""total_cells"": 900, ""walkable_ratio"": 0.185556}"	identity logical-grid coordinates	allowed-after-point-check	high	"{""relation"": ""same local map bytes"", ""hero_kill_sha256"": ""0915f6bf75730e902ddaab383f63841e3767db80f91ce0dfe724c0e08d81706e"", ""zircon_sha256"": ""0915f6bf75730e902ddaab383f63841e3767db80f91ce0dfe724c0e08d81706e""}"
D405	D405	/home/tetsuya/mir2ei/Map/D405.map	/home/tetsuya/mir2ei/Map/D405.map	"{""index"": 845, ""file"": ""D405"", ""description"": ""矿石储藏所""}"	/home/tetsuya/development/zircon/Debug/ServerCore/Map/D405.map	exact	"{""hero_kill"": {""width"": 200, ""height"": 200}, ""zircon"": {""width"": 200, ""height"": 200}}"	"{""region_count"": 20, ""region_landmark_samples"": [""D405 / Blood Thristy Zombie Spawn"", ""D405 / Blood Thristy Zombie Spawn"", ""D405 / Blood Thristy Zombie Spawn"", ""D405 / Blood Thristy Zombie Spawn"", ""D405 / Blood Thristy Zombie Spawn"", ""D405 / Blood Thristy Zombie Spawn"", ""D405 / Blood Thristy Zombie Spawn"", ""D405 / Blood Thristy Zombie Spawn"", ""D405 / Death Lord Jichon Spawn"", ""D405 / Blood Thristy Zombie Spawn"", ""D405 / Rotting Ghoul Spawn"", ""D405 / Teleport Source"", ""D405 / Teleport Destination"", ""D405 / Teleport Source"", ""D405 / Teleport Destination"", ""D405 / Teleport Source"", ""D405 / Teleport Source"", ""D405 / Teleport Source"", ""D405 / Teleport Source"", ""D405 / Teleport Source""], ""guard_count"": 0, ""guard_samples"": [], ""connected_maps"": [""D405_001"", ""D415"", ""D416""], ""coordinate_evidence"": ""MapRegion PointRegion centers; no Merchant coordinate snapshot available""}"	"[""D405 / Blood Thristy Zombie Spawn"", ""D405 / Blood Thristy Zombie Spawn"", ""D405 / Blood Thristy Zombie Spawn"", ""D405 / Blood Thristy Zombie Spawn"", ""D405 / Blood Thristy Zombie Spawn"", ""D405 / Blood Thristy Zombie Spawn"", ""D405 / Blood Thristy Zombie Spawn"", ""D405 / Blood Thristy Zombie Spawn"", ""D405 / Death Lord Jichon Spawn"", ""D405 / Blood Thristy Zombie Spawn"", ""D405 / Rotting Ghoul Spawn"", ""D405 / Teleport Source"", ""D405 / Teleport Destination"", ""D405 / Teleport Source"", ""D405 / Teleport Destination"", ""D405 / Teleport Source"", ""D405 / Teleport Source"", ""D405 / Teleport Source"", ""D405 / Teleport Source"", ""D405 / Teleport Source""]"	"{""status"": ""pass"", ""walkable_cells"": 8280, ""total_cells"": 40000, ""walkable_ratio"": 0.207}"	"{""status"": ""pass"", ""walkable_cells"": 8280, ""total_cells"": 40000, ""walkable_ratio"": 0.207}"	identity logical-grid coordinates	allowed-after-point-check	high	"{""relation"": ""same local map bytes"", ""hero_kill_sha256"": ""3c767752471556b9e61bde4dc748030d7d660b21a31d863fb13db8255aa3484b"", ""zircon_sha256"": ""3c767752471556b9e61bde4dc748030d7d660b21a31d863fb13db8255aa3484b""}"
D405_001	D405_001	/home/tetsuya/mir2ei/Map/D405_001.map	/home/tetsuya/mir2ei/Map/D405_001.map	"{""index"": 846, ""file"": ""D405_001"", ""description"": ""尸王房""}"	/home/tetsuya/development/zircon/Debug/ServerCore/Map/D405_001.map	exact	"{""hero_kill"": {""width"": 30, ""height"": 30}, ""zircon"": {""width"": 30, ""height"": 30}}"	"{""region_count"": 7, ""region_landmark_samples"": [""D405_001 / Death Lord Jichon Spawn"", ""D405_001 / Death Lord Jichon Spawn"", ""D405_001 / Teleport Destination"", ""D405_001 / Teleport Destination"", ""D405_001 / Teleport Destination"", ""D405_001 / Teleport Destination"", ""D405_001 / Teleport Destination""], ""guard_count"": 0, ""guard_samples"": [], ""connected_maps"": [""D405""], ""coordinate_evidence"": ""MapRegion PointRegion centers; no Merchant coordinate snapshot available""}"	"[""D405_001 / Death Lord Jichon Spawn"", ""D405_001 / Death Lord Jichon Spawn"", ""D405_001 / Teleport Destination"", ""D405_001 / Teleport Destination"", ""D405_001 / Teleport Destination"", ""D405_001 / Teleport Destination"", ""D405_001 / Teleport Destination""]"	"{""status"": ""pass"", ""walkable_cells"": 180, ""total_cells"": 900, ""walkable_ratio"": 0.2}"	"{""status"": ""pass"", ""walkable_cells"": 180, ""total_cells"": 900, ""walkable_ratio"": 0.2}"	identity logical-grid coordinates	allowed-after-point-check	high	"{""relation"": ""same local map bytes"", ""hero_kill_sha256"": ""bc114ba053ac36ca07117f610266b2d0dafd1264cbe3d63dd2ba70685e0035fd"", ""zircon_sha256"": ""bc114ba053ac36ca07117f610266b2d0dafd1264cbe3d63dd2ba70685e0035fd""}"
D406	D406	/home/tetsuya/mir2ei/Map/D406.map	/home/tetsuya/mir2ei/Map/D406.map	"{""index"": 847, ""file"": ""D406"", ""description"": ""废矿南部洞穴""}"	/home/tetsuya/development/zircon/Debug/ServerCore/Map/D406.map	exact	"{""hero_kill"": {""width"": 200, ""height"": 200}, ""zircon"": {""width"": 200, ""height"": 200}}"	"{""region_count"": 20, ""region_landmark_samples"": [""D406 / Blood Thristy Zombie Spawn"", ""D406 / Blood Thristy Zombie Spawn"", ""D406 / Blood Thristy Zombie Spawn"", ""D406 / Blood Thristy Zombie Spawn"", ""D406 / Blood Thristy Zombie Spawn"", ""D406 / Blood Thristy Zombie Spawn"", ""D406 / Blood Thristy Zombie Spawn"", ""D406 / Blood Thristy Zombie Spawn"", ""D406 / Death Lord Jichon Spawn"", ""D406 / Blood Thristy Zombie Spawn"", ""D406 / Rotting Ghoul Spawn"", ""D406 / Teleport Source"", ""D406 / Teleport Destination"", ""D406 / Teleport Source"", ""D406 / Teleport Destination"", ""D406 / Teleport Source"", ""D406 / Teleport Source"", ""D406 / Teleport Source"", ""D406 / Teleport Source"", ""D406 / Teleport Source""], ""guard_count"": 0, ""guard_samples"": [], ""connected_maps"": [""D406_001"", ""D411"", ""D415""], ""coordinate_evidence"": ""MapRegion PointRegion centers; no Merchant coordinate snapshot available""}"	"[""D406 / Blood Thristy Zombie Spawn"", ""D406 / Blood Thristy Zombie Spawn"", ""D406 / Blood Thristy Zombie Spawn"", ""D406 / Blood Thristy Zombie Spawn"", ""D406 / Blood Thristy Zombie Spawn"", ""D406 / Blood Thristy Zombie Spawn"", ""D406 / Blood Thristy Zombie Spawn"", ""D406 / Blood Thristy Zombie Spawn"", ""D406 / Death Lord Jichon Spawn"", ""D406 / Blood Thristy Zombie Spawn"", ""D406 / Rotting Ghoul Spawn"", ""D406 / Teleport Source"", ""D406 / Teleport Destination"", ""D406 / Teleport Source"", ""D406 / Teleport Destination"", ""D406 / Teleport Source"", ""D406 / Teleport Source"", ""D406 / Teleport Source"", ""D406 / Teleport Source"", ""D406 / Teleport Source""]"	"{""status"": ""pass"", ""walkable_cells"": 8280, ""total_cells"": 40000, ""walkable_ratio"": 0.207}"	"{""status"": ""pass"", ""walkable_cells"": 8280, ""total_cells"": 40000, ""walkable_ratio"": 0.207}"	identity logical-grid coordinates	allowed-after-point-check	high	"{""relation"": ""same local map bytes"", ""hero_kill_sha256"": ""26a0bae08321bdb6c022a1549eab5320f76c16f51dd19f5e8f376b5272bcbef2"", ""zircon_sha256"": ""26a0bae08321bdb6c022a1549eab5320f76c16f51dd19f5e8f376b5272bcbef2""}"
D406_001	D406_001	/home/tetsuya/mir2ei/Map/D406_001.map	/home/tetsuya/mir2ei/Map/D406_001.map	"{""index"": 848, ""file"": ""D406_001"", ""description"": ""尸王房""}"	/home/tetsuya/development/zircon/Debug/ServerCore/Map/D406_001.map	exact	"{""hero_kill"": {""width"": 30, ""height"": 30}, ""zircon"": {""width"": 30, ""height"": 30}}"	"{""region_count"": 7, ""region_landmark_samples"": [""D406_001 / Death Lord Jichon Spawn"", ""D406_001 / Death Lord Jichon Spawn"", ""D406_001 / Teleport Destination"", ""D406_001 / Teleport Destination"", ""D406_001 / Teleport Destination"", ""D406_001 / Teleport Destination"", ""D406_001 / Teleport Destination""], ""guard_count"": 0, ""guard_samples"": [], ""connected_maps"": [""D406""], ""coordinate_evidence"": ""MapRegion PointRegion centers; no Merchant coordinate snapshot available""}"	"[""D406_001 / Death Lord Jichon Spawn"", ""D406_001 / Death Lord Jichon Spawn"", ""D406_001 / Teleport Destination"", ""D406_001 / Teleport Destination"", ""D406_001 / Teleport Destination"", ""D406_001 / Teleport Destination"", ""D406_001 / Teleport Destination""]"	"{""status"": ""pass"", ""walkable_cells"": 180, ""total_cells"": 900, ""walkable_ratio"": 0.2}"	"{""status"": ""pass"", ""walkable_cells"": 180, ""total_cells"": 900, ""walkable_ratio"": 0.2}"	identity logical-grid coordinates	allowed-after-point-check	high	"{""relation"": ""same local map bytes"", ""hero_kill_sha256"": ""bc114ba053ac36ca07117f610266b2d0dafd1264cbe3d63dd2ba70685e0035fd"", ""zircon_sha256"": ""bc114ba053ac36ca07117f610266b2d0dafd1264cbe3d63dd2ba70685e0035fd""}"
D411	D411	/home/tetsuya/mir2ei/Map/D411.map	/home/tetsuya/mir2ei/Map/D411.map	"{""index"": 849, ""file"": ""D411"", ""description"": ""地下1层第一间房""}"	/home/tetsuya/development/zircon/Debug/ServerCore/Map/D411.map	exact	"{""hero_kill"": {""width"": 100, ""height"": 100}, ""zircon"": {""width"": 100, ""height"": 100}}"	"{""region_count"": 9, ""region_landmark_samples"": [""D411 / Blood Thristy Zombie Spawn"", ""D411 / Blood Thristy Zombie Spawn"", ""D411 / Blood Thristy Zombie Spawn"", ""D411 / Blood Thristy Zombie Spawn"", ""D411 / Blood Thristy Zombie Spawn"", ""D411 / Teleport Destination"", ""D411 / Teleport Source"", ""D411 / Teleport Destination"", ""D411 / Teleport Source""], ""guard_count"": 0, ""guard_samples"": [], ""connected_maps"": [""D401"", ""D406""], ""coordinate_evidence"": ""MapRegion PointRegion centers; no Merchant coordinate snapshot available""}"	"[""D411 / Blood Thristy Zombie Spawn"", ""D411 / Blood Thristy Zombie Spawn"", ""D411 / Blood Thristy Zombie Spawn"", ""D411 / Blood Thristy Zombie Spawn"", ""D411 / Blood Thristy Zombie Spawn"", ""D411 / Teleport Destination"", ""D411 / Teleport Source"", ""D411 / Teleport Destination"", ""D411 / Teleport Source""]"	"{""status"": ""pass"", ""walkable_cells"": 2102, ""total_cells"": 10000, ""walkable_ratio"": 0.2102}"	"{""status"": ""pass"", ""walkable_cells"": 2102, ""total_cells"": 10000, ""walkable_ratio"": 0.2102}"	identity logical-grid coordinates	allowed-after-point-check	high	"{""relation"": ""same local map bytes"", ""hero_kill_sha256"": ""3beb890506a631fd4a9750423bdb9d3c387c9fafee77a91e0ff1a9effa79724d"", ""zircon_sha256"": ""3beb890506a631fd4a9750423bdb9d3c387c9fafee77a91e0ff1a9effa79724d""}"
D412	D412	/home/tetsuya/mir2ei/Map/D412.map	/home/tetsuya/mir2ei/Map/D412.map	"{""index"": 850, ""file"": ""D412"", ""description"": ""天桥2""}"	/home/tetsuya/development/zircon/Debug/ServerCore/Map/D412.map	exact	"{""hero_kill"": {""width"": 100, ""height"": 100}, ""zircon"": {""width"": 100, ""height"": 100}}"	"{""region_count"": 9, ""region_landmark_samples"": [""D412 / Blood Thristy Zombie Spawn"", ""D412 / Blood Thristy Zombie Spawn"", ""D412 / Blood Thristy Zombie Spawn"", ""D412 / Blood Thristy Zombie Spawn"", ""D412 / Blood Thristy Zombie Spawn"", ""D412 / Teleport Destination"", ""D412 / Teleport Source"", ""D412 / Teleport Destination"", ""D412 / Teleport Source""], ""guard_count"": 0, ""guard_samples"": [], ""connected_maps"": [""D403"", ""D404""], ""coordinate_evidence"": ""MapRegion PointRegion centers; no Merchant coordinate snapshot available""}"	"[""D412 / Blood Thristy Zombie Spawn"", ""D412 / Blood Thristy Zombie Spawn"", ""D412 / Blood Thristy Zombie Spawn"", ""D412 / Blood Thristy Zombie Spawn"", ""D412 / Blood Thristy Zombie Spawn"", ""D412 / Teleport Destination"", ""D412 / Teleport Source"", ""D412 / Teleport Destination"", ""D412 / Teleport Source""]"	"{""status"": ""pass"", ""walkable_cells"": 2738, ""total_cells"": 10000, ""walkable_ratio"": 0.2738}"	"{""status"": ""pass"", ""walkable_cells"": 2738, ""total_cells"": 10000, ""walkable_ratio"": 0.2738}"	identity logical-grid coordinates	allowed-after-point-check	high	"{""relation"": ""same local map bytes"", ""hero_kill_sha256"": ""1c9479f686d1fb87fc45e37d09e1d6359ad68ca70843347b0e7efad95246df3b"", ""zircon_sha256"": ""1c9479f686d1fb87fc45e37d09e1d6359ad68ca70843347b0e7efad95246df3b""}"
D413	D413	/home/tetsuya/mir2ei/Map/D413.map	/home/tetsuya/mir2ei/Map/D413.map	"{""index"": 851, ""file"": ""D413"", ""description"": ""地下1层第二间房""}"	/home/tetsuya/development/zircon/Debug/ServerCore/Map/D413.map	exact	"{""hero_kill"": {""width"": 100, ""height"": 100}, ""zircon"": {""width"": 100, ""height"": 100}}"	"{""region_count"": 9, ""region_landmark_samples"": [""D413 / Blood Thristy Zombie Spawn"", ""D413 / Blood Thristy Zombie Spawn"", ""D413 / Blood Thristy Zombie Spawn"", ""D413 / Blood Thristy Zombie Spawn"", ""D413 / Blood Thristy Zombie Spawn"", ""D413 / Teleport Destination"", ""D413 / Teleport Source"", ""D413 / Teleport Source"", ""D413 / Teleport Destination""], ""guard_count"": 0, ""guard_samples"": [], ""connected_maps"": [""D401"", ""D402""], ""coordinate_evidence"": ""MapRegion PointRegion centers; no Merchant coordinate snapshot available""}"	"[""D413 / Blood Thristy Zombie Spawn"", ""D413 / Blood Thristy Zombie Spawn"", ""D413 / Blood Thristy Zombie Spawn"", ""D413 / Blood Thristy Zombie Spawn"", ""D413 / Blood Thristy Zombie Spawn"", ""D413 / Teleport Destination"", ""D413 / Teleport Source"", ""D413 / Teleport Source"", ""D413 / Teleport Destination""]"	"{""status"": ""pass"", ""walkable_cells"": 2132, ""total_cells"": 10000, ""walkable_ratio"": 0.2132}"	"{""status"": ""pass"", ""walkable_cells"": 2132, ""total_cells"": 10000, ""walkable_ratio"": 0.2132}"	identity logical-grid coordinates	allowed-after-point-check	high	"{""relation"": ""same local map bytes"", ""hero_kill_sha256"": ""3278867b789b19b55546ed736a2c088afca3e4777ba41745af90e44a05b8abd2"", ""zircon_sha256"": ""3278867b789b19b55546ed736a2c088afca3e4777ba41745af90e44a05b8abd2""}"
D414	D414	/home/tetsuya/mir2ei/Map/D414.map	/home/tetsuya/mir2ei/Map/D414.map	"{""index"": 852, ""file"": ""D414"", ""description"": ""地下1层第三间房""}"	/home/tetsuya/development/zircon/Debug/ServerCore/Map/D414.map	exact	"{""hero_kill"": {""width"": 100, ""height"": 100}, ""zircon"": {""width"": 100, ""height"": 100}}"	"{""region_count"": 4, ""region_landmark_samples"": [""D414 / Teleport Destination"", ""D414 / Teleport Source"", ""D414 / Teleport Destination"", ""D414 / Teleport Source""], ""guard_count"": 0, ""guard_samples"": [], ""connected_maps"": [""D402"", ""D403""], ""coordinate_evidence"": ""MapRegion PointRegion centers; no Merchant coordinate snapshot available""}"	"[""D414 / Teleport Destination"", ""D414 / Teleport Source"", ""D414 / Teleport Destination"", ""D414 / Teleport Source""]"	"{""status"": ""pass"", ""walkable_cells"": 883, ""total_cells"": 10000, ""walkable_ratio"": 0.0883}"	"{""status"": ""pass"", ""walkable_cells"": 883, ""total_cells"": 10000, ""walkable_ratio"": 0.0883}"	identity logical-grid coordinates	allowed-after-point-check	high	"{""relation"": ""same local map bytes"", ""hero_kill_sha256"": ""1d6ca58284e25eaa8f1f875f629326d58303bd1423bbe64f99da91014e70350e"", ""zircon_sha256"": ""1d6ca58284e25eaa8f1f875f629326d58303bd1423bbe64f99da91014e70350e""}"
D415	D415	/home/tetsuya/mir2ei/Map/D415.map	/home/tetsuya/mir2ei/Map/D415.map	"{""index"": 853, ""file"": ""D415"", ""description"": ""天桥1""}"	/home/tetsuya/development/zircon/Debug/ServerCore/Map/D415.map	exact	"{""hero_kill"": {""width"": 100, ""height"": 100}, ""zircon"": {""width"": 100, ""height"": 100}}"	"{""region_count"": 9, ""region_landmark_samples"": [""D415 / Blood Thristy Zombie Spawn"", ""D415 / Blood Thristy Zombie Spawn"", ""D415 / Blood Thristy Zombie Spawn"", ""D415 / Blood Thristy Zombie Spawn"", ""D415 / Blood Thristy Zombie Spawn"", ""D415 / Teleport Destination"", ""D415 / Teleport Source"", ""D415 / Teleport Destination"", ""D415 / Teleport Source""], ""guard_count"": 0, ""guard_samples"": [], ""connected_maps"": [""D405"", ""D406""], ""coordinate_evidence"": ""MapRegion PointRegion centers; no Merchant coordinate snapshot available""}"	"[""D415 / Blood Thristy Zombie Spawn"", ""D415 / Blood Thristy Zombie Spawn"", ""D415 / Blood Thristy Zombie Spawn"", ""D415 / Blood Thristy Zombie Spawn"", ""D415 / Blood Thristy Zombie Spawn"", ""D415 / Teleport Destination"", ""D415 / Teleport Source"", ""D415 / Teleport Destination"", ""D415 / Teleport Source""]"	"{""status"": ""pass"", ""walkable_cells"": 1239, ""total_cells"": 10000, ""walkable_ratio"": 0.1239}"	"{""status"": ""pass"", ""walkable_cells"": 1239, ""total_cells"": 10000, ""walkable_ratio"": 0.1239}"	identity logical-grid coordinates	allowed-after-point-check	high	"{""relation"": ""same local map bytes"", ""hero_kill_sha256"": ""0f3f58ccf4b3d0afc426bbf7ce5b8d5774b34c11b47cdc92f85da66f841524e2"", ""zircon_sha256"": ""0f3f58ccf4b3d0afc426bbf7ce5b8d5774b34c11b47cdc92f85da66f841524e2""}"
D416	D416	/home/tetsuya/mir2ei/Map/D416.map	/home/tetsuya/mir2ei/Map/D416.map	"{""index"": 854, ""file"": ""D416"", ""description"": ""天桥3""}"	/home/tetsuya/development/zircon/Debug/ServerCore/Map/D416.map	exact	"{""hero_kill"": {""width"": 100, ""height"": 100}, ""zircon"": {""width"": 100, ""height"": 100}}"	"{""region_count"": 9, ""region_landmark_samples"": [""D416 / Blood Thristy Zombie Spawn"", ""D416 / Blood Thristy Zombie Spawn"", ""D416 / Blood Thristy Zombie Spawn"", ""D416 / Blood Thristy Zombie Spawn"", ""D416 / Blood Thristy Zombie Spawn"", ""D416 / Teleport Destination"", ""D416 / Teleport Source"", ""D416 / Teleport Destination"", ""D416 / Teleport Source""], ""guard_count"": 0, ""guard_samples"": [], ""connected_maps"": [""D404"", ""D405""], ""coordinate_evidence"": ""MapRegion PointRegion centers; no Merchant coordinate snapshot available""}"	"[""D416 / Blood Thristy Zombie Spawn"", ""D416 / Blood Thristy Zombie Spawn"", ""D416 / Blood Thristy Zombie Spawn"", ""D416 / Blood Thristy Zombie Spawn"", ""D416 / Blood Thristy Zombie Spawn"", ""D416 / Teleport Destination"", ""D416 / Teleport Source"", ""D416 / Teleport Destination"", ""D416 / Teleport Source""]"	"{""status"": ""pass"", ""walkable_cells"": 1226, ""total_cells"": 10000, ""walkable_ratio"": 0.1226}"	"{""status"": ""pass"", ""walkable_cells"": 1226, ""total_cells"": 10000, ""walkable_ratio"": 0.1226}"	identity logical-grid coordinates	allowed-after-point-check	high	"{""relation"": ""same local map bytes"", ""hero_kill_sha256"": ""518acd1ba8e8a3f8e964a5cc2404bb485c177f31bc7615c102b59056c7e7d9cf"", ""zircon_sha256"": ""518acd1ba8e8a3f8e964a5cc2404bb485c177f31bc7615c102b59056c7e7d9cf""}"
D420_001	D420_001	/home/tetsuya/mir2ei/Map/D420_001.map	/home/tetsuya/mir2ei/Map/D420_001.map	"{""index"": 855, ""file"": ""D420_001"", ""description"": ""神圣战甲术空间""}"	/home/tetsuya/development/zircon/Debug/ServerCore/Map/D420_001.map	exact	"{""hero_kill"": {""width"": 50, ""height"": 50}, ""zircon"": {""width"": 50, ""height"": 50}}"	"{""region_count"": 1, ""region_landmark_samples"": [""D420_001 / Death Lord Jichon Spawn""], ""guard_count"": 0, ""guard_samples"": [], ""connected_maps"": [], ""coordinate_evidence"": ""MapRegion PointRegion centers; no Merchant coordinate snapshot available""}"	"[""D420_001 / Death Lord Jichon Spawn""]"	"{""status"": ""pass"", ""walkable_cells"": 534, ""total_cells"": 2500, ""walkable_ratio"": 0.2136}"	"{""status"": ""pass"", ""walkable_cells"": 534, ""total_cells"": 2500, ""walkable_ratio"": 0.2136}"	identity logical-grid coordinates	allowed-after-point-check	high	"{""relation"": ""same local map bytes"", ""hero_kill_sha256"": ""818f28f61d8edc2fe62425165d20f8bd77dac88d5b8cd8dc1aede358cfa31664"", ""zircon_sha256"": ""818f28f61d8edc2fe62425165d20f8bd77dac88d5b8cd8dc1aede358cfa31664""}"
D421	D421	/home/tetsuya/mir2ei/Map/D421.map	/home/tetsuya/mir2ei/Map/D421.map	"{""index"": 856, ""file"": ""D421"", ""description"": ""矿山1层""}"	/home/tetsuya/development/zircon/Debug/ServerCore/Map/D421.map	exact	"{""hero_kill"": {""width"": 400, ""height"": 400}, ""zircon"": {""width"": 400, ""height"": 400}}"	"{""region_count"": 16, ""region_landmark_samples"": [""D421 / Blood Thristy Zombie Spawn"", ""D421 / Blood Thristy Zombie Spawn"", ""D421 / Blood Thristy Zombie Spawn"", ""D421 / Blood Thristy Zombie Spawn"", ""D421 / Blood Thristy Zombie Spawn"", ""D421 / Blood Thristy Zombie Spawn"", ""D421 / Blood Thristy Zombie Spawn"", ""D421 / Blood Thristy Zombie Spawn"", ""D421 / Death Lord Jichon Spawn"", ""D421 / Teleport Destination"", ""D421 / Teleport Source"", ""D421 / Teleport Source"", ""D421 / Teleport Source"", ""D421 / Teleport Source"", ""D421 / Teleport Source"", ""D421 / Teleport Source""], ""guard_count"": 0, ""guard_samples"": [], ""connected_maps"": [""2"", ""D421_001""], ""coordinate_evidence"": ""MapRegion PointRegion centers; no Merchant coordinate snapshot available""}"	"[""D421 / Blood Thristy Zombie Spawn"", ""D421 / Blood Thristy Zombie Spawn"", ""D421 / Blood Thristy Zombie Spawn"", ""D421 / Blood Thristy Zombie Spawn"", ""D421 / Blood Thristy Zombie Spawn"", ""D421 / Blood Thristy Zombie Spawn"", ""D421 / Blood Thristy Zombie Spawn"", ""D421 / Blood Thristy Zombie Spawn"", ""D421 / Death Lord Jichon Spawn"", ""D421 / Teleport Destination"", ""D421 / Teleport Source"", ""D421 / Teleport Source"", ""D421 / Teleport Source"", ""D421 / Teleport Source"", ""D421 / Teleport Source"", ""D421 / Teleport Source""]"	"{""status"": ""pass"", ""walkable_cells"": 20420, ""total_cells"": 160000, ""walkable_ratio"": 0.127625}"	"{""status"": ""pass"", ""walkable_cells"": 20420, ""total_cells"": 160000, ""walkable_ratio"": 0.127625}"	identity logical-grid coordinates	allowed-after-point-check	high	"{""relation"": ""same local map bytes"", ""hero_kill_sha256"": ""58aa57498c62edd83259c9687ba8d6d4f3a379275490b65e49d86fce3db22ce2"", ""zircon_sha256"": ""58aa57498c62edd83259c9687ba8d6d4f3a379275490b65e49d86fce3db22ce2""}"
D421_001	D421_001	/home/tetsuya/mir2ei/Map/D421_001.map	/home/tetsuya/mir2ei/Map/D421_001.map	"{""index"": 857, ""file"": ""D421_001"", ""description"": ""EI D421_001""}"	/home/tetsuya/development/zircon/Debug/ServerCore/Map/D421_001.map	exact	"{""hero_kill"": {""width"": 30, ""height"": 30}, ""zircon"": {""width"": 30, ""height"": 30}}"	"{""region_count"": 5, ""region_landmark_samples"": [""D421_001 / Teleport Destination"", ""D421_001 / Teleport Destination"", ""D421_001 / Teleport Destination"", ""D421_001 / Teleport Destination"", ""D421_001 / Teleport Destination""], ""guard_count"": 0, ""guard_samples"": [], ""connected_maps"": [""D421""], ""coordinate_evidence"": ""MapRegion PointRegion centers; no Merchant coordinate snapshot available""}"	"[""D421_001 / Teleport Destination"", ""D421_001 / Teleport Destination"", ""D421_001 / Teleport Destination"", ""D421_001 / Teleport Destination"", ""D421_001 / Teleport Destination""]"	"{""status"": ""pass"", ""walkable_cells"": 180, ""total_cells"": 900, ""walkable_ratio"": 0.2}"	"{""status"": ""pass"", ""walkable_cells"": 180, ""total_cells"": 900, ""walkable_ratio"": 0.2}"	identity logical-grid coordinates	allowed-after-point-check	high	"{""relation"": ""same local map bytes"", ""hero_kill_sha256"": ""bc114ba053ac36ca07117f610266b2d0dafd1264cbe3d63dd2ba70685e0035fd"", ""zircon_sha256"": ""bc114ba053ac36ca07117f610266b2d0dafd1264cbe3d63dd2ba70685e0035fd""}"
D422	D422	/home/tetsuya/mir2ei/Map/D422.map	/home/tetsuya/mir2ei/Map/D422.map	"{""index"": 858, ""file"": ""D422"", ""description"": ""矿山2层""}"	/home/tetsuya/development/zircon/Debug/ServerCore/Map/D422.map	exact	"{""hero_kill"": {""width"": 400, ""height"": 400}, ""zircon"": {""width"": 400, ""height"": 400}}"	"{""region_count"": 16, ""region_landmark_samples"": [""D422 / Blood Thristy Zombie Spawn"", ""D422 / Blood Thristy Zombie Spawn"", ""D422 / Blood Thristy Zombie Spawn"", ""D422 / Blood Thristy Zombie Spawn"", ""D422 / Blood Thristy Zombie Spawn"", ""D422 / Blood Thristy Zombie Spawn"", ""D422 / Blood Thristy Zombie Spawn"", ""D422 / Blood Thristy Zombie Spawn"", ""D422 / Death Lord Jichon Spawn"", ""D422 / Teleport Source"", ""D422 / Teleport Source"", ""D422 / Teleport Source"", ""D422 / Teleport Source"", ""D422 / Teleport Source"", ""D422 / Teleport Destination"", ""D422 / Teleport Source""], ""guard_count"": 0, ""guard_samples"": [], ""connected_maps"": [""D422_001"", ""D422_002""], ""coordinate_evidence"": ""MapRegion PointRegion centers; no Merchant coordinate snapshot available""}"	"[""D422 / Blood Thristy Zombie Spawn"", ""D422 / Blood Thristy Zombie Spawn"", ""D422 / Blood Thristy Zombie Spawn"", ""D422 / Blood Thristy Zombie Spawn"", ""D422 / Blood Thristy Zombie Spawn"", ""D422 / Blood Thristy Zombie Spawn"", ""D422 / Blood Thristy Zombie Spawn"", ""D422 / Blood Thristy Zombie Spawn"", ""D422 / Death Lord Jichon Spawn"", ""D422 / Teleport Source"", ""D422 / Teleport Source"", ""D422 / Teleport Source"", ""D422 / Teleport Source"", ""D422 / Teleport Source"", ""D422 / Teleport Destination"", ""D422 / Teleport Source""]"	"{""status"": ""pass"", ""walkable_cells"": 27983, ""total_cells"": 160000, ""walkable_ratio"": 0.174894}"	"{""status"": ""pass"", ""walkable_cells"": 27983, ""total_cells"": 160000, ""walkable_ratio"": 0.174894}"	identity logical-grid coordinates	allowed-after-point-check	high	"{""relation"": ""same local map bytes"", ""hero_kill_sha256"": ""9ec755f73425642f329bd5055688f5e8496a1b2297149a3312713bf5608346c5"", ""zircon_sha256"": ""9ec755f73425642f329bd5055688f5e8496a1b2297149a3312713bf5608346c5""}"
D422_001	D422_001	/home/tetsuya/mir2ei/Map/D422_001.map	/home/tetsuya/mir2ei/Map/D422_001.map	"{""index"": 859, ""file"": ""D422_001"", ""description"": ""EI D422_001""}"	/home/tetsuya/development/zircon/Debug/ServerCore/Map/D422_001.map	exact	"{""hero_kill"": {""width"": 30, ""height"": 30}, ""zircon"": {""width"": 30, ""height"": 30}}"	"{""region_count"": 5, ""region_landmark_samples"": [""D422_001 / Teleport Destination"", ""D422_001 / Teleport Destination"", ""D422_001 / Teleport Destination"", ""D422_001 / Teleport Destination"", ""D422_001 / Teleport Destination""], ""guard_count"": 0, ""guard_samples"": [], ""connected_maps"": [""D422""], ""coordinate_evidence"": ""MapRegion PointRegion centers; no Merchant coordinate snapshot available""}"	"[""D422_001 / Teleport Destination"", ""D422_001 / Teleport Destination"", ""D422_001 / Teleport Destination"", ""D422_001 / Teleport Destination"", ""D422_001 / Teleport Destination""]"	"{""status"": ""pass"", ""walkable_cells"": 180, ""total_cells"": 900, ""walkable_ratio"": 0.2}"	"{""status"": ""pass"", ""walkable_cells"": 180, ""total_cells"": 900, ""walkable_ratio"": 0.2}"	identity logical-grid coordinates	allowed-after-point-check	high	"{""relation"": ""same local map bytes"", ""hero_kill_sha256"": ""bc114ba053ac36ca07117f610266b2d0dafd1264cbe3d63dd2ba70685e0035fd"", ""zircon_sha256"": ""bc114ba053ac36ca07117f610266b2d0dafd1264cbe3d63dd2ba70685e0035fd""}"
D422_002	D422_002	/home/tetsuya/mir2ei/Map/D422_002.map	/home/tetsuya/mir2ei/Map/D422_002.map	"{""index"": 860, ""file"": ""D422_002"", ""description"": ""矿山2层""}"	/home/tetsuya/development/zircon/Debug/ServerCore/Map/D422_002.map	exact	"{""hero_kill"": {""width"": 36, ""height"": 36}, ""zircon"": {""width"": 36, ""height"": 36}}"	"{""region_count"": 2, ""region_landmark_samples"": [""D422_002 / Teleport Source"", ""D422_002 / Teleport Destination""], ""guard_count"": 0, ""guard_samples"": [], ""connected_maps"": [""D422""], ""coordinate_evidence"": ""MapRegion PointRegion centers; no Merchant coordinate snapshot available""}"	"[""D422_002 / Teleport Source"", ""D422_002 / Teleport Destination""]"	"{""status"": ""pass"", ""walkable_cells"": 189, ""total_cells"": 1296, ""walkable_ratio"": 0.145833}"	"{""status"": ""pass"", ""walkable_cells"": 189, ""total_cells"": 1296, ""walkable_ratio"": 0.145833}"	identity logical-grid coordinates	allowed-after-point-check	high	"{""relation"": ""same local map bytes"", ""hero_kill_sha256"": ""dd0068a3326f64aa81d191f0585833ece2dfa75a89f5553bac9f510cac83610c"", ""zircon_sha256"": ""dd0068a3326f64aa81d191f0585833ece2dfa75a89f5553bac9f510cac83610c""}"
D423	D423	/home/tetsuya/mir2ei/Map/D423.map	/home/tetsuya/mir2ei/Map/D423.map	"{""index"": 861, ""file"": ""D423"", ""description"": ""EI D423""}"	/home/tetsuya/development/zircon/Debug/ServerCore/Map/D423.map	exact	"{""hero_kill"": {""width"": 100, ""height"": 100}, ""zircon"": {""width"": 100, ""height"": 100}}"	"{""region_count"": 0, ""region_landmark_samples"": [], ""guard_count"": 0, ""guard_samples"": [], ""connected_maps"": [], ""coordinate_evidence"": ""MapRegion PointRegion centers; no Merchant coordinate snapshot available""}"	[]	"{""status"": ""pass"", ""walkable_cells"": 2105, ""total_cells"": 10000, ""walkable_ratio"": 0.2105}"	"{""status"": ""pass"", ""walkable_cells"": 2105, ""total_cells"": 10000, ""walkable_ratio"": 0.2105}"	identity logical-grid coordinates	allowed-after-point-check	high	"{""relation"": ""same local map bytes"", ""hero_kill_sha256"": ""3738475142584ead5caf5b848679690f780df5dcc02b6fe29e711ccd39a8f2d6"", ""zircon_sha256"": ""3738475142584ead5caf5b848679690f780df5dcc02b6fe29e711ccd39a8f2d6""}"
D431	D431	/home/tetsuya/mir2ei/Map/D431.map	/home/tetsuya/mir2ei/Map/D431.map	"{""index"": 862, ""file"": ""D431"", ""description"": ""北部矿山入口""}"	/home/tetsuya/development/zircon/Debug/ServerCore/Map/D431.map	exact	"{""hero_kill"": {""width"": 200, ""height"": 200}, ""zircon"": {""width"": 200, ""height"": 200}}"	"{""region_count"": 22, ""region_landmark_samples"": [""D431 / Blood Thristy Zombie Spawn"", ""D431 / Blood Thristy Zombie Spawn"", ""D431 / Blood Thristy Zombie Spawn"", ""D431 / Blood Thristy Zombie Spawn"", ""D431 / Blood Thristy Zombie Spawn"", ""D431 / Cave Maggot Spawn"", ""D431 / Blood Thristy Zombie Spawn"", ""D431 / Blood Thristy Zombie Spawn"", ""D431 / Blood Thristy Zombie Spawn"", ""D431 / Death Lord Jichon Spawn"", ""D431 / Teleport Destination"", ""D431 / Teleport Source"", ""D431 / Teleport Source"", ""D431 / Teleport Destination"", ""D431 / Teleport Source"", ""D431 / Teleport Destination"", ""D431 / Teleport Source"", ""D431 / Teleport Source"", ""D431 / Teleport Source"", ""D431 / Teleport Source"", ""D431 / Teleport Source""], ""guard_count"": 0, ""guard_samples"": [], ""connected_maps"": [""2"", ""D431_001"", ""D441"", ""D443""], ""coordinate_evidence"": ""MapRegion PointRegion centers; no Merchant coordinate snapshot available""}"	"[""D431 / Blood Thristy Zombie Spawn"", ""D431 / Blood Thristy Zombie Spawn"", ""D431 / Blood Thristy Zombie Spawn"", ""D431 / Blood Thristy Zombie Spawn"", ""D431 / Blood Thristy Zombie Spawn"", ""D431 / Cave Maggot Spawn"", ""D431 / Blood Thristy Zombie Spawn"", ""D431 / Blood Thristy Zombie Spawn"", ""D431 / Blood Thristy Zombie Spawn"", ""D431 / Death Lord Jichon Spawn"", ""D431 / Teleport Destination"", ""D431 / Teleport Source"", ""D431 / Teleport Source"", ""D431 / Teleport Destination"", ""D431 / Teleport Source"", ""D431 / Teleport Destination"", ""D431 / Teleport Source"", ""D431 / Teleport Source"", ""D431 / Teleport Source"", ""D431 / Teleport Source"", ""D431 / Teleport Source""]"	"{""status"": ""pass"", ""walkable_cells"": 8224, ""total_cells"": 40000, ""walkable_ratio"": 0.2056}"	"{""status"": ""pass"", ""walkable_cells"": 8224, ""total_cells"": 40000, ""walkable_ratio"": 0.2056}"	identity logical-grid coordinates	allowed-after-point-check	high	"{""relation"": ""same local map bytes"", ""hero_kill_sha256"": ""0de8923eec0f9e484a7f50bb6b037af271db55baf0f5ab5d2dc696f60d9ea012"", ""zircon_sha256"": ""0de8923eec0f9e484a7f50bb6b037af271db55baf0f5ab5d2dc696f60d9ea012""}"
D431_001	D431_001	/home/tetsuya/mir2ei/Map/D431_001.map	/home/tetsuya/mir2ei/Map/D431_001.map	"{""index"": 863, ""file"": ""D431_001"", ""description"": ""尸王房""}"	/home/tetsuya/development/zircon/Debug/ServerCore/Map/D431_001.map	exact	"{""hero_kill"": {""width"": 30, ""height"": 30}, ""zircon"": {""width"": 30, ""height"": 30}}"	"{""region_count"": 7, ""region_landmark_samples"": [""D431_001 / Death Lord Jichon Spawn"", ""D431_001 / Death Lord Jichon Spawn"", ""D431_001 / Teleport Destination"", ""D431_001 / Teleport Destination"", ""D431_001 / Teleport Destination"", ""D431_001 / Teleport Destination"", ""D431_001 / Teleport Destination""], ""guard_count"": 0, ""guard_samples"": [], ""connected_maps"": [""D431""], ""coordinate_evidence"": ""MapRegion PointRegion centers; no Merchant coordinate snapshot available""}"	"[""D431_001 / Death Lord Jichon Spawn"", ""D431_001 / Death Lord Jichon Spawn"", ""D431_001 / Teleport Destination"", ""D431_001 / Teleport Destination"", ""D431_001 / Teleport Destination"", ""D431_001 / Teleport Destination"", ""D431_001 / Teleport Destination""]"	"{""status"": ""pass"", ""walkable_cells"": 180, ""total_cells"": 900, ""walkable_ratio"": 0.2}"	"{""status"": ""pass"", ""walkable_cells"": 180, ""total_cells"": 900, ""walkable_ratio"": 0.2}"	identity logical-grid coordinates	allowed-after-point-check	high	"{""relation"": ""same local map bytes"", ""hero_kill_sha256"": ""bc114ba053ac36ca07117f610266b2d0dafd1264cbe3d63dd2ba70685e0035fd"", ""zircon_sha256"": ""bc114ba053ac36ca07117f610266b2d0dafd1264cbe3d63dd2ba70685e0035fd""}"
D432	D432	/home/tetsuya/mir2ei/Map/D432.map	/home/tetsuya/mir2ei/Map/D432.map	"{""index"": 864, ""file"": ""D432"", ""description"": ""北部矿山东面洞穴""}"	/home/tetsuya/development/zircon/Debug/ServerCore/Map/D432.map	exact	"{""hero_kill"": {""width"": 200, ""height"": 200}, ""zircon"": {""width"": 200, ""height"": 200}}"	"{""region_count"": 19, ""region_landmark_samples"": [""D432 / Blood Thristy Zombie Spawn"", ""D432 / Blood Thristy Zombie Spawn"", ""D432 / Blood Thristy Zombie Spawn"", ""D432 / Blood Thristy Zombie Spawn"", ""D432 / Blood Thristy Zombie Spawn"", ""D432 / Cave Maggot Spawn"", ""D432 / Blood Thristy Zombie Spawn"", ""D432 / Blood Thristy Zombie Spawn"", ""D432 / Blood Thristy Zombie Spawn"", ""D432 / Death Lord Jichon Spawn"", ""D432 / Teleport Destination"", ""D432 / Teleport Source"", ""D432 / Teleport Source"", ""D432 / Teleport Destination"", ""D432 / Teleport Source"", ""D432 / Teleport Source"", ""D432 / Teleport Source"", ""D432 / Teleport Source"", ""D432 / Teleport Source""], ""guard_count"": 0, ""guard_samples"": [], ""connected_maps"": [""D432_001"", ""D443"", ""D444""], ""coordinate_evidence"": ""MapRegion PointRegion centers; no Merchant coordinate snapshot available""}"	"[""D432 / Blood Thristy Zombie Spawn"", ""D432 / Blood Thristy Zombie Spawn"", ""D432 / Blood Thristy Zombie Spawn"", ""D432 / Blood Thristy Zombie Spawn"", ""D432 / Blood Thristy Zombie Spawn"", ""D432 / Cave Maggot Spawn"", ""D432 / Blood Thristy Zombie Spawn"", ""D432 / Blood Thristy Zombie Spawn"", ""D432 / Blood Thristy Zombie Spawn"", ""D432 / Death Lord Jichon Spawn"", ""D432 / Teleport Destination"", ""D432 / Teleport Source"", ""D432 / Teleport Source"", ""D432 / Teleport Destination"", ""D432 / Teleport Source"", ""D432 / Teleport Source"", ""D432 / Teleport Source"", ""D432 / Teleport Source"", ""D432 / Teleport Source""]"	"{""status"": ""pass"", ""walkable_cells"": 7781, ""total_cells"": 40000, ""walkable_ratio"": 0.194525}"	"{""status"": ""pass"", ""walkable_cells"": 7781, ""total_cells"": 40000, ""walkable_ratio"": 0.194525}"	identity logical-grid coordinates	allowed-after-point-check	high	"{""relation"": ""same local map bytes"", ""hero_kill_sha256"": ""f5223f9200ed3709c360a8653956a67182e866dd914db8701a73a918ad9cc0d9"", ""zircon_sha256"": ""f5223f9200ed3709c360a8653956a67182e866dd914db8701a73a918ad9cc0d9""}"
D432_001	D432_001	/home/tetsuya/mir2ei/Map/D432_001.map	/home/tetsuya/mir2ei/Map/D432_001.map	"{""index"": 865, ""file"": ""D432_001"", ""description"": ""尸王房""}"	/home/tetsuya/development/zircon/Debug/ServerCore/Map/D432_001.map	exact	"{""hero_kill"": {""width"": 30, ""height"": 30}, ""zircon"": {""width"": 30, ""height"": 30}}"	"{""region_count"": 7, ""region_landmark_samples"": [""D432_001 / Death Lord Jichon Spawn"", ""D432_001 / Death Lord Jichon Spawn"", ""D432_001 / Teleport Destination"", ""D432_001 / Teleport Destination"", ""D432_001 / Teleport Destination"", ""D432_001 / Teleport Destination"", ""D432_001 / Teleport Destination""], ""guard_count"": 0, ""guard_samples"": [], ""connected_maps"": [""D432""], ""coordinate_evidence"": ""MapRegion PointRegion centers; no Merchant coordinate snapshot available""}"	"[""D432_001 / Death Lord Jichon Spawn"", ""D432_001 / Death Lord Jichon Spawn"", ""D432_001 / Teleport Destination"", ""D432_001 / Teleport Destination"", ""D432_001 / Teleport Destination"", ""D432_001 / Teleport Destination"", ""D432_001 / Teleport Destination""]"	"{""status"": ""pass"", ""walkable_cells"": 180, ""total_cells"": 900, ""walkable_ratio"": 0.2}"	"{""status"": ""pass"", ""walkable_cells"": 180, ""total_cells"": 900, ""walkable_ratio"": 0.2}"	identity logical-grid coordinates	allowed-after-point-check	high	"{""relation"": ""same local map bytes"", ""hero_kill_sha256"": ""bc114ba053ac36ca07117f610266b2d0dafd1264cbe3d63dd2ba70685e0035fd"", ""zircon_sha256"": ""bc114ba053ac36ca07117f610266b2d0dafd1264cbe3d63dd2ba70685e0035fd""}"
D433	D433	/home/tetsuya/mir2ei/Map/D433.map	/home/tetsuya/mir2ei/Map/D433.map	"{""index"": 866, ""file"": ""D433"", ""description"": ""北部地下1层采矿所""}"	/home/tetsuya/development/zircon/Debug/ServerCore/Map/D433.map	exact	"{""hero_kill"": {""width"": 200, ""height"": 200}, ""zircon"": {""width"": 200, ""height"": 200}}"	"{""region_count"": 19, ""region_landmark_samples"": [""D433 / Blood Thristy Zombie Spawn"", ""D433 / Blood Thristy Zombie Spawn"", ""D433 / Blood Thristy Zombie Spawn"", ""D433 / Blood Thristy Zombie Spawn"", ""D433 / Blood Thristy Zombie Spawn"", ""D433 / Cave Maggot Spawn"", ""D433 / Blood Thristy Zombie Spawn"", ""D433 / Blood Thristy Zombie Spawn"", ""D433 / Blood Thristy Zombie Spawn"", ""D433 / Death Lord Jichon Spawn"", ""D433 / Teleport Source"", ""D433 / Teleport Destination"", ""D433 / Teleport Source"", ""D433 / Teleport Destination"", ""D433 / Teleport Source"", ""D433 / Teleport Source"", ""D433 / Teleport Source"", ""D433 / Teleport Source"", ""D433 / Teleport Source""], ""guard_count"": 0, ""guard_samples"": [], ""connected_maps"": [""D433_001"", ""D442"", ""D444""], ""coordinate_evidence"": ""MapRegion PointRegion centers; no Merchant coordinate snapshot available""}"	"[""D433 / Blood Thristy Zombie Spawn"", ""D433 / Blood Thristy Zombie Spawn"", ""D433 / Blood Thristy Zombie Spawn"", ""D433 / Blood Thristy Zombie Spawn"", ""D433 / Blood Thristy Zombie Spawn"", ""D433 / Cave Maggot Spawn"", ""D433 / Blood Thristy Zombie Spawn"", ""D433 / Blood Thristy Zombie Spawn"", ""D433 / Blood Thristy Zombie Spawn"", ""D433 / Death Lord Jichon Spawn"", ""D433 / Teleport Source"", ""D433 / Teleport Destination"", ""D433 / Teleport Source"", ""D433 / Teleport Destination"", ""D433 / Teleport Source"", ""D433 / Teleport Source"", ""D433 / Teleport Source"", ""D433 / Teleport Source"", ""D433 / Teleport Source""]"	"{""status"": ""pass"", ""walkable_cells"": 9279, ""total_cells"": 40000, ""walkable_ratio"": 0.231975}"	"{""status"": ""pass"", ""walkable_cells"": 9279, ""total_cells"": 40000, ""walkable_ratio"": 0.231975}"	identity logical-grid coordinates	allowed-after-point-check	high	"{""relation"": ""same local map bytes"", ""hero_kill_sha256"": ""2bd158046c69bf7a2ce22260bf93faa29eda59237241fe56c125847d44352010"", ""zircon_sha256"": ""2bd158046c69bf7a2ce22260bf93faa29eda59237241fe56c125847d44352010""}"
D433_001	D433_001	/home/tetsuya/mir2ei/Map/D433_001.map	/home/tetsuya/mir2ei/Map/D433_001.map	"{""index"": 867, ""file"": ""D433_001"", ""description"": ""尸王房""}"	/home/tetsuya/development/zircon/Debug/ServerCore/Map/D433_001.map	exact	"{""hero_kill"": {""width"": 30, ""height"": 30}, ""zircon"": {""width"": 30, ""height"": 30}}"	"{""region_count"": 5, ""region_landmark_samples"": [""D433_001 / Teleport Destination"", ""D433_001 / Teleport Destination"", ""D433_001 / Teleport Destination"", ""D433_001 / Teleport Destination"", ""D433_001 / Teleport Destination""], ""guard_count"": 0, ""guard_samples"": [], ""connected_maps"": [""D433""], ""coordinate_evidence"": ""MapRegion PointRegion centers; no Merchant coordinate snapshot available""}"	"[""D433_001 / Teleport Destination"", ""D433_001 / Teleport Destination"", ""D433_001 / Teleport Destination"", ""D433_001 / Teleport Destination"", ""D433_001 / Teleport Destination""]"	"{""status"": ""pass"", ""walkable_cells"": 180, ""total_cells"": 900, ""walkable_ratio"": 0.2}"	"{""status"": ""pass"", ""walkable_cells"": 180, ""total_cells"": 900, ""walkable_ratio"": 0.2}"	identity logical-grid coordinates	allowed-after-point-check	high	"{""relation"": ""same local map bytes"", ""hero_kill_sha256"": ""bc114ba053ac36ca07117f610266b2d0dafd1264cbe3d63dd2ba70685e0035fd"", ""zircon_sha256"": ""bc114ba053ac36ca07117f610266b2d0dafd1264cbe3d63dd2ba70685e0035fd""}"
D434	D434	/home/tetsuya/mir2ei/Map/D434.map	/home/tetsuya/mir2ei/Map/D434.map	"{""index"": 868, ""file"": ""D434"", ""description"": ""北部地下2层采矿所""}"	/home/tetsuya/development/zircon/Debug/ServerCore/Map/D434.map	exact	"{""hero_kill"": {""width"": 200, ""height"": 200}, ""zircon"": {""width"": 200, ""height"": 200}}"	"{""region_count"": 19, ""region_landmark_samples"": [""D434 / Blood Thristy Zombie Spawn"", ""D434 / Blood Thristy Zombie Spawn"", ""D434 / Blood Thristy Zombie Spawn"", ""D434 / Blood Thristy Zombie Spawn"", ""D434 / Blood Thristy Zombie Spawn"", ""D434 / Blood Thristy Zombie Spawn"", ""D434 / Blood Thristy Zombie Spawn"", ""D434 / Blood Thristy Zombie Spawn"", ""D434 / Blood Thristy Zombie Spawn"", ""D434 / Death Lord Jichon Spawn"", ""D434 / Teleport Source"", ""D434 / Teleport Destination"", ""D434 / Teleport Source"", ""D434 / Teleport Destination"", ""D434 / Teleport Source"", ""D434 / Teleport Source"", ""D434 / Teleport Source"", ""D434 / Teleport Source"", ""D434 / Teleport Source""], ""guard_count"": 0, ""guard_samples"": [], ""connected_maps"": [""D434_001"", ""D442"", ""D446""], ""coordinate_evidence"": ""MapRegion PointRegion centers; no Merchant coordinate snapshot available""}"	"[""D434 / Blood Thristy Zombie Spawn"", ""D434 / Blood Thristy Zombie Spawn"", ""D434 / Blood Thristy Zombie Spawn"", ""D434 / Blood Thristy Zombie Spawn"", ""D434 / Blood Thristy Zombie Spawn"", ""D434 / Blood Thristy Zombie Spawn"", ""D434 / Blood Thristy Zombie Spawn"", ""D434 / Blood Thristy Zombie Spawn"", ""D434 / Blood Thristy Zombie Spawn"", ""D434 / Death Lord Jichon Spawn"", ""D434 / Teleport Source"", ""D434 / Teleport Destination"", ""D434 / Teleport Source"", ""D434 / Teleport Destination"", ""D434 / Teleport Source"", ""D434 / Teleport Source"", ""D434 / Teleport Source"", ""D434 / Teleport Source"", ""D434 / Teleport Source""]"	"{""status"": ""pass"", ""walkable_cells"": 7930, ""total_cells"": 40000, ""walkable_ratio"": 0.19825}"	"{""status"": ""pass"", ""walkable_cells"": 7930, ""total_cells"": 40000, ""walkable_ratio"": 0.19825}"	identity logical-grid coordinates	allowed-after-point-check	high	"{""relation"": ""same local map bytes"", ""hero_kill_sha256"": ""f3c101b7d1fc7dade1ad04222339c19c35057f80f122750c3e3a7437dc85a520"", ""zircon_sha256"": ""f3c101b7d1fc7dade1ad04222339c19c35057f80f122750c3e3a7437dc85a520""}"
D434_001	D434_001	/home/tetsuya/mir2ei/Map/D434_001.map	/home/tetsuya/mir2ei/Map/D434_001.map	"{""index"": 869, ""file"": ""D434_001"", ""description"": ""尸王房""}"	/home/tetsuya/development/zircon/Debug/ServerCore/Map/D434_001.map	exact	"{""hero_kill"": {""width"": 30, ""height"": 30}, ""zircon"": {""width"": 30, ""height"": 30}}"	"{""region_count"": 5, ""region_landmark_samples"": [""D434_001 / Teleport Destination"", ""D434_001 / Teleport Destination"", ""D434_001 / Teleport Destination"", ""D434_001 / Teleport Destination"", ""D434_001 / Teleport Destination""], ""guard_count"": 0, ""guard_samples"": [], ""connected_maps"": [""D434""], ""coordinate_evidence"": ""MapRegion PointRegion centers; no Merchant coordinate snapshot available""}"	"[""D434_001 / Teleport Destination"", ""D434_001 / Teleport Destination"", ""D434_001 / Teleport Destination"", ""D434_001 / Teleport Destination"", ""D434_001 / Teleport Destination""]"	"{""status"": ""pass"", ""walkable_cells"": 180, ""total_cells"": 900, ""walkable_ratio"": 0.2}"	"{""status"": ""pass"", ""walkable_cells"": 180, ""total_cells"": 900, ""walkable_ratio"": 0.2}"	identity logical-grid coordinates	allowed-after-point-check	high	"{""relation"": ""same local map bytes"", ""hero_kill_sha256"": ""bc114ba053ac36ca07117f610266b2d0dafd1264cbe3d63dd2ba70685e0035fd"", ""zircon_sha256"": ""bc114ba053ac36ca07117f610266b2d0dafd1264cbe3d63dd2ba70685e0035fd""}"
D434_002	D434_002	/home/tetsuya/mir2ei/Map/D434_002.map	/home/tetsuya/mir2ei/Map/D434_002.map	"{""index"": 870, ""file"": ""D434_002"", ""description"": ""EI D434_002""}"	/home/tetsuya/development/zircon/Debug/ServerCore/Map/D434_002.map	exact	"{""hero_kill"": {""width"": 30, ""height"": 30}, ""zircon"": {""width"": 30, ""height"": 30}}"	"{""region_count"": 0, ""region_landmark_samples"": [], ""guard_count"": 0, ""guard_samples"": [], ""connected_maps"": [], ""coordinate_evidence"": ""MapRegion PointRegion centers; no Merchant coordinate snapshot available""}"	[]	"{""status"": ""pass"", ""walkable_cells"": 167, ""total_cells"": 900, ""walkable_ratio"": 0.185556}"	"{""status"": ""pass"", ""walkable_cells"": 167, ""total_cells"": 900, ""walkable_ratio"": 0.185556}"	identity logical-grid coordinates	allowed-after-point-check	high	"{""relation"": ""same local map bytes"", ""hero_kill_sha256"": ""0915f6bf75730e902ddaab383f63841e3767db80f91ce0dfe724c0e08d81706e"", ""zircon_sha256"": ""0915f6bf75730e902ddaab383f63841e3767db80f91ce0dfe724c0e08d81706e""}"
D435	D435	/home/tetsuya/mir2ei/Map/D435.map	/home/tetsuya/mir2ei/Map/D435.map	"{""index"": 871, ""file"": ""D435"", ""description"": ""北部矿石储藏所""}"	/home/tetsuya/development/zircon/Debug/ServerCore/Map/D435.map	exact	"{""hero_kill"": {""width"": 200, ""height"": 200}, ""zircon"": {""width"": 200, ""height"": 200}}"	"{""region_count"": 19, ""region_landmark_samples"": [""D435 / Blood Thristy Zombie Spawn"", ""D435 / Blood Thristy Zombie Spawn"", ""D435 / Blood Thristy Zombie Spawn"", ""D435 / Blood Thristy Zombie Spawn"", ""D435 / Blood Thristy Zombie Spawn"", ""D435 / Blood Thristy Zombie Spawn"", ""D435 / Blood Thristy Zombie Spawn"", ""D435 / Blood Thristy Zombie Spawn"", ""D435 / Blood Thristy Zombie Spawn"", ""D435 / Death Lord Jichon Spawn"", ""D435 / Teleport Source"", ""D435 / Teleport Destination"", ""D435 / Teleport Source"", ""D435 / Teleport Destination"", ""D435 / Teleport Source"", ""D435 / Teleport Source"", ""D435 / Teleport Source"", ""D435 / Teleport Source"", ""D435 / Teleport Source""], ""guard_count"": 0, ""guard_samples"": [], ""connected_maps"": [""D435_001"", ""D445"", ""D446""], ""coordinate_evidence"": ""MapRegion PointRegion centers; no Merchant coordinate snapshot available""}"	"[""D435 / Blood Thristy Zombie Spawn"", ""D435 / Blood Thristy Zombie Spawn"", ""D435 / Blood Thristy Zombie Spawn"", ""D435 / Blood Thristy Zombie Spawn"", ""D435 / Blood Thristy Zombie Spawn"", ""D435 / Blood Thristy Zombie Spawn"", ""D435 / Blood Thristy Zombie Spawn"", ""D435 / Blood Thristy Zombie Spawn"", ""D435 / Blood Thristy Zombie Spawn"", ""D435 / Death Lord Jichon Spawn"", ""D435 / Teleport Source"", ""D435 / Teleport Destination"", ""D435 / Teleport Source"", ""D435 / Teleport Destination"", ""D435 / Teleport Source"", ""D435 / Teleport Source"", ""D435 / Teleport Source"", ""D435 / Teleport Source"", ""D435 / Teleport Source""]"	"{""status"": ""pass"", ""walkable_cells"": 8280, ""total_cells"": 40000, ""walkable_ratio"": 0.207}"	"{""status"": ""pass"", ""walkable_cells"": 8280, ""total_cells"": 40000, ""walkable_ratio"": 0.207}"	identity logical-grid coordinates	allowed-after-point-check	high	"{""relation"": ""same local map bytes"", ""hero_kill_sha256"": ""3c767752471556b9e61bde4dc748030d7d660b21a31d863fb13db8255aa3484b"", ""zircon_sha256"": ""3c767752471556b9e61bde4dc748030d7d660b21a31d863fb13db8255aa3484b""}"
D435_001	D435_001	/home/tetsuya/mir2ei/Map/D435_001.map	/home/tetsuya/mir2ei/Map/D435_001.map	"{""index"": 872, ""file"": ""D435_001"", ""description"": ""尸王房""}"	/home/tetsuya/development/zircon/Debug/ServerCore/Map/D435_001.map	exact	"{""hero_kill"": {""width"": 30, ""height"": 30}, ""zircon"": {""width"": 30, ""height"": 30}}"	"{""region_count"": 5, ""region_landmark_samples"": [""D435_001 / Teleport Destination"", ""D435_001 / Teleport Destination"", ""D435_001 / Teleport Destination"", ""D435_001 / Teleport Destination"", ""D435_001 / Teleport Destination""], ""guard_count"": 0, ""guard_samples"": [], ""connected_maps"": [""D435""], ""coordinate_evidence"": ""MapRegion PointRegion centers; no Merchant coordinate snapshot available""}"	"[""D435_001 / Teleport Destination"", ""D435_001 / Teleport Destination"", ""D435_001 / Teleport Destination"", ""D435_001 / Teleport Destination"", ""D435_001 / Teleport Destination""]"	"{""status"": ""pass"", ""walkable_cells"": 180, ""total_cells"": 900, ""walkable_ratio"": 0.2}"	"{""status"": ""pass"", ""walkable_cells"": 180, ""total_cells"": 900, ""walkable_ratio"": 0.2}"	identity logical-grid coordinates	allowed-after-point-check	high	"{""relation"": ""same local map bytes"", ""hero_kill_sha256"": ""bc114ba053ac36ca07117f610266b2d0dafd1264cbe3d63dd2ba70685e0035fd"", ""zircon_sha256"": ""bc114ba053ac36ca07117f610266b2d0dafd1264cbe3d63dd2ba70685e0035fd""}"
D436	D436	/home/tetsuya/mir2ei/Map/D436.map	/home/tetsuya/mir2ei/Map/D436.map	"{""index"": 873, ""file"": ""D436"", ""description"": ""北部废矿南面洞穴""}"	/home/tetsuya/development/zircon/Debug/ServerCore/Map/D436.map	exact	"{""hero_kill"": {""width"": 200, ""height"": 200}, ""zircon"": {""width"": 200, ""height"": 200}}"	"{""region_count"": 18, ""region_landmark_samples"": [""D436 / Blood Thristy Zombie Spawn"", ""D436 / Blood Thristy Zombie Spawn"", ""D436 / Blood Thristy Zombie Spawn"", ""D436 / Blood Thristy Zombie Spawn"", ""D436 / Blood Thristy Zombie Spawn"", ""D436 / Blood Thristy Zombie Spawn"", ""D436 / Blood Thristy Zombie Spawn"", ""D436 / Blood Thristy Zombie Spawn"", ""D436 / Death Lord Jichon Spawn"", ""D436 / Teleport Source"", ""D436 / Teleport Destination"", ""D436 / Teleport Source"", ""D436 / Teleport Destination"", ""D436 / Teleport Source"", ""D436 / Teleport Source"", ""D436 / Teleport Source"", ""D436 / Teleport Source"", ""D436 / Teleport Source""], ""guard_count"": 0, ""guard_samples"": [], ""connected_maps"": [""D436_001"", ""D441"", ""D445""], ""coordinate_evidence"": ""MapRegion PointRegion centers; no Merchant coordinate snapshot available""}"	"[""D436 / Blood Thristy Zombie Spawn"", ""D436 / Blood Thristy Zombie Spawn"", ""D436 / Blood Thristy Zombie Spawn"", ""D436 / Blood Thristy Zombie Spawn"", ""D436 / Blood Thristy Zombie Spawn"", ""D436 / Blood Thristy Zombie Spawn"", ""D436 / Blood Thristy Zombie Spawn"", ""D436 / Blood Thristy Zombie Spawn"", ""D436 / Death Lord Jichon Spawn"", ""D436 / Teleport Source"", ""D436 / Teleport Destination"", ""D436 / Teleport Source"", ""D436 / Teleport Destination"", ""D436 / Teleport Source"", ""D436 / Teleport Source"", ""D436 / Teleport Source"", ""D436 / Teleport Source"", ""D436 / Teleport Source""]"	"{""status"": ""pass"", ""walkable_cells"": 8280, ""total_cells"": 40000, ""walkable_ratio"": 0.207}"	"{""status"": ""pass"", ""walkable_cells"": 8280, ""total_cells"": 40000, ""walkable_ratio"": 0.207}"	identity logical-grid coordinates	allowed-after-point-check	high	"{""relation"": ""same local map bytes"", ""hero_kill_sha256"": ""26a0bae08321bdb6c022a1549eab5320f76c16f51dd19f5e8f376b5272bcbef2"", ""zircon_sha256"": ""26a0bae08321bdb6c022a1549eab5320f76c16f51dd19f5e8f376b5272bcbef2""}"
D436_001	D436_001	/home/tetsuya/mir2ei/Map/D436_001.map	/home/tetsuya/mir2ei/Map/D436_001.map	"{""index"": 874, ""file"": ""D436_001"", ""description"": ""尸王房""}"	/home/tetsuya/development/zircon/Debug/ServerCore/Map/D436_001.map	exact	"{""hero_kill"": {""width"": 30, ""height"": 30}, ""zircon"": {""width"": 30, ""height"": 30}}"	"{""region_count"": 5, ""region_landmark_samples"": [""D436_001 / Teleport Destination"", ""D436_001 / Teleport Destination"", ""D436_001 / Teleport Destination"", ""D436_001 / Teleport Destination"", ""D436_001 / Teleport Destination""], ""guard_count"": 0, ""guard_samples"": [], ""connected_maps"": [""D436""], ""coordinate_evidence"": ""MapRegion PointRegion centers; no Merchant coordinate snapshot available""}"	"[""D436_001 / Teleport Destination"", ""D436_001 / Teleport Destination"", ""D436_001 / Teleport Destination"", ""D436_001 / Teleport Destination"", ""D436_001 / Teleport Destination""]"	"{""status"": ""pass"", ""walkable_cells"": 180, ""total_cells"": 900, ""walkable_ratio"": 0.2}"	"{""status"": ""pass"", ""walkable_cells"": 180, ""total_cells"": 900, ""walkable_ratio"": 0.2}"	identity logical-grid coordinates	allowed-after-point-check	high	"{""relation"": ""same local map bytes"", ""hero_kill_sha256"": ""bc114ba053ac36ca07117f610266b2d0dafd1264cbe3d63dd2ba70685e0035fd"", ""zircon_sha256"": ""bc114ba053ac36ca07117f610266b2d0dafd1264cbe3d63dd2ba70685e0035fd""}"
D441	D441	/home/tetsuya/mir2ei/Map/D441.map	/home/tetsuya/mir2ei/Map/D441.map	"{""index"": 875, ""file"": ""D441"", ""description"": ""北部地下1层第一间房""}"	/home/tetsuya/development/zircon/Debug/ServerCore/Map/D441.map	exact	"{""hero_kill"": {""width"": 100, ""height"": 100}, ""zircon"": {""width"": 100, ""height"": 100}}"	"{""region_count"": 9, ""region_landmark_samples"": [""D441 / Blood Thristy Zombie Spawn"", ""D441 / Blood Thristy Zombie Spawn"", ""D441 / Blood Thristy Zombie Spawn"", ""D441 / Blood Thristy Zombie Spawn"", ""D441 / Blood Thristy Zombie Spawn"", ""D441 / Teleport Destination"", ""D441 / Teleport Source"", ""D441 / Teleport Destination"", ""D441 / Teleport Source""], ""guard_count"": 0, ""guard_samples"": [], ""connected_maps"": [""D431"", ""D436""], ""coordinate_evidence"": ""MapRegion PointRegion centers; no Merchant coordinate snapshot available""}"	"[""D441 / Blood Thristy Zombie Spawn"", ""D441 / Blood Thristy Zombie Spawn"", ""D441 / Blood Thristy Zombie Spawn"", ""D441 / Blood Thristy Zombie Spawn"", ""D441 / Blood Thristy Zombie Spawn"", ""D441 / Teleport Destination"", ""D441 / Teleport Source"", ""D441 / Teleport Destination"", ""D441 / Teleport Source""]"	"{""status"": ""pass"", ""walkable_cells"": 2102, ""total_cells"": 10000, ""walkable_ratio"": 0.2102}"	"{""status"": ""pass"", ""walkable_cells"": 2102, ""total_cells"": 10000, ""walkable_ratio"": 0.2102}"	identity logical-grid coordinates	allowed-after-point-check	high	"{""relation"": ""same local map bytes"", ""hero_kill_sha256"": ""3beb890506a631fd4a9750423bdb9d3c387c9fafee77a91e0ff1a9effa79724d"", ""zircon_sha256"": ""3beb890506a631fd4a9750423bdb9d3c387c9fafee77a91e0ff1a9effa79724d""}"
D442	D442	/home/tetsuya/mir2ei/Map/D442.map	/home/tetsuya/mir2ei/Map/D442.map	"{""index"": 876, ""file"": ""D442"", ""description"": ""北部天桥2""}"	/home/tetsuya/development/zircon/Debug/ServerCore/Map/D442.map	exact	"{""hero_kill"": {""width"": 100, ""height"": 100}, ""zircon"": {""width"": 100, ""height"": 100}}"	"{""region_count"": 9, ""region_landmark_samples"": [""D442 / Blood Thristy Zombie Spawn"", ""D442 / Blood Thristy Zombie Spawn"", ""D442 / Blood Thristy Zombie Spawn"", ""D442 / Blood Thristy Zombie Spawn"", ""D442 / Blood Thristy Zombie Spawn"", ""D442 / Teleport Destination"", ""D442 / Teleport Source"", ""D442 / Teleport Destination"", ""D442 / Teleport Source""], ""guard_count"": 0, ""guard_samples"": [], ""connected_maps"": [""D433"", ""D434""], ""coordinate_evidence"": ""MapRegion PointRegion centers; no Merchant coordinate snapshot available""}"	"[""D442 / Blood Thristy Zombie Spawn"", ""D442 / Blood Thristy Zombie Spawn"", ""D442 / Blood Thristy Zombie Spawn"", ""D442 / Blood Thristy Zombie Spawn"", ""D442 / Blood Thristy Zombie Spawn"", ""D442 / Teleport Destination"", ""D442 / Teleport Source"", ""D442 / Teleport Destination"", ""D442 / Teleport Source""]"	"{""status"": ""pass"", ""walkable_cells"": 2738, ""total_cells"": 10000, ""walkable_ratio"": 0.2738}"	"{""status"": ""pass"", ""walkable_cells"": 2738, ""total_cells"": 10000, ""walkable_ratio"": 0.2738}"	identity logical-grid coordinates	allowed-after-point-check	high	"{""relation"": ""same local map bytes"", ""hero_kill_sha256"": ""1c9479f686d1fb87fc45e37d09e1d6359ad68ca70843347b0e7efad95246df3b"", ""zircon_sha256"": ""1c9479f686d1fb87fc45e37d09e1d6359ad68ca70843347b0e7efad95246df3b""}"
D443	D443	/home/tetsuya/mir2ei/Map/D443.map	/home/tetsuya/mir2ei/Map/D443.map	"{""index"": 877, ""file"": ""D443"", ""description"": ""北部地下1层第二间房""}"	/home/tetsuya/development/zircon/Debug/ServerCore/Map/D443.map	exact	"{""hero_kill"": {""width"": 100, ""height"": 100}, ""zircon"": {""width"": 100, ""height"": 100}}"	"{""region_count"": 9, ""region_landmark_samples"": [""D443 / Blood Thristy Zombie Spawn"", ""D443 / Blood Thristy Zombie Spawn"", ""D443 / Blood Thristy Zombie Spawn"", ""D443 / Blood Thristy Zombie Spawn"", ""D443 / Blood Thristy Zombie Spawn"", ""D443 / Teleport Destination"", ""D443 / Teleport Source"", ""D443 / Teleport Source"", ""D443 / Teleport Destination""], ""guard_count"": 0, ""guard_samples"": [], ""connected_maps"": [""D431"", ""D432""], ""coordinate_evidence"": ""MapRegion PointRegion centers; no Merchant coordinate snapshot available""}"	"[""D443 / Blood Thristy Zombie Spawn"", ""D443 / Blood Thristy Zombie Spawn"", ""D443 / Blood Thristy Zombie Spawn"", ""D443 / Blood Thristy Zombie Spawn"", ""D443 / Blood Thristy Zombie Spawn"", ""D443 / Teleport Destination"", ""D443 / Teleport Source"", ""D443 / Teleport Source"", ""D443 / Teleport Destination""]"	"{""status"": ""pass"", ""walkable_cells"": 2132, ""total_cells"": 10000, ""walkable_ratio"": 0.2132}"	"{""status"": ""pass"", ""walkable_cells"": 2132, ""total_cells"": 10000, ""walkable_ratio"": 0.2132}"	identity logical-grid coordinates	allowed-after-point-check	high	"{""relation"": ""same local map bytes"", ""hero_kill_sha256"": ""3278867b789b19b55546ed736a2c088afca3e4777ba41745af90e44a05b8abd2"", ""zircon_sha256"": ""3278867b789b19b55546ed736a2c088afca3e4777ba41745af90e44a05b8abd2""}"
D444	D444	/home/tetsuya/mir2ei/Map/D444.map	/home/tetsuya/mir2ei/Map/D444.map	"{""index"": 878, ""file"": ""D444"", ""description"": ""北部地下1层第三间房""}"	/home/tetsuya/development/zircon/Debug/ServerCore/Map/D444.map	exact	"{""hero_kill"": {""width"": 100, ""height"": 100}, ""zircon"": {""width"": 100, ""height"": 100}}"	"{""region_count"": 4, ""region_landmark_samples"": [""D444 / Teleport Destination"", ""D444 / Teleport Source"", ""D444 / Teleport Destination"", ""D444 / Teleport Source""], ""guard_count"": 0, ""guard_samples"": [], ""connected_maps"": [""D432"", ""D433""], ""coordinate_evidence"": ""MapRegion PointRegion centers; no Merchant coordinate snapshot available""}"	"[""D444 / Teleport Destination"", ""D444 / Teleport Source"", ""D444 / Teleport Destination"", ""D444 / Teleport Source""]"	"{""status"": ""pass"", ""walkable_cells"": 883, ""total_cells"": 10000, ""walkable_ratio"": 0.0883}"	"{""status"": ""pass"", ""walkable_cells"": 883, ""total_cells"": 10000, ""walkable_ratio"": 0.0883}"	identity logical-grid coordinates	allowed-after-point-check	high	"{""relation"": ""same local map bytes"", ""hero_kill_sha256"": ""1d6ca58284e25eaa8f1f875f629326d58303bd1423bbe64f99da91014e70350e"", ""zircon_sha256"": ""1d6ca58284e25eaa8f1f875f629326d58303bd1423bbe64f99da91014e70350e""}"
D445	D445	/home/tetsuya/mir2ei/Map/D445.map	/home/tetsuya/mir2ei/Map/D445.map	"{""index"": 879, ""file"": ""D445"", ""description"": ""北部天桥1""}"	/home/tetsuya/development/zircon/Debug/ServerCore/Map/D445.map	exact	"{""hero_kill"": {""width"": 100, ""height"": 100}, ""zircon"": {""width"": 100, ""height"": 100}}"	"{""region_count"": 9, ""region_landmark_samples"": [""D445 / Blood Thristy Zombie Spawn"", ""D445 / Blood Thristy Zombie Spawn"", ""D445 / Blood Thristy Zombie Spawn"", ""D445 / Blood Thristy Zombie Spawn"", ""D445 / Blood Thristy Zombie Spawn"", ""D445 / Teleport Destination"", ""D445 / Teleport Source"", ""D445 / Teleport Destination"", ""D445 / Teleport Source""], ""guard_count"": 0, ""guard_samples"": [], ""connected_maps"": [""D435"", ""D436""], ""coordinate_evidence"": ""MapRegion PointRegion centers; no Merchant coordinate snapshot available""}"	"[""D445 / Blood Thristy Zombie Spawn"", ""D445 / Blood Thristy Zombie Spawn"", ""D445 / Blood Thristy Zombie Spawn"", ""D445 / Blood Thristy Zombie Spawn"", ""D445 / Blood Thristy Zombie Spawn"", ""D445 / Teleport Destination"", ""D445 / Teleport Source"", ""D445 / Teleport Destination"", ""D445 / Teleport Source""]"	"{""status"": ""pass"", ""walkable_cells"": 1239, ""total_cells"": 10000, ""walkable_ratio"": 0.1239}"	"{""status"": ""pass"", ""walkable_cells"": 1239, ""total_cells"": 10000, ""walkable_ratio"": 0.1239}"	identity logical-grid coordinates	allowed-after-point-check	high	"{""relation"": ""same local map bytes"", ""hero_kill_sha256"": ""0f3f58ccf4b3d0afc426bbf7ce5b8d5774b34c11b47cdc92f85da66f841524e2"", ""zircon_sha256"": ""0f3f58ccf4b3d0afc426bbf7ce5b8d5774b34c11b47cdc92f85da66f841524e2""}"
D446	D446	/home/tetsuya/mir2ei/Map/D446.map	/home/tetsuya/mir2ei/Map/D446.map	"{""index"": 880, ""file"": ""D446"", ""description"": ""北部天桥3""}"	/home/tetsuya/development/zircon/Debug/ServerCore/Map/D446.map	exact	"{""hero_kill"": {""width"": 100, ""height"": 100}, ""zircon"": {""width"": 100, ""height"": 100}}"	"{""region_count"": 9, ""region_landmark_samples"": [""D446 / Blood Thristy Zombie Spawn"", ""D446 / Blood Thristy Zombie Spawn"", ""D446 / Blood Thristy Zombie Spawn"", ""D446 / Blood Thristy Zombie Spawn"", ""D446 / Blood Thristy Zombie Spawn"", ""D446 / Teleport Destination"", ""D446 / Teleport Source"", ""D446 / Teleport Destination"", ""D446 / Teleport Source""], ""guard_count"": 0, ""guard_samples"": [], ""connected_maps"": [""D434"", ""D435""], ""coordinate_evidence"": ""MapRegion PointRegion centers; no Merchant coordinate snapshot available""}"	"[""D446 / Blood Thristy Zombie Spawn"", ""D446 / Blood Thristy Zombie Spawn"", ""D446 / Blood Thristy Zombie Spawn"", ""D446 / Blood Thristy Zombie Spawn"", ""D446 / Blood Thristy Zombie Spawn"", ""D446 / Teleport Destination"", ""D446 / Teleport Source"", ""D446 / Teleport Destination"", ""D446 / Teleport Source""]"	"{""status"": ""pass"", ""walkable_cells"": 1226, ""total_cells"": 10000, ""walkable_ratio"": 0.1226}"	"{""status"": ""pass"", ""walkable_cells"": 1226, ""total_cells"": 10000, ""walkable_ratio"": 0.1226}"	identity logical-grid coordinates	allowed-after-point-check	high	"{""relation"": ""same local map bytes"", ""hero_kill_sha256"": ""518acd1ba8e8a3f8e964a5cc2404bb485c177f31bc7615c102b59056c7e7d9cf"", ""zircon_sha256"": ""518acd1ba8e8a3f8e964a5cc2404bb485c177f31bc7615c102b59056c7e7d9cf""}"
D451	D451	/home/tetsuya/mir2ei/Map/D451.map	/home/tetsuya/mir2ei/Map/D451.map	"{""index"": 881, ""file"": ""D451"", ""description"": ""南部矿山1层""}"	/home/tetsuya/development/zircon/Debug/ServerCore/Map/D451.map	exact	"{""hero_kill"": {""width"": 400, ""height"": 400}, ""zircon"": {""width"": 400, ""height"": 400}}"	"{""region_count"": 16, ""region_landmark_samples"": [""D451 / Blood Thristy Zombie Spawn"", ""D451 / Blood Thristy Zombie Spawn"", ""D451 / Blood Thristy Zombie Spawn"", ""D451 / Blood Thristy Zombie Spawn"", ""D451 / Blood Thristy Zombie Spawn"", ""D451 / Blood Thristy Zombie Spawn"", ""D451 / Blood Thristy Zombie Spawn"", ""D451 / Blood Thristy Zombie Spawn"", ""D451 / Death Lord Jichon Spawn"", ""D451 / Teleport Destination"", ""D451 / Teleport Source"", ""D451 / Teleport Source"", ""D451 / Teleport Source"", ""D451 / Teleport Source"", ""D451 / Teleport Source"", ""D451 / Teleport Source""], ""guard_count"": 0, ""guard_samples"": [], ""connected_maps"": [""2"", ""D451_001""], ""coordinate_evidence"": ""MapRegion PointRegion centers; no Merchant coordinate snapshot available""}"	"[""D451 / Blood Thristy Zombie Spawn"", ""D451 / Blood Thristy Zombie Spawn"", ""D451 / Blood Thristy Zombie Spawn"", ""D451 / Blood Thristy Zombie Spawn"", ""D451 / Blood Thristy Zombie Spawn"", ""D451 / Blood Thristy Zombie Spawn"", ""D451 / Blood Thristy Zombie Spawn"", ""D451 / Blood Thristy Zombie Spawn"", ""D451 / Death Lord Jichon Spawn"", ""D451 / Teleport Destination"", ""D451 / Teleport Source"", ""D451 / Teleport Source"", ""D451 / Teleport Source"", ""D451 / Teleport Source"", ""D451 / Teleport Source"", ""D451 / Teleport Source""]"	"{""status"": ""pass"", ""walkable_cells"": 20420, ""total_cells"": 160000, ""walkable_ratio"": 0.127625}"	"{""status"": ""pass"", ""walkable_cells"": 20420, ""total_cells"": 160000, ""walkable_ratio"": 0.127625}"	identity logical-grid coordinates	allowed-after-point-check	high	"{""relation"": ""same local map bytes"", ""hero_kill_sha256"": ""58aa57498c62edd83259c9687ba8d6d4f3a379275490b65e49d86fce3db22ce2"", ""zircon_sha256"": ""58aa57498c62edd83259c9687ba8d6d4f3a379275490b65e49d86fce3db22ce2""}"
D451_001	D451_001	/home/tetsuya/mir2ei/Map/D451_001.map	/home/tetsuya/mir2ei/Map/D451_001.map	"{""index"": 882, ""file"": ""D451_001"", ""description"": ""尸王房""}"	/home/tetsuya/development/zircon/Debug/ServerCore/Map/D451_001.map	exact	"{""hero_kill"": {""width"": 30, ""height"": 30}, ""zircon"": {""width"": 30, ""height"": 30}}"	"{""region_count"": 5, ""region_landmark_samples"": [""D451_001 / Teleport Destination"", ""D451_001 / Teleport Destination"", ""D451_001 / Teleport Destination"", ""D451_001 / Teleport Destination"", ""D451_001 / Teleport Destination""], ""guard_count"": 0, ""guard_samples"": [], ""connected_maps"": [""D451""], ""coordinate_evidence"": ""MapRegion PointRegion centers; no Merchant coordinate snapshot available""}"	"[""D451_001 / Teleport Destination"", ""D451_001 / Teleport Destination"", ""D451_001 / Teleport Destination"", ""D451_001 / Teleport Destination"", ""D451_001 / Teleport Destination""]"	"{""status"": ""pass"", ""walkable_cells"": 180, ""total_cells"": 900, ""walkable_ratio"": 0.2}"	"{""status"": ""pass"", ""walkable_cells"": 180, ""total_cells"": 900, ""walkable_ratio"": 0.2}"	identity logical-grid coordinates	allowed-after-point-check	high	"{""relation"": ""same local map bytes"", ""hero_kill_sha256"": ""bc114ba053ac36ca07117f610266b2d0dafd1264cbe3d63dd2ba70685e0035fd"", ""zircon_sha256"": ""bc114ba053ac36ca07117f610266b2d0dafd1264cbe3d63dd2ba70685e0035fd""}"
D452	D452	/home/tetsuya/mir2ei/Map/D452.map	/home/tetsuya/mir2ei/Map/D452.map	"{""index"": 883, ""file"": ""D452"", ""description"": ""南部矿山2层""}"	/home/tetsuya/development/zircon/Debug/ServerCore/Map/D452.map	exact	"{""hero_kill"": {""width"": 400, ""height"": 400}, ""zircon"": {""width"": 400, ""height"": 400}}"	"{""region_count"": 14, ""region_landmark_samples"": [""D452 / Blood Thristy Zombie Spawn"", ""D452 / Blood Thristy Zombie Spawn"", ""D452 / Blood Thristy Zombie Spawn"", ""D452 / Blood Thristy Zombie Spawn"", ""D452 / Blood Thristy Zombie Spawn"", ""D452 / Blood Thristy Zombie Spawn"", ""D452 / Blood Thristy Zombie Spawn"", ""D452 / Blood Thristy Zombie Spawn"", ""D452 / Death Lord Jichon Spawn"", ""D452 / Teleport Source"", ""D452 / Teleport Source"", ""D452 / Teleport Source"", ""D452 / Teleport Source"", ""D452 / Teleport Source""], ""guard_count"": 0, ""guard_samples"": [], ""connected_maps"": [""D452_001""], ""coordinate_evidence"": ""MapRegion PointRegion centers; no Merchant coordinate snapshot available""}"	"[""D452 / Blood Thristy Zombie Spawn"", ""D452 / Blood Thristy Zombie Spawn"", ""D452 / Blood Thristy Zombie Spawn"", ""D452 / Blood Thristy Zombie Spawn"", ""D452 / Blood Thristy Zombie Spawn"", ""D452 / Blood Thristy Zombie Spawn"", ""D452 / Blood Thristy Zombie Spawn"", ""D452 / Blood Thristy Zombie Spawn"", ""D452 / Death Lord Jichon Spawn"", ""D452 / Teleport Source"", ""D452 / Teleport Source"", ""D452 / Teleport Source"", ""D452 / Teleport Source"", ""D452 / Teleport Source""]"	"{""status"": ""pass"", ""walkable_cells"": 27983, ""total_cells"": 160000, ""walkable_ratio"": 0.174894}"	"{""status"": ""pass"", ""walkable_cells"": 27983, ""total_cells"": 160000, ""walkable_ratio"": 0.174894}"	identity logical-grid coordinates	allowed-after-point-check	high	"{""relation"": ""same local map bytes"", ""hero_kill_sha256"": ""9ec755f73425642f329bd5055688f5e8496a1b2297149a3312713bf5608346c5"", ""zircon_sha256"": ""9ec755f73425642f329bd5055688f5e8496a1b2297149a3312713bf5608346c5""}"
D452_001	D452_001	/home/tetsuya/mir2ei/Map/D452_001.map	/home/tetsuya/mir2ei/Map/D452_001.map	"{""index"": 884, ""file"": ""D452_001"", ""description"": ""尸王房""}"	/home/tetsuya/development/zircon/Debug/ServerCore/Map/D452_001.map	exact	"{""hero_kill"": {""width"": 30, ""height"": 30}, ""zircon"": {""width"": 30, ""height"": 30}}"	"{""region_count"": 5, ""region_landmark_samples"": [""D452_001 / Teleport Destination"", ""D452_001 / Teleport Destination"", ""D452_001 / Teleport Destination"", ""D452_001 / Teleport Destination"", ""D452_001 / Teleport Destination""], ""guard_count"": 0, ""guard_samples"": [], ""connected_maps"": [""D452""], ""coordinate_evidence"": ""MapRegion PointRegion centers; no Merchant coordinate snapshot available""}"	"[""D452_001 / Teleport Destination"", ""D452_001 / Teleport Destination"", ""D452_001 / Teleport Destination"", ""D452_001 / Teleport Destination"", ""D452_001 / Teleport Destination""]"	"{""status"": ""pass"", ""walkable_cells"": 180, ""total_cells"": 900, ""walkable_ratio"": 0.2}"	"{""status"": ""pass"", ""walkable_cells"": 180, ""total_cells"": 900, ""walkable_ratio"": 0.2}"	identity logical-grid coordinates	allowed-after-point-check	high	"{""relation"": ""same local map bytes"", ""hero_kill_sha256"": ""bc114ba053ac36ca07117f610266b2d0dafd1264cbe3d63dd2ba70685e0035fd"", ""zircon_sha256"": ""bc114ba053ac36ca07117f610266b2d0dafd1264cbe3d63dd2ba70685e0035fd""}"
D505	D505	/home/tetsuya/mir2ei/Map/D505.map	/home/tetsuya/mir2ei/Map/D505.map	"{""index"": 885, ""file"": ""D505"", ""description"": ""祖玛神殿5层""}"	/home/tetsuya/development/zircon/Debug/ServerCore/Map/D505.map	variant	"{""hero_kill"": {""width"": 200, ""height"": 200}, ""zircon"": {""width"": 200, ""height"": 200}}"	"{""region_count"": 22, ""region_landmark_samples"": [""D505 / Zuma Sharpshooter Spawn"", ""D505 / Zuma Keeper Spawn"", ""D505 / Zuma Guardian Spawn"", ""D505 / Wedge Moth Spawn"", ""D505 / Zuma Sharpshooter Spawn"", ""D505 / Zuma Guardian Spawn"", ""D505 / Zuma Keeper Spawn"", ""D505 / Zuma Sharpshooter Spawn"", ""D505 / Zuma Guardian Spawn"", ""D505 / Zuma Keeper Spawn"", ""D505 / Guard Spawn"", ""D505 / Teleport Destination"", ""D505 / Dharma Protector Spawn"", ""D505 / Guard Spawn"", ""D505 / Zuma Sharpshooter Spawn"", ""D505 / Zuma Keeper Spawn"", ""D505 / Zuma Guardian Spawn"", ""D505 / Wedge Moth Spawn"", ""D505 / Teleport Destination"", ""D505 / Teleport Source"", ""D505 / Teleport Source"", ""D505 / Teleport Destination""], ""guard_count"": 0, ""guard_samples"": [], ""connected_maps"": [""5"", ""D5071"", ""D5073""], ""coordinate_evidence"": ""MapRegion PointRegion centers; no Merchant coordinate snapshot available""}"	"[""D505 / Zuma Sharpshooter Spawn"", ""D505 / Zuma Keeper Spawn"", ""D505 / Zuma Guardian Spawn"", ""D505 / Wedge Moth Spawn"", ""D505 / Zuma Sharpshooter Spawn"", ""D505 / Zuma Guardian Spawn"", ""D505 / Zuma Keeper Spawn"", ""D505 / Zuma Sharpshooter Spawn"", ""D505 / Zuma Guardian Spawn"", ""D505 / Zuma Keeper Spawn"", ""D505 / Guard Spawn"", ""D505 / Teleport Destination"", ""D505 / Dharma Protector Spawn"", ""D505 / Guard Spawn"", ""D505 / Zuma Sharpshooter Spawn"", ""D505 / Zuma Keeper Spawn"", ""D505 / Zuma Guardian Spawn"", ""D505 / Wedge Moth Spawn"", ""D505 / Teleport Destination"", ""D505 / Teleport Source"", ""D505 / Teleport Source"", ""D505 / Teleport Destination""]"	"{""status"": ""pass"", ""walkable_cells"": 10209, ""total_cells"": 40000, ""walkable_ratio"": 0.255225}"	"{""status"": ""pass"", ""walkable_cells"": 10210, ""total_cells"": 40000, ""walkable_ratio"": 0.25525}"	pending landmark mapping; no blind coordinate reuse	blocked	low	"{""relation"": ""same dimensions, different map bytes"", ""hero_kill_sha256"": ""79a3378eaaab2590412227afc8ee3e304e9bfc5ce26f7171735777bf4870a5b3"", ""zircon_sha256"": ""5bbbc4ba12983723007ab82e33e03a71492928965baed0fdff8929d8bf1e931e""}"
D5061	D5061	/home/tetsuya/mir2ei/Map/D5061.map	/home/tetsuya/mir2ei/Map/D5061.map	"{""index"": 886, ""file"": ""D5061"", ""description"": ""祖玛阁""}"	/home/tetsuya/development/zircon/Debug/ServerCore/Map/D5061.map	exact	"{""hero_kill"": {""width"": 100, ""height"": 100}, ""zircon"": {""width"": 100, ""height"": 100}}"	"{""region_count"": 0, ""region_landmark_samples"": [], ""guard_count"": 0, ""guard_samples"": [], ""connected_maps"": [], ""coordinate_evidence"": ""MapRegion PointRegion centers; no Merchant coordinate snapshot available""}"	[]	"{""status"": ""pass"", ""walkable_cells"": 924, ""total_cells"": 10000, ""walkable_ratio"": 0.0924}"	"{""status"": ""pass"", ""walkable_cells"": 924, ""total_cells"": 10000, ""walkable_ratio"": 0.0924}"	identity logical-grid coordinates	allowed-after-point-check	high	"{""relation"": ""same local map bytes"", ""hero_kill_sha256"": ""203d7997715416ac3f6ce253d0db927958b8d474daaa7dd73b230b8d10a5a1ef"", ""zircon_sha256"": ""203d7997715416ac3f6ce253d0db927958b8d474daaa7dd73b230b8d10a5a1ef""}"
D5062	D5062	/home/tetsuya/mir2ei/Map/D5062.map	/home/tetsuya/mir2ei/Map/D5062.map	"{""index"": 887, ""file"": ""D5062"", ""description"": ""EI D5062""}"	/home/tetsuya/development/zircon/Debug/ServerCore/Map/D5062.map	exact	"{""hero_kill"": {""width"": 100, ""height"": 100}, ""zircon"": {""width"": 100, ""height"": 100}}"	"{""region_count"": 0, ""region_landmark_samples"": [], ""guard_count"": 0, ""guard_samples"": [], ""connected_maps"": [], ""coordinate_evidence"": ""MapRegion PointRegion centers; no Merchant coordinate snapshot available""}"	[]	"{""status"": ""pass"", ""walkable_cells"": 924, ""total_cells"": 10000, ""walkable_ratio"": 0.0924}"	"{""status"": ""pass"", ""walkable_cells"": 924, ""total_cells"": 10000, ""walkable_ratio"": 0.0924}"	identity logical-grid coordinates	allowed-after-point-check	high	"{""relation"": ""same local map bytes"", ""hero_kill_sha256"": ""203d7997715416ac3f6ce253d0db927958b8d474daaa7dd73b230b8d10a5a1ef"", ""zircon_sha256"": ""203d7997715416ac3f6ce253d0db927958b8d474daaa7dd73b230b8d10a5a1ef""}"
D5063	D5063	/home/tetsuya/mir2ei/Map/D5063.map	/home/tetsuya/mir2ei/Map/D5063.map	"{""index"": 888, ""file"": ""D5063"", ""description"": ""EI D5063""}"	/home/tetsuya/development/zircon/Debug/ServerCore/Map/D5063.map	exact	"{""hero_kill"": {""width"": 100, ""height"": 100}, ""zircon"": {""width"": 100, ""height"": 100}}"	"{""region_count"": 0, ""region_landmark_samples"": [], ""guard_count"": 0, ""guard_samples"": [], ""connected_maps"": [], ""coordinate_evidence"": ""MapRegion PointRegion centers; no Merchant coordinate snapshot available""}"	[]	"{""status"": ""pass"", ""walkable_cells"": 924, ""total_cells"": 10000, ""walkable_ratio"": 0.0924}"	"{""status"": ""pass"", ""walkable_cells"": 924, ""total_cells"": 10000, ""walkable_ratio"": 0.0924}"	identity logical-grid coordinates	allowed-after-point-check	high	"{""relation"": ""same local map bytes"", ""hero_kill_sha256"": ""203d7997715416ac3f6ce253d0db927958b8d474daaa7dd73b230b8d10a5a1ef"", ""zircon_sha256"": ""203d7997715416ac3f6ce253d0db927958b8d474daaa7dd73b230b8d10a5a1ef""}"
D5064	D5064	/home/tetsuya/mir2ei/Map/D5064.map	/home/tetsuya/mir2ei/Map/D5064.map	"{""index"": 889, ""file"": ""D5064"", ""description"": ""EI D5064""}"	/home/tetsuya/development/zircon/Debug/ServerCore/Map/D5064.map	exact	"{""hero_kill"": {""width"": 100, ""height"": 100}, ""zircon"": {""width"": 100, ""height"": 100}}"	"{""region_count"": 0, ""region_landmark_samples"": [], ""guard_count"": 0, ""guard_samples"": [], ""connected_maps"": [], ""coordinate_evidence"": ""MapRegion PointRegion centers; no Merchant coordinate snapshot available""}"	[]	"{""status"": ""pass"", ""walkable_cells"": 924, ""total_cells"": 10000, ""walkable_ratio"": 0.0924}"	"{""status"": ""pass"", ""walkable_cells"": 924, ""total_cells"": 10000, ""walkable_ratio"": 0.0924}"	identity logical-grid coordinates	allowed-after-point-check	high	"{""relation"": ""same local map bytes"", ""hero_kill_sha256"": ""203d7997715416ac3f6ce253d0db927958b8d474daaa7dd73b230b8d10a5a1ef"", ""zircon_sha256"": ""203d7997715416ac3f6ce253d0db927958b8d474daaa7dd73b230b8d10a5a1ef""}"
D5065	D5065	/home/tetsuya/mir2ei/Map/D5065.map	/home/tetsuya/mir2ei/Map/D5065.map	"{""index"": 890, ""file"": ""D5065"", ""description"": ""EI D5065""}"	/home/tetsuya/development/zircon/Debug/ServerCore/Map/D5065.map	exact	"{""hero_kill"": {""width"": 100, ""height"": 100}, ""zircon"": {""width"": 100, ""height"": 100}}"	"{""region_count"": 0, ""region_landmark_samples"": [], ""guard_count"": 0, ""guard_samples"": [], ""connected_maps"": [], ""coordinate_evidence"": ""MapRegion PointRegion centers; no Merchant coordinate snapshot available""}"	[]	"{""status"": ""pass"", ""walkable_cells"": 924, ""total_cells"": 10000, ""walkable_ratio"": 0.0924}"	"{""status"": ""pass"", ""walkable_cells"": 924, ""total_cells"": 10000, ""walkable_ratio"": 0.0924}"	identity logical-grid coordinates	allowed-after-point-check	high	"{""relation"": ""same local map bytes"", ""hero_kill_sha256"": ""203d7997715416ac3f6ce253d0db927958b8d474daaa7dd73b230b8d10a5a1ef"", ""zircon_sha256"": ""203d7997715416ac3f6ce253d0db927958b8d474daaa7dd73b230b8d10a5a1ef""}"
D5066	D5066	/home/tetsuya/mir2ei/Map/D5066.map	/home/tetsuya/mir2ei/Map/D5066.map	"{""index"": 891, ""file"": ""D5066"", ""description"": ""EI D5066""}"	/home/tetsuya/development/zircon/Debug/ServerCore/Map/D5066.map	exact	"{""hero_kill"": {""width"": 100, ""height"": 100}, ""zircon"": {""width"": 100, ""height"": 100}}"	"{""region_count"": 0, ""region_landmark_samples"": [], ""guard_count"": 0, ""guard_samples"": [], ""connected_maps"": [], ""coordinate_evidence"": ""MapRegion PointRegion centers; no Merchant coordinate snapshot available""}"	[]	"{""status"": ""pass"", ""walkable_cells"": 924, ""total_cells"": 10000, ""walkable_ratio"": 0.0924}"	"{""status"": ""pass"", ""walkable_cells"": 924, ""total_cells"": 10000, ""walkable_ratio"": 0.0924}"	identity logical-grid coordinates	allowed-after-point-check	high	"{""relation"": ""same local map bytes"", ""hero_kill_sha256"": ""203d7997715416ac3f6ce253d0db927958b8d474daaa7dd73b230b8d10a5a1ef"", ""zircon_sha256"": ""203d7997715416ac3f6ce253d0db927958b8d474daaa7dd73b230b8d10a5a1ef""}"
D5067	D5067	/home/tetsuya/mir2ei/Map/D5067.map	/home/tetsuya/mir2ei/Map/D5067.map	"{""index"": 892, ""file"": ""D5067"", ""description"": ""EI D5067""}"	/home/tetsuya/development/zircon/Debug/ServerCore/Map/D5067.map	exact	"{""hero_kill"": {""width"": 100, ""height"": 100}, ""zircon"": {""width"": 100, ""height"": 100}}"	"{""region_count"": 0, ""region_landmark_samples"": [], ""guard_count"": 0, ""guard_samples"": [], ""connected_maps"": [], ""coordinate_evidence"": ""MapRegion PointRegion centers; no Merchant coordinate snapshot available""}"	[]	"{""status"": ""pass"", ""walkable_cells"": 924, ""total_cells"": 10000, ""walkable_ratio"": 0.0924}"	"{""status"": ""pass"", ""walkable_cells"": 924, ""total_cells"": 10000, ""walkable_ratio"": 0.0924}"	identity logical-grid coordinates	allowed-after-point-check	high	"{""relation"": ""same local map bytes"", ""hero_kill_sha256"": ""203d7997715416ac3f6ce253d0db927958b8d474daaa7dd73b230b8d10a5a1ef"", ""zircon_sha256"": ""203d7997715416ac3f6ce253d0db927958b8d474daaa7dd73b230b8d10a5a1ef""}"
D5068	D5068	/home/tetsuya/mir2ei/Map/D5068.map	/home/tetsuya/mir2ei/Map/D5068.map	"{""index"": 893, ""file"": ""D5068"", ""description"": ""EI D5068""}"	/home/tetsuya/development/zircon/Debug/ServerCore/Map/D5068.map	exact	"{""hero_kill"": {""width"": 100, ""height"": 100}, ""zircon"": {""width"": 100, ""height"": 100}}"	"{""region_count"": 0, ""region_landmark_samples"": [], ""guard_count"": 0, ""guard_samples"": [], ""connected_maps"": [], ""coordinate_evidence"": ""MapRegion PointRegion centers; no Merchant coordinate snapshot available""}"	[]	"{""status"": ""pass"", ""walkable_cells"": 924, ""total_cells"": 10000, ""walkable_ratio"": 0.0924}"	"{""status"": ""pass"", ""walkable_cells"": 924, ""total_cells"": 10000, ""walkable_ratio"": 0.0924}"	identity logical-grid coordinates	allowed-after-point-check	high	"{""relation"": ""same local map bytes"", ""hero_kill_sha256"": ""203d7997715416ac3f6ce253d0db927958b8d474daaa7dd73b230b8d10a5a1ef"", ""zircon_sha256"": ""203d7997715416ac3f6ce253d0db927958b8d474daaa7dd73b230b8d10a5a1ef""}"
D5069	D5069	/home/tetsuya/mir2ei/Map/D5069.map	/home/tetsuya/mir2ei/Map/D5069.map	"{""index"": 894, ""file"": ""D5069"", ""description"": ""EI D5069""}"	/home/tetsuya/development/zircon/Debug/ServerCore/Map/D5069.map	exact	"{""hero_kill"": {""width"": 100, ""height"": 100}, ""zircon"": {""width"": 100, ""height"": 100}}"	"{""region_count"": 0, ""region_landmark_samples"": [], ""guard_count"": 0, ""guard_samples"": [], ""connected_maps"": [], ""coordinate_evidence"": ""MapRegion PointRegion centers; no Merchant coordinate snapshot available""}"	[]	"{""status"": ""pass"", ""walkable_cells"": 924, ""total_cells"": 10000, ""walkable_ratio"": 0.0924}"	"{""status"": ""pass"", ""walkable_cells"": 924, ""total_cells"": 10000, ""walkable_ratio"": 0.0924}"	identity logical-grid coordinates	allowed-after-point-check	high	"{""relation"": ""same local map bytes"", ""hero_kill_sha256"": ""203d7997715416ac3f6ce253d0db927958b8d474daaa7dd73b230b8d10a5a1ef"", ""zircon_sha256"": ""203d7997715416ac3f6ce253d0db927958b8d474daaa7dd73b230b8d10a5a1ef""}"
D5071	D5071	/home/tetsuya/mir2ei/Map/D5071.map	/home/tetsuya/mir2ei/Map/D5071.map	"{""index"": 895, ""file"": ""D5071"", ""description"": ""祖玛神殿7层大厅""}"	/home/tetsuya/development/zircon/Debug/ServerCore/Map/D5071.map	exact	"{""hero_kill"": {""width"": 50, ""height"": 50}, ""zircon"": {""width"": 50, ""height"": 50}}"	"{""region_count"": 4, ""region_landmark_samples"": [""D5071 / Teleport Source"", ""D5071 / Teleport Source"", ""D5071 / Teleport Destination""], ""guard_count"": 0, ""guard_samples"": [], ""connected_maps"": [""D505"", ""D5072""], ""coordinate_evidence"": ""MapRegion PointRegion centers; no Merchant coordinate snapshot available""}"	"[""D5071 / Teleport Source"", ""D5071 / Teleport Source"", ""D5071 / Teleport Destination""]"	"{""status"": ""pass"", ""walkable_cells"": 882, ""total_cells"": 2500, ""walkable_ratio"": 0.3528}"	"{""status"": ""pass"", ""walkable_cells"": 882, ""total_cells"": 2500, ""walkable_ratio"": 0.3528}"	identity logical-grid coordinates	allowed-after-point-check	high	"{""relation"": ""same local map bytes"", ""hero_kill_sha256"": ""e7bf6824d50aa25917e7ceaa43ed66450b60e5095ab282d2eb5ea0cdd2774d97"", ""zircon_sha256"": ""e7bf6824d50aa25917e7ceaa43ed66450b60e5095ab282d2eb5ea0cdd2774d97""}"
D5072	D5072	/home/tetsuya/mir2ei/Map/D5072.map	/home/tetsuya/mir2ei/Map/D5072.map	"{""index"": 896, ""file"": ""D5072"", ""description"": ""祖玛神殿7层""}"	/home/tetsuya/development/zircon/Debug/ServerCore/Map/D5072.map	exact	"{""hero_kill"": {""width"": 100, ""height"": 100}, ""zircon"": {""width"": 100, ""height"": 100}}"	"{""region_count"": 14, ""region_landmark_samples"": [""D5072 / Zuma Keeper Spawn"", ""D5072 / Zuma Guardian Spawn"", ""D5072 / Zuma Sharpshooter Spawn"", ""D5072 / Wedge Moth Spawn"", ""D5072 / Zuma Keeper Spawn"", ""D5072 / Zuma Guardian Spawn"", ""D5072 / Zuma Sharpshooter Spawn"", ""D5072 / Zuma Keeper Spawn"", ""D5072 / Zuma Guardian Spawn"", ""D5072 / Zuma Sharpshooter Spawn"", ""D5072 / Teleport Destination"", ""D5072 / Teleport Source"", ""D5072 / Teleport Source"", ""D5072 / Teleport Destination""], ""guard_count"": 0, ""guard_samples"": [], ""connected_maps"": [""D5071"", ""D5073""], ""coordinate_evidence"": ""MapRegion PointRegion centers; no Merchant coordinate snapshot available""}"	"[""D5072 / Zuma Keeper Spawn"", ""D5072 / Zuma Guardian Spawn"", ""D5072 / Zuma Sharpshooter Spawn"", ""D5072 / Wedge Moth Spawn"", ""D5072 / Zuma Keeper Spawn"", ""D5072 / Zuma Guardian Spawn"", ""D5072 / Zuma Sharpshooter Spawn"", ""D5072 / Zuma Keeper Spawn"", ""D5072 / Zuma Guardian Spawn"", ""D5072 / Zuma Sharpshooter Spawn"", ""D5072 / Teleport Destination"", ""D5072 / Teleport Source"", ""D5072 / Teleport Source"", ""D5072 / Teleport Destination""]"	"{""status"": ""pass"", ""walkable_cells"": 2722, ""total_cells"": 10000, ""walkable_ratio"": 0.2722}"	"{""status"": ""pass"", ""walkable_cells"": 2722, ""total_cells"": 10000, ""walkable_ratio"": 0.2722}"	identity logical-grid coordinates	allowed-after-point-check	high	"{""relation"": ""same local map bytes"", ""hero_kill_sha256"": ""df46ca730b60b1fcda5870392ada293907db6f34661d9d0d30053a2f87fafa86"", ""zircon_sha256"": ""df46ca730b60b1fcda5870392ada293907db6f34661d9d0d30053a2f87fafa86""}"
D5073	D5073	/home/tetsuya/mir2ei/Map/D5073.map	/home/tetsuya/mir2ei/Map/D5073.map	"{""index"": 897, ""file"": ""D5073"", ""description"": ""祖玛神殿7层""}"	/home/tetsuya/development/zircon/Debug/ServerCore/Map/D5073.map	variant	"{""hero_kill"": {""width"": 100, ""height"": 100}, ""zircon"": {""width"": 100, ""height"": 100}}"	"{""region_count"": 22, ""region_landmark_samples"": [""D5073 / Zuma Keeper Spawn"", ""D5073 / Zuma Guardian Spawn"", ""D5073 / Zuma Sharpshooter Spawn"", ""D5073 / Wedge Moth Spawn"", ""D5073 / Zuma Keeper Spawn"", ""D5073 / Zuma Guardian Spawn"", ""D5073 / Zuma Sharpshooter Spawn"", ""D5073 / Zuma Keeper Spawn"", ""D5073 / Zuma Guardian Spawn"", ""D5073 / Zuma Sharpshooter Spawn"", ""D5073 / Teleport Destination"", ""D5073 / Teleport Source"", ""D5073 / Teleport Source"", ""D5073 / Teleport Destination"", ""D5073 / Zuma Keeper Spawn"", ""D5073 / Zuma Guardian Spawn"", ""D5073 / Zuma Sharpshooter Spawn"", ""D5073 / Wedge Moth Spawn"", ""D5073 / Fly Spawn"", ""D5073 / Teleport Destination"", ""D5073 / Teleport Source"", ""D5073 / Teleport Source""], ""guard_count"": 0, ""guard_samples"": [], ""connected_maps"": [""D505"", ""D5072"", ""D5074"", ""d515""], ""coordinate_evidence"": ""MapRegion PointRegion centers; no Merchant coordinate snapshot available""}"	"[""D5073 / Zuma Keeper Spawn"", ""D5073 / Zuma Guardian Spawn"", ""D5073 / Zuma Sharpshooter Spawn"", ""D5073 / Wedge Moth Spawn"", ""D5073 / Zuma Keeper Spawn"", ""D5073 / Zuma Guardian Spawn"", ""D5073 / Zuma Sharpshooter Spawn"", ""D5073 / Zuma Keeper Spawn"", ""D5073 / Zuma Guardian Spawn"", ""D5073 / Zuma Sharpshooter Spawn"", ""D5073 / Teleport Destination"", ""D5073 / Teleport Source"", ""D5073 / Teleport Source"", ""D5073 / Teleport Destination"", ""D5073 / Zuma Keeper Spawn"", ""D5073 / Zuma Guardian Spawn"", ""D5073 / Zuma Sharpshooter Spawn"", ""D5073 / Wedge Moth Spawn"", ""D5073 / Fly Spawn"", ""D5073 / Teleport Destination"", ""D5073 / Teleport Source"", ""D5073 / Teleport Source""]"	"{""status"": ""pass"", ""walkable_cells"": 3167, ""total_cells"": 10000, ""walkable_ratio"": 0.3167}"	"{""status"": ""pass"", ""walkable_cells"": 3167, ""total_cells"": 10000, ""walkable_ratio"": 0.3167}"	pending landmark mapping; no blind coordinate reuse	blocked	low	"{""relation"": ""same dimensions, different map bytes"", ""hero_kill_sha256"": ""33d23c717ae57ee9eb0e7f8bcbb1f84fb80af6e02ac4c1f2aceb0673f35424b9"", ""zircon_sha256"": ""c87d77ff09317a9a7c88b1113fcb99a01ff528b376dac313282e641ea2fd2b4c""}"
D5074	D5074	/home/tetsuya/mir2ei/Map/D5074.map	/home/tetsuya/mir2ei/Map/D5074.map	"{""index"": 898, ""file"": ""D5074"", ""description"": ""祖玛神殿7层""}"	/home/tetsuya/development/zircon/Debug/ServerCore/Map/D5074.map	exact	"{""hero_kill"": {""width"": 100, ""height"": 100}, ""zircon"": {""width"": 100, ""height"": 100}}"	"{""region_count"": 13, ""region_landmark_samples"": [""D5074 / Zuma Keeper Spawn"", ""D5074 / Zuma Guardian Spawn"", ""D5074 / Zuma Sharpshooter Spawn"", ""D5074 / Wedge Moth Spawn"", ""D5074 / Zuma Keeper Spawn"", ""D5074 / Zuma Guardian Spawn"", ""D5074 / Zuma Sharpshooter Spawn"", ""D5074 / Zuma Keeper Spawn"", ""D5074 / Zuma Guardian Spawn"", ""D5074 / Zuma Sharpshooter Spawn"", ""D5074 / Teleport Source"", ""D5074 / Teleport Destination"", ""D5074 / Teleport Source""], ""guard_count"": 0, ""guard_samples"": [], ""connected_maps"": [""D5073"", ""d515""], ""coordinate_evidence"": ""MapRegion PointRegion centers; no Merchant coordinate snapshot available""}"	"[""D5074 / Zuma Keeper Spawn"", ""D5074 / Zuma Guardian Spawn"", ""D5074 / Zuma Sharpshooter Spawn"", ""D5074 / Wedge Moth Spawn"", ""D5074 / Zuma Keeper Spawn"", ""D5074 / Zuma Guardian Spawn"", ""D5074 / Zuma Sharpshooter Spawn"", ""D5074 / Zuma Keeper Spawn"", ""D5074 / Zuma Guardian Spawn"", ""D5074 / Zuma Sharpshooter Spawn"", ""D5074 / Teleport Source"", ""D5074 / Teleport Destination"", ""D5074 / Teleport Source""]"	"{""status"": ""pass"", ""walkable_cells"": 2373, ""total_cells"": 10000, ""walkable_ratio"": 0.2373}"	"{""status"": ""pass"", ""walkable_cells"": 2373, ""total_cells"": 10000, ""walkable_ratio"": 0.2373}"	identity logical-grid coordinates	allowed-after-point-check	high	"{""relation"": ""same local map bytes"", ""hero_kill_sha256"": ""d2ea89b6584c6611bff97cdb2e57ca14c8ed637cbd828d5ded2863461d98ecb7"", ""zircon_sha256"": ""d2ea89b6584c6611bff97cdb2e57ca14c8ed637cbd828d5ded2863461d98ecb7""}"
d511	d511	/home/tetsuya/mir2ei/Map/d511.map	/home/tetsuya/mir2ei/Map/d511.map	"{""index"": 899, ""file"": ""d511"", ""description"": ""祖玛神殿""}"	/home/tetsuya/development/zircon/Debug/ServerCore/Map/d511.map	exact	"{""hero_kill"": {""width"": 40, ""height"": 40}, ""zircon"": {""width"": 40, ""height"": 40}}"	"{""region_count"": 0, ""region_landmark_samples"": [], ""guard_count"": 0, ""guard_samples"": [], ""connected_maps"": [], ""coordinate_evidence"": ""MapRegion PointRegion centers; no Merchant coordinate snapshot available""}"	[]	"{""status"": ""pass"", ""walkable_cells"": 213, ""total_cells"": 1600, ""walkable_ratio"": 0.133125}"	"{""status"": ""pass"", ""walkable_cells"": 213, ""total_cells"": 1600, ""walkable_ratio"": 0.133125}"	identity logical-grid coordinates	allowed-after-point-check	high	"{""relation"": ""same local map bytes"", ""hero_kill_sha256"": ""70c7cbbfb1fc327fec11b4477899aef47d67d7c6a4cf57cc147212d8f4075ad0"", ""zircon_sha256"": ""70c7cbbfb1fc327fec11b4477899aef47d67d7c6a4cf57cc147212d8f4075ad0""}"
d512	d512	/home/tetsuya/mir2ei/Map/d512.map	/home/tetsuya/mir2ei/Map/d512.map	"{""index"": 900, ""file"": ""d512"", ""description"": ""祖玛神殿""}"	/home/tetsuya/development/zircon/Debug/ServerCore/Map/d512.map	exact	"{""hero_kill"": {""width"": 40, ""height"": 40}, ""zircon"": {""width"": 40, ""height"": 40}}"	"{""region_count"": 0, ""region_landmark_samples"": [], ""guard_count"": 0, ""guard_samples"": [], ""connected_maps"": [], ""coordinate_evidence"": ""MapRegion PointRegion centers; no Merchant coordinate snapshot available""}"	[]	"{""status"": ""pass"", ""walkable_cells"": 209, ""total_cells"": 1600, ""walkable_ratio"": 0.130625}"	"{""status"": ""pass"", ""walkable_cells"": 209, ""total_cells"": 1600, ""walkable_ratio"": 0.130625}"	identity logical-grid coordinates	allowed-after-point-check	high	"{""relation"": ""same local map bytes"", ""hero_kill_sha256"": ""d9eaf55b8f97957bec3b0689a94ca69a0ff9f0d341f38b76278fb2f3fdc1bdc5"", ""zircon_sha256"": ""d9eaf55b8f97957bec3b0689a94ca69a0ff9f0d341f38b76278fb2f3fdc1bdc5""}"
d513	d513	/home/tetsuya/mir2ei/Map/d513.map	/home/tetsuya/mir2ei/Map/d513.map	"{""index"": 901, ""file"": ""d513"", ""description"": ""祖玛神殿""}"	/home/tetsuya/development/zircon/Debug/ServerCore/Map/d513.map	exact	"{""hero_kill"": {""width"": 40, ""height"": 40}, ""zircon"": {""width"": 40, ""height"": 40}}"	"{""region_count"": 0, ""region_landmark_samples"": [], ""guard_count"": 0, ""guard_samples"": [], ""connected_maps"": [], ""coordinate_evidence"": ""MapRegion PointRegion centers; no Merchant coordinate snapshot available""}"	[]	"{""status"": ""pass"", ""walkable_cells"": 213, ""total_cells"": 1600, ""walkable_ratio"": 0.133125}"	"{""status"": ""pass"", ""walkable_cells"": 213, ""total_cells"": 1600, ""walkable_ratio"": 0.133125}"	identity logical-grid coordinates	allowed-after-point-check	high	"{""relation"": ""same local map bytes"", ""hero_kill_sha256"": ""70c7cbbfb1fc327fec11b4477899aef47d67d7c6a4cf57cc147212d8f4075ad0"", ""zircon_sha256"": ""70c7cbbfb1fc327fec11b4477899aef47d67d7c6a4cf57cc147212d8f4075ad0""}"
d514	d514	/home/tetsuya/mir2ei/Map/d514.map	/home/tetsuya/mir2ei/Map/d514.map	"{""index"": 902, ""file"": ""d514"", ""description"": ""祖玛神殿""}"	/home/tetsuya/development/zircon/Debug/ServerCore/Map/d514.map	exact	"{""hero_kill"": {""width"": 40, ""height"": 40}, ""zircon"": {""width"": 40, ""height"": 40}}"	"{""region_count"": 0, ""region_landmark_samples"": [], ""guard_count"": 0, ""guard_samples"": [], ""connected_maps"": [], ""coordinate_evidence"": ""MapRegion PointRegion centers; no Merchant coordinate snapshot available""}"	[]	"{""status"": ""pass"", ""walkable_cells"": 209, ""total_cells"": 1600, ""walkable_ratio"": 0.130625}"	"{""status"": ""pass"", ""walkable_cells"": 209, ""total_cells"": 1600, ""walkable_ratio"": 0.130625}"	identity logical-grid coordinates	allowed-after-point-check	high	"{""relation"": ""same local map bytes"", ""hero_kill_sha256"": ""d9eaf55b8f97957bec3b0689a94ca69a0ff9f0d341f38b76278fb2f3fdc1bdc5"", ""zircon_sha256"": ""d9eaf55b8f97957bec3b0689a94ca69a0ff9f0d341f38b76278fb2f3fdc1bdc5""}"
d515	d515	/home/tetsuya/mir2ei/Map/d515.map	/home/tetsuya/mir2ei/Map/d515.map	"{""index"": 903, ""file"": ""d515"", ""description"": ""祖玛教主宫廷""}"	/home/tetsuya/development/zircon/Debug/ServerCore/Map/d515.map	variant	"{""hero_kill"": {""width"": 40, ""height"": 40}, ""zircon"": {""width"": 40, ""height"": 40}}"	"{""region_count"": 16, ""region_landmark_samples"": [""d515 / Zuma Guardian Spawn"", ""d515 / Zuma Keeper Spawn"", ""d515 / Zuma Sharpshooter Spawn"", ""d515 / Wedge Moth Spawn"", ""d515 / Zuma King Spawn"", ""d515 / Zuma Guardian Spawn"", ""d515 / Zuma Keeper Spawn"", ""d515 / Zuma Sharpshooter Spawn"", ""d515 / Wedge Moth Spawn"", ""d515 / Teleport Destination"", ""d515 / Fly Spawn"", ""d515 / Zuma Guardian Spawn"", ""d515 / Zuma Keeper Spawn"", ""d515 / Zuma Sharpshooter Spawn"", ""d515 / Wedge Moth Spawn"", ""d515 / Teleport Destination""], ""guard_count"": 0, ""guard_samples"": [], ""connected_maps"": [""D5073"", ""D5074""], ""coordinate_evidence"": ""MapRegion PointRegion centers; no Merchant coordinate snapshot available""}"	"[""d515 / Zuma Guardian Spawn"", ""d515 / Zuma Keeper Spawn"", ""d515 / Zuma Sharpshooter Spawn"", ""d515 / Wedge Moth Spawn"", ""d515 / Zuma King Spawn"", ""d515 / Zuma Guardian Spawn"", ""d515 / Zuma Keeper Spawn"", ""d515 / Zuma Sharpshooter Spawn"", ""d515 / Wedge Moth Spawn"", ""d515 / Teleport Destination"", ""d515 / Fly Spawn"", ""d515 / Zuma Guardian Spawn"", ""d515 / Zuma Keeper Spawn"", ""d515 / Zuma Sharpshooter Spawn"", ""d515 / Wedge Moth Spawn"", ""d515 / Teleport Destination""]"	"{""status"": ""pass"", ""walkable_cells"": 462, ""total_cells"": 1600, ""walkable_ratio"": 0.28875}"	"{""status"": ""pass"", ""walkable_cells"": 460, ""total_cells"": 1600, ""walkable_ratio"": 0.2875}"	pending landmark mapping; no blind coordinate reuse	blocked	low	"{""relation"": ""same dimensions, different map bytes"", ""hero_kill_sha256"": ""f8db7765e0fdfc2478b6dabd488e8ae58d130c79659efe679b334a8343566a2f"", ""zircon_sha256"": ""007e126f691d471b6867982cb7cb0deb0aa7af50fa66e2346a8fa64015e22a06""}"
d60011	d60011	/home/tetsuya/mir2ei/Map/d60011.map	/home/tetsuya/mir2ei/Map/d60011.map	"{""index"": 904, ""file"": ""d60011"", ""description"": ""绝命谷1层南部""}"	/home/tetsuya/development/zircon/Debug/ServerCore/Map/d60011.map	exact	"{""hero_kill"": {""width"": 250, ""height"": 250}, ""zircon"": {""width"": 250, ""height"": 250}}"	"{""region_count"": 15, ""region_landmark_samples"": [""d60011 / Centipede Spawn"", ""d60011 / Wasp Hatchling Spawn"", ""d60011 / Butterfly Worm Spawn"", ""d60011 / Bloody Mole Spawn"", ""d60011 / Twin Tail Scorpion Spawn"", ""d60011 / Wasp Hatchling Spawn"", ""d60011 / Butterfly Worm Spawn"", ""d60011 / Twin Tail Scorpion Spawn"", ""d60011 / Twin Tail Scorpion Spawn"", ""d60011 / Teleport Destination"", ""d60011 / Teleport Source"", ""d60011 / Teleport Source"", ""d60011 / Teleport Destination"", ""d60011 / Teleport Source"", ""d60011 / Teleport Destination""], ""guard_count"": 0, ""guard_samples"": [], ""connected_maps"": [""74"", ""D603"", ""d606""], ""coordinate_evidence"": ""MapRegion PointRegion centers; no Merchant coordinate snapshot available""}"	"[""d60011 / Centipede Spawn"", ""d60011 / Wasp Hatchling Spawn"", ""d60011 / Butterfly Worm Spawn"", ""d60011 / Bloody Mole Spawn"", ""d60011 / Twin Tail Scorpion Spawn"", ""d60011 / Wasp Hatchling Spawn"", ""d60011 / Butterfly Worm Spawn"", ""d60011 / Twin Tail Scorpion Spawn"", ""d60011 / Twin Tail Scorpion Spawn"", ""d60011 / Teleport Destination"", ""d60011 / Teleport Source"", ""d60011 / Teleport Source"", ""d60011 / Teleport Destination"", ""d60011 / Teleport Source"", ""d60011 / Teleport Destination""]"	"{""status"": ""pass"", ""walkable_cells"": 9915, ""total_cells"": 62500, ""walkable_ratio"": 0.15864}"	"{""status"": ""pass"", ""walkable_cells"": 9915, ""total_cells"": 62500, ""walkable_ratio"": 0.15864}"	identity logical-grid coordinates	allowed-after-point-check	high	"{""relation"": ""same local map bytes"", ""hero_kill_sha256"": ""5c5e14e2ce44f84e276b1e66c1447156bb1c85b9162254b0fa71a6c4c5e2bbd8"", ""zircon_sha256"": ""5c5e14e2ce44f84e276b1e66c1447156bb1c85b9162254b0fa71a6c4c5e2bbd8""}"
d60012	d60012	/home/tetsuya/mir2ei/Map/d60012.map	/home/tetsuya/mir2ei/Map/d60012.map	"{""index"": 905, ""file"": ""d60012"", ""description"": ""绝命谷1层西部""}"	/home/tetsuya/development/zircon/Debug/ServerCore/Map/d60012.map	exact	"{""hero_kill"": {""width"": 250, ""height"": 250}, ""zircon"": {""width"": 250, ""height"": 250}}"	"{""region_count"": 15, ""region_landmark_samples"": [""d60012 / Centipede Spawn"", ""d60012 / Wasp Hatchling Spawn"", ""d60012 / Butterfly Worm Spawn"", ""d60012 / Bloody Mole Spawn"", ""d60012 / Twin Tail Scorpion Spawn"", ""d60012 / Centipede Spawn"", ""d60012 / Wasp Hatchling Spawn"", ""d60012 / Twin Tail Scorpion Spawn"", ""d60012 / Twin Tail Scorpion Spawn"", ""d60012 / Teleport Source"", ""d60012 / Teleport Destination"", ""d60012 / Teleport Source"", ""d60012 / Teleport Destination"", ""d60012 / Teleport Source"", ""d60012 / Teleport Destination""], ""guard_count"": 0, ""guard_samples"": [], ""connected_maps"": [""D603"", ""d60022"", ""d607""], ""coordinate_evidence"": ""MapRegion PointRegion centers; no Merchant coordinate snapshot available""}"	"[""d60012 / Centipede Spawn"", ""d60012 / Wasp Hatchling Spawn"", ""d60012 / Butterfly Worm Spawn"", ""d60012 / Bloody Mole Spawn"", ""d60012 / Twin Tail Scorpion Spawn"", ""d60012 / Centipede Spawn"", ""d60012 / Wasp Hatchling Spawn"", ""d60012 / Twin Tail Scorpion Spawn"", ""d60012 / Twin Tail Scorpion Spawn"", ""d60012 / Teleport Source"", ""d60012 / Teleport Destination"", ""d60012 / Teleport Source"", ""d60012 / Teleport Destination"", ""d60012 / Teleport Source"", ""d60012 / Teleport Destination""]"	"{""status"": ""pass"", ""walkable_cells"": 6289, ""total_cells"": 62500, ""walkable_ratio"": 0.100624}"	"{""status"": ""pass"", ""walkable_cells"": 6289, ""total_cells"": 62500, ""walkable_ratio"": 0.100624}"	identity logical-grid coordinates	allowed-after-point-check	high	"{""relation"": ""same local map bytes"", ""hero_kill_sha256"": ""e28c963270d9dc55039c4c072f4321027b977f8ab66c04ab987616c01b8b3e0e"", ""zircon_sha256"": ""e28c963270d9dc55039c4c072f4321027b977f8ab66c04ab987616c01b8b3e0e""}"
d60013	d60013	/home/tetsuya/mir2ei/Map/d60013.map	/home/tetsuya/mir2ei/Map/d60013.map	"{""index"": 906, ""file"": ""d60013"", ""description"": ""绝命谷1层北部""}"	/home/tetsuya/development/zircon/Debug/ServerCore/Map/d60013.map	exact	"{""hero_kill"": {""width"": 250, ""height"": 250}, ""zircon"": {""width"": 250, ""height"": 250}}"	"{""region_count"": 15, ""region_landmark_samples"": [""d60013 / Centipede Spawn"", ""d60013 / Wasp Hatchling Spawn"", ""d60013 / Butterfly Worm Spawn"", ""d60013 / Bloody Mole Spawn"", ""d60013 / Twin Tail Scorpion Spawn"", ""d60013 / Wasp Hatchling Spawn"", ""d60013 / Bloody Mole Spawn"", ""d60013 / Twin Tail Scorpion Spawn"", ""d60013 / Twin Tail Scorpion Spawn"", ""d60013 / Teleport Source"", ""d60013 / Teleport Destination"", ""d60013 / Teleport Source"", ""d60013 / Teleport Destination"", ""d60013 / Teleport Source"", ""d60013 / Teleport Destination""], ""guard_count"": 0, ""guard_samples"": [], ""connected_maps"": [""D604"", ""d606"", ""d607""], ""coordinate_evidence"": ""MapRegion PointRegion centers; no Merchant coordinate snapshot available""}"	"[""d60013 / Centipede Spawn"", ""d60013 / Wasp Hatchling Spawn"", ""d60013 / Butterfly Worm Spawn"", ""d60013 / Bloody Mole Spawn"", ""d60013 / Twin Tail Scorpion Spawn"", ""d60013 / Wasp Hatchling Spawn"", ""d60013 / Bloody Mole Spawn"", ""d60013 / Twin Tail Scorpion Spawn"", ""d60013 / Twin Tail Scorpion Spawn"", ""d60013 / Teleport Source"", ""d60013 / Teleport Destination"", ""d60013 / Teleport Source"", ""d60013 / Teleport Destination"", ""d60013 / Teleport Source"", ""d60013 / Teleport Destination""]"	"{""status"": ""pass"", ""walkable_cells"": 7113, ""total_cells"": 62500, ""walkable_ratio"": 0.113808}"	"{""status"": ""pass"", ""walkable_cells"": 7113, ""total_cells"": 62500, ""walkable_ratio"": 0.113808}"	identity logical-grid coordinates	allowed-after-point-check	high	"{""relation"": ""same local map bytes"", ""hero_kill_sha256"": ""a0d54460709ff200938cfc1fc834dfc928cecb3b88a1d78c84fc248f40d92336"", ""zircon_sha256"": ""a0d54460709ff200938cfc1fc834dfc928cecb3b88a1d78c84fc248f40d92336""}"
d60021	d60021	/home/tetsuya/mir2ei/Map/d60021.map	/home/tetsuya/mir2ei/Map/d60021.map	"{""index"": 907, ""file"": ""d60021"", ""description"": ""绝命谷2层西部""}"	/home/tetsuya/development/zircon/Debug/ServerCore/Map/d60021.map	exact	"{""hero_kill"": {""width"": 200, ""height"": 200}, ""zircon"": {""width"": 200, ""height"": 200}}"	"{""region_count"": 12, ""region_landmark_samples"": [""d60021 / Centipede Spawn"", ""d60021 / Wasp Hatchling Spawn"", ""d60021 / Butterfly Worm Spawn"", ""d60021 / Bloody Mole Spawn"", ""d60021 / Twin Tail Scorpion Spawn"", ""d60021 / Butterfly Worm Spawn"", ""d60021 / Bloody Mole Spawn"", ""d60021 / Twin Tail Scorpion Spawn"", ""d60021 / Teleport Source"", ""d60021 / Teleport Destination"", ""d60021 / Teleport Destination"", ""d60021 / Teleport Source""], ""guard_count"": 0, ""guard_samples"": [], ""connected_maps"": [""D604"", ""d607""], ""coordinate_evidence"": ""MapRegion PointRegion centers; no Merchant coordinate snapshot available""}"	"[""d60021 / Centipede Spawn"", ""d60021 / Wasp Hatchling Spawn"", ""d60021 / Butterfly Worm Spawn"", ""d60021 / Bloody Mole Spawn"", ""d60021 / Twin Tail Scorpion Spawn"", ""d60021 / Butterfly Worm Spawn"", ""d60021 / Bloody Mole Spawn"", ""d60021 / Twin Tail Scorpion Spawn"", ""d60021 / Teleport Source"", ""d60021 / Teleport Destination"", ""d60021 / Teleport Destination"", ""d60021 / Teleport Source""]"	"{""status"": ""pass"", ""walkable_cells"": 3646, ""total_cells"": 40000, ""walkable_ratio"": 0.09115}"	"{""status"": ""pass"", ""walkable_cells"": 3646, ""total_cells"": 40000, ""walkable_ratio"": 0.09115}"	identity logical-grid coordinates	allowed-after-point-check	high	"{""relation"": ""same local map bytes"", ""hero_kill_sha256"": ""604ba3746d0b65849cd3f1942678a8e8c2e6c714cc279654acf49b8bc8992a6f"", ""zircon_sha256"": ""604ba3746d0b65849cd3f1942678a8e8c2e6c714cc279654acf49b8bc8992a6f""}"
d60022	d60022	/home/tetsuya/mir2ei/Map/d60022.map	/home/tetsuya/mir2ei/Map/d60022.map	"{""index"": 908, ""file"": ""d60022"", ""description"": ""绝命谷2层北部""}"	/home/tetsuya/development/zircon/Debug/ServerCore/Map/d60022.map	exact	"{""hero_kill"": {""width"": 200, ""height"": 200}, ""zircon"": {""width"": 200, ""height"": 200}}"	"{""region_count"": 15, ""region_landmark_samples"": [""d60022 / Centipede Spawn"", ""d60022 / Wasp Hatchling Spawn"", ""d60022 / Butterfly Worm Spawn"", ""d60022 / Bloody Mole Spawn"", ""d60022 / Twin Tail Scorpion Spawn"", ""d60022 / Centipede Spawn"", ""d60022 / Wasp Hatchling Spawn"", ""d60022 / Twin Tail Scorpion Spawn"", ""d60022 / Twin Tail Scorpion Spawn"", ""d60022 / Teleport Destination"", ""d60022 / Teleport Source"", ""d60022 / Teleport Source"", ""d60022 / Teleport Destination"", ""d60022 / Teleport Destination"", ""d60022 / Teleport Source""], ""guard_count"": 0, ""guard_samples"": [], ""connected_maps"": [""D604"", ""D605"", ""d60012""], ""coordinate_evidence"": ""MapRegion PointRegion centers; no Merchant coordinate snapshot available""}"	"[""d60022 / Centipede Spawn"", ""d60022 / Wasp Hatchling Spawn"", ""d60022 / Butterfly Worm Spawn"", ""d60022 / Bloody Mole Spawn"", ""d60022 / Twin Tail Scorpion Spawn"", ""d60022 / Centipede Spawn"", ""d60022 / Wasp Hatchling Spawn"", ""d60022 / Twin Tail Scorpion Spawn"", ""d60022 / Twin Tail Scorpion Spawn"", ""d60022 / Teleport Destination"", ""d60022 / Teleport Source"", ""d60022 / Teleport Source"", ""d60022 / Teleport Destination"", ""d60022 / Teleport Destination"", ""d60022 / Teleport Source""]"	"{""status"": ""pass"", ""walkable_cells"": 4795, ""total_cells"": 40000, ""walkable_ratio"": 0.119875}"	"{""status"": ""pass"", ""walkable_cells"": 4795, ""total_cells"": 40000, ""walkable_ratio"": 0.119875}"	identity logical-grid coordinates	allowed-after-point-check	high	"{""relation"": ""same local map bytes"", ""hero_kill_sha256"": ""04cd7ecfa98f7acf2fde4bb0f2cea1b268328519ff9da3d837e6222bd5f6a72f"", ""zircon_sha256"": ""04cd7ecfa98f7acf2fde4bb0f2cea1b268328519ff9da3d837e6222bd5f6a72f""}"
d6003	d6003	/home/tetsuya/mir2ei/Map/d6003.map	/home/tetsuya/mir2ei/Map/d6003.map	"{""index"": 909, ""file"": ""d6003"", ""description"": ""EI d6003""}"	/home/tetsuya/development/zircon/Debug/ServerCore/Map/d6003.map	exact	"{""hero_kill"": {""width"": 100, ""height"": 100}, ""zircon"": {""width"": 100, ""height"": 100}}"	"{""region_count"": 0, ""region_landmark_samples"": [], ""guard_count"": 0, ""guard_samples"": [], ""connected_maps"": [], ""coordinate_evidence"": ""MapRegion PointRegion centers; no Merchant coordinate snapshot available""}"	[]	"{""status"": ""pass"", ""walkable_cells"": 896, ""total_cells"": 10000, ""walkable_ratio"": 0.0896}"	"{""status"": ""pass"", ""walkable_cells"": 896, ""total_cells"": 10000, ""walkable_ratio"": 0.0896}"	identity logical-grid coordinates	allowed-after-point-check	high	"{""relation"": ""same local map bytes"", ""hero_kill_sha256"": ""dc22fa2b9f5cc57b7c9ca410d7b73d5d5c5d1b3fcdca02ddbf7a0829d512a9e9"", ""zircon_sha256"": ""dc22fa2b9f5cc57b7c9ca410d7b73d5d5c5d1b3fcdca02ddbf7a0829d512a9e9""}"
d6004	d6004	/home/tetsuya/mir2ei/Map/d6004.map	/home/tetsuya/mir2ei/Map/d6004.map	"{""index"": 910, ""file"": ""d6004"", ""description"": ""绝命谷3层""}"	/home/tetsuya/development/zircon/Debug/ServerCore/Map/d6004.map	exact	"{""hero_kill"": {""width"": 300, ""height"": 300}, ""zircon"": {""width"": 300, ""height"": 300}}"	"{""region_count"": 17, ""region_landmark_samples"": [""d6004 / Centipede Spawn"", ""d6004 / Wasp Hatchling Spawn"", ""d6004 / Butterfly Worm Spawn"", ""d6004 / Bloody Mole Spawn"", ""d6004 / Twin Tail Scorpion Spawn"", ""d6004 / Centipede Spawn"", ""d6004 / Butterfly Worm Spawn"", ""d6004 / Twin Tail Scorpion Spawn"", ""d6004 / Twin Tail Scorpion Spawn"", ""d6004 / Teleport Destination"", ""d6004 / Teleport Source"", ""d6004 / Teleport Source"", ""d6004 / Teleport Source"", ""d6004 / Teleport Source"", ""d6004 / Teleport Destination"", ""d6004 / Teleport Destination"", ""d6004 / Teleport Destination""], ""guard_count"": 0, ""guard_samples"": [], ""connected_maps"": [""1_020"", ""d607""], ""coordinate_evidence"": ""MapRegion PointRegion centers; no Merchant coordinate snapshot available""}"	"[""d6004 / Centipede Spawn"", ""d6004 / Wasp Hatchling Spawn"", ""d6004 / Butterfly Worm Spawn"", ""d6004 / Bloody Mole Spawn"", ""d6004 / Twin Tail Scorpion Spawn"", ""d6004 / Centipede Spawn"", ""d6004 / Butterfly Worm Spawn"", ""d6004 / Twin Tail Scorpion Spawn"", ""d6004 / Twin Tail Scorpion Spawn"", ""d6004 / Teleport Destination"", ""d6004 / Teleport Source"", ""d6004 / Teleport Source"", ""d6004 / Teleport Source"", ""d6004 / Teleport Source"", ""d6004 / Teleport Destination"", ""d6004 / Teleport Destination"", ""d6004 / Teleport Destination""]"	"{""status"": ""pass"", ""walkable_cells"": 23229, ""total_cells"": 90000, ""walkable_ratio"": 0.2581}"	"{""status"": ""pass"", ""walkable_cells"": 23229, ""total_cells"": 90000, ""walkable_ratio"": 0.2581}"	identity logical-grid coordinates	allowed-after-point-check	high	"{""relation"": ""same local map bytes"", ""hero_kill_sha256"": ""1cee5ad06e641aec292d9cb75d68dadf1b20ae2065caebdaf22d09521d38d422"", ""zircon_sha256"": ""1cee5ad06e641aec292d9cb75d68dadf1b20ae2065caebdaf22d09521d38d422""}"
d6011	d6011	/home/tetsuya/mir2ei/Map/d6011.map	/home/tetsuya/mir2ei/Map/d6011.map	"{""index"": 911, ""file"": ""d6011"", ""description"": ""万年谷""}"	/home/tetsuya/development/zircon/Debug/ServerCore/Map/d6011.map	exact	"{""hero_kill"": {""width"": 200, ""height"": 200}, ""zircon"": {""width"": 200, ""height"": 200}}"	"{""region_count"": 12, ""region_landmark_samples"": [""d6011 / Centipede Spawn"", ""d6011 / Wasp Hatchling Spawn"", ""d6011 / Butterfly Worm Spawn"", ""d6011 / Bloody Mole Spawn"", ""d6011 / Twin Tail Scorpion Spawn"", ""d6011 / Wasp Hatchling Spawn"", ""d6011 / Butterfly Worm Spawn"", ""d6011 / Twin Tail Scorpion Spawn"", ""d6011 / Teleport Destination"", ""d6011 / Teleport Source"", ""d6011 / Teleport Source"", ""d6011 / Teleport Destination""], ""guard_count"": 0, ""guard_samples"": [], ""connected_maps"": [""74"", ""D6012""], ""coordinate_evidence"": ""MapRegion PointRegion centers; no Merchant coordinate snapshot available""}"	"[""d6011 / Centipede Spawn"", ""d6011 / Wasp Hatchling Spawn"", ""d6011 / Butterfly Worm Spawn"", ""d6011 / Bloody Mole Spawn"", ""d6011 / Twin Tail Scorpion Spawn"", ""d6011 / Wasp Hatchling Spawn"", ""d6011 / Butterfly Worm Spawn"", ""d6011 / Twin Tail Scorpion Spawn"", ""d6011 / Teleport Destination"", ""d6011 / Teleport Source"", ""d6011 / Teleport Source"", ""d6011 / Teleport Destination""]"	"{""status"": ""pass"", ""walkable_cells"": 7329, ""total_cells"": 40000, ""walkable_ratio"": 0.183225}"	"{""status"": ""pass"", ""walkable_cells"": 7329, ""total_cells"": 40000, ""walkable_ratio"": 0.183225}"	identity logical-grid coordinates	allowed-after-point-check	high	"{""relation"": ""same local map bytes"", ""hero_kill_sha256"": ""7c4bbf8aad33529dfb757cbbb667beab0d004da4710a5ab4af2ad733ee93b0f2"", ""zircon_sha256"": ""7c4bbf8aad33529dfb757cbbb667beab0d004da4710a5ab4af2ad733ee93b0f2""}"
D6012	D6012	/home/tetsuya/mir2ei/Map/D6012.map	/home/tetsuya/mir2ei/Map/D6012.map	"{""index"": 912, ""file"": ""D6012"", ""description"": ""万年原谷""}"	/home/tetsuya/development/zircon/Debug/ServerCore/Map/D6012.map	exact	"{""hero_kill"": {""width"": 300, ""height"": 300}, ""zircon"": {""width"": 300, ""height"": 300}}"	"{""region_count"": 18, ""region_landmark_samples"": [""D6012 / Centipede Spawn"", ""D6012 / Wasp Hatchling Spawn"", ""D6012 / Butterfly Worm Spawn"", ""D6012 / Bloody Mole Spawn"", ""D6012 / Twin Tail Scorpion Spawn"", ""D6012 / Centipede Spawn"", ""D6012 / Bloody Mole Spawn"", ""D6012 / Twin Tail Scorpion Spawn"", ""D6012 / Teleport Destination"", ""D6012 / Teleport Source"", ""D6012 / Teleport Destination"", ""D6012 / Teleport Source"", ""D6012 / Teleport Source"", ""D6012 / Teleport Destination"", ""D6012 / Teleport Source"", ""D6012 / Teleport Destination"", ""D6012 / Teleport Source"", ""D6012 / Teleport Destination""], ""guard_count"": 0, ""guard_samples"": [], ""connected_maps"": [""D60131"", ""D60132"", ""D60134"", ""D605"", ""d6011""], ""coordinate_evidence"": ""MapRegion PointRegion centers; no Merchant coordinate snapshot available""}"	"[""D6012 / Centipede Spawn"", ""D6012 / Wasp Hatchling Spawn"", ""D6012 / Butterfly Worm Spawn"", ""D6012 / Bloody Mole Spawn"", ""D6012 / Twin Tail Scorpion Spawn"", ""D6012 / Centipede Spawn"", ""D6012 / Bloody Mole Spawn"", ""D6012 / Twin Tail Scorpion Spawn"", ""D6012 / Teleport Destination"", ""D6012 / Teleport Source"", ""D6012 / Teleport Destination"", ""D6012 / Teleport Source"", ""D6012 / Teleport Source"", ""D6012 / Teleport Destination"", ""D6012 / Teleport Source"", ""D6012 / Teleport Destination"", ""D6012 / Teleport Source"", ""D6012 / Teleport Destination""]"	"{""status"": ""pass"", ""walkable_cells"": 23502, ""total_cells"": 90000, ""walkable_ratio"": 0.261133}"	"{""status"": ""pass"", ""walkable_cells"": 23502, ""total_cells"": 90000, ""walkable_ratio"": 0.261133}"	identity logical-grid coordinates	allowed-after-point-check	high	"{""relation"": ""same local map bytes"", ""hero_kill_sha256"": ""a0e130dac3e3d8af23e97e41c7ed775b03d04486e84ab97691b95949600f2718"", ""zircon_sha256"": ""a0e130dac3e3d8af23e97e41c7ed775b03d04486e84ab97691b95949600f2718""}"
D60131	D60131	/home/tetsuya/mir2ei/Map/D60131.map	/home/tetsuya/mir2ei/Map/D60131.map	"{""index"": 913, ""file"": ""D60131"", ""description"": ""万年谷中部""}"	/home/tetsuya/development/zircon/Debug/ServerCore/Map/D60131.map	exact	"{""hero_kill"": {""width"": 100, ""height"": 100}, ""zircon"": {""width"": 100, ""height"": 100}}"	"{""region_count"": 9, ""region_landmark_samples"": [""D60131 / Centipede Spawn"", ""D60131 / Wasp Hatchling Spawn"", ""D60131 / Butterfly Worm Spawn"", ""D60131 / Bloody Mole Spawn"", ""D60131 / Twin Tail Scorpion Spawn"", ""D60131 / Teleport Destination"", ""D60131 / Teleport Source"", ""D60131 / Teleport Source"", ""D60131 / Teleport Destination""], ""guard_count"": 0, ""guard_samples"": [], ""connected_maps"": [""D6012"", ""D6014""], ""coordinate_evidence"": ""MapRegion PointRegion centers; no Merchant coordinate snapshot available""}"	"[""D60131 / Centipede Spawn"", ""D60131 / Wasp Hatchling Spawn"", ""D60131 / Butterfly Worm Spawn"", ""D60131 / Bloody Mole Spawn"", ""D60131 / Twin Tail Scorpion Spawn"", ""D60131 / Teleport Destination"", ""D60131 / Teleport Source"", ""D60131 / Teleport Source"", ""D60131 / Teleport Destination""]"	"{""status"": ""pass"", ""walkable_cells"": 2556, ""total_cells"": 10000, ""walkable_ratio"": 0.2556}"	"{""status"": ""pass"", ""walkable_cells"": 2556, ""total_cells"": 10000, ""walkable_ratio"": 0.2556}"	identity logical-grid coordinates	allowed-after-point-check	high	"{""relation"": ""same local map bytes"", ""hero_kill_sha256"": ""354ecb39aa01c9c47578d1ad00905ab1a0a5b66f7b51880691595dd192508264"", ""zircon_sha256"": ""354ecb39aa01c9c47578d1ad00905ab1a0a5b66f7b51880691595dd192508264""}"
D60132	D60132	/home/tetsuya/mir2ei/Map/D60132.map	/home/tetsuya/mir2ei/Map/D60132.map	"{""index"": 914, ""file"": ""D60132"", ""description"": ""万年谷南部""}"	/home/tetsuya/development/zircon/Debug/ServerCore/Map/D60132.map	exact	"{""hero_kill"": {""width"": 100, ""height"": 100}, ""zircon"": {""width"": 100, ""height"": 100}}"	"{""region_count"": 9, ""region_landmark_samples"": [""D60132 / Centipede Spawn"", ""D60132 / Wasp Hatchling Spawn"", ""D60132 / Butterfly Worm Spawn"", ""D60132 / Bloody Mole Spawn"", ""D60132 / Twin Tail Scorpion Spawn"", ""D60132 / Teleport Destination"", ""D60132 / Teleport Source"", ""D60132 / Teleport Source"", ""D60132 / Teleport Destination""], ""guard_count"": 0, ""guard_samples"": [], ""connected_maps"": [""D6012"", ""D60133""], ""coordinate_evidence"": ""MapRegion PointRegion centers; no Merchant coordinate snapshot available""}"	"[""D60132 / Centipede Spawn"", ""D60132 / Wasp Hatchling Spawn"", ""D60132 / Butterfly Worm Spawn"", ""D60132 / Bloody Mole Spawn"", ""D60132 / Twin Tail Scorpion Spawn"", ""D60132 / Teleport Destination"", ""D60132 / Teleport Source"", ""D60132 / Teleport Source"", ""D60132 / Teleport Destination""]"	"{""status"": ""pass"", ""walkable_cells"": 2664, ""total_cells"": 10000, ""walkable_ratio"": 0.2664}"	"{""status"": ""pass"", ""walkable_cells"": 2664, ""total_cells"": 10000, ""walkable_ratio"": 0.2664}"	identity logical-grid coordinates	allowed-after-point-check	high	"{""relation"": ""same local map bytes"", ""hero_kill_sha256"": ""4c925fd4c41f2f783d1c4df519c5c1746113ce73861ed4858b0c635118a420d0"", ""zircon_sha256"": ""4c925fd4c41f2f783d1c4df519c5c1746113ce73861ed4858b0c635118a420d0""}"
D60133	D60133	/home/tetsuya/mir2ei/Map/D60133.map	/home/tetsuya/mir2ei/Map/D60133.map	"{""index"": 915, ""file"": ""D60133"", ""description"": ""万年谷西部""}"	/home/tetsuya/development/zircon/Debug/ServerCore/Map/D60133.map	exact	"{""hero_kill"": {""width"": 100, ""height"": 100}, ""zircon"": {""width"": 100, ""height"": 100}}"	"{""region_count"": 9, ""region_landmark_samples"": [""D60133 / Centipede Spawn"", ""D60133 / Wasp Hatchling Spawn"", ""D60133 / Butterfly Worm Spawn"", ""D60133 / Bloody Mole Spawn"", ""D60133 / Twin Tail Scorpion Spawn"", ""D60133 / Teleport Destination"", ""D60133 / Teleport Source"", ""D60133 / Teleport Source"", ""D60133 / Teleport Destination""], ""guard_count"": 0, ""guard_samples"": [], ""connected_maps"": [""D60132"", ""D6014""], ""coordinate_evidence"": ""MapRegion PointRegion centers; no Merchant coordinate snapshot available""}"	"[""D60133 / Centipede Spawn"", ""D60133 / Wasp Hatchling Spawn"", ""D60133 / Butterfly Worm Spawn"", ""D60133 / Bloody Mole Spawn"", ""D60133 / Twin Tail Scorpion Spawn"", ""D60133 / Teleport Destination"", ""D60133 / Teleport Source"", ""D60133 / Teleport Source"", ""D60133 / Teleport Destination""]"	"{""status"": ""pass"", ""walkable_cells"": 2748, ""total_cells"": 10000, ""walkable_ratio"": 0.2748}"	"{""status"": ""pass"", ""walkable_cells"": 2748, ""total_cells"": 10000, ""walkable_ratio"": 0.2748}"	identity logical-grid coordinates	allowed-after-point-check	high	"{""relation"": ""same local map bytes"", ""hero_kill_sha256"": ""defc17d9b1277ba15fde8c8d720cf229272a789a6c3d78ee6f579c89e08d952d"", ""zircon_sha256"": ""defc17d9b1277ba15fde8c8d720cf229272a789a6c3d78ee6f579c89e08d952d""}"
D60134	D60134	/home/tetsuya/mir2ei/Map/D60134.map	/home/tetsuya/mir2ei/Map/D60134.map	"{""index"": 916, ""file"": ""D60134"", ""description"": ""万年谷北部""}"	/home/tetsuya/development/zircon/Debug/ServerCore/Map/D60134.map	exact	"{""hero_kill"": {""width"": 100, ""height"": 100}, ""zircon"": {""width"": 100, ""height"": 100}}"	"{""region_count"": 9, ""region_landmark_samples"": [""D60134 / Centipede Spawn"", ""D60134 / Wasp Hatchling Spawn"", ""D60134 / Butterfly Worm Spawn"", ""D60134 / Bloody Mole Spawn"", ""D60134 / Twin Tail Scorpion Spawn"", ""D60134 / Teleport Destination"", ""D60134 / Teleport Source"", ""D60134 / Teleport Source"", ""D60134 / Teleport Destination""], ""guard_count"": 0, ""guard_samples"": [], ""connected_maps"": [""D6012"", ""D60135""], ""coordinate_evidence"": ""MapRegion PointRegion centers; no Merchant coordinate snapshot available""}"	"[""D60134 / Centipede Spawn"", ""D60134 / Wasp Hatchling Spawn"", ""D60134 / Butterfly Worm Spawn"", ""D60134 / Bloody Mole Spawn"", ""D60134 / Twin Tail Scorpion Spawn"", ""D60134 / Teleport Destination"", ""D60134 / Teleport Source"", ""D60134 / Teleport Source"", ""D60134 / Teleport Destination""]"	"{""status"": ""pass"", ""walkable_cells"": 2702, ""total_cells"": 10000, ""walkable_ratio"": 0.2702}"	"{""status"": ""pass"", ""walkable_cells"": 2702, ""total_cells"": 10000, ""walkable_ratio"": 0.2702}"	identity logical-grid coordinates	allowed-after-point-check	high	"{""relation"": ""same local map bytes"", ""hero_kill_sha256"": ""89c49e4c04c98dced0b4dea7277bb32793853a9832d92669764e6677103125bd"", ""zircon_sha256"": ""89c49e4c04c98dced0b4dea7277bb32793853a9832d92669764e6677103125bd""}"
D60135	D60135	/home/tetsuya/mir2ei/Map/D60135.map	/home/tetsuya/mir2ei/Map/D60135.map	"{""index"": 917, ""file"": ""D60135"", ""description"": ""万年谷东部""}"	/home/tetsuya/development/zircon/Debug/ServerCore/Map/D60135.map	exact	"{""hero_kill"": {""width"": 100, ""height"": 100}, ""zircon"": {""width"": 100, ""height"": 100}}"	"{""region_count"": 9, ""region_landmark_samples"": [""D60135 / Centipede Spawn"", ""D60135 / Wasp Hatchling Spawn"", ""D60135 / Butterfly Worm Spawn"", ""D60135 / Bloody Mole Spawn"", ""D60135 / Twin Tail Scorpion Spawn"", ""D60135 / Teleport Destination"", ""D60135 / Teleport Source"", ""D60135 / Teleport Source"", ""D60135 / Teleport Destination""], ""guard_count"": 0, ""guard_samples"": [], ""connected_maps"": [""D60134"", ""D6014""], ""coordinate_evidence"": ""MapRegion PointRegion centers; no Merchant coordinate snapshot available""}"	"[""D60135 / Centipede Spawn"", ""D60135 / Wasp Hatchling Spawn"", ""D60135 / Butterfly Worm Spawn"", ""D60135 / Bloody Mole Spawn"", ""D60135 / Twin Tail Scorpion Spawn"", ""D60135 / Teleport Destination"", ""D60135 / Teleport Source"", ""D60135 / Teleport Source"", ""D60135 / Teleport Destination""]"	"{""status"": ""pass"", ""walkable_cells"": 2496, ""total_cells"": 10000, ""walkable_ratio"": 0.2496}"	"{""status"": ""pass"", ""walkable_cells"": 2496, ""total_cells"": 10000, ""walkable_ratio"": 0.2496}"	identity logical-grid coordinates	allowed-after-point-check	high	"{""relation"": ""same local map bytes"", ""hero_kill_sha256"": ""1160ebf419f6853d04627b4dfae964bb30ac0ee74a94583f318ed7c005e2cbd8"", ""zircon_sha256"": ""1160ebf419f6853d04627b4dfae964bb30ac0ee74a94583f318ed7c005e2cbd8""}"
D6014	D6014	/home/tetsuya/mir2ei/Map/D6014.map	/home/tetsuya/mir2ei/Map/D6014.map	"{""index"": 918, ""file"": ""D6014"", ""description"": ""万年独孤关""}"	/home/tetsuya/development/zircon/Debug/ServerCore/Map/D6014.map	exact	"{""hero_kill"": {""width"": 200, ""height"": 200}, ""zircon"": {""width"": 200, ""height"": 200}}"	"{""region_count"": 16, ""region_landmark_samples"": [""D6014 / Centipede Spawn"", ""D6014 / Wasp Hatchling Spawn"", ""D6014 / Butterfly Worm Spawn"", ""D6014 / Bloody Mole Spawn"", ""D6014 / Twin Tail Scorpion Spawn"", ""D6014 / Wasp Hatchling Spawn"", ""D6014 / Bloody Mole Spawn"", ""D6014 / Twin Tail Scorpion Spawn"", ""D6014 / Teleport Destination"", ""D6014 / Teleport Source"", ""D6014 / Teleport Destination"", ""D6014 / Teleport Source"", ""D6014 / Teleport Destination"", ""D6014 / Teleport Source"", ""D6014 / Teleport Source"", ""D6014 / Teleport Destination""], ""guard_count"": 0, ""guard_samples"": [], ""connected_maps"": [""D60131"", ""D60133"", ""D60135"", ""d6015""], ""coordinate_evidence"": ""MapRegion PointRegion centers; no Merchant coordinate snapshot available""}"	"[""D6014 / Centipede Spawn"", ""D6014 / Wasp Hatchling Spawn"", ""D6014 / Butterfly Worm Spawn"", ""D6014 / Bloody Mole Spawn"", ""D6014 / Twin Tail Scorpion Spawn"", ""D6014 / Wasp Hatchling Spawn"", ""D6014 / Bloody Mole Spawn"", ""D6014 / Twin Tail Scorpion Spawn"", ""D6014 / Teleport Destination"", ""D6014 / Teleport Source"", ""D6014 / Teleport Destination"", ""D6014 / Teleport Source"", ""D6014 / Teleport Destination"", ""D6014 / Teleport Source"", ""D6014 / Teleport Source"", ""D6014 / Teleport Destination""]"	"{""status"": ""pass"", ""walkable_cells"": 12018, ""total_cells"": 40000, ""walkable_ratio"": 0.30045}"	"{""status"": ""pass"", ""walkable_cells"": 12018, ""total_cells"": 40000, ""walkable_ratio"": 0.30045}"	identity logical-grid coordinates	allowed-after-point-check	high	"{""relation"": ""same local map bytes"", ""hero_kill_sha256"": ""9eb958cd64ae2cd1bbce696aebcfa6bc966c6bc4278f42ef82129de6805837a5"", ""zircon_sha256"": ""9eb958cd64ae2cd1bbce696aebcfa6bc966c6bc4278f42ef82129de6805837a5""}"
d6015	d6015	/home/tetsuya/mir2ei/Map/d6015.map	/home/tetsuya/mir2ei/Map/d6015.map	"{""index"": 919, ""file"": ""d6015"", ""description"": ""生死关""}"	/home/tetsuya/development/zircon/Debug/ServerCore/Map/d6015.map	exact	"{""hero_kill"": {""width"": 200, ""height"": 200}, ""zircon"": {""width"": 200, ""height"": 200}}"	"{""region_count"": 14, ""region_landmark_samples"": [""d6015 / Centipede Spawn"", ""d6015 / Wasp Hatchling Spawn"", ""d6015 / Butterfly Worm Spawn"", ""d6015 / Bloody Mole Spawn"", ""d6015 / Twin Tail Scorpion Spawn"", ""d6015 / Wasp Hatchling Spawn"", ""d6015 / Butterfly Worm Spawn"", ""d6015 / Twin Tail Scorpion Spawn"", ""d6015 / Dragon Spawn"", ""d6015 / Teleport Destination"", ""d6015 / Teleport Source"", ""d6015 / Twin Tail Scorpion Spawn"", ""d6015 / Teleport Destination"", ""d6015 / Teleport Source""], ""guard_count"": 0, ""guard_samples"": [], ""connected_maps"": [""0"", ""D6014""], ""coordinate_evidence"": ""MapRegion PointRegion centers; no Merchant coordinate snapshot available""}"	"[""d6015 / Centipede Spawn"", ""d6015 / Wasp Hatchling Spawn"", ""d6015 / Butterfly Worm Spawn"", ""d6015 / Bloody Mole Spawn"", ""d6015 / Twin Tail Scorpion Spawn"", ""d6015 / Wasp Hatchling Spawn"", ""d6015 / Butterfly Worm Spawn"", ""d6015 / Twin Tail Scorpion Spawn"", ""d6015 / Dragon Spawn"", ""d6015 / Teleport Destination"", ""d6015 / Teleport Source"", ""d6015 / Twin Tail Scorpion Spawn"", ""d6015 / Teleport Destination"", ""d6015 / Teleport Source""]"	"{""status"": ""pass"", ""walkable_cells"": 4301, ""total_cells"": 40000, ""walkable_ratio"": 0.107525}"	"{""status"": ""pass"", ""walkable_cells"": 4301, ""total_cells"": 40000, ""walkable_ratio"": 0.107525}"	identity logical-grid coordinates	allowed-after-point-check	high	"{""relation"": ""same local map bytes"", ""hero_kill_sha256"": ""38ffd21c27bc47a19504d597f2b162e6ef131d9d33c0b12390b91c8f903f7c25"", ""zircon_sha256"": ""38ffd21c27bc47a19504d597f2b162e6ef131d9d33c0b12390b91c8f903f7c25""}"
d6021	d6021	/home/tetsuya/mir2ei/Map/d6021.map	/home/tetsuya/mir2ei/Map/d6021.map	"{""index"": 920, ""file"": ""d6021"", ""description"": ""虫峡谷1层""}"	/home/tetsuya/development/zircon/Debug/ServerCore/Map/d6021.map	exact	"{""hero_kill"": {""width"": 200, ""height"": 200}, ""zircon"": {""width"": 200, ""height"": 200}}"	"{""region_count"": 15, ""region_landmark_samples"": [""d6021 / Centipede Spawn"", ""d6021 / Wasp Hatchling Spawn"", ""d6021 / Butterfly Worm Spawn"", ""d6021 / Bloody Mole Spawn"", ""d6021 / Twin Tail Scorpion Spawn"", ""d6021 / Centipede Spawn"", ""d6021 / Wasp Hatchling Spawn"", ""d6021 / Butterfly Worm Spawn"", ""d6021 / Bloody Mole Spawn"", ""d6021 / Twin Tail Scorpion Spawn"", ""d6021 / Twin Tail Scorpion Spawn"", ""d6021 / Teleport Destination"", ""d6021 / Teleport Source"", ""d6021 / Teleport Source"", ""d6021 / Teleport Destination""], ""guard_count"": 0, ""guard_samples"": [], ""connected_maps"": [""74"", ""d6022""], ""coordinate_evidence"": ""MapRegion PointRegion centers; no Merchant coordinate snapshot available""}"	"[""d6021 / Centipede Spawn"", ""d6021 / Wasp Hatchling Spawn"", ""d6021 / Butterfly Worm Spawn"", ""d6021 / Bloody Mole Spawn"", ""d6021 / Twin Tail Scorpion Spawn"", ""d6021 / Centipede Spawn"", ""d6021 / Wasp Hatchling Spawn"", ""d6021 / Butterfly Worm Spawn"", ""d6021 / Bloody Mole Spawn"", ""d6021 / Twin Tail Scorpion Spawn"", ""d6021 / Twin Tail Scorpion Spawn"", ""d6021 / Teleport Destination"", ""d6021 / Teleport Source"", ""d6021 / Teleport Source"", ""d6021 / Teleport Destination""]"	"{""status"": ""pass"", ""walkable_cells"": 6286, ""total_cells"": 40000, ""walkable_ratio"": 0.15715}"	"{""status"": ""pass"", ""walkable_cells"": 6286, ""total_cells"": 40000, ""walkable_ratio"": 0.15715}"	identity logical-grid coordinates	allowed-after-point-check	high	"{""relation"": ""same local map bytes"", ""hero_kill_sha256"": ""2d0e8598bdbf92ab254ceedbcd0cc93ab67f8d8ed2a3a150b44e5c0bdf9a83b3"", ""zircon_sha256"": ""2d0e8598bdbf92ab254ceedbcd0cc93ab67f8d8ed2a3a150b44e5c0bdf9a83b3""}"
d6022	d6022	/home/tetsuya/mir2ei/Map/d6022.map	/home/tetsuya/mir2ei/Map/d6022.map	"{""index"": 921, ""file"": ""d6022"", ""description"": ""虫峡谷2层""}"	/home/tetsuya/development/zircon/Debug/ServerCore/Map/d6022.map	exact	"{""hero_kill"": {""width"": 200, ""height"": 200}, ""zircon"": {""width"": 200, ""height"": 200}}"	"{""region_count"": 15, ""region_landmark_samples"": [""d6022 / Centipede Spawn"", ""d6022 / Wasp Hatchling Spawn"", ""d6022 / Butterfly Worm Spawn"", ""d6022 / Bloody Mole Spawn"", ""d6022 / Twin Tail Scorpion Spawn"", ""d6022 / Centipede Spawn"", ""d6022 / Wasp Hatchling Spawn"", ""d6022 / Butterfly Worm Spawn"", ""d6022 / Bloody Mole Spawn"", ""d6022 / Twin Tail Scorpion Spawn"", ""d6022 / Twin Tail Scorpion Spawn"", ""d6022 / Teleport Destination"", ""d6022 / Teleport Source"", ""d6022 / Teleport Source"", ""d6022 / Teleport Destination""], ""guard_count"": 0, ""guard_samples"": [], ""connected_maps"": [""D6023"", ""d6021""], ""coordinate_evidence"": ""MapRegion PointRegion centers; no Merchant coordinate snapshot available""}"	"[""d6022 / Centipede Spawn"", ""d6022 / Wasp Hatchling Spawn"", ""d6022 / Butterfly Worm Spawn"", ""d6022 / Bloody Mole Spawn"", ""d6022 / Twin Tail Scorpion Spawn"", ""d6022 / Centipede Spawn"", ""d6022 / Wasp Hatchling Spawn"", ""d6022 / Butterfly Worm Spawn"", ""d6022 / Bloody Mole Spawn"", ""d6022 / Twin Tail Scorpion Spawn"", ""d6022 / Twin Tail Scorpion Spawn"", ""d6022 / Teleport Destination"", ""d6022 / Teleport Source"", ""d6022 / Teleport Source"", ""d6022 / Teleport Destination""]"	"{""status"": ""pass"", ""walkable_cells"": 5059, ""total_cells"": 40000, ""walkable_ratio"": 0.126475}"	"{""status"": ""pass"", ""walkable_cells"": 5059, ""total_cells"": 40000, ""walkable_ratio"": 0.126475}"	identity logical-grid coordinates	allowed-after-point-check	high	"{""relation"": ""same local map bytes"", ""hero_kill_sha256"": ""218494a281ff8b7afaf25d43040bc24c553e6a3f1e365ab9cf37808635c7017b"", ""zircon_sha256"": ""218494a281ff8b7afaf25d43040bc24c553e6a3f1e365ab9cf37808635c7017b""}"
D6023	D6023	/home/tetsuya/mir2ei/Map/D6023.map	/home/tetsuya/mir2ei/Map/D6023.map	"{""index"": 922, ""file"": ""D6023"", ""description"": ""虫峡谷3层""}"	/home/tetsuya/development/zircon/Debug/ServerCore/Map/D6023.map	exact	"{""hero_kill"": {""width"": 200, ""height"": 200}, ""zircon"": {""width"": 200, ""height"": 200}}"	"{""region_count"": 15, ""region_landmark_samples"": [""D6023 / Centipede Spawn"", ""D6023 / Wasp Hatchling Spawn"", ""D6023 / Butterfly Worm Spawn"", ""D6023 / Bloody Mole Spawn"", ""D6023 / Twin Tail Scorpion Spawn"", ""D6023 / Centipede Spawn"", ""D6023 / Wasp Hatchling Spawn"", ""D6023 / Butterfly Worm Spawn"", ""D6023 / Bloody Mole Spawn"", ""D6023 / Twin Tail Scorpion Spawn"", ""D6023 / Twin Tail Scorpion Spawn"", ""D6023 / Teleport Destination"", ""D6023 / Teleport Source"", ""D6023 / Teleport Source"", ""D6023 / Teleport Destination""], ""guard_count"": 0, ""guard_samples"": [], ""connected_maps"": [""d6022"", ""d6024""], ""coordinate_evidence"": ""MapRegion PointRegion centers; no Merchant coordinate snapshot available""}"	"[""D6023 / Centipede Spawn"", ""D6023 / Wasp Hatchling Spawn"", ""D6023 / Butterfly Worm Spawn"", ""D6023 / Bloody Mole Spawn"", ""D6023 / Twin Tail Scorpion Spawn"", ""D6023 / Centipede Spawn"", ""D6023 / Wasp Hatchling Spawn"", ""D6023 / Butterfly Worm Spawn"", ""D6023 / Bloody Mole Spawn"", ""D6023 / Twin Tail Scorpion Spawn"", ""D6023 / Twin Tail Scorpion Spawn"", ""D6023 / Teleport Destination"", ""D6023 / Teleport Source"", ""D6023 / Teleport Source"", ""D6023 / Teleport Destination""]"	"{""status"": ""pass"", ""walkable_cells"": 6552, ""total_cells"": 40000, ""walkable_ratio"": 0.1638}"	"{""status"": ""pass"", ""walkable_cells"": 6552, ""total_cells"": 40000, ""walkable_ratio"": 0.1638}"	identity logical-grid coordinates	allowed-after-point-check	high	"{""relation"": ""same local map bytes"", ""hero_kill_sha256"": ""cc91880d49e82a560f73763111ce6aa404f2f0858fef73ddce200836e10ab438"", ""zircon_sha256"": ""cc91880d49e82a560f73763111ce6aa404f2f0858fef73ddce200836e10ab438""}"
d6024	d6024	/home/tetsuya/mir2ei/Map/d6024.map	/home/tetsuya/mir2ei/Map/d6024.map	"{""index"": 923, ""file"": ""d6024"", ""description"": ""虫峡谷4层""}"	/home/tetsuya/development/zircon/Debug/ServerCore/Map/d6024.map	exact	"{""hero_kill"": {""width"": 300, ""height"": 300}, ""zircon"": {""width"": 300, ""height"": 300}}"	"{""region_count"": 15, ""region_landmark_samples"": [""d6024 / Centipede Spawn"", ""d6024 / Wasp Hatchling Spawn"", ""d6024 / Butterfly Worm Spawn"", ""d6024 / Bloody Mole Spawn"", ""d6024 / Twin Tail Scorpion Spawn"", ""d6024 / Centipede Spawn"", ""d6024 / Wasp Hatchling Spawn"", ""d6024 / Butterfly Worm Spawn"", ""d6024 / Bloody Mole Spawn"", ""d6024 / Twin Tail Scorpion Spawn"", ""d6024 / Twin Tail Scorpion Spawn"", ""d6024 / Teleport Destination"", ""d6024 / Teleport Source"", ""d6024 / Teleport Source"", ""d6024 / Teleport Destination""], ""guard_count"": 0, ""guard_samples"": [], ""connected_maps"": [""D6023"", ""D6025""], ""coordinate_evidence"": ""MapRegion PointRegion centers; no Merchant coordinate snapshot available""}"	"[""d6024 / Centipede Spawn"", ""d6024 / Wasp Hatchling Spawn"", ""d6024 / Butterfly Worm Spawn"", ""d6024 / Bloody Mole Spawn"", ""d6024 / Twin Tail Scorpion Spawn"", ""d6024 / Centipede Spawn"", ""d6024 / Wasp Hatchling Spawn"", ""d6024 / Butterfly Worm Spawn"", ""d6024 / Bloody Mole Spawn"", ""d6024 / Twin Tail Scorpion Spawn"", ""d6024 / Twin Tail Scorpion Spawn"", ""d6024 / Teleport Destination"", ""d6024 / Teleport Source"", ""d6024 / Teleport Source"", ""d6024 / Teleport Destination""]"	"{""status"": ""pass"", ""walkable_cells"": 11903, ""total_cells"": 90000, ""walkable_ratio"": 0.132256}"	"{""status"": ""pass"", ""walkable_cells"": 11903, ""total_cells"": 90000, ""walkable_ratio"": 0.132256}"	identity logical-grid coordinates	allowed-after-point-check	high	"{""relation"": ""same local map bytes"", ""hero_kill_sha256"": ""e057c5aa5d55885e91b2704288d0add8a3e88fd626a016db9f68f2cdef11feac"", ""zircon_sha256"": ""e057c5aa5d55885e91b2704288d0add8a3e88fd626a016db9f68f2cdef11feac""}"
D6025	D6025	/home/tetsuya/mir2ei/Map/D6025.map	/home/tetsuya/mir2ei/Map/D6025.map	"{""index"": 924, ""file"": ""D6025"", ""description"": ""虫峡谷5层""}"	/home/tetsuya/development/zircon/Debug/ServerCore/Map/D6025.map	exact	"{""hero_kill"": {""width"": 400, ""height"": 400}, ""zircon"": {""width"": 400, ""height"": 400}}"	"{""region_count"": 13, ""region_landmark_samples"": [""D6025 / Centipede Spawn"", ""D6025 / Wasp Hatchling Spawn"", ""D6025 / Butterfly Worm Spawn"", ""D6025 / Bloody Mole Spawn"", ""D6025 / Twin Tail Scorpion Spawn"", ""D6025 / Centipede Spawn"", ""D6025 / Wasp Hatchling Spawn"", ""D6025 / Butterfly Worm Spawn"", ""D6025 / Bloody Mole Spawn"", ""D6025 / Twin Tail Scorpion Spawn"", ""D6025 / Twin Tail Scorpion Spawn"", ""D6025 / Teleport Destination"", ""D6025 / Teleport Source""], ""guard_count"": 0, ""guard_samples"": [], ""connected_maps"": [""d6024""], ""coordinate_evidence"": ""MapRegion PointRegion centers; no Merchant coordinate snapshot available""}"	"[""D6025 / Centipede Spawn"", ""D6025 / Wasp Hatchling Spawn"", ""D6025 / Butterfly Worm Spawn"", ""D6025 / Bloody Mole Spawn"", ""D6025 / Twin Tail Scorpion Spawn"", ""D6025 / Centipede Spawn"", ""D6025 / Wasp Hatchling Spawn"", ""D6025 / Butterfly Worm Spawn"", ""D6025 / Bloody Mole Spawn"", ""D6025 / Twin Tail Scorpion Spawn"", ""D6025 / Twin Tail Scorpion Spawn"", ""D6025 / Teleport Destination"", ""D6025 / Teleport Source""]"	"{""status"": ""pass"", ""walkable_cells"": 28355, ""total_cells"": 160000, ""walkable_ratio"": 0.177219}"	"{""status"": ""pass"", ""walkable_cells"": 28355, ""total_cells"": 160000, ""walkable_ratio"": 0.177219}"	identity logical-grid coordinates	allowed-after-point-check	high	"{""relation"": ""same local map bytes"", ""hero_kill_sha256"": ""5ef36d33ec76686ecc93556e975ef0d5bb06b363fddaa70c9944cbed8499f666"", ""zircon_sha256"": ""5ef36d33ec76686ecc93556e975ef0d5bb06b363fddaa70c9944cbed8499f666""}"
d606	d606	/home/tetsuya/mir2ei/Map/d606.map	/home/tetsuya/mir2ei/Map/d606.map	"{""index"": 925, ""file"": ""d606"", ""description"": ""奇岩石屋""}"	/home/tetsuya/development/zircon/Debug/ServerCore/Map/d606.map	exact	"{""hero_kill"": {""width"": 50, ""height"": 50}, ""zircon"": {""width"": 50, ""height"": 50}}"	"{""region_count"": 4, ""region_landmark_samples"": [""d606 / Teleport Destination"", ""d606 / Teleport Source"", ""d606 / Teleport Destination"", ""d606 / Teleport Source""], ""guard_count"": 0, ""guard_samples"": [], ""connected_maps"": [""d60011"", ""d60013""], ""coordinate_evidence"": ""MapRegion PointRegion centers; no Merchant coordinate snapshot available""}"	"[""d606 / Teleport Destination"", ""d606 / Teleport Source"", ""d606 / Teleport Destination"", ""d606 / Teleport Source""]"	"{""status"": ""pass"", ""walkable_cells"": 187, ""total_cells"": 2500, ""walkable_ratio"": 0.0748}"	"{""status"": ""pass"", ""walkable_cells"": 187, ""total_cells"": 2500, ""walkable_ratio"": 0.0748}"	identity logical-grid coordinates	allowed-after-point-check	high	"{""relation"": ""same local map bytes"", ""hero_kill_sha256"": ""a5522d97940ba91214014b5e9ba91ee15ca28c3521032f561747207cb3b75276"", ""zircon_sha256"": ""a5522d97940ba91214014b5e9ba91ee15ca28c3521032f561747207cb3b75276""}"
d607	d607	/home/tetsuya/mir2ei/Map/d607.map	/home/tetsuya/mir2ei/Map/d607.map	"{""index"": 926, ""file"": ""d607"", ""description"": ""奇岩通路""}"	/home/tetsuya/development/zircon/Debug/ServerCore/Map/d607.map	exact	"{""hero_kill"": {""width"": 100, ""height"": 100}, ""zircon"": {""width"": 100, ""height"": 100}}"	"{""region_count"": 8, ""region_landmark_samples"": [""d607 / Teleport Destination"", ""d607 / Teleport Source"", ""d607 / Teleport Destination"", ""d607 / Teleport Source"", ""d607 / Teleport Destination"", ""d607 / Teleport Source"", ""d607 / Teleport Source"", ""d607 / Teleport Destination""], ""guard_count"": 0, ""guard_samples"": [], ""connected_maps"": [""d60012"", ""d60013"", ""d60021"", ""d6004""], ""coordinate_evidence"": ""MapRegion PointRegion centers; no Merchant coordinate snapshot available""}"	"[""d607 / Teleport Destination"", ""d607 / Teleport Source"", ""d607 / Teleport Destination"", ""d607 / Teleport Source"", ""d607 / Teleport Destination"", ""d607 / Teleport Source"", ""d607 / Teleport Source"", ""d607 / Teleport Destination""]"	"{""status"": ""pass"", ""walkable_cells"": 896, ""total_cells"": 10000, ""walkable_ratio"": 0.0896}"	"{""status"": ""pass"", ""walkable_cells"": 896, ""total_cells"": 10000, ""walkable_ratio"": 0.0896}"	identity logical-grid coordinates	allowed-after-point-check	high	"{""relation"": ""same local map bytes"", ""hero_kill_sha256"": ""dc22fa2b9f5cc57b7c9ca410d7b73d5d5c5d1b3fcdca02ddbf7a0829d512a9e9"", ""zircon_sha256"": ""dc22fa2b9f5cc57b7c9ca410d7b73d5d5c5d1b3fcdca02ddbf7a0829d512a9e9""}"
d608	d608	/home/tetsuya/mir2ei/Map/d608.map	/home/tetsuya/mir2ei/Map/d608.map	"{""index"": 927, ""file"": ""d608"", ""description"": ""EI d608""}"	/home/tetsuya/development/zircon/Debug/ServerCore/Map/d608.map	exact	"{""hero_kill"": {""width"": 50, ""height"": 50}, ""zircon"": {""width"": 50, ""height"": 50}}"	"{""region_count"": 0, ""region_landmark_samples"": [], ""guard_count"": 0, ""guard_samples"": [], ""connected_maps"": [], ""coordinate_evidence"": ""MapRegion PointRegion centers; no Merchant coordinate snapshot available""}"	[]	"{""status"": ""pending"", ""walkable_cells"": null, ""total_cells"": null, ""walkable_ratio"": null}"	"{""status"": ""pending"", ""walkable_cells"": null, ""total_cells"": null, ""walkable_ratio"": null}"	identity logical-grid coordinates	allowed-after-point-check	high	"{""relation"": ""same local map bytes"", ""hero_kill_sha256"": ""e3979f031d196d4bb4459a2667448f734e682f82da2bdd670bc6446cd1731e83"", ""zircon_sha256"": ""e3979f031d196d4bb4459a2667448f734e682f82da2bdd670bc6446cd1731e83""}"
d609	d609	/home/tetsuya/mir2ei/Map/d609.map	/home/tetsuya/mir2ei/Map/d609.map	"{""index"": 928, ""file"": ""d609"", ""description"": ""EI d609""}"	/home/tetsuya/development/zircon/Debug/ServerCore/Map/d609.map	exact	"{""hero_kill"": {""width"": 50, ""height"": 50}, ""zircon"": {""width"": 50, ""height"": 50}}"	"{""region_count"": 0, ""region_landmark_samples"": [], ""guard_count"": 0, ""guard_samples"": [], ""connected_maps"": [], ""coordinate_evidence"": ""MapRegion PointRegion centers; no Merchant coordinate snapshot available""}"	[]	"{""status"": ""pending"", ""walkable_cells"": null, ""total_cells"": null, ""walkable_ratio"": null}"	"{""status"": ""pending"", ""walkable_cells"": null, ""total_cells"": null, ""walkable_ratio"": null}"	identity logical-grid coordinates	allowed-after-point-check	high	"{""relation"": ""same local map bytes"", ""hero_kill_sha256"": ""23864317c7606160af125c57e737fb66325128a03f6ee317290ef292a2a0ce10"", ""zircon_sha256"": ""23864317c7606160af125c57e737fb66325128a03f6ee317290ef292a2a0ce10""}"
d610	d610	/home/tetsuya/mir2ei/Map/d610.map	/home/tetsuya/mir2ei/Map/d610.map	"{""index"": 929, ""file"": ""d610"", ""description"": ""EI d610""}"	/home/tetsuya/development/zircon/Debug/ServerCore/Map/d610.map	exact	"{""hero_kill"": {""width"": 50, ""height"": 50}, ""zircon"": {""width"": 50, ""height"": 50}}"	"{""region_count"": 0, ""region_landmark_samples"": [], ""guard_count"": 0, ""guard_samples"": [], ""connected_maps"": [], ""coordinate_evidence"": ""MapRegion PointRegion centers; no Merchant coordinate snapshot available""}"	[]	"{""status"": ""pending"", ""walkable_cells"": null, ""total_cells"": null, ""walkable_ratio"": null}"	"{""status"": ""pending"", ""walkable_cells"": null, ""total_cells"": null, ""walkable_ratio"": null}"	identity logical-grid coordinates	allowed-after-point-check	high	"{""relation"": ""same local map bytes"", ""hero_kill_sha256"": ""b3fc5452525eaa31d8009699421c045ef5649008eb754347ef51eda482236cea"", ""zircon_sha256"": ""b3fc5452525eaa31d8009699421c045ef5649008eb754347ef51eda482236cea""}"
d611	d611	/home/tetsuya/mir2ei/Map/d611.map	/home/tetsuya/mir2ei/Map/d611.map	"{""index"": 930, ""file"": ""d611"", ""description"": ""EI d611""}"	/home/tetsuya/development/zircon/Debug/ServerCore/Map/d611.map	exact	"{""hero_kill"": {""width"": 100, ""height"": 100}, ""zircon"": {""width"": 100, ""height"": 100}}"	"{""region_count"": 0, ""region_landmark_samples"": [], ""guard_count"": 0, ""guard_samples"": [], ""connected_maps"": [], ""coordinate_evidence"": ""MapRegion PointRegion centers; no Merchant coordinate snapshot available""}"	[]	"{""status"": ""pending"", ""walkable_cells"": null, ""total_cells"": null, ""walkable_ratio"": null}"	"{""status"": ""pending"", ""walkable_cells"": null, ""total_cells"": null, ""walkable_ratio"": null}"	identity logical-grid coordinates	allowed-after-point-check	high	"{""relation"": ""same local map bytes"", ""hero_kill_sha256"": ""77799e81134cc5448c10085d97c378306fe3dc6d6259309aec568796bf71c00a"", ""zircon_sha256"": ""77799e81134cc5448c10085d97c378306fe3dc6d6259309aec568796bf71c00a""}"
D612	D612	/home/tetsuya/mir2ei/Map/D612.map	/home/tetsuya/mir2ei/Map/D612.map	"{""index"": 931, ""file"": ""D612"", ""description"": ""EI D612""}"	/home/tetsuya/development/zircon/Debug/ServerCore/Map/D612.map	exact	"{""hero_kill"": {""width"": 300, ""height"": 300}, ""zircon"": {""width"": 300, ""height"": 300}}"	"{""region_count"": 0, ""region_landmark_samples"": [], ""guard_count"": 0, ""guard_samples"": [], ""connected_maps"": [], ""coordinate_evidence"": ""MapRegion PointRegion centers; no Merchant coordinate snapshot available""}"	[]	"{""status"": ""pending"", ""walkable_cells"": null, ""total_cells"": null, ""walkable_ratio"": null}"	"{""status"": ""pending"", ""walkable_cells"": null, ""total_cells"": null, ""walkable_ratio"": null}"	identity logical-grid coordinates	allowed-after-point-check	high	"{""relation"": ""same local map bytes"", ""hero_kill_sha256"": ""5fbea964b5c2f2d010ffa80563b080470be00253cf9fb39c64cbf7bbbe0f5215"", ""zircon_sha256"": ""5fbea964b5c2f2d010ffa80563b080470be00253cf9fb39c64cbf7bbbe0f5215""}"
D613	D613	/home/tetsuya/mir2ei/Map/D613.map	/home/tetsuya/mir2ei/Map/D613.map	"{""index"": 932, ""file"": ""D613"", ""description"": ""EI D613""}"	/home/tetsuya/development/zircon/Debug/ServerCore/Map/D613.map	exact	"{""hero_kill"": {""width"": 100, ""height"": 100}, ""zircon"": {""width"": 100, ""height"": 100}}"	"{""region_count"": 0, ""region_landmark_samples"": [], ""guard_count"": 0, ""guard_samples"": [], ""connected_maps"": [], ""coordinate_evidence"": ""MapRegion PointRegion centers; no Merchant coordinate snapshot available""}"	[]	"{""status"": ""pending"", ""walkable_cells"": null, ""total_cells"": null, ""walkable_ratio"": null}"	"{""status"": ""pending"", ""walkable_cells"": null, ""total_cells"": null, ""walkable_ratio"": null}"	identity logical-grid coordinates	allowed-after-point-check	high	"{""relation"": ""same local map bytes"", ""hero_kill_sha256"": ""4b8d11e6b49cc245ff721d43559574f0c2e2595347c66241cc4f23685ca08cc9"", ""zircon_sha256"": ""4b8d11e6b49cc245ff721d43559574f0c2e2595347c66241cc4f23685ca08cc9""}"
D614	D614	/home/tetsuya/mir2ei/Map/D614.map	/home/tetsuya/mir2ei/Map/D614.map	"{""index"": 933, ""file"": ""D614"", ""description"": ""EI D614""}"	/home/tetsuya/development/zircon/Debug/ServerCore/Map/D614.map	exact	"{""hero_kill"": {""width"": 100, ""height"": 100}, ""zircon"": {""width"": 100, ""height"": 100}}"	"{""region_count"": 0, ""region_landmark_samples"": [], ""guard_count"": 0, ""guard_samples"": [], ""connected_maps"": [], ""coordinate_evidence"": ""MapRegion PointRegion centers; no Merchant coordinate snapshot available""}"	[]	"{""status"": ""pending"", ""walkable_cells"": null, ""total_cells"": null, ""walkable_ratio"": null}"	"{""status"": ""pending"", ""walkable_cells"": null, ""total_cells"": null, ""walkable_ratio"": null}"	identity logical-grid coordinates	allowed-after-point-check	high	"{""relation"": ""same local map bytes"", ""hero_kill_sha256"": ""3cf4a876d71f78dbd45bbd49cc1a5bc32e5d5e3e0b5ee2165ccf1bfd6933f9b7"", ""zircon_sha256"": ""3cf4a876d71f78dbd45bbd49cc1a5bc32e5d5e3e0b5ee2165ccf1bfd6933f9b7""}"
D615	D615	/home/tetsuya/mir2ei/Map/D615.map	/home/tetsuya/mir2ei/Map/D615.map	"{""index"": 934, ""file"": ""D615"", ""description"": ""EI D615""}"	/home/tetsuya/development/zircon/Debug/ServerCore/Map/D615.map	exact	"{""hero_kill"": {""width"": 100, ""height"": 100}, ""zircon"": {""width"": 100, ""height"": 100}}"	"{""region_count"": 0, ""region_landmark_samples"": [], ""guard_count"": 0, ""guard_samples"": [], ""connected_maps"": [], ""coordinate_evidence"": ""MapRegion PointRegion centers; no Merchant coordinate snapshot available""}"	[]	"{""status"": ""pending"", ""walkable_cells"": null, ""total_cells"": null, ""walkable_ratio"": null}"	"{""status"": ""pending"", ""walkable_cells"": null, ""total_cells"": null, ""walkable_ratio"": null}"	identity logical-grid coordinates	allowed-after-point-check	high	"{""relation"": ""same local map bytes"", ""hero_kill_sha256"": ""ce52bf095ae84a53a383985273951dfde38e58e94c27cef18fc7f4784261548a"", ""zircon_sha256"": ""ce52bf095ae84a53a383985273951dfde38e58e94c27cef18fc7f4784261548a""}"
D616	D616	/home/tetsuya/mir2ei/Map/D616.map	/home/tetsuya/mir2ei/Map/D616.map	"{""index"": 935, ""file"": ""D616"", ""description"": ""EI D616""}"	/home/tetsuya/development/zircon/Debug/ServerCore/Map/D616.map	exact	"{""hero_kill"": {""width"": 100, ""height"": 100}, ""zircon"": {""width"": 100, ""height"": 100}}"	"{""region_count"": 0, ""region_landmark_samples"": [], ""guard_count"": 0, ""guard_samples"": [], ""connected_maps"": [], ""coordinate_evidence"": ""MapRegion PointRegion centers; no Merchant coordinate snapshot available""}"	[]	"{""status"": ""pending"", ""walkable_cells"": null, ""total_cells"": null, ""walkable_ratio"": null}"	"{""status"": ""pending"", ""walkable_cells"": null, ""total_cells"": null, ""walkable_ratio"": null}"	identity logical-grid coordinates	allowed-after-point-check	high	"{""relation"": ""same local map bytes"", ""hero_kill_sha256"": ""f43054d2a3f8c34a5df1c64b7dced23cf2e5196935c1b8b09c98e4a3512109d8"", ""zircon_sha256"": ""f43054d2a3f8c34a5df1c64b7dced23cf2e5196935c1b8b09c98e4a3512109d8""}"
D617	D617	/home/tetsuya/mir2ei/Map/D617.map	/home/tetsuya/mir2ei/Map/D617.map	"{""index"": 936, ""file"": ""D617"", ""description"": ""EI D617""}"	/home/tetsuya/development/zircon/Debug/ServerCore/Map/D617.map	exact	"{""hero_kill"": {""width"": 100, ""height"": 100}, ""zircon"": {""width"": 100, ""height"": 100}}"	"{""region_count"": 0, ""region_landmark_samples"": [], ""guard_count"": 0, ""guard_samples"": [], ""connected_maps"": [], ""coordinate_evidence"": ""MapRegion PointRegion centers; no Merchant coordinate snapshot available""}"	[]	"{""status"": ""pending"", ""walkable_cells"": null, ""total_cells"": null, ""walkable_ratio"": null}"	"{""status"": ""pending"", ""walkable_cells"": null, ""total_cells"": null, ""walkable_ratio"": null}"	identity logical-grid coordinates	allowed-after-point-check	high	"{""relation"": ""same local map bytes"", ""hero_kill_sha256"": ""eaf4dcec70052f90e73e4d3714af85528f723a6d3136462ab861a027ac8df801"", ""zircon_sha256"": ""eaf4dcec70052f90e73e4d3714af85528f723a6d3136462ab861a027ac8df801""}"
D618	D618	/home/tetsuya/mir2ei/Map/D618.map	/home/tetsuya/mir2ei/Map/D618.map	"{""index"": 937, ""file"": ""D618"", ""description"": ""EI D618""}"	/home/tetsuya/development/zircon/Debug/ServerCore/Map/D618.map	exact	"{""hero_kill"": {""width"": 200, ""height"": 200}, ""zircon"": {""width"": 200, ""height"": 200}}"	"{""region_count"": 0, ""region_landmark_samples"": [], ""guard_count"": 0, ""guard_samples"": [], ""connected_maps"": [], ""coordinate_evidence"": ""MapRegion PointRegion centers; no Merchant coordinate snapshot available""}"	[]	"{""status"": ""pending"", ""walkable_cells"": null, ""total_cells"": null, ""walkable_ratio"": null}"	"{""status"": ""pending"", ""walkable_cells"": null, ""total_cells"": null, ""walkable_ratio"": null}"	identity logical-grid coordinates	allowed-after-point-check	high	"{""relation"": ""same local map bytes"", ""hero_kill_sha256"": ""56ed9da7579042ea2ea714d90ef00cab86e71a718cdb96adb2fd98a2abe85e31"", ""zircon_sha256"": ""56ed9da7579042ea2ea714d90ef00cab86e71a718cdb96adb2fd98a2abe85e31""}"
D619	D619	/home/tetsuya/mir2ei/Map/D619.map	/home/tetsuya/mir2ei/Map/D619.map	"{""index"": 938, ""file"": ""D619"", ""description"": ""EI D619""}"	/home/tetsuya/development/zircon/Debug/ServerCore/Map/D619.map	exact	"{""hero_kill"": {""width"": 100, ""height"": 100}, ""zircon"": {""width"": 100, ""height"": 100}}"	"{""region_count"": 0, ""region_landmark_samples"": [], ""guard_count"": 0, ""guard_samples"": [], ""connected_maps"": [], ""coordinate_evidence"": ""MapRegion PointRegion centers; no Merchant coordinate snapshot available""}"	[]	"{""status"": ""pending"", ""walkable_cells"": null, ""total_cells"": null, ""walkable_ratio"": null}"	"{""status"": ""pending"", ""walkable_cells"": null, ""total_cells"": null, ""walkable_ratio"": null}"	identity logical-grid coordinates	allowed-after-point-check	high	"{""relation"": ""same local map bytes"", ""hero_kill_sha256"": ""3a7a92aff31a9a9c1cd4a9d5952902a649aafa63283c67366a209c9f1035bd5b"", ""zircon_sha256"": ""3a7a92aff31a9a9c1cd4a9d5952902a649aafa63283c67366a209c9f1035bd5b""}"
d7101	d7101	/home/tetsuya/mir2ei/Map/d7101.map	/home/tetsuya/mir2ei/Map/d7101.map	"{""index"": 939, ""file"": ""d7101"", ""description"": ""石阁入口""}"	/home/tetsuya/development/zircon/Debug/ServerCore/Map/d7101.map	exact	"{""hero_kill"": {""width"": 50, ""height"": 50}, ""zircon"": {""width"": 50, ""height"": 50}}"	"{""region_count"": 2, ""region_landmark_samples"": [""d7101 / Teleport Destination"", ""d7101 / Teleport Source""], ""guard_count"": 0, ""guard_samples"": [], ""connected_maps"": [""75""], ""coordinate_evidence"": ""MapRegion PointRegion centers; no Merchant coordinate snapshot available""}"	"[""d7101 / Teleport Destination"", ""d7101 / Teleport Source""]"	"{""status"": ""pass"", ""walkable_cells"": 614, ""total_cells"": 2500, ""walkable_ratio"": 0.2456}"	"{""status"": ""pass"", ""walkable_cells"": 614, ""total_cells"": 2500, ""walkable_ratio"": 0.2456}"	identity logical-grid coordinates	allowed-after-point-check	high	"{""relation"": ""same local map bytes"", ""hero_kill_sha256"": ""8000631d6b67d027d0be82d333b89b0b8a411429911671f0aaf1c1f70dfe2a18"", ""zircon_sha256"": ""8000631d6b67d027d0be82d333b89b0b8a411429911671f0aaf1c1f70dfe2a18""}"
d7102	d7102	/home/tetsuya/mir2ei/Map/d7102.map	/home/tetsuya/mir2ei/Map/d7102.map	"{""index"": 940, ""file"": ""d7102"", ""description"": ""石阁入口""}"	/home/tetsuya/development/zircon/Debug/ServerCore/Map/d7102.map	exact	"{""hero_kill"": {""width"": 50, ""height"": 50}, ""zircon"": {""width"": 50, ""height"": 50}}"	"{""region_count"": 0, ""region_landmark_samples"": [], ""guard_count"": 0, ""guard_samples"": [], ""connected_maps"": [], ""coordinate_evidence"": ""MapRegion PointRegion centers; no Merchant coordinate snapshot available""}"	[]	"{""status"": ""pass"", ""walkable_cells"": 614, ""total_cells"": 2500, ""walkable_ratio"": 0.2456}"	"{""status"": ""pass"", ""walkable_cells"": 614, ""total_cells"": 2500, ""walkable_ratio"": 0.2456}"	identity logical-grid coordinates	allowed-after-point-check	high	"{""relation"": ""same local map bytes"", ""hero_kill_sha256"": ""8000631d6b67d027d0be82d333b89b0b8a411429911671f0aaf1c1f70dfe2a18"", ""zircon_sha256"": ""8000631d6b67d027d0be82d333b89b0b8a411429911671f0aaf1c1f70dfe2a18""}"
d711	d711	/home/tetsuya/mir2ei/Map/d711.map	/home/tetsuya/mir2ei/Map/d711.map	"{""index"": 941, ""file"": ""d711"", ""description"": ""石阁1层""}"	/home/tetsuya/development/zircon/Debug/ServerCore/Map/d711.map	exact	"{""hero_kill"": {""width"": 400, ""height"": 400}, ""zircon"": {""width"": 400, ""height"": 400}}"	"{""region_count"": 5, ""region_landmark_samples"": [""d711 / Red Boar Spawn"", ""d711 / Black Boar Spawn"", ""d711 / Red Boar Spawn"", ""d711 / Black Boar Spawn"", ""d711 / Whitefang Spawn""], ""guard_count"": 0, ""guard_samples"": [], ""connected_maps"": [], ""coordinate_evidence"": ""MapRegion PointRegion centers; no Merchant coordinate snapshot available""}"	"[""d711 / Red Boar Spawn"", ""d711 / Black Boar Spawn"", ""d711 / Red Boar Spawn"", ""d711 / Black Boar Spawn"", ""d711 / Whitefang Spawn""]"	"{""status"": ""pass"", ""walkable_cells"": 55130, ""total_cells"": 160000, ""walkable_ratio"": 0.344562}"	"{""status"": ""pass"", ""walkable_cells"": 55130, ""total_cells"": 160000, ""walkable_ratio"": 0.344562}"	identity logical-grid coordinates	allowed-after-point-check	high	"{""relation"": ""same local map bytes"", ""hero_kill_sha256"": ""3743bfe096a1955229ed2579207d867a0b74b7e2db8d5b8e1a43f8e10f895ba7"", ""zircon_sha256"": ""3743bfe096a1955229ed2579207d867a0b74b7e2db8d5b8e1a43f8e10f895ba7""}"
d712	d712	/home/tetsuya/mir2ei/Map/d712.map	/home/tetsuya/mir2ei/Map/d712.map	"{""index"": 942, ""file"": ""d712"", ""description"": ""石阁2层""}"	/home/tetsuya/development/zircon/Debug/ServerCore/Map/d712.map	variant	"{""hero_kill"": {""width"": 400, ""height"": 400}, ""zircon"": {""width"": 400, ""height"": 400}}"	"{""region_count"": 15, ""region_landmark_samples"": [""d712 / Red Boar Spawn"", ""d712 / Black Boar Spawn"", ""d712 / Wedge Moth Spawn"", ""d712 / Red Boar Spawn"", ""d712 / Black Boar Spawn"", ""d712 / Whitefang Spawn"", ""d712 / Red Boar Spawn"", ""d712 / Black Boar Spawn"", ""d712 / Twin Tail Scorpion Spawn"", ""d712 / Wedge Moth Spawn"", ""d712 / Whitefang Spawn"", ""d712 / Teleport Destination"", ""d712 / Teleport Source"", ""d712 / Teleport Source"", ""d712 / Teleport Destination""], ""guard_count"": 0, ""guard_samples"": [], ""connected_maps"": [""02"", ""D717""], ""coordinate_evidence"": ""MapRegion PointRegion centers; no Merchant coordinate snapshot available""}"	"[""d712 / Red Boar Spawn"", ""d712 / Black Boar Spawn"", ""d712 / Wedge Moth Spawn"", ""d712 / Red Boar Spawn"", ""d712 / Black Boar Spawn"", ""d712 / Whitefang Spawn"", ""d712 / Red Boar Spawn"", ""d712 / Black Boar Spawn"", ""d712 / Twin Tail Scorpion Spawn"", ""d712 / Wedge Moth Spawn"", ""d712 / Whitefang Spawn"", ""d712 / Teleport Destination"", ""d712 / Teleport Source"", ""d712 / Teleport Source"", ""d712 / Teleport Destination""]"	"{""status"": ""pass"", ""walkable_cells"": 55074, ""total_cells"": 160000, ""walkable_ratio"": 0.344212}"	"{""status"": ""pass"", ""walkable_cells"": 55104, ""total_cells"": 160000, ""walkable_ratio"": 0.3444}"	pending landmark mapping; no blind coordinate reuse	blocked	low	"{""relation"": ""same dimensions, different map bytes"", ""hero_kill_sha256"": ""00e50621d4be85a8d956c6fa20e23df36ba6d0f4cd09bc7bcc65fa49eb4d889a"", ""zircon_sha256"": ""fcaef84aeef0dc2a035af2324dca1817627a53f0fecb3152907aed25afd59d11""}"
d713	d713	/home/tetsuya/mir2ei/Map/d713.map	/home/tetsuya/mir2ei/Map/d713.map	"{""index"": 943, ""file"": ""d713"", ""description"": ""石阁3层""}"	/home/tetsuya/development/zircon/Debug/ServerCore/Map/d713.map	exact	"{""hero_kill"": {""width"": 400, ""height"": 400}, ""zircon"": {""width"": 400, ""height"": 400}}"	"{""region_count"": 8, ""region_landmark_samples"": [""d713 / Red Boar Spawn"", ""d713 / Black Boar Spawn"", ""d713 / Wedge Moth Spawn"", ""d713 / Twin Tail Scorpion Spawn"", ""d713 / Red Boar Spawn"", ""d713 / Black Boar Spawn"", ""d713 / Twin Tail Scorpion Spawn"", ""d713 / Whitefang Spawn""], ""guard_count"": 0, ""guard_samples"": [], ""connected_maps"": [], ""coordinate_evidence"": ""MapRegion PointRegion centers; no Merchant coordinate snapshot available""}"	"[""d713 / Red Boar Spawn"", ""d713 / Black Boar Spawn"", ""d713 / Wedge Moth Spawn"", ""d713 / Twin Tail Scorpion Spawn"", ""d713 / Red Boar Spawn"", ""d713 / Black Boar Spawn"", ""d713 / Twin Tail Scorpion Spawn"", ""d713 / Whitefang Spawn""]"	"{""status"": ""pass"", ""walkable_cells"": 42207, ""total_cells"": 160000, ""walkable_ratio"": 0.263794}"	"{""status"": ""pass"", ""walkable_cells"": 42207, ""total_cells"": 160000, ""walkable_ratio"": 0.263794}"	identity logical-grid coordinates	allowed-after-point-check	high	"{""relation"": ""same local map bytes"", ""hero_kill_sha256"": ""46c227027d3fc8d37f023198f266ef7cba20f61a465284f7851217f5bd52ce9a"", ""zircon_sha256"": ""46c227027d3fc8d37f023198f266ef7cba20f61a465284f7851217f5bd52ce9a""}"
d714	d714	/home/tetsuya/mir2ei/Map/d714.map	/home/tetsuya/mir2ei/Map/d714.map	"{""index"": 944, ""file"": ""d714"", ""description"": ""石阁4层""}"	/home/tetsuya/development/zircon/Debug/ServerCore/Map/d714.map	exact	"{""hero_kill"": {""width"": 400, ""height"": 400}, ""zircon"": {""width"": 400, ""height"": 400}}"	"{""region_count"": 8, ""region_landmark_samples"": [""d714 / Red Boar Spawn"", ""d714 / Black Boar Spawn"", ""d714 / Wedge Moth Spawn"", ""d714 / Twin Tail Scorpion Spawn"", ""d714 / Red Boar Spawn"", ""d714 / Black Boar Spawn"", ""d714 / Twin Tail Scorpion Spawn"", ""d714 / Whitefang Spawn""], ""guard_count"": 0, ""guard_samples"": [], ""connected_maps"": [], ""coordinate_evidence"": ""MapRegion PointRegion centers; no Merchant coordinate snapshot available""}"	"[""d714 / Red Boar Spawn"", ""d714 / Black Boar Spawn"", ""d714 / Wedge Moth Spawn"", ""d714 / Twin Tail Scorpion Spawn"", ""d714 / Red Boar Spawn"", ""d714 / Black Boar Spawn"", ""d714 / Twin Tail Scorpion Spawn"", ""d714 / Whitefang Spawn""]"	"{""status"": ""pass"", ""walkable_cells"": 29404, ""total_cells"": 160000, ""walkable_ratio"": 0.183775}"	"{""status"": ""pass"", ""walkable_cells"": 29404, ""total_cells"": 160000, ""walkable_ratio"": 0.183775}"	identity logical-grid coordinates	allowed-after-point-check	high	"{""relation"": ""same local map bytes"", ""hero_kill_sha256"": ""d6b2a6dfe88bc18d59334d391ab96c27f2c01b9ceb4fdf1fe2206a2851af36bf"", ""zircon_sha256"": ""d6b2a6dfe88bc18d59334d391ab96c27f2c01b9ceb4fdf1fe2206a2851af36bf""}"
D715	D715	/home/tetsuya/mir2ei/Map/D715.map	/home/tetsuya/mir2ei/Map/D715.map	"{""index"": 945, ""file"": ""D715"", ""description"": ""石阁5层""}"	/home/tetsuya/development/zircon/Debug/ServerCore/Map/D715.map	exact	"{""hero_kill"": {""width"": 400, ""height"": 400}, ""zircon"": {""width"": 400, ""height"": 400}}"	"{""region_count"": 9, ""region_landmark_samples"": [""D715 / Red Boar Spawn"", ""D715 / Black Boar Spawn"", ""D715 / Twin Tail Scorpion Spawn"", ""D715 / Wedge Moth Spawn"", ""D715 / Red Boar Spawn"", ""D715 / Black Boar Spawn"", ""D715 / Twin Tail Scorpion Spawn"", ""D715 / Whitefang Spawn"", ""D715 / Teleport Source""], ""guard_count"": 0, ""guard_samples"": [], ""connected_maps"": [""D716""], ""coordinate_evidence"": ""MapRegion PointRegion centers; no Merchant coordinate snapshot available""}"	"[""D715 / Red Boar Spawn"", ""D715 / Black Boar Spawn"", ""D715 / Twin Tail Scorpion Spawn"", ""D715 / Wedge Moth Spawn"", ""D715 / Red Boar Spawn"", ""D715 / Black Boar Spawn"", ""D715 / Twin Tail Scorpion Spawn"", ""D715 / Whitefang Spawn"", ""D715 / Teleport Source""]"	"{""status"": ""pass"", ""walkable_cells"": 29870, ""total_cells"": 160000, ""walkable_ratio"": 0.186688}"	"{""status"": ""pass"", ""walkable_cells"": 29870, ""total_cells"": 160000, ""walkable_ratio"": 0.186688}"	identity logical-grid coordinates	allowed-after-point-check	high	"{""relation"": ""same local map bytes"", ""hero_kill_sha256"": ""a5398aa5368887e5c7aa0ac2aad105b7a0479b290167736ebbdbf18b97fb0977"", ""zircon_sha256"": ""a5398aa5368887e5c7aa0ac2aad105b7a0479b290167736ebbdbf18b97fb0977""}"
D716	D716	/home/tetsuya/mir2ei/Map/D716.map	/home/tetsuya/mir2ei/Map/D716.map	"{""index"": 946, ""file"": ""D716"", ""description"": ""石阁6层""}"	/home/tetsuya/development/zircon/Debug/ServerCore/Map/D716.map	exact	"{""hero_kill"": {""width"": 50, ""height"": 50}, ""zircon"": {""width"": 50, ""height"": 50}}"	"{""region_count"": 11, ""region_landmark_samples"": [""D716 / Red Boar Spawn"", ""D716 / Black Boar Spawn"", ""D716 / Red Boar Spawn"", ""D716 / Red Boar Spawn"", ""D716 / Black Boar Spawn"", ""D716 / Twin Tail Scorpion Spawn"", ""D716 / Black Boar Spawn"", ""D716 / Twin Tail Scorpion Spawn"", ""D716 / Twin Tail Scorpion Spawn"", ""D716 / Wedge Moth Spawn"", ""D716 / Teleport Destination""], ""guard_count"": 0, ""guard_samples"": [], ""connected_maps"": [""D715""], ""coordinate_evidence"": ""MapRegion PointRegion centers; no Merchant coordinate snapshot available""}"	"[""D716 / Red Boar Spawn"", ""D716 / Black Boar Spawn"", ""D716 / Red Boar Spawn"", ""D716 / Red Boar Spawn"", ""D716 / Black Boar Spawn"", ""D716 / Twin Tail Scorpion Spawn"", ""D716 / Black Boar Spawn"", ""D716 / Twin Tail Scorpion Spawn"", ""D716 / Twin Tail Scorpion Spawn"", ""D716 / Wedge Moth Spawn"", ""D716 / Teleport Destination""]"	"{""status"": ""pass"", ""walkable_cells"": 791, ""total_cells"": 2500, ""walkable_ratio"": 0.3164}"	"{""status"": ""pass"", ""walkable_cells"": 791, ""total_cells"": 2500, ""walkable_ratio"": 0.3164}"	identity logical-grid coordinates	allowed-after-point-check	high	"{""relation"": ""same local map bytes"", ""hero_kill_sha256"": ""9008bf1e7bb5148476e466bc4f64886644dd9fa090dbb590402c957681429ed9"", ""zircon_sha256"": ""9008bf1e7bb5148476e466bc4f64886644dd9fa090dbb590402c957681429ed9""}"
D71601	D71601	/home/tetsuya/mir2ei/Map/D71601.map	/home/tetsuya/mir2ei/Map/D71601.map	"{""index"": 947, ""file"": ""D71601"", ""description"": ""EI D71601""}"	/home/tetsuya/development/zircon/Debug/ServerCore/Map/D71601.map	exact	"{""hero_kill"": {""width"": 50, ""height"": 50}, ""zircon"": {""width"": 50, ""height"": 50}}"	"{""region_count"": 0, ""region_landmark_samples"": [], ""guard_count"": 0, ""guard_samples"": [], ""connected_maps"": [], ""coordinate_evidence"": ""MapRegion PointRegion centers; no Merchant coordinate snapshot available""}"	[]	"{""status"": ""pass"", ""walkable_cells"": 705, ""total_cells"": 2500, ""walkable_ratio"": 0.282}"	"{""status"": ""pass"", ""walkable_cells"": 705, ""total_cells"": 2500, ""walkable_ratio"": 0.282}"	identity logical-grid coordinates	allowed-after-point-check	high	"{""relation"": ""same local map bytes"", ""hero_kill_sha256"": ""1ff82dd79628c285ab5a67112fdb4cf89c20025d5b85a42cc87a949c795608d6"", ""zircon_sha256"": ""1ff82dd79628c285ab5a67112fdb4cf89c20025d5b85a42cc87a949c795608d6""}"
D71602	D71602	/home/tetsuya/mir2ei/Map/D71602.map	/home/tetsuya/mir2ei/Map/D71602.map	"{""index"": 948, ""file"": ""D71602"", ""description"": ""EI D71602""}"	/home/tetsuya/development/zircon/Debug/ServerCore/Map/D71602.map	exact	"{""hero_kill"": {""width"": 50, ""height"": 50}, ""zircon"": {""width"": 50, ""height"": 50}}"	"{""region_count"": 0, ""region_landmark_samples"": [], ""guard_count"": 0, ""guard_samples"": [], ""connected_maps"": [], ""coordinate_evidence"": ""MapRegion PointRegion centers; no Merchant coordinate snapshot available""}"	[]	"{""status"": ""pass"", ""walkable_cells"": 719, ""total_cells"": 2500, ""walkable_ratio"": 0.2876}"	"{""status"": ""pass"", ""walkable_cells"": 719, ""total_cells"": 2500, ""walkable_ratio"": 0.2876}"	identity logical-grid coordinates	allowed-after-point-check	high	"{""relation"": ""same local map bytes"", ""hero_kill_sha256"": ""5c138d44aee4e3bb6302daf6a1696caab8d3a6d803b6be4192c59a1e0a91adaa"", ""zircon_sha256"": ""5c138d44aee4e3bb6302daf6a1696caab8d3a6d803b6be4192c59a1e0a91adaa""}"
D71603	D71603	/home/tetsuya/mir2ei/Map/D71603.map	/home/tetsuya/mir2ei/Map/D71603.map	"{""index"": 949, ""file"": ""D71603"", ""description"": ""EI D71603""}"	/home/tetsuya/development/zircon/Debug/ServerCore/Map/D71603.map	exact	"{""hero_kill"": {""width"": 50, ""height"": 50}, ""zircon"": {""width"": 50, ""height"": 50}}"	"{""region_count"": 0, ""region_landmark_samples"": [], ""guard_count"": 0, ""guard_samples"": [], ""connected_maps"": [], ""coordinate_evidence"": ""MapRegion PointRegion centers; no Merchant coordinate snapshot available""}"	[]	"{""status"": ""pass"", ""walkable_cells"": 719, ""total_cells"": 2500, ""walkable_ratio"": 0.2876}"	"{""status"": ""pass"", ""walkable_cells"": 719, ""total_cells"": 2500, ""walkable_ratio"": 0.2876}"	identity logical-grid coordinates	allowed-after-point-check	high	"{""relation"": ""same local map bytes"", ""hero_kill_sha256"": ""5c138d44aee4e3bb6302daf6a1696caab8d3a6d803b6be4192c59a1e0a91adaa"", ""zircon_sha256"": ""5c138d44aee4e3bb6302daf6a1696caab8d3a6d803b6be4192c59a1e0a91adaa""}"
D71604	D71604	/home/tetsuya/mir2ei/Map/D71604.map	/home/tetsuya/mir2ei/Map/D71604.map	"{""index"": 950, ""file"": ""D71604"", ""description"": ""EI D71604""}"	/home/tetsuya/development/zircon/Debug/ServerCore/Map/D71604.map	exact	"{""hero_kill"": {""width"": 50, ""height"": 50}, ""zircon"": {""width"": 50, ""height"": 50}}"	"{""region_count"": 0, ""region_landmark_samples"": [], ""guard_count"": 0, ""guard_samples"": [], ""connected_maps"": [], ""coordinate_evidence"": ""MapRegion PointRegion centers; no Merchant coordinate snapshot available""}"	[]	"{""status"": ""pass"", ""walkable_cells"": 719, ""total_cells"": 2500, ""walkable_ratio"": 0.2876}"	"{""status"": ""pass"", ""walkable_cells"": 719, ""total_cells"": 2500, ""walkable_ratio"": 0.2876}"	identity logical-grid coordinates	allowed-after-point-check	high	"{""relation"": ""same local map bytes"", ""hero_kill_sha256"": ""5c138d44aee4e3bb6302daf6a1696caab8d3a6d803b6be4192c59a1e0a91adaa"", ""zircon_sha256"": ""5c138d44aee4e3bb6302daf6a1696caab8d3a6d803b6be4192c59a1e0a91adaa""}"
D71605	D71605	/home/tetsuya/mir2ei/Map/D71605.map	/home/tetsuya/mir2ei/Map/D71605.map	"{""index"": 951, ""file"": ""D71605"", ""description"": ""EI D71605""}"	/home/tetsuya/development/zircon/Debug/ServerCore/Map/D71605.map	exact	"{""hero_kill"": {""width"": 50, ""height"": 50}, ""zircon"": {""width"": 50, ""height"": 50}}"	"{""region_count"": 0, ""region_landmark_samples"": [], ""guard_count"": 0, ""guard_samples"": [], ""connected_maps"": [], ""coordinate_evidence"": ""MapRegion PointRegion centers; no Merchant coordinate snapshot available""}"	[]	"{""status"": ""pass"", ""walkable_cells"": 719, ""total_cells"": 2500, ""walkable_ratio"": 0.2876}"	"{""status"": ""pass"", ""walkable_cells"": 719, ""total_cells"": 2500, ""walkable_ratio"": 0.2876}"	identity logical-grid coordinates	allowed-after-point-check	high	"{""relation"": ""same local map bytes"", ""hero_kill_sha256"": ""5c138d44aee4e3bb6302daf6a1696caab8d3a6d803b6be4192c59a1e0a91adaa"", ""zircon_sha256"": ""5c138d44aee4e3bb6302daf6a1696caab8d3a6d803b6be4192c59a1e0a91adaa""}"
D71606	D71606	/home/tetsuya/mir2ei/Map/D71606.map	/home/tetsuya/mir2ei/Map/D71606.map	"{""index"": 952, ""file"": ""D71606"", ""description"": ""EI D71606""}"	/home/tetsuya/development/zircon/Debug/ServerCore/Map/D71606.map	exact	"{""hero_kill"": {""width"": 50, ""height"": 50}, ""zircon"": {""width"": 50, ""height"": 50}}"	"{""region_count"": 0, ""region_landmark_samples"": [], ""guard_count"": 0, ""guard_samples"": [], ""connected_maps"": [], ""coordinate_evidence"": ""MapRegion PointRegion centers; no Merchant coordinate snapshot available""}"	[]	"{""status"": ""pass"", ""walkable_cells"": 719, ""total_cells"": 2500, ""walkable_ratio"": 0.2876}"	"{""status"": ""pass"", ""walkable_cells"": 719, ""total_cells"": 2500, ""walkable_ratio"": 0.2876}"	identity logical-grid coordinates	allowed-after-point-check	high	"{""relation"": ""same local map bytes"", ""hero_kill_sha256"": ""5c138d44aee4e3bb6302daf6a1696caab8d3a6d803b6be4192c59a1e0a91adaa"", ""zircon_sha256"": ""5c138d44aee4e3bb6302daf6a1696caab8d3a6d803b6be4192c59a1e0a91adaa""}"
D71607	D71607	/home/tetsuya/mir2ei/Map/D71607.map	/home/tetsuya/mir2ei/Map/D71607.map	"{""index"": 953, ""file"": ""D71607"", ""description"": ""EI D71607""}"	/home/tetsuya/development/zircon/Debug/ServerCore/Map/D71607.map	exact	"{""hero_kill"": {""width"": 50, ""height"": 50}, ""zircon"": {""width"": 50, ""height"": 50}}"	"{""region_count"": 0, ""region_landmark_samples"": [], ""guard_count"": 0, ""guard_samples"": [], ""connected_maps"": [], ""coordinate_evidence"": ""MapRegion PointRegion centers; no Merchant coordinate snapshot available""}"	[]	"{""status"": ""pass"", ""walkable_cells"": 719, ""total_cells"": 2500, ""walkable_ratio"": 0.2876}"	"{""status"": ""pass"", ""walkable_cells"": 719, ""total_cells"": 2500, ""walkable_ratio"": 0.2876}"	identity logical-grid coordinates	allowed-after-point-check	high	"{""relation"": ""same local map bytes"", ""hero_kill_sha256"": ""5c138d44aee4e3bb6302daf6a1696caab8d3a6d803b6be4192c59a1e0a91adaa"", ""zircon_sha256"": ""5c138d44aee4e3bb6302daf6a1696caab8d3a6d803b6be4192c59a1e0a91adaa""}"
D71608	D71608	/home/tetsuya/mir2ei/Map/D71608.map	/home/tetsuya/mir2ei/Map/D71608.map	"{""index"": 954, ""file"": ""D71608"", ""description"": ""EI D71608""}"	/home/tetsuya/development/zircon/Debug/ServerCore/Map/D71608.map	exact	"{""hero_kill"": {""width"": 50, ""height"": 50}, ""zircon"": {""width"": 50, ""height"": 50}}"	"{""region_count"": 0, ""region_landmark_samples"": [], ""guard_count"": 0, ""guard_samples"": [], ""connected_maps"": [], ""coordinate_evidence"": ""MapRegion PointRegion centers; no Merchant coordinate snapshot available""}"	[]	"{""status"": ""pass"", ""walkable_cells"": 719, ""total_cells"": 2500, ""walkable_ratio"": 0.2876}"	"{""status"": ""pass"", ""walkable_cells"": 719, ""total_cells"": 2500, ""walkable_ratio"": 0.2876}"	identity logical-grid coordinates	allowed-after-point-check	high	"{""relation"": ""same local map bytes"", ""hero_kill_sha256"": ""5c138d44aee4e3bb6302daf6a1696caab8d3a6d803b6be4192c59a1e0a91adaa"", ""zircon_sha256"": ""5c138d44aee4e3bb6302daf6a1696caab8d3a6d803b6be4192c59a1e0a91adaa""}"
D71609	D71609	/home/tetsuya/mir2ei/Map/D71609.map	/home/tetsuya/mir2ei/Map/D71609.map	"{""index"": 955, ""file"": ""D71609"", ""description"": ""EI D71609""}"	/home/tetsuya/development/zircon/Debug/ServerCore/Map/D71609.map	exact	"{""hero_kill"": {""width"": 50, ""height"": 50}, ""zircon"": {""width"": 50, ""height"": 50}}"	"{""region_count"": 0, ""region_landmark_samples"": [], ""guard_count"": 0, ""guard_samples"": [], ""connected_maps"": [], ""coordinate_evidence"": ""MapRegion PointRegion centers; no Merchant coordinate snapshot available""}"	[]	"{""status"": ""pass"", ""walkable_cells"": 719, ""total_cells"": 2500, ""walkable_ratio"": 0.2876}"	"{""status"": ""pass"", ""walkable_cells"": 719, ""total_cells"": 2500, ""walkable_ratio"": 0.2876}"	identity logical-grid coordinates	allowed-after-point-check	high	"{""relation"": ""same local map bytes"", ""hero_kill_sha256"": ""5c138d44aee4e3bb6302daf6a1696caab8d3a6d803b6be4192c59a1e0a91adaa"", ""zircon_sha256"": ""5c138d44aee4e3bb6302daf6a1696caab8d3a6d803b6be4192c59a1e0a91adaa""}"
D71610	D71610	/home/tetsuya/mir2ei/Map/D71610.map	/home/tetsuya/mir2ei/Map/D71610.map	"{""index"": 956, ""file"": ""D71610"", ""description"": ""EI D71610""}"	/home/tetsuya/development/zircon/Debug/ServerCore/Map/D71610.map	exact	"{""hero_kill"": {""width"": 50, ""height"": 50}, ""zircon"": {""width"": 50, ""height"": 50}}"	"{""region_count"": 0, ""region_landmark_samples"": [], ""guard_count"": 0, ""guard_samples"": [], ""connected_maps"": [], ""coordinate_evidence"": ""MapRegion PointRegion centers; no Merchant coordinate snapshot available""}"	[]	"{""status"": ""pass"", ""walkable_cells"": 719, ""total_cells"": 2500, ""walkable_ratio"": 0.2876}"	"{""status"": ""pass"", ""walkable_cells"": 719, ""total_cells"": 2500, ""walkable_ratio"": 0.2876}"	identity logical-grid coordinates	allowed-after-point-check	high	"{""relation"": ""same local map bytes"", ""hero_kill_sha256"": ""5c138d44aee4e3bb6302daf6a1696caab8d3a6d803b6be4192c59a1e0a91adaa"", ""zircon_sha256"": ""5c138d44aee4e3bb6302daf6a1696caab8d3a6d803b6be4192c59a1e0a91adaa""}"
D71611	D71611	/home/tetsuya/mir2ei/Map/D71611.map	/home/tetsuya/mir2ei/Map/D71611.map	"{""index"": 957, ""file"": ""D71611"", ""description"": ""EI D71611""}"	/home/tetsuya/development/zircon/Debug/ServerCore/Map/D71611.map	exact	"{""hero_kill"": {""width"": 50, ""height"": 50}, ""zircon"": {""width"": 50, ""height"": 50}}"	"{""region_count"": 0, ""region_landmark_samples"": [], ""guard_count"": 0, ""guard_samples"": [], ""connected_maps"": [], ""coordinate_evidence"": ""MapRegion PointRegion centers; no Merchant coordinate snapshot available""}"	[]	"{""status"": ""pass"", ""walkable_cells"": 719, ""total_cells"": 2500, ""walkable_ratio"": 0.2876}"	"{""status"": ""pass"", ""walkable_cells"": 719, ""total_cells"": 2500, ""walkable_ratio"": 0.2876}"	identity logical-grid coordinates	allowed-after-point-check	high	"{""relation"": ""same local map bytes"", ""hero_kill_sha256"": ""5c138d44aee4e3bb6302daf6a1696caab8d3a6d803b6be4192c59a1e0a91adaa"", ""zircon_sha256"": ""5c138d44aee4e3bb6302daf6a1696caab8d3a6d803b6be4192c59a1e0a91adaa""}"
D71612	D71612	/home/tetsuya/mir2ei/Map/D71612.map	/home/tetsuya/mir2ei/Map/D71612.map	"{""index"": 958, ""file"": ""D71612"", ""description"": ""EI D71612""}"	/home/tetsuya/development/zircon/Debug/ServerCore/Map/D71612.map	exact	"{""hero_kill"": {""width"": 50, ""height"": 50}, ""zircon"": {""width"": 50, ""height"": 50}}"	"{""region_count"": 0, ""region_landmark_samples"": [], ""guard_count"": 0, ""guard_samples"": [], ""connected_maps"": [], ""coordinate_evidence"": ""MapRegion PointRegion centers; no Merchant coordinate snapshot available""}"	[]	"{""status"": ""pass"", ""walkable_cells"": 719, ""total_cells"": 2500, ""walkable_ratio"": 0.2876}"	"{""status"": ""pass"", ""walkable_cells"": 719, ""total_cells"": 2500, ""walkable_ratio"": 0.2876}"	identity logical-grid coordinates	allowed-after-point-check	high	"{""relation"": ""same local map bytes"", ""hero_kill_sha256"": ""5c138d44aee4e3bb6302daf6a1696caab8d3a6d803b6be4192c59a1e0a91adaa"", ""zircon_sha256"": ""5c138d44aee4e3bb6302daf6a1696caab8d3a6d803b6be4192c59a1e0a91adaa""}"
D71613	D71613	/home/tetsuya/mir2ei/Map/D71613.map	/home/tetsuya/mir2ei/Map/D71613.map	"{""index"": 959, ""file"": ""D71613"", ""description"": ""EI D71613""}"	/home/tetsuya/development/zircon/Debug/ServerCore/Map/D71613.map	exact	"{""hero_kill"": {""width"": 50, ""height"": 50}, ""zircon"": {""width"": 50, ""height"": 50}}"	"{""region_count"": 0, ""region_landmark_samples"": [], ""guard_count"": 0, ""guard_samples"": [], ""connected_maps"": [], ""coordinate_evidence"": ""MapRegion PointRegion centers; no Merchant coordinate snapshot available""}"	[]	"{""status"": ""pass"", ""walkable_cells"": 719, ""total_cells"": 2500, ""walkable_ratio"": 0.2876}"	"{""status"": ""pass"", ""walkable_cells"": 719, ""total_cells"": 2500, ""walkable_ratio"": 0.2876}"	identity logical-grid coordinates	allowed-after-point-check	high	"{""relation"": ""same local map bytes"", ""hero_kill_sha256"": ""5c138d44aee4e3bb6302daf6a1696caab8d3a6d803b6be4192c59a1e0a91adaa"", ""zircon_sha256"": ""5c138d44aee4e3bb6302daf6a1696caab8d3a6d803b6be4192c59a1e0a91adaa""}"
D71614	D71614	/home/tetsuya/mir2ei/Map/D71614.map	/home/tetsuya/mir2ei/Map/D71614.map	"{""index"": 960, ""file"": ""D71614"", ""description"": ""EI D71614""}"	/home/tetsuya/development/zircon/Debug/ServerCore/Map/D71614.map	exact	"{""hero_kill"": {""width"": 50, ""height"": 50}, ""zircon"": {""width"": 50, ""height"": 50}}"	"{""region_count"": 0, ""region_landmark_samples"": [], ""guard_count"": 0, ""guard_samples"": [], ""connected_maps"": [], ""coordinate_evidence"": ""MapRegion PointRegion centers; no Merchant coordinate snapshot available""}"	[]	"{""status"": ""pass"", ""walkable_cells"": 719, ""total_cells"": 2500, ""walkable_ratio"": 0.2876}"	"{""status"": ""pass"", ""walkable_cells"": 719, ""total_cells"": 2500, ""walkable_ratio"": 0.2876}"	identity logical-grid coordinates	allowed-after-point-check	high	"{""relation"": ""same local map bytes"", ""hero_kill_sha256"": ""5c138d44aee4e3bb6302daf6a1696caab8d3a6d803b6be4192c59a1e0a91adaa"", ""zircon_sha256"": ""5c138d44aee4e3bb6302daf6a1696caab8d3a6d803b6be4192c59a1e0a91adaa""}"
D71615	D71615	/home/tetsuya/mir2ei/Map/D71615.map	/home/tetsuya/mir2ei/Map/D71615.map	"{""index"": 961, ""file"": ""D71615"", ""description"": ""EI D71615""}"	/home/tetsuya/development/zircon/Debug/ServerCore/Map/D71615.map	exact	"{""hero_kill"": {""width"": 50, ""height"": 50}, ""zircon"": {""width"": 50, ""height"": 50}}"	"{""region_count"": 0, ""region_landmark_samples"": [], ""guard_count"": 0, ""guard_samples"": [], ""connected_maps"": [], ""coordinate_evidence"": ""MapRegion PointRegion centers; no Merchant coordinate snapshot available""}"	[]	"{""status"": ""pass"", ""walkable_cells"": 719, ""total_cells"": 2500, ""walkable_ratio"": 0.2876}"	"{""status"": ""pass"", ""walkable_cells"": 719, ""total_cells"": 2500, ""walkable_ratio"": 0.2876}"	identity logical-grid coordinates	allowed-after-point-check	high	"{""relation"": ""same local map bytes"", ""hero_kill_sha256"": ""5c138d44aee4e3bb6302daf6a1696caab8d3a6d803b6be4192c59a1e0a91adaa"", ""zircon_sha256"": ""5c138d44aee4e3bb6302daf6a1696caab8d3a6d803b6be4192c59a1e0a91adaa""}"
D71616	D71616	/home/tetsuya/mir2ei/Map/D71616.map	/home/tetsuya/mir2ei/Map/D71616.map	"{""index"": 962, ""file"": ""D71616"", ""description"": ""EI D71616""}"	/home/tetsuya/development/zircon/Debug/ServerCore/Map/D71616.map	exact	"{""hero_kill"": {""width"": 50, ""height"": 50}, ""zircon"": {""width"": 50, ""height"": 50}}"	"{""region_count"": 0, ""region_landmark_samples"": [], ""guard_count"": 0, ""guard_samples"": [], ""connected_maps"": [], ""coordinate_evidence"": ""MapRegion PointRegion centers; no Merchant coordinate snapshot available""}"	[]	"{""status"": ""pass"", ""walkable_cells"": 719, ""total_cells"": 2500, ""walkable_ratio"": 0.2876}"	"{""status"": ""pass"", ""walkable_cells"": 719, ""total_cells"": 2500, ""walkable_ratio"": 0.2876}"	identity logical-grid coordinates	allowed-after-point-check	high	"{""relation"": ""same local map bytes"", ""hero_kill_sha256"": ""5c138d44aee4e3bb6302daf6a1696caab8d3a6d803b6be4192c59a1e0a91adaa"", ""zircon_sha256"": ""5c138d44aee4e3bb6302daf6a1696caab8d3a6d803b6be4192c59a1e0a91adaa""}"
D71617	D71617	/home/tetsuya/mir2ei/Map/D71617.map	/home/tetsuya/mir2ei/Map/D71617.map	"{""index"": 963, ""file"": ""D71617"", ""description"": ""EI D71617""}"	/home/tetsuya/development/zircon/Debug/ServerCore/Map/D71617.map	exact	"{""hero_kill"": {""width"": 50, ""height"": 50}, ""zircon"": {""width"": 50, ""height"": 50}}"	"{""region_count"": 0, ""region_landmark_samples"": [], ""guard_count"": 0, ""guard_samples"": [], ""connected_maps"": [], ""coordinate_evidence"": ""MapRegion PointRegion centers; no Merchant coordinate snapshot available""}"	[]	"{""status"": ""pass"", ""walkable_cells"": 719, ""total_cells"": 2500, ""walkable_ratio"": 0.2876}"	"{""status"": ""pass"", ""walkable_cells"": 719, ""total_cells"": 2500, ""walkable_ratio"": 0.2876}"	identity logical-grid coordinates	allowed-after-point-check	high	"{""relation"": ""same local map bytes"", ""hero_kill_sha256"": ""5c138d44aee4e3bb6302daf6a1696caab8d3a6d803b6be4192c59a1e0a91adaa"", ""zircon_sha256"": ""5c138d44aee4e3bb6302daf6a1696caab8d3a6d803b6be4192c59a1e0a91adaa""}"
D71618	D71618	/home/tetsuya/mir2ei/Map/D71618.map	/home/tetsuya/mir2ei/Map/D71618.map	"{""index"": 964, ""file"": ""D71618"", ""description"": ""EI D71618""}"	/home/tetsuya/development/zircon/Debug/ServerCore/Map/D71618.map	exact	"{""hero_kill"": {""width"": 50, ""height"": 50}, ""zircon"": {""width"": 50, ""height"": 50}}"	"{""region_count"": 0, ""region_landmark_samples"": [], ""guard_count"": 0, ""guard_samples"": [], ""connected_maps"": [], ""coordinate_evidence"": ""MapRegion PointRegion centers; no Merchant coordinate snapshot available""}"	[]	"{""status"": ""pass"", ""walkable_cells"": 719, ""total_cells"": 2500, ""walkable_ratio"": 0.2876}"	"{""status"": ""pass"", ""walkable_cells"": 719, ""total_cells"": 2500, ""walkable_ratio"": 0.2876}"	identity logical-grid coordinates	allowed-after-point-check	high	"{""relation"": ""same local map bytes"", ""hero_kill_sha256"": ""5c138d44aee4e3bb6302daf6a1696caab8d3a6d803b6be4192c59a1e0a91adaa"", ""zircon_sha256"": ""5c138d44aee4e3bb6302daf6a1696caab8d3a6d803b6be4192c59a1e0a91adaa""}"
D71619	D71619	/home/tetsuya/mir2ei/Map/D71619.map	/home/tetsuya/mir2ei/Map/D71619.map	"{""index"": 965, ""file"": ""D71619"", ""description"": ""EI D71619""}"	/home/tetsuya/development/zircon/Debug/ServerCore/Map/D71619.map	exact	"{""hero_kill"": {""width"": 50, ""height"": 50}, ""zircon"": {""width"": 50, ""height"": 50}}"	"{""region_count"": 0, ""region_landmark_samples"": [], ""guard_count"": 0, ""guard_samples"": [], ""connected_maps"": [], ""coordinate_evidence"": ""MapRegion PointRegion centers; no Merchant coordinate snapshot available""}"	[]	"{""status"": ""pass"", ""walkable_cells"": 719, ""total_cells"": 2500, ""walkable_ratio"": 0.2876}"	"{""status"": ""pass"", ""walkable_cells"": 719, ""total_cells"": 2500, ""walkable_ratio"": 0.2876}"	identity logical-grid coordinates	allowed-after-point-check	high	"{""relation"": ""same local map bytes"", ""hero_kill_sha256"": ""5c138d44aee4e3bb6302daf6a1696caab8d3a6d803b6be4192c59a1e0a91adaa"", ""zircon_sha256"": ""5c138d44aee4e3bb6302daf6a1696caab8d3a6d803b6be4192c59a1e0a91adaa""}"
D71620	D71620	/home/tetsuya/mir2ei/Map/D71620.map	/home/tetsuya/mir2ei/Map/D71620.map	"{""index"": 966, ""file"": ""D71620"", ""description"": ""EI D71620""}"	/home/tetsuya/development/zircon/Debug/ServerCore/Map/D71620.map	exact	"{""hero_kill"": {""width"": 50, ""height"": 50}, ""zircon"": {""width"": 50, ""height"": 50}}"	"{""region_count"": 0, ""region_landmark_samples"": [], ""guard_count"": 0, ""guard_samples"": [], ""connected_maps"": [], ""coordinate_evidence"": ""MapRegion PointRegion centers; no Merchant coordinate snapshot available""}"	[]	"{""status"": ""pass"", ""walkable_cells"": 719, ""total_cells"": 2500, ""walkable_ratio"": 0.2876}"	"{""status"": ""pass"", ""walkable_cells"": 719, ""total_cells"": 2500, ""walkable_ratio"": 0.2876}"	identity logical-grid coordinates	allowed-after-point-check	high	"{""relation"": ""same local map bytes"", ""hero_kill_sha256"": ""5c138d44aee4e3bb6302daf6a1696caab8d3a6d803b6be4192c59a1e0a91adaa"", ""zircon_sha256"": ""5c138d44aee4e3bb6302daf6a1696caab8d3a6d803b6be4192c59a1e0a91adaa""}"
D71621	D71621	/home/tetsuya/mir2ei/Map/D71621.map	/home/tetsuya/mir2ei/Map/D71621.map	"{""index"": 967, ""file"": ""D71621"", ""description"": ""EI D71621""}"	/home/tetsuya/development/zircon/Debug/ServerCore/Map/D71621.map	exact	"{""hero_kill"": {""width"": 50, ""height"": 50}, ""zircon"": {""width"": 50, ""height"": 50}}"	"{""region_count"": 0, ""region_landmark_samples"": [], ""guard_count"": 0, ""guard_samples"": [], ""connected_maps"": [], ""coordinate_evidence"": ""MapRegion PointRegion centers; no Merchant coordinate snapshot available""}"	[]	"{""status"": ""pass"", ""walkable_cells"": 719, ""total_cells"": 2500, ""walkable_ratio"": 0.2876}"	"{""status"": ""pass"", ""walkable_cells"": 719, ""total_cells"": 2500, ""walkable_ratio"": 0.2876}"	identity logical-grid coordinates	allowed-after-point-check	high	"{""relation"": ""same local map bytes"", ""hero_kill_sha256"": ""5c138d44aee4e3bb6302daf6a1696caab8d3a6d803b6be4192c59a1e0a91adaa"", ""zircon_sha256"": ""5c138d44aee4e3bb6302daf6a1696caab8d3a6d803b6be4192c59a1e0a91adaa""}"
D71622	D71622	/home/tetsuya/mir2ei/Map/D71622.map	/home/tetsuya/mir2ei/Map/D71622.map	"{""index"": 968, ""file"": ""D71622"", ""description"": ""EI D71622""}"	/home/tetsuya/development/zircon/Debug/ServerCore/Map/D71622.map	exact	"{""hero_kill"": {""width"": 50, ""height"": 50}, ""zircon"": {""width"": 50, ""height"": 50}}"	"{""region_count"": 0, ""region_landmark_samples"": [], ""guard_count"": 0, ""guard_samples"": [], ""connected_maps"": [], ""coordinate_evidence"": ""MapRegion PointRegion centers; no Merchant coordinate snapshot available""}"	[]	"{""status"": ""pass"", ""walkable_cells"": 719, ""total_cells"": 2500, ""walkable_ratio"": 0.2876}"	"{""status"": ""pass"", ""walkable_cells"": 719, ""total_cells"": 2500, ""walkable_ratio"": 0.2876}"	identity logical-grid coordinates	allowed-after-point-check	high	"{""relation"": ""same local map bytes"", ""hero_kill_sha256"": ""5c138d44aee4e3bb6302daf6a1696caab8d3a6d803b6be4192c59a1e0a91adaa"", ""zircon_sha256"": ""5c138d44aee4e3bb6302daf6a1696caab8d3a6d803b6be4192c59a1e0a91adaa""}"
D71623	D71623	/home/tetsuya/mir2ei/Map/D71623.map	/home/tetsuya/mir2ei/Map/D71623.map	"{""index"": 969, ""file"": ""D71623"", ""description"": ""EI D71623""}"	/home/tetsuya/development/zircon/Debug/ServerCore/Map/D71623.map	exact	"{""hero_kill"": {""width"": 50, ""height"": 50}, ""zircon"": {""width"": 50, ""height"": 50}}"	"{""region_count"": 0, ""region_landmark_samples"": [], ""guard_count"": 0, ""guard_samples"": [], ""connected_maps"": [], ""coordinate_evidence"": ""MapRegion PointRegion centers; no Merchant coordinate snapshot available""}"	[]	"{""status"": ""pass"", ""walkable_cells"": 719, ""total_cells"": 2500, ""walkable_ratio"": 0.2876}"	"{""status"": ""pass"", ""walkable_cells"": 719, ""total_cells"": 2500, ""walkable_ratio"": 0.2876}"	identity logical-grid coordinates	allowed-after-point-check	high	"{""relation"": ""same local map bytes"", ""hero_kill_sha256"": ""5c138d44aee4e3bb6302daf6a1696caab8d3a6d803b6be4192c59a1e0a91adaa"", ""zircon_sha256"": ""5c138d44aee4e3bb6302daf6a1696caab8d3a6d803b6be4192c59a1e0a91adaa""}"
D71624	D71624	/home/tetsuya/mir2ei/Map/D71624.map	/home/tetsuya/mir2ei/Map/D71624.map	"{""index"": 970, ""file"": ""D71624"", ""description"": ""EI D71624""}"	/home/tetsuya/development/zircon/Debug/ServerCore/Map/D71624.map	exact	"{""hero_kill"": {""width"": 50, ""height"": 50}, ""zircon"": {""width"": 50, ""height"": 50}}"	"{""region_count"": 0, ""region_landmark_samples"": [], ""guard_count"": 0, ""guard_samples"": [], ""connected_maps"": [], ""coordinate_evidence"": ""MapRegion PointRegion centers; no Merchant coordinate snapshot available""}"	[]	"{""status"": ""pass"", ""walkable_cells"": 719, ""total_cells"": 2500, ""walkable_ratio"": 0.2876}"	"{""status"": ""pass"", ""walkable_cells"": 719, ""total_cells"": 2500, ""walkable_ratio"": 0.2876}"	identity logical-grid coordinates	allowed-after-point-check	high	"{""relation"": ""same local map bytes"", ""hero_kill_sha256"": ""5c138d44aee4e3bb6302daf6a1696caab8d3a6d803b6be4192c59a1e0a91adaa"", ""zircon_sha256"": ""5c138d44aee4e3bb6302daf6a1696caab8d3a6d803b6be4192c59a1e0a91adaa""}"
D71625	D71625	/home/tetsuya/mir2ei/Map/D71625.map	/home/tetsuya/mir2ei/Map/D71625.map	"{""index"": 971, ""file"": ""D71625"", ""description"": ""EI D71625""}"	/home/tetsuya/development/zircon/Debug/ServerCore/Map/D71625.map	exact	"{""hero_kill"": {""width"": 50, ""height"": 50}, ""zircon"": {""width"": 50, ""height"": 50}}"	"{""region_count"": 0, ""region_landmark_samples"": [], ""guard_count"": 0, ""guard_samples"": [], ""connected_maps"": [], ""coordinate_evidence"": ""MapRegion PointRegion centers; no Merchant coordinate snapshot available""}"	[]	"{""status"": ""pass"", ""walkable_cells"": 719, ""total_cells"": 2500, ""walkable_ratio"": 0.2876}"	"{""status"": ""pass"", ""walkable_cells"": 719, ""total_cells"": 2500, ""walkable_ratio"": 0.2876}"	identity logical-grid coordinates	allowed-after-point-check	high	"{""relation"": ""same local map bytes"", ""hero_kill_sha256"": ""5c138d44aee4e3bb6302daf6a1696caab8d3a6d803b6be4192c59a1e0a91adaa"", ""zircon_sha256"": ""5c138d44aee4e3bb6302daf6a1696caab8d3a6d803b6be4192c59a1e0a91adaa""}"
D71650	D71650	/home/tetsuya/mir2ei/Map/D71650.map	/home/tetsuya/mir2ei/Map/D71650.map	"{""index"": 972, ""file"": ""D71650"", ""description"": ""EI D71650""}"	/home/tetsuya/development/zircon/Debug/ServerCore/Map/D71650.map	exact	"{""hero_kill"": {""width"": 50, ""height"": 50}, ""zircon"": {""width"": 50, ""height"": 50}}"	"{""region_count"": 0, ""region_landmark_samples"": [], ""guard_count"": 0, ""guard_samples"": [], ""connected_maps"": [], ""coordinate_evidence"": ""MapRegion PointRegion centers; no Merchant coordinate snapshot available""}"	[]	"{""status"": ""pass"", ""walkable_cells"": 708, ""total_cells"": 2500, ""walkable_ratio"": 0.2832}"	"{""status"": ""pass"", ""walkable_cells"": 708, ""total_cells"": 2500, ""walkable_ratio"": 0.2832}"	identity logical-grid coordinates	allowed-after-point-check	high	"{""relation"": ""same local map bytes"", ""hero_kill_sha256"": ""b5d11415efaf948d29b0b76285c5ffae33115be87d481f92f83c18ad55523ff1"", ""zircon_sha256"": ""b5d11415efaf948d29b0b76285c5ffae33115be87d481f92f83c18ad55523ff1""}"
D71651	D71651	/home/tetsuya/mir2ei/Map/D71651.map	/home/tetsuya/mir2ei/Map/D71651.map	"{""index"": 973, ""file"": ""D71651"", ""description"": ""EI D71651""}"	/home/tetsuya/development/zircon/Debug/ServerCore/Map/D71651.map	exact	"{""hero_kill"": {""width"": 50, ""height"": 50}, ""zircon"": {""width"": 50, ""height"": 50}}"	"{""region_count"": 0, ""region_landmark_samples"": [], ""guard_count"": 0, ""guard_samples"": [], ""connected_maps"": [], ""coordinate_evidence"": ""MapRegion PointRegion centers; no Merchant coordinate snapshot available""}"	[]	"{""status"": ""pass"", ""walkable_cells"": 708, ""total_cells"": 2500, ""walkable_ratio"": 0.2832}"	"{""status"": ""pass"", ""walkable_cells"": 708, ""total_cells"": 2500, ""walkable_ratio"": 0.2832}"	identity logical-grid coordinates	allowed-after-point-check	high	"{""relation"": ""same local map bytes"", ""hero_kill_sha256"": ""b5d11415efaf948d29b0b76285c5ffae33115be87d481f92f83c18ad55523ff1"", ""zircon_sha256"": ""b5d11415efaf948d29b0b76285c5ffae33115be87d481f92f83c18ad55523ff1""}"
D71652	D71652	/home/tetsuya/mir2ei/Map/D71652.map	/home/tetsuya/mir2ei/Map/D71652.map	"{""index"": 974, ""file"": ""D71652"", ""description"": ""EI D71652""}"	/home/tetsuya/development/zircon/Debug/ServerCore/Map/D71652.map	exact	"{""hero_kill"": {""width"": 50, ""height"": 50}, ""zircon"": {""width"": 50, ""height"": 50}}"	"{""region_count"": 0, ""region_landmark_samples"": [], ""guard_count"": 0, ""guard_samples"": [], ""connected_maps"": [], ""coordinate_evidence"": ""MapRegion PointRegion centers; no Merchant coordinate snapshot available""}"	[]	"{""status"": ""pass"", ""walkable_cells"": 712, ""total_cells"": 2500, ""walkable_ratio"": 0.2848}"	"{""status"": ""pass"", ""walkable_cells"": 712, ""total_cells"": 2500, ""walkable_ratio"": 0.2848}"	identity logical-grid coordinates	allowed-after-point-check	high	"{""relation"": ""same local map bytes"", ""hero_kill_sha256"": ""1a282f01a48b7beb2baf715380c1dbe8be2d709862500ed26bdf4a4a2b40b0cb"", ""zircon_sha256"": ""1a282f01a48b7beb2baf715380c1dbe8be2d709862500ed26bdf4a4a2b40b0cb""}"
D71653	D71653	/home/tetsuya/mir2ei/Map/D71653.map	/home/tetsuya/mir2ei/Map/D71653.map	"{""index"": 975, ""file"": ""D71653"", ""description"": ""EI D71653""}"	/home/tetsuya/development/zircon/Debug/ServerCore/Map/D71653.map	exact	"{""hero_kill"": {""width"": 50, ""height"": 50}, ""zircon"": {""width"": 50, ""height"": 50}}"	"{""region_count"": 0, ""region_landmark_samples"": [], ""guard_count"": 0, ""guard_samples"": [], ""connected_maps"": [], ""coordinate_evidence"": ""MapRegion PointRegion centers; no Merchant coordinate snapshot available""}"	[]	"{""status"": ""pass"", ""walkable_cells"": 712, ""total_cells"": 2500, ""walkable_ratio"": 0.2848}"	"{""status"": ""pass"", ""walkable_cells"": 712, ""total_cells"": 2500, ""walkable_ratio"": 0.2848}"	identity logical-grid coordinates	allowed-after-point-check	high	"{""relation"": ""same local map bytes"", ""hero_kill_sha256"": ""1a282f01a48b7beb2baf715380c1dbe8be2d709862500ed26bdf4a4a2b40b0cb"", ""zircon_sha256"": ""1a282f01a48b7beb2baf715380c1dbe8be2d709862500ed26bdf4a4a2b40b0cb""}"
D717	D717	/home/tetsuya/mir2ei/Map/D717.map	/home/tetsuya/mir2ei/Map/D717.map	"{""index"": 976, ""file"": ""D717"", ""description"": ""石阁7层""}"	/home/tetsuya/development/zircon/Debug/ServerCore/Map/D717.map	exact	"{""hero_kill"": {""width"": 100, ""height"": 100}, ""zircon"": {""width"": 100, ""height"": 100}}"	"{""region_count"": 7, ""region_landmark_samples"": [""D717 / Red Boar Spawn"", ""D717 / Black Boar Spawn"", ""D717 / Twin Tail Scorpion Spawn"", ""D717 / Wedge Moth Spawn"", ""D717 / Fly Spawn"", ""D717 / Teleport Destination"", ""D717 / Teleport Source""], ""guard_count"": 0, ""guard_samples"": [], ""connected_maps"": [""d712""], ""coordinate_evidence"": ""MapRegion PointRegion centers; no Merchant coordinate snapshot available""}"	"[""D717 / Red Boar Spawn"", ""D717 / Black Boar Spawn"", ""D717 / Twin Tail Scorpion Spawn"", ""D717 / Wedge Moth Spawn"", ""D717 / Fly Spawn"", ""D717 / Teleport Destination"", ""D717 / Teleport Source""]"	"{""status"": ""pass"", ""walkable_cells"": 3758, ""total_cells"": 10000, ""walkable_ratio"": 0.3758}"	"{""status"": ""pass"", ""walkable_cells"": 3758, ""total_cells"": 10000, ""walkable_ratio"": 0.3758}"	identity logical-grid coordinates	allowed-after-point-check	high	"{""relation"": ""same local map bytes"", ""hero_kill_sha256"": ""e345316e17437332b251aedfea1039d8a62c1ca7709c6738066a58fe5dd2cf01"", ""zircon_sha256"": ""e345316e17437332b251aedfea1039d8a62c1ca7709c6738066a58fe5dd2cf01""}"
D8001	D8001	/home/tetsuya/mir2ei/Map/D8001.map	/home/tetsuya/mir2ei/Map/D8001.map	"{""index"": 977, ""file"": ""D8001"", ""description"": ""南部蚂蚁洞4层""}"	/home/tetsuya/development/zircon/Debug/ServerCore/Map/D8001.map	exact	"{""hero_kill"": {""width"": 200, ""height"": 200}, ""zircon"": {""width"": 200, ""height"": 200}}"	"{""region_count"": 13, ""region_landmark_samples"": [""D8001 / Ant Soldier Spawn"", ""D8001 / Ant Soldier Spawn"", ""D8001 / Poisonous Mutant Flea Spawn"", ""D8001 / Ant Soldier Spawn"", ""D8001 / Armoured Ant Spawn"", ""D8001 / Poisonous Mutant Flea Spawn"", ""D8001 / Ant Healer Spawn"", ""D8001 / Ant Soldier Spawn"", ""D8001 / Ant Commander Spawn"", ""D8001 / Teleport Destination"", ""D8001 / Teleport Destination"", ""D8001 / Teleport Source"", ""D8001 / Teleport Source""], ""guard_count"": 0, ""guard_samples"": [], ""connected_maps"": [""D8004""], ""coordinate_evidence"": ""MapRegion PointRegion centers; no Merchant coordinate snapshot available""}"	"[""D8001 / Ant Soldier Spawn"", ""D8001 / Ant Soldier Spawn"", ""D8001 / Poisonous Mutant Flea Spawn"", ""D8001 / Ant Soldier Spawn"", ""D8001 / Armoured Ant Spawn"", ""D8001 / Poisonous Mutant Flea Spawn"", ""D8001 / Ant Healer Spawn"", ""D8001 / Ant Soldier Spawn"", ""D8001 / Ant Commander Spawn"", ""D8001 / Teleport Destination"", ""D8001 / Teleport Destination"", ""D8001 / Teleport Source"", ""D8001 / Teleport Source""]"	"{""status"": ""pass"", ""walkable_cells"": 7545, ""total_cells"": 40000, ""walkable_ratio"": 0.188625}"	"{""status"": ""pass"", ""walkable_cells"": 7545, ""total_cells"": 40000, ""walkable_ratio"": 0.188625}"	identity logical-grid coordinates	allowed-after-point-check	high	"{""relation"": ""same local map bytes"", ""hero_kill_sha256"": ""8aea1eb641c0e976e29bff2fbc3926e7eca52d8d4c10778f9ba7d631448258ec"", ""zircon_sha256"": ""8aea1eb641c0e976e29bff2fbc3926e7eca52d8d4c10778f9ba7d631448258ec""}"
D8002	D8002	/home/tetsuya/mir2ei/Map/D8002.map	/home/tetsuya/mir2ei/Map/D8002.map	"{""index"": 978, ""file"": ""D8002"", ""description"": ""南部蚂蚁洞1层""}"	/home/tetsuya/development/zircon/Debug/ServerCore/Map/D8002.map	exact	"{""hero_kill"": {""width"": 200, ""height"": 200}, ""zircon"": {""width"": 200, ""height"": 200}}"	"{""region_count"": 13, ""region_landmark_samples"": [""D8002 / Ant Soldier Spawn"", ""D8002 / Ant Soldier Spawn"", ""D8002 / Poisonous Mutant Flea Spawn"", ""D8002 / Ant Soldier Spawn"", ""D8002 / Armoured Ant Spawn"", ""D8002 / Poisonous Mutant Flea Spawn"", ""D8002 / Armoured Ant Spawn"", ""D8002 / Ant Soldier Spawn"", ""D8002 / Ant Commander Spawn"", ""D8002 / Teleport Destination"", ""D8002 / Teleport Source"", ""D8002 / Teleport Source"", ""D8002 / Teleport Destination""], ""guard_count"": 0, ""guard_samples"": [], ""connected_maps"": [""6"", ""D8003""], ""coordinate_evidence"": ""MapRegion PointRegion centers; no Merchant coordinate snapshot available""}"	"[""D8002 / Ant Soldier Spawn"", ""D8002 / Ant Soldier Spawn"", ""D8002 / Poisonous Mutant Flea Spawn"", ""D8002 / Ant Soldier Spawn"", ""D8002 / Armoured Ant Spawn"", ""D8002 / Poisonous Mutant Flea Spawn"", ""D8002 / Armoured Ant Spawn"", ""D8002 / Ant Soldier Spawn"", ""D8002 / Ant Commander Spawn"", ""D8002 / Teleport Destination"", ""D8002 / Teleport Source"", ""D8002 / Teleport Source"", ""D8002 / Teleport Destination""]"	"{""status"": ""pass"", ""walkable_cells"": 7370, ""total_cells"": 40000, ""walkable_ratio"": 0.18425}"	"{""status"": ""pass"", ""walkable_cells"": 7370, ""total_cells"": 40000, ""walkable_ratio"": 0.18425}"	identity logical-grid coordinates	allowed-after-point-check	high	"{""relation"": ""same local map bytes"", ""hero_kill_sha256"": ""1782e2b1494ed2305ca45d71371b9fcc3fabb0d22af5903992534a17a28a7267"", ""zircon_sha256"": ""1782e2b1494ed2305ca45d71371b9fcc3fabb0d22af5903992534a17a28a7267""}"
D8003	D8003	/home/tetsuya/mir2ei/Map/D8003.map	/home/tetsuya/mir2ei/Map/D8003.map	"{""index"": 979, ""file"": ""D8003"", ""description"": ""南部蚂蚁洞2层""}"	/home/tetsuya/development/zircon/Debug/ServerCore/Map/D8003.map	exact	"{""hero_kill"": {""width"": 200, ""height"": 200}, ""zircon"": {""width"": 200, ""height"": 200}}"	"{""region_count"": 15, ""region_landmark_samples"": [""D8003 / Ant Soldier Spawn"", ""D8003 / Ant Soldier Spawn"", ""D8003 / Poisonous Mutant Flea Spawn"", ""D8003 / Ant Soldier Spawn"", ""D8003 / Armoured Ant Spawn"", ""D8003 / Poisonous Mutant Flea Spawn"", ""D8003 / Armoured Ant Spawn"", ""D8003 / Ant Soldier Spawn"", ""D8003 / Ant Commander Spawn"", ""D8003 / Teleport Destination"", ""D8003 / Teleport Source"", ""D8003 / Teleport Source"", ""D8003 / Teleport Source"", ""D8003 / Teleport Destination"", ""D8003 / Teleport Destination""], ""guard_count"": 0, ""guard_samples"": [], ""connected_maps"": [""D8002"", ""D8004""], ""coordinate_evidence"": ""MapRegion PointRegion centers; no Merchant coordinate snapshot available""}"	"[""D8003 / Ant Soldier Spawn"", ""D8003 / Ant Soldier Spawn"", ""D8003 / Poisonous Mutant Flea Spawn"", ""D8003 / Ant Soldier Spawn"", ""D8003 / Armoured Ant Spawn"", ""D8003 / Poisonous Mutant Flea Spawn"", ""D8003 / Armoured Ant Spawn"", ""D8003 / Ant Soldier Spawn"", ""D8003 / Ant Commander Spawn"", ""D8003 / Teleport Destination"", ""D8003 / Teleport Source"", ""D8003 / Teleport Source"", ""D8003 / Teleport Source"", ""D8003 / Teleport Destination"", ""D8003 / Teleport Destination""]"	"{""status"": ""pass"", ""walkable_cells"": 6590, ""total_cells"": 40000, ""walkable_ratio"": 0.16475}"	"{""status"": ""pass"", ""walkable_cells"": 6590, ""total_cells"": 40000, ""walkable_ratio"": 0.16475}"	identity logical-grid coordinates	allowed-after-point-check	high	"{""relation"": ""same local map bytes"", ""hero_kill_sha256"": ""e524c001986d1831cfe80d43fb957cb84b866ad05bc548ff62ee368a26845812"", ""zircon_sha256"": ""e524c001986d1831cfe80d43fb957cb84b866ad05bc548ff62ee368a26845812""}"
D8004	D8004	/home/tetsuya/mir2ei/Map/D8004.map	/home/tetsuya/mir2ei/Map/D8004.map	"{""index"": 980, ""file"": ""D8004"", ""description"": ""南部蚂蚁洞3层""}"	/home/tetsuya/development/zircon/Debug/ServerCore/Map/D8004.map	exact	"{""hero_kill"": {""width"": 200, ""height"": 200}, ""zircon"": {""width"": 200, ""height"": 200}}"	"{""region_count"": 17, ""region_landmark_samples"": [""D8004 / Ant Soldier Spawn"", ""D8004 / Ant Soldier Spawn"", ""D8004 / Poisonous Mutant Flea Spawn"", ""D8004 / Ant Soldier Spawn"", ""D8004 / Armoured Ant Spawn"", ""D8004 / Poisonous Mutant Flea Spawn"", ""D8004 / Armoured Ant Spawn"", ""D8004 / Ant Soldier Spawn"", ""D8004 / Ant Commander Spawn"", ""D8004 / Teleport Destination"", ""D8004 / Teleport Destination"", ""D8004 / Teleport Source"", ""D8004 / Teleport Source"", ""D8004 / Teleport Source"", ""D8004 / Teleport Source"", ""D8004 / Teleport Destination"", ""D8004 / Teleport Destination""], ""guard_count"": 0, ""guard_samples"": [], ""connected_maps"": [""D8001"", ""D8003""], ""coordinate_evidence"": ""MapRegion PointRegion centers; no Merchant coordinate snapshot available""}"	"[""D8004 / Ant Soldier Spawn"", ""D8004 / Ant Soldier Spawn"", ""D8004 / Poisonous Mutant Flea Spawn"", ""D8004 / Ant Soldier Spawn"", ""D8004 / Armoured Ant Spawn"", ""D8004 / Poisonous Mutant Flea Spawn"", ""D8004 / Armoured Ant Spawn"", ""D8004 / Ant Soldier Spawn"", ""D8004 / Ant Commander Spawn"", ""D8004 / Teleport Destination"", ""D8004 / Teleport Destination"", ""D8004 / Teleport Source"", ""D8004 / Teleport Source"", ""D8004 / Teleport Source"", ""D8004 / Teleport Source"", ""D8004 / Teleport Destination"", ""D8004 / Teleport Destination""]"	"{""status"": ""pass"", ""walkable_cells"": 7532, ""total_cells"": 40000, ""walkable_ratio"": 0.1883}"	"{""status"": ""pass"", ""walkable_cells"": 7532, ""total_cells"": 40000, ""walkable_ratio"": 0.1883}"	identity logical-grid coordinates	allowed-after-point-check	high	"{""relation"": ""same local map bytes"", ""hero_kill_sha256"": ""151a136b7b8c42c5af2efcce55a30d4c800368795471bf218f9eaa93f9bbaf67"", ""zircon_sha256"": ""151a136b7b8c42c5af2efcce55a30d4c800368795471bf218f9eaa93f9bbaf67""}"
D8021	D8021	/home/tetsuya/mir2ei/Map/D8021.map	/home/tetsuya/mir2ei/Map/D8021.map	"{""index"": 981, ""file"": ""D8021"", ""description"": ""南部蚂蚁洞穴""}"	/home/tetsuya/development/zircon/Debug/ServerCore/Map/D8021.map	exact	"{""hero_kill"": {""width"": 36, ""height"": 36}, ""zircon"": {""width"": 36, ""height"": 36}}"	"{""region_count"": 0, ""region_landmark_samples"": [], ""guard_count"": 0, ""guard_samples"": [], ""connected_maps"": [], ""coordinate_evidence"": ""MapRegion PointRegion centers; no Merchant coordinate snapshot available""}"	[]	"{""status"": ""pass"", ""walkable_cells"": 277, ""total_cells"": 1296, ""walkable_ratio"": 0.213735}"	"{""status"": ""pass"", ""walkable_cells"": 277, ""total_cells"": 1296, ""walkable_ratio"": 0.213735}"	identity logical-grid coordinates	allowed-after-point-check	high	"{""relation"": ""same local map bytes"", ""hero_kill_sha256"": ""322125bf533f499b02210943082d4a6dcc53ae70f4d037334b4420d4da7cf9a6"", ""zircon_sha256"": ""322125bf533f499b02210943082d4a6dcc53ae70f4d037334b4420d4da7cf9a6""}"
d8022	d8022	/home/tetsuya/mir2ei/Map/d8022.map	/home/tetsuya/mir2ei/Map/d8022.map	"{""index"": 982, ""file"": ""d8022"", ""description"": ""南部蚂蚁洞穴""}"	/home/tetsuya/development/zircon/Debug/ServerCore/Map/d8022.map	exact	"{""hero_kill"": {""width"": 36, ""height"": 36}, ""zircon"": {""width"": 36, ""height"": 36}}"	"{""region_count"": 0, ""region_landmark_samples"": [], ""guard_count"": 0, ""guard_samples"": [], ""connected_maps"": [], ""coordinate_evidence"": ""MapRegion PointRegion centers; no Merchant coordinate snapshot available""}"	[]	"{""status"": ""pass"", ""walkable_cells"": 205, ""total_cells"": 1296, ""walkable_ratio"": 0.158179}"	"{""status"": ""pass"", ""walkable_cells"": 205, ""total_cells"": 1296, ""walkable_ratio"": 0.158179}"	identity logical-grid coordinates	allowed-after-point-check	high	"{""relation"": ""same local map bytes"", ""hero_kill_sha256"": ""81e8aef3c75e81018a9986986c1b53ce7aa2c45bd531113f2466c3c8a5f1bad1"", ""zircon_sha256"": ""81e8aef3c75e81018a9986986c1b53ce7aa2c45bd531113f2466c3c8a5f1bad1""}"
D8031	D8031	/home/tetsuya/mir2ei/Map/D8031.map	/home/tetsuya/mir2ei/Map/D8031.map	"{""index"": 983, ""file"": ""D8031"", ""description"": ""南部蚂蚁洞穴""}"	/home/tetsuya/development/zircon/Debug/ServerCore/Map/D8031.map	exact	"{""hero_kill"": {""width"": 36, ""height"": 36}, ""zircon"": {""width"": 36, ""height"": 36}}"	"{""region_count"": 0, ""region_landmark_samples"": [], ""guard_count"": 0, ""guard_samples"": [], ""connected_maps"": [], ""coordinate_evidence"": ""MapRegion PointRegion centers; no Merchant coordinate snapshot available""}"	[]	"{""status"": ""pass"", ""walkable_cells"": 321, ""total_cells"": 1296, ""walkable_ratio"": 0.247685}"	"{""status"": ""pass"", ""walkable_cells"": 321, ""total_cells"": 1296, ""walkable_ratio"": 0.247685}"	identity logical-grid coordinates	allowed-after-point-check	high	"{""relation"": ""same local map bytes"", ""hero_kill_sha256"": ""537d484b9a2ccae0a610012fb616939aff68951969af1f13dff504580631c44a"", ""zircon_sha256"": ""537d484b9a2ccae0a610012fb616939aff68951969af1f13dff504580631c44a""}"
D8032	D8032	/home/tetsuya/mir2ei/Map/D8032.map	/home/tetsuya/mir2ei/Map/D8032.map	"{""index"": 984, ""file"": ""D8032"", ""description"": ""南部蚂蚁洞穴""}"	/home/tetsuya/development/zircon/Debug/ServerCore/Map/D8032.map	exact	"{""hero_kill"": {""width"": 36, ""height"": 36}, ""zircon"": {""width"": 36, ""height"": 36}}"	"{""region_count"": 0, ""region_landmark_samples"": [], ""guard_count"": 0, ""guard_samples"": [], ""connected_maps"": [], ""coordinate_evidence"": ""MapRegion PointRegion centers; no Merchant coordinate snapshot available""}"	[]	"{""status"": ""pass"", ""walkable_cells"": 250, ""total_cells"": 1296, ""walkable_ratio"": 0.192901}"	"{""status"": ""pass"", ""walkable_cells"": 250, ""total_cells"": 1296, ""walkable_ratio"": 0.192901}"	identity logical-grid coordinates	allowed-after-point-check	high	"{""relation"": ""same local map bytes"", ""hero_kill_sha256"": ""cac96758ee7f64ee41d8ec42995c10e491dc3c476f054d4e0c881437f223b7e9"", ""zircon_sha256"": ""cac96758ee7f64ee41d8ec42995c10e491dc3c476f054d4e0c881437f223b7e9""}"
d8033	d8033	/home/tetsuya/mir2ei/Map/d8033.map	/home/tetsuya/mir2ei/Map/d8033.map	"{""index"": 985, ""file"": ""d8033"", ""description"": ""南部蚂蚁洞穴""}"	/home/tetsuya/development/zircon/Debug/ServerCore/Map/d8033.map	exact	"{""hero_kill"": {""width"": 36, ""height"": 36}, ""zircon"": {""width"": 36, ""height"": 36}}"	"{""region_count"": 0, ""region_landmark_samples"": [], ""guard_count"": 0, ""guard_samples"": [], ""connected_maps"": [], ""coordinate_evidence"": ""MapRegion PointRegion centers; no Merchant coordinate snapshot available""}"	[]	"{""status"": ""pass"", ""walkable_cells"": 205, ""total_cells"": 1296, ""walkable_ratio"": 0.158179}"	"{""status"": ""pass"", ""walkable_cells"": 205, ""total_cells"": 1296, ""walkable_ratio"": 0.158179}"	identity logical-grid coordinates	allowed-after-point-check	high	"{""relation"": ""same local map bytes"", ""hero_kill_sha256"": ""81e8aef3c75e81018a9986986c1b53ce7aa2c45bd531113f2466c3c8a5f1bad1"", ""zircon_sha256"": ""81e8aef3c75e81018a9986986c1b53ce7aa2c45bd531113f2466c3c8a5f1bad1""}"
D8041	D8041	/home/tetsuya/mir2ei/Map/D8041.map	/home/tetsuya/mir2ei/Map/D8041.map	"{""index"": 986, ""file"": ""D8041"", ""description"": ""南部蚂蚁洞穴""}"	/home/tetsuya/development/zircon/Debug/ServerCore/Map/D8041.map	exact	"{""hero_kill"": {""width"": 50, ""height"": 70}, ""zircon"": {""width"": 50, ""height"": 70}}"	"{""region_count"": 0, ""region_landmark_samples"": [], ""guard_count"": 0, ""guard_samples"": [], ""connected_maps"": [], ""coordinate_evidence"": ""MapRegion PointRegion centers; no Merchant coordinate snapshot available""}"	[]	"{""status"": ""pass"", ""walkable_cells"": 528, ""total_cells"": 3500, ""walkable_ratio"": 0.150857}"	"{""status"": ""pass"", ""walkable_cells"": 528, ""total_cells"": 3500, ""walkable_ratio"": 0.150857}"	identity logical-grid coordinates	allowed-after-point-check	high	"{""relation"": ""same local map bytes"", ""hero_kill_sha256"": ""228fa0451107b9d2a7d7d0a6a3ab3b4a9f51aa9800441e0a4cc7165b5342d773"", ""zircon_sha256"": ""228fa0451107b9d2a7d7d0a6a3ab3b4a9f51aa9800441e0a4cc7165b5342d773""}"
d8051	d8051	/home/tetsuya/mir2ei/Map/d8051.map	/home/tetsuya/mir2ei/Map/d8051.map	"{""index"": 987, ""file"": ""d8051"", ""description"": ""EI d8051""}"	/home/tetsuya/development/zircon/Debug/ServerCore/Map/d8051.map	exact	"{""hero_kill"": {""width"": 36, ""height"": 36}, ""zircon"": {""width"": 36, ""height"": 36}}"	"{""region_count"": 0, ""region_landmark_samples"": [], ""guard_count"": 0, ""guard_samples"": [], ""connected_maps"": [], ""coordinate_evidence"": ""MapRegion PointRegion centers; no Merchant coordinate snapshot available""}"	[]	"{""status"": ""pass"", ""walkable_cells"": 205, ""total_cells"": 1296, ""walkable_ratio"": 0.158179}"	"{""status"": ""pass"", ""walkable_cells"": 205, ""total_cells"": 1296, ""walkable_ratio"": 0.158179}"	identity logical-grid coordinates	allowed-after-point-check	high	"{""relation"": ""same local map bytes"", ""hero_kill_sha256"": ""81e8aef3c75e81018a9986986c1b53ce7aa2c45bd531113f2466c3c8a5f1bad1"", ""zircon_sha256"": ""81e8aef3c75e81018a9986986c1b53ce7aa2c45bd531113f2466c3c8a5f1bad1""}"
D806	D806	/home/tetsuya/mir2ei/Map/D806.map	/home/tetsuya/mir2ei/Map/D806.map	"{""index"": 988, ""file"": ""D806"", ""description"": ""南部蚂蚁洞穴3层2""}"	/home/tetsuya/development/zircon/Debug/ServerCore/Map/D806.map	exact	"{""hero_kill"": {""width"": 100, ""height"": 100}, ""zircon"": {""width"": 100, ""height"": 100}}"	"{""region_count"": 0, ""region_landmark_samples"": [], ""guard_count"": 0, ""guard_samples"": [], ""connected_maps"": [], ""coordinate_evidence"": ""MapRegion PointRegion centers; no Merchant coordinate snapshot available""}"	[]	"{""status"": ""pass"", ""walkable_cells"": 2152, ""total_cells"": 10000, ""walkable_ratio"": 0.2152}"	"{""status"": ""pass"", ""walkable_cells"": 2152, ""total_cells"": 10000, ""walkable_ratio"": 0.2152}"	identity logical-grid coordinates	allowed-after-point-check	high	"{""relation"": ""same local map bytes"", ""hero_kill_sha256"": ""c7dda72e6d32cb3484a948b75b4708e83f7227a06feba90c2841861b8760ad94"", ""zircon_sha256"": ""c7dda72e6d32cb3484a948b75b4708e83f7227a06feba90c2841861b8760ad94""}"
D8061	D8061	/home/tetsuya/mir2ei/Map/D8061.map	/home/tetsuya/mir2ei/Map/D8061.map	"{""index"": 989, ""file"": ""D8061"", ""description"": ""南部蚂蚁洞穴""}"	/home/tetsuya/development/zircon/Debug/ServerCore/Map/D8061.map	exact	"{""hero_kill"": {""width"": 50, ""height"": 70}, ""zircon"": {""width"": 50, ""height"": 70}}"	"{""region_count"": 0, ""region_landmark_samples"": [], ""guard_count"": 0, ""guard_samples"": [], ""connected_maps"": [], ""coordinate_evidence"": ""MapRegion PointRegion centers; no Merchant coordinate snapshot available""}"	[]	"{""status"": ""pass"", ""walkable_cells"": 409, ""total_cells"": 3500, ""walkable_ratio"": 0.116857}"	"{""status"": ""pass"", ""walkable_cells"": 409, ""total_cells"": 3500, ""walkable_ratio"": 0.116857}"	identity logical-grid coordinates	allowed-after-point-check	high	"{""relation"": ""same local map bytes"", ""hero_kill_sha256"": ""236a10c1cb48a3cef5d385507f6ff877ad62d4fb2d6eda9973f5787d4a3be09d"", ""zircon_sha256"": ""236a10c1cb48a3cef5d385507f6ff877ad62d4fb2d6eda9973f5787d4a3be09d""}"
d8062	d8062	/home/tetsuya/mir2ei/Map/d8062.map	/home/tetsuya/mir2ei/Map/d8062.map	"{""index"": 990, ""file"": ""d8062"", ""description"": ""南部蚂蚁洞穴""}"	/home/tetsuya/development/zircon/Debug/ServerCore/Map/d8062.map	exact	"{""hero_kill"": {""width"": 36, ""height"": 36}, ""zircon"": {""width"": 36, ""height"": 36}}"	"{""region_count"": 0, ""region_landmark_samples"": [], ""guard_count"": 0, ""guard_samples"": [], ""connected_maps"": [], ""coordinate_evidence"": ""MapRegion PointRegion centers; no Merchant coordinate snapshot available""}"	[]	"{""status"": ""pass"", ""walkable_cells"": 205, ""total_cells"": 1296, ""walkable_ratio"": 0.158179}"	"{""status"": ""pass"", ""walkable_cells"": 205, ""total_cells"": 1296, ""walkable_ratio"": 0.158179}"	identity logical-grid coordinates	allowed-after-point-check	high	"{""relation"": ""same local map bytes"", ""hero_kill_sha256"": ""81e8aef3c75e81018a9986986c1b53ce7aa2c45bd531113f2466c3c8a5f1bad1"", ""zircon_sha256"": ""81e8aef3c75e81018a9986986c1b53ce7aa2c45bd531113f2466c3c8a5f1bad1""}"
d807	d807	/home/tetsuya/mir2ei/Map/d807.map	/home/tetsuya/mir2ei/Map/d807.map	"{""index"": 991, ""file"": ""d807"", ""description"": ""南部蚂蚁洞穴3层3""}"	/home/tetsuya/development/zircon/Debug/ServerCore/Map/d807.map	exact	"{""hero_kill"": {""width"": 100, ""height"": 100}, ""zircon"": {""width"": 100, ""height"": 100}}"	"{""region_count"": 0, ""region_landmark_samples"": [], ""guard_count"": 0, ""guard_samples"": [], ""connected_maps"": [], ""coordinate_evidence"": ""MapRegion PointRegion centers; no Merchant coordinate snapshot available""}"	[]	"{""status"": ""pass"", ""walkable_cells"": 1780, ""total_cells"": 10000, ""walkable_ratio"": 0.178}"	"{""status"": ""pass"", ""walkable_cells"": 1780, ""total_cells"": 10000, ""walkable_ratio"": 0.178}"	identity logical-grid coordinates	allowed-after-point-check	high	"{""relation"": ""same local map bytes"", ""hero_kill_sha256"": ""c69de87e28884dfa1a39abdadbb91dafffd801b75cbd4b4f3e5f730a0cd15b21"", ""zircon_sha256"": ""c69de87e28884dfa1a39abdadbb91dafffd801b75cbd4b4f3e5f730a0cd15b21""}"
d8071	d8071	/home/tetsuya/mir2ei/Map/d8071.map	/home/tetsuya/mir2ei/Map/d8071.map	"{""index"": 992, ""file"": ""d8071"", ""description"": ""南部蚂蚁洞穴""}"	/home/tetsuya/development/zircon/Debug/ServerCore/Map/d8071.map	exact	"{""hero_kill"": {""width"": 36, ""height"": 36}, ""zircon"": {""width"": 36, ""height"": 36}}"	"{""region_count"": 0, ""region_landmark_samples"": [], ""guard_count"": 0, ""guard_samples"": [], ""connected_maps"": [], ""coordinate_evidence"": ""MapRegion PointRegion centers; no Merchant coordinate snapshot available""}"	[]	"{""status"": ""pass"", ""walkable_cells"": 228, ""total_cells"": 1296, ""walkable_ratio"": 0.175926}"	"{""status"": ""pass"", ""walkable_cells"": 228, ""total_cells"": 1296, ""walkable_ratio"": 0.175926}"	identity logical-grid coordinates	allowed-after-point-check	high	"{""relation"": ""same local map bytes"", ""hero_kill_sha256"": ""0e298cc38b2797f5a7dddbe339373b26eae558bfd1c6124e458701f07592e0c0"", ""zircon_sha256"": ""0e298cc38b2797f5a7dddbe339373b26eae558bfd1c6124e458701f07592e0c0""}"
d8072	d8072	/home/tetsuya/mir2ei/Map/d8072.map	/home/tetsuya/mir2ei/Map/d8072.map	"{""index"": 993, ""file"": ""d8072"", ""description"": ""南部蚂蚁洞穴""}"	/home/tetsuya/development/zircon/Debug/ServerCore/Map/d8072.map	exact	"{""hero_kill"": {""width"": 36, ""height"": 36}, ""zircon"": {""width"": 36, ""height"": 36}}"	"{""region_count"": 0, ""region_landmark_samples"": [], ""guard_count"": 0, ""guard_samples"": [], ""connected_maps"": [], ""coordinate_evidence"": ""MapRegion PointRegion centers; no Merchant coordinate snapshot available""}"	[]	"{""status"": ""pass"", ""walkable_cells"": 205, ""total_cells"": 1296, ""walkable_ratio"": 0.158179}"	"{""status"": ""pass"", ""walkable_cells"": 205, ""total_cells"": 1296, ""walkable_ratio"": 0.158179}"	identity logical-grid coordinates	allowed-after-point-check	high	"{""relation"": ""same local map bytes"", ""hero_kill_sha256"": ""81e8aef3c75e81018a9986986c1b53ce7aa2c45bd531113f2466c3c8a5f1bad1"", ""zircon_sha256"": ""81e8aef3c75e81018a9986986c1b53ce7aa2c45bd531113f2466c3c8a5f1bad1""}"
d808	d808	/home/tetsuya/mir2ei/Map/d808.map	/home/tetsuya/mir2ei/Map/d808.map	"{""index"": 994, ""file"": ""d808"", ""description"": ""南部蚂蚁洞穴3层4""}"	/home/tetsuya/development/zircon/Debug/ServerCore/Map/d808.map	exact	"{""hero_kill"": {""width"": 100, ""height"": 100}, ""zircon"": {""width"": 100, ""height"": 100}}"	"{""region_count"": 0, ""region_landmark_samples"": [], ""guard_count"": 0, ""guard_samples"": [], ""connected_maps"": [], ""coordinate_evidence"": ""MapRegion PointRegion centers; no Merchant coordinate snapshot available""}"	[]	"{""status"": ""pass"", ""walkable_cells"": 2093, ""total_cells"": 10000, ""walkable_ratio"": 0.2093}"	"{""status"": ""pass"", ""walkable_cells"": 2093, ""total_cells"": 10000, ""walkable_ratio"": 0.2093}"	identity logical-grid coordinates	allowed-after-point-check	high	"{""relation"": ""same local map bytes"", ""hero_kill_sha256"": ""da9b1a8c4bfc1e961468cda9cd85aceac767ed1b0f9fcebea470182b18360ee6"", ""zircon_sha256"": ""da9b1a8c4bfc1e961468cda9cd85aceac767ed1b0f9fcebea470182b18360ee6""}"
D8101	D8101	/home/tetsuya/mir2ei/Map/D8101.map	/home/tetsuya/mir2ei/Map/D8101.map	"{""index"": 995, ""file"": ""D8101"", ""description"": ""北部蚂蚁洞穴1层4""}"	/home/tetsuya/development/zircon/Debug/ServerCore/Map/D8101.map	exact	"{""hero_kill"": {""width"": 200, ""height"": 200}, ""zircon"": {""width"": 200, ""height"": 200}}"	"{""region_count"": 13, ""region_landmark_samples"": [""D8101 / Ant Soldier Spawn"", ""D8101 / Ant Soldier Spawn"", ""D8101 / Poisonous Mutant Flea Spawn"", ""D8101 / Ant Soldier Spawn"", ""D8101 / Armoured Ant Spawn"", ""D8101 / Poisonous Mutant Flea Spawn"", ""D8101 / Armoured Ant Spawn"", ""D8101 / Ant Soldier Spawn"", ""D8101 / Ant Commander Spawn"", ""D8101 / Teleport Destination"", ""D8101 / Teleport Destination"", ""D8101 / Teleport Source"", ""D8101 / Teleport Source""], ""guard_count"": 0, ""guard_samples"": [], ""connected_maps"": [""D8104""], ""coordinate_evidence"": ""MapRegion PointRegion centers; no Merchant coordinate snapshot available""}"	"[""D8101 / Ant Soldier Spawn"", ""D8101 / Ant Soldier Spawn"", ""D8101 / Poisonous Mutant Flea Spawn"", ""D8101 / Ant Soldier Spawn"", ""D8101 / Armoured Ant Spawn"", ""D8101 / Poisonous Mutant Flea Spawn"", ""D8101 / Armoured Ant Spawn"", ""D8101 / Ant Soldier Spawn"", ""D8101 / Ant Commander Spawn"", ""D8101 / Teleport Destination"", ""D8101 / Teleport Destination"", ""D8101 / Teleport Source"", ""D8101 / Teleport Source""]"	"{""status"": ""pass"", ""walkable_cells"": 7545, ""total_cells"": 40000, ""walkable_ratio"": 0.188625}"	"{""status"": ""pass"", ""walkable_cells"": 7545, ""total_cells"": 40000, ""walkable_ratio"": 0.188625}"	identity logical-grid coordinates	allowed-after-point-check	high	"{""relation"": ""same local map bytes"", ""hero_kill_sha256"": ""8aea1eb641c0e976e29bff2fbc3926e7eca52d8d4c10778f9ba7d631448258ec"", ""zircon_sha256"": ""8aea1eb641c0e976e29bff2fbc3926e7eca52d8d4c10778f9ba7d631448258ec""}"
D8102	D8102	/home/tetsuya/mir2ei/Map/D8102.map	/home/tetsuya/mir2ei/Map/D8102.map	"{""index"": 996, ""file"": ""D8102"", ""description"": ""北部蚂蚁洞穴1层1""}"	/home/tetsuya/development/zircon/Debug/ServerCore/Map/D8102.map	exact	"{""hero_kill"": {""width"": 200, ""height"": 200}, ""zircon"": {""width"": 200, ""height"": 200}}"	"{""region_count"": 13, ""region_landmark_samples"": [""D8102 / Ant Soldier Spawn"", ""D8102 / Ant Soldier Spawn"", ""D8102 / Poisonous Mutant Flea Spawn"", ""D8102 / Ant Soldier Spawn"", ""D8102 / Ant Soldier Spawn"", ""D8102 / Armoured Ant Spawn"", ""D8102 / Poisonous Mutant Flea Spawn"", ""D8102 / Armoured Ant Spawn"", ""D8102 / Ant Commander Spawn"", ""D8102 / Teleport Destination"", ""D8102 / Teleport Source"", ""D8102 / Teleport Source"", ""D8102 / Teleport Destination""], ""guard_count"": 0, ""guard_samples"": [], ""connected_maps"": [""4"", ""D8103""], ""coordinate_evidence"": ""MapRegion PointRegion centers; no Merchant coordinate snapshot available""}"	"[""D8102 / Ant Soldier Spawn"", ""D8102 / Ant Soldier Spawn"", ""D8102 / Poisonous Mutant Flea Spawn"", ""D8102 / Ant Soldier Spawn"", ""D8102 / Ant Soldier Spawn"", ""D8102 / Armoured Ant Spawn"", ""D8102 / Poisonous Mutant Flea Spawn"", ""D8102 / Armoured Ant Spawn"", ""D8102 / Ant Commander Spawn"", ""D8102 / Teleport Destination"", ""D8102 / Teleport Source"", ""D8102 / Teleport Source"", ""D8102 / Teleport Destination""]"	"{""status"": ""pass"", ""walkable_cells"": 7372, ""total_cells"": 40000, ""walkable_ratio"": 0.1843}"	"{""status"": ""pass"", ""walkable_cells"": 7372, ""total_cells"": 40000, ""walkable_ratio"": 0.1843}"	identity logical-grid coordinates	allowed-after-point-check	high	"{""relation"": ""same local map bytes"", ""hero_kill_sha256"": ""c1ee202c539d6dbf80eda4dc3d26b340d1dacc887d2e93113801b33250d5d514"", ""zircon_sha256"": ""c1ee202c539d6dbf80eda4dc3d26b340d1dacc887d2e93113801b33250d5d514""}"
D8103	D8103	/home/tetsuya/mir2ei/Map/D8103.map	/home/tetsuya/mir2ei/Map/D8103.map	"{""index"": 997, ""file"": ""D8103"", ""description"": ""北部蚂蚁洞穴1层2""}"	/home/tetsuya/development/zircon/Debug/ServerCore/Map/D8103.map	exact	"{""hero_kill"": {""width"": 200, ""height"": 200}, ""zircon"": {""width"": 200, ""height"": 200}}"	"{""region_count"": 15, ""region_landmark_samples"": [""D8103 / Ant Soldier Spawn"", ""D8103 / Ant Soldier Spawn"", ""D8103 / Poisonous Mutant Flea Spawn"", ""D8103 / Ant Soldier Spawn"", ""D8103 / Armoured Ant Spawn"", ""D8103 / Poisonous Mutant Flea Spawn"", ""D8103 / Armoured Ant Spawn"", ""D8103 / Ant Soldier Spawn"", ""D8103 / Ant Commander Spawn"", ""D8103 / Teleport Destination"", ""D8103 / Teleport Source"", ""D8103 / Teleport Source"", ""D8103 / Teleport Source"", ""D8103 / Teleport Destination"", ""D8103 / Teleport Destination""], ""guard_count"": 0, ""guard_samples"": [], ""connected_maps"": [""D8102"", ""D8104""], ""coordinate_evidence"": ""MapRegion PointRegion centers; no Merchant coordinate snapshot available""}"	"[""D8103 / Ant Soldier Spawn"", ""D8103 / Ant Soldier Spawn"", ""D8103 / Poisonous Mutant Flea Spawn"", ""D8103 / Ant Soldier Spawn"", ""D8103 / Armoured Ant Spawn"", ""D8103 / Poisonous Mutant Flea Spawn"", ""D8103 / Armoured Ant Spawn"", ""D8103 / Ant Soldier Spawn"", ""D8103 / Ant Commander Spawn"", ""D8103 / Teleport Destination"", ""D8103 / Teleport Source"", ""D8103 / Teleport Source"", ""D8103 / Teleport Source"", ""D8103 / Teleport Destination"", ""D8103 / Teleport Destination""]"	"{""status"": ""pass"", ""walkable_cells"": 6567, ""total_cells"": 40000, ""walkable_ratio"": 0.164175}"	"{""status"": ""pass"", ""walkable_cells"": 6567, ""total_cells"": 40000, ""walkable_ratio"": 0.164175}"	identity logical-grid coordinates	allowed-after-point-check	high	"{""relation"": ""same local map bytes"", ""hero_kill_sha256"": ""eba80d88d70468429b139cff21a46d43b27431326d35f723db3e2e8f5410991d"", ""zircon_sha256"": ""eba80d88d70468429b139cff21a46d43b27431326d35f723db3e2e8f5410991d""}"
D8104	D8104	/home/tetsuya/mir2ei/Map/D8104.map	/home/tetsuya/mir2ei/Map/D8104.map	"{""index"": 998, ""file"": ""D8104"", ""description"": ""北部蚂蚁洞穴1层3""}"	/home/tetsuya/development/zircon/Debug/ServerCore/Map/D8104.map	exact	"{""hero_kill"": {""width"": 200, ""height"": 200}, ""zircon"": {""width"": 200, ""height"": 200}}"	"{""region_count"": 17, ""region_landmark_samples"": [""D8104 / Ant Soldier Spawn"", ""D8104 / Ant Soldier Spawn"", ""D8104 / Poisonous Mutant Flea Spawn"", ""D8104 / Ant Soldier Spawn"", ""D8104 / Armoured Ant Spawn"", ""D8104 / Poisonous Mutant Flea Spawn"", ""D8104 / Armoured Ant Spawn"", ""D8104 / Ant Soldier Spawn"", ""D8104 / Ant Commander Spawn"", ""D8104 / Teleport Destination"", ""D8104 / Teleport Destination"", ""D8104 / Teleport Source"", ""D8104 / Teleport Source"", ""D8104 / Teleport Source"", ""D8104 / Teleport Source"", ""D8104 / Teleport Destination"", ""D8104 / Teleport Destination""], ""guard_count"": 0, ""guard_samples"": [], ""connected_maps"": [""D8101"", ""D8103""], ""coordinate_evidence"": ""MapRegion PointRegion centers; no Merchant coordinate snapshot available""}"	"[""D8104 / Ant Soldier Spawn"", ""D8104 / Ant Soldier Spawn"", ""D8104 / Poisonous Mutant Flea Spawn"", ""D8104 / Ant Soldier Spawn"", ""D8104 / Armoured Ant Spawn"", ""D8104 / Poisonous Mutant Flea Spawn"", ""D8104 / Armoured Ant Spawn"", ""D8104 / Ant Soldier Spawn"", ""D8104 / Ant Commander Spawn"", ""D8104 / Teleport Destination"", ""D8104 / Teleport Destination"", ""D8104 / Teleport Source"", ""D8104 / Teleport Source"", ""D8104 / Teleport Source"", ""D8104 / Teleport Source"", ""D8104 / Teleport Destination"", ""D8104 / Teleport Destination""]"	"{""status"": ""pass"", ""walkable_cells"": 7532, ""total_cells"": 40000, ""walkable_ratio"": 0.1883}"	"{""status"": ""pass"", ""walkable_cells"": 7532, ""total_cells"": 40000, ""walkable_ratio"": 0.1883}"	identity logical-grid coordinates	allowed-after-point-check	high	"{""relation"": ""same local map bytes"", ""hero_kill_sha256"": ""151a136b7b8c42c5af2efcce55a30d4c800368795471bf218f9eaa93f9bbaf67"", ""zircon_sha256"": ""151a136b7b8c42c5af2efcce55a30d4c800368795471bf218f9eaa93f9bbaf67""}"
D811	D811	/home/tetsuya/mir2ei/Map/D811.map	/home/tetsuya/mir2ei/Map/D811.map	"{""index"": 999, ""file"": ""D811"", ""description"": ""EI D811""}"	/home/tetsuya/development/zircon/Debug/ServerCore/Map/D811.map	exact	"{""hero_kill"": {""width"": 100, ""height"": 100}, ""zircon"": {""width"": 100, ""height"": 100}}"	"{""region_count"": 0, ""region_landmark_samples"": [], ""guard_count"": 0, ""guard_samples"": [], ""connected_maps"": [], ""coordinate_evidence"": ""MapRegion PointRegion centers; no Merchant coordinate snapshot available""}"	[]	"{""status"": ""pass"", ""walkable_cells"": 2848, ""total_cells"": 10000, ""walkable_ratio"": 0.2848}"	"{""status"": ""pass"", ""walkable_cells"": 2848, ""total_cells"": 10000, ""walkable_ratio"": 0.2848}"	identity logical-grid coordinates	allowed-after-point-check	high	"{""relation"": ""same local map bytes"", ""hero_kill_sha256"": ""53bca704618f4690a3b31b6fdfbaf2f6762725feb469a0d37c0ce6cf60e2275b"", ""zircon_sha256"": ""53bca704618f4690a3b31b6fdfbaf2f6762725feb469a0d37c0ce6cf60e2275b""}"
d812	d812	/home/tetsuya/mir2ei/Map/d812.map	/home/tetsuya/mir2ei/Map/d812.map	"{""index"": 1000, ""file"": ""d812"", ""description"": ""EI d812""}"	/home/tetsuya/development/zircon/Debug/ServerCore/Map/d812.map	exact	"{""hero_kill"": {""width"": 100, ""height"": 100}, ""zircon"": {""width"": 100, ""height"": 100}}"	"{""region_count"": 0, ""region_landmark_samples"": [], ""guard_count"": 0, ""guard_samples"": [], ""connected_maps"": [], ""coordinate_evidence"": ""MapRegion PointRegion centers; no Merchant coordinate snapshot available""}"	[]	"{""status"": ""pass"", ""walkable_cells"": 2741, ""total_cells"": 10000, ""walkable_ratio"": 0.2741}"	"{""status"": ""pass"", ""walkable_cells"": 2741, ""total_cells"": 10000, ""walkable_ratio"": 0.2741}"	identity logical-grid coordinates	allowed-after-point-check	high	"{""relation"": ""same local map bytes"", ""hero_kill_sha256"": ""8f45a25585c5de6325774746ea830a7464dfdfdb611b777ff3117b8eeb0d1bf5"", ""zircon_sha256"": ""8f45a25585c5de6325774746ea830a7464dfdfdb611b777ff3117b8eeb0d1bf5""}"
D8121	D8121	/home/tetsuya/mir2ei/Map/D8121.map	/home/tetsuya/mir2ei/Map/D8121.map	"{""index"": 1001, ""file"": ""D8121"", ""description"": ""EI D8121""}"	/home/tetsuya/development/zircon/Debug/ServerCore/Map/D8121.map	exact	"{""hero_kill"": {""width"": 36, ""height"": 36}, ""zircon"": {""width"": 36, ""height"": 36}}"	"{""region_count"": 0, ""region_landmark_samples"": [], ""guard_count"": 0, ""guard_samples"": [], ""connected_maps"": [], ""coordinate_evidence"": ""MapRegion PointRegion centers; no Merchant coordinate snapshot available""}"	[]	"{""status"": ""pass"", ""walkable_cells"": 283, ""total_cells"": 1296, ""walkable_ratio"": 0.218364}"	"{""status"": ""pass"", ""walkable_cells"": 283, ""total_cells"": 1296, ""walkable_ratio"": 0.218364}"	identity logical-grid coordinates	allowed-after-point-check	high	"{""relation"": ""same local map bytes"", ""hero_kill_sha256"": ""5abaa4413c33ee5c9c070a7ac89fa2e6287064828e2ca1c0f4bacc25398ea1b3"", ""zircon_sha256"": ""5abaa4413c33ee5c9c070a7ac89fa2e6287064828e2ca1c0f4bacc25398ea1b3""}"
d8122	d8122	/home/tetsuya/mir2ei/Map/d8122.map	/home/tetsuya/mir2ei/Map/d8122.map	"{""index"": 1002, ""file"": ""d8122"", ""description"": ""EI d8122""}"	/home/tetsuya/development/zircon/Debug/ServerCore/Map/d8122.map	exact	"{""hero_kill"": {""width"": 36, ""height"": 36}, ""zircon"": {""width"": 36, ""height"": 36}}"	"{""region_count"": 0, ""region_landmark_samples"": [], ""guard_count"": 0, ""guard_samples"": [], ""connected_maps"": [], ""coordinate_evidence"": ""MapRegion PointRegion centers; no Merchant coordinate snapshot available""}"	[]	"{""status"": ""pass"", ""walkable_cells"": 205, ""total_cells"": 1296, ""walkable_ratio"": 0.158179}"	"{""status"": ""pass"", ""walkable_cells"": 205, ""total_cells"": 1296, ""walkable_ratio"": 0.158179}"	identity logical-grid coordinates	allowed-after-point-check	high	"{""relation"": ""same local map bytes"", ""hero_kill_sha256"": ""81e8aef3c75e81018a9986986c1b53ce7aa2c45bd531113f2466c3c8a5f1bad1"", ""zircon_sha256"": ""81e8aef3c75e81018a9986986c1b53ce7aa2c45bd531113f2466c3c8a5f1bad1""}"
d813	d813	/home/tetsuya/mir2ei/Map/d813.map	/home/tetsuya/mir2ei/Map/d813.map	"{""index"": 1003, ""file"": ""d813"", ""description"": ""EI d813""}"	/home/tetsuya/development/zircon/Debug/ServerCore/Map/d813.map	exact	"{""hero_kill"": {""width"": 100, ""height"": 100}, ""zircon"": {""width"": 100, ""height"": 100}}"	"{""region_count"": 0, ""region_landmark_samples"": [], ""guard_count"": 0, ""guard_samples"": [], ""connected_maps"": [], ""coordinate_evidence"": ""MapRegion PointRegion centers; no Merchant coordinate snapshot available""}"	[]	"{""status"": ""pass"", ""walkable_cells"": 2483, ""total_cells"": 10000, ""walkable_ratio"": 0.2483}"	"{""status"": ""pass"", ""walkable_cells"": 2483, ""total_cells"": 10000, ""walkable_ratio"": 0.2483}"	identity logical-grid coordinates	allowed-after-point-check	high	"{""relation"": ""same local map bytes"", ""hero_kill_sha256"": ""c1dbb8ede753a64a1956100573701ae2eea32004ff36a7372b47db0f54f9db1d"", ""zircon_sha256"": ""c1dbb8ede753a64a1956100573701ae2eea32004ff36a7372b47db0f54f9db1d""}"
D8131	D8131	/home/tetsuya/mir2ei/Map/D8131.map	/home/tetsuya/mir2ei/Map/D8131.map	"{""index"": 1004, ""file"": ""D8131"", ""description"": ""EI D8131""}"	/home/tetsuya/development/zircon/Debug/ServerCore/Map/D8131.map	exact	"{""hero_kill"": {""width"": 36, ""height"": 36}, ""zircon"": {""width"": 36, ""height"": 36}}"	"{""region_count"": 0, ""region_landmark_samples"": [], ""guard_count"": 0, ""guard_samples"": [], ""connected_maps"": [], ""coordinate_evidence"": ""MapRegion PointRegion centers; no Merchant coordinate snapshot available""}"	[]	"{""status"": ""pass"", ""walkable_cells"": 321, ""total_cells"": 1296, ""walkable_ratio"": 0.247685}"	"{""status"": ""pass"", ""walkable_cells"": 321, ""total_cells"": 1296, ""walkable_ratio"": 0.247685}"	identity logical-grid coordinates	allowed-after-point-check	high	"{""relation"": ""same local map bytes"", ""hero_kill_sha256"": ""537d484b9a2ccae0a610012fb616939aff68951969af1f13dff504580631c44a"", ""zircon_sha256"": ""537d484b9a2ccae0a610012fb616939aff68951969af1f13dff504580631c44a""}"
D8132	D8132	/home/tetsuya/mir2ei/Map/D8132.map	/home/tetsuya/mir2ei/Map/D8132.map	"{""index"": 1005, ""file"": ""D8132"", ""description"": ""EI D8132""}"	/home/tetsuya/development/zircon/Debug/ServerCore/Map/D8132.map	exact	"{""hero_kill"": {""width"": 36, ""height"": 36}, ""zircon"": {""width"": 36, ""height"": 36}}"	"{""region_count"": 0, ""region_landmark_samples"": [], ""guard_count"": 0, ""guard_samples"": [], ""connected_maps"": [], ""coordinate_evidence"": ""MapRegion PointRegion centers; no Merchant coordinate snapshot available""}"	[]	"{""status"": ""pass"", ""walkable_cells"": 250, ""total_cells"": 1296, ""walkable_ratio"": 0.192901}"	"{""status"": ""pass"", ""walkable_cells"": 250, ""total_cells"": 1296, ""walkable_ratio"": 0.192901}"	identity logical-grid coordinates	allowed-after-point-check	high	"{""relation"": ""same local map bytes"", ""hero_kill_sha256"": ""cac96758ee7f64ee41d8ec42995c10e491dc3c476f054d4e0c881437f223b7e9"", ""zircon_sha256"": ""cac96758ee7f64ee41d8ec42995c10e491dc3c476f054d4e0c881437f223b7e9""}"
d8133	d8133	/home/tetsuya/mir2ei/Map/d8133.map	/home/tetsuya/mir2ei/Map/d8133.map	"{""index"": 1006, ""file"": ""d8133"", ""description"": ""EI d8133""}"	/home/tetsuya/development/zircon/Debug/ServerCore/Map/d8133.map	exact	"{""hero_kill"": {""width"": 36, ""height"": 36}, ""zircon"": {""width"": 36, ""height"": 36}}"	"{""region_count"": 0, ""region_landmark_samples"": [], ""guard_count"": 0, ""guard_samples"": [], ""connected_maps"": [], ""coordinate_evidence"": ""MapRegion PointRegion centers; no Merchant coordinate snapshot available""}"	[]	"{""status"": ""pass"", ""walkable_cells"": 205, ""total_cells"": 1296, ""walkable_ratio"": 0.158179}"	"{""status"": ""pass"", ""walkable_cells"": 205, ""total_cells"": 1296, ""walkable_ratio"": 0.158179}"	identity logical-grid coordinates	allowed-after-point-check	high	"{""relation"": ""same local map bytes"", ""hero_kill_sha256"": ""81e8aef3c75e81018a9986986c1b53ce7aa2c45bd531113f2466c3c8a5f1bad1"", ""zircon_sha256"": ""81e8aef3c75e81018a9986986c1b53ce7aa2c45bd531113f2466c3c8a5f1bad1""}"
D814	D814	/home/tetsuya/mir2ei/Map/D814.map	/home/tetsuya/mir2ei/Map/D814.map	"{""index"": 1007, ""file"": ""D814"", ""description"": ""EI D814""}"	/home/tetsuya/development/zircon/Debug/ServerCore/Map/D814.map	exact	"{""hero_kill"": {""width"": 100, ""height"": 100}, ""zircon"": {""width"": 100, ""height"": 100}}"	"{""region_count"": 0, ""region_landmark_samples"": [], ""guard_count"": 0, ""guard_samples"": [], ""connected_maps"": [], ""coordinate_evidence"": ""MapRegion PointRegion centers; no Merchant coordinate snapshot available""}"	[]	"{""status"": ""pass"", ""walkable_cells"": 2250, ""total_cells"": 10000, ""walkable_ratio"": 0.225}"	"{""status"": ""pass"", ""walkable_cells"": 2250, ""total_cells"": 10000, ""walkable_ratio"": 0.225}"	identity logical-grid coordinates	allowed-after-point-check	high	"{""relation"": ""same local map bytes"", ""hero_kill_sha256"": ""da48890db8d8c993778794ce4484b0f7d40329d6aedefe21c4e16b91d3e54778"", ""zircon_sha256"": ""da48890db8d8c993778794ce4484b0f7d40329d6aedefe21c4e16b91d3e54778""}"
D8141	D8141	/home/tetsuya/mir2ei/Map/D8141.map	/home/tetsuya/mir2ei/Map/D8141.map	"{""index"": 1008, ""file"": ""D8141"", ""description"": ""EI D8141""}"	/home/tetsuya/development/zircon/Debug/ServerCore/Map/D8141.map	exact	"{""hero_kill"": {""width"": 50, ""height"": 70}, ""zircon"": {""width"": 50, ""height"": 70}}"	"{""region_count"": 0, ""region_landmark_samples"": [], ""guard_count"": 0, ""guard_samples"": [], ""connected_maps"": [], ""coordinate_evidence"": ""MapRegion PointRegion centers; no Merchant coordinate snapshot available""}"	[]	"{""status"": ""pass"", ""walkable_cells"": 528, ""total_cells"": 3500, ""walkable_ratio"": 0.150857}"	"{""status"": ""pass"", ""walkable_cells"": 528, ""total_cells"": 3500, ""walkable_ratio"": 0.150857}"	identity logical-grid coordinates	allowed-after-point-check	high	"{""relation"": ""same local map bytes"", ""hero_kill_sha256"": ""228fa0451107b9d2a7d7d0a6a3ab3b4a9f51aa9800441e0a4cc7165b5342d773"", ""zircon_sha256"": ""228fa0451107b9d2a7d7d0a6a3ab3b4a9f51aa9800441e0a4cc7165b5342d773""}"
D815	D815	/home/tetsuya/mir2ei/Map/D815.map	/home/tetsuya/mir2ei/Map/D815.map	"{""index"": 1009, ""file"": ""D815"", ""description"": ""EI D815""}"	/home/tetsuya/development/zircon/Debug/ServerCore/Map/D815.map	exact	"{""hero_kill"": {""width"": 100, ""height"": 100}, ""zircon"": {""width"": 100, ""height"": 100}}"	"{""region_count"": 0, ""region_landmark_samples"": [], ""guard_count"": 0, ""guard_samples"": [], ""connected_maps"": [], ""coordinate_evidence"": ""MapRegion PointRegion centers; no Merchant coordinate snapshot available""}"	[]	"{""status"": ""pass"", ""walkable_cells"": 1891, ""total_cells"": 10000, ""walkable_ratio"": 0.1891}"	"{""status"": ""pass"", ""walkable_cells"": 1891, ""total_cells"": 10000, ""walkable_ratio"": 0.1891}"	identity logical-grid coordinates	allowed-after-point-check	high	"{""relation"": ""same local map bytes"", ""hero_kill_sha256"": ""d92568d72558da7ee1c941baa8c6fca757daf9dbe3050e94bec94e5717d432ca"", ""zircon_sha256"": ""d92568d72558da7ee1c941baa8c6fca757daf9dbe3050e94bec94e5717d432ca""}"
d8151	d8151	/home/tetsuya/mir2ei/Map/d8151.map	/home/tetsuya/mir2ei/Map/d8151.map	"{""index"": 1010, ""file"": ""d8151"", ""description"": ""EI d8151""}"	/home/tetsuya/development/zircon/Debug/ServerCore/Map/d8151.map	exact	"{""hero_kill"": {""width"": 36, ""height"": 36}, ""zircon"": {""width"": 36, ""height"": 36}}"	"{""region_count"": 0, ""region_landmark_samples"": [], ""guard_count"": 0, ""guard_samples"": [], ""connected_maps"": [], ""coordinate_evidence"": ""MapRegion PointRegion centers; no Merchant coordinate snapshot available""}"	[]	"{""status"": ""pass"", ""walkable_cells"": 205, ""total_cells"": 1296, ""walkable_ratio"": 0.158179}"	"{""status"": ""pass"", ""walkable_cells"": 205, ""total_cells"": 1296, ""walkable_ratio"": 0.158179}"	identity logical-grid coordinates	allowed-after-point-check	high	"{""relation"": ""same local map bytes"", ""hero_kill_sha256"": ""81e8aef3c75e81018a9986986c1b53ce7aa2c45bd531113f2466c3c8a5f1bad1"", ""zircon_sha256"": ""81e8aef3c75e81018a9986986c1b53ce7aa2c45bd531113f2466c3c8a5f1bad1""}"
D816	D816	/home/tetsuya/mir2ei/Map/D816.map	/home/tetsuya/mir2ei/Map/D816.map	"{""index"": 1011, ""file"": ""D816"", ""description"": ""EI D816""}"	/home/tetsuya/development/zircon/Debug/ServerCore/Map/D816.map	exact	"{""hero_kill"": {""width"": 100, ""height"": 100}, ""zircon"": {""width"": 100, ""height"": 100}}"	"{""region_count"": 0, ""region_landmark_samples"": [], ""guard_count"": 0, ""guard_samples"": [], ""connected_maps"": [], ""coordinate_evidence"": ""MapRegion PointRegion centers; no Merchant coordinate snapshot available""}"	[]	"{""status"": ""pass"", ""walkable_cells"": 2152, ""total_cells"": 10000, ""walkable_ratio"": 0.2152}"	"{""status"": ""pass"", ""walkable_cells"": 2152, ""total_cells"": 10000, ""walkable_ratio"": 0.2152}"	identity logical-grid coordinates	allowed-after-point-check	high	"{""relation"": ""same local map bytes"", ""hero_kill_sha256"": ""c7dda72e6d32cb3484a948b75b4708e83f7227a06feba90c2841861b8760ad94"", ""zircon_sha256"": ""c7dda72e6d32cb3484a948b75b4708e83f7227a06feba90c2841861b8760ad94""}"
D8161	D8161	/home/tetsuya/mir2ei/Map/D8161.map	/home/tetsuya/mir2ei/Map/D8161.map	"{""index"": 1012, ""file"": ""D8161"", ""description"": ""EI D8161""}"	/home/tetsuya/development/zircon/Debug/ServerCore/Map/D8161.map	exact	"{""hero_kill"": {""width"": 50, ""height"": 70}, ""zircon"": {""width"": 50, ""height"": 70}}"	"{""region_count"": 0, ""region_landmark_samples"": [], ""guard_count"": 0, ""guard_samples"": [], ""connected_maps"": [], ""coordinate_evidence"": ""MapRegion PointRegion centers; no Merchant coordinate snapshot available""}"	[]	"{""status"": ""pass"", ""walkable_cells"": 528, ""total_cells"": 3500, ""walkable_ratio"": 0.150857}"	"{""status"": ""pass"", ""walkable_cells"": 528, ""total_cells"": 3500, ""walkable_ratio"": 0.150857}"	identity logical-grid coordinates	allowed-after-point-check	high	"{""relation"": ""same local map bytes"", ""hero_kill_sha256"": ""228fa0451107b9d2a7d7d0a6a3ab3b4a9f51aa9800441e0a4cc7165b5342d773"", ""zircon_sha256"": ""228fa0451107b9d2a7d7d0a6a3ab3b4a9f51aa9800441e0a4cc7165b5342d773""}"
d8162	d8162	/home/tetsuya/mir2ei/Map/d8162.map	/home/tetsuya/mir2ei/Map/d8162.map	"{""index"": 1013, ""file"": ""d8162"", ""description"": ""EI d8162""}"	/home/tetsuya/development/zircon/Debug/ServerCore/Map/d8162.map	exact	"{""hero_kill"": {""width"": 36, ""height"": 36}, ""zircon"": {""width"": 36, ""height"": 36}}"	"{""region_count"": 0, ""region_landmark_samples"": [], ""guard_count"": 0, ""guard_samples"": [], ""connected_maps"": [], ""coordinate_evidence"": ""MapRegion PointRegion centers; no Merchant coordinate snapshot available""}"	[]	"{""status"": ""pass"", ""walkable_cells"": 205, ""total_cells"": 1296, ""walkable_ratio"": 0.158179}"	"{""status"": ""pass"", ""walkable_cells"": 205, ""total_cells"": 1296, ""walkable_ratio"": 0.158179}"	identity logical-grid coordinates	allowed-after-point-check	high	"{""relation"": ""same local map bytes"", ""hero_kill_sha256"": ""81e8aef3c75e81018a9986986c1b53ce7aa2c45bd531113f2466c3c8a5f1bad1"", ""zircon_sha256"": ""81e8aef3c75e81018a9986986c1b53ce7aa2c45bd531113f2466c3c8a5f1bad1""}"
d817	d817	/home/tetsuya/mir2ei/Map/d817.map	/home/tetsuya/mir2ei/Map/d817.map	"{""index"": 1014, ""file"": ""d817"", ""description"": ""EI d817""}"	/home/tetsuya/development/zircon/Debug/ServerCore/Map/d817.map	exact	"{""hero_kill"": {""width"": 100, ""height"": 100}, ""zircon"": {""width"": 100, ""height"": 100}}"	"{""region_count"": 0, ""region_landmark_samples"": [], ""guard_count"": 0, ""guard_samples"": [], ""connected_maps"": [], ""coordinate_evidence"": ""MapRegion PointRegion centers; no Merchant coordinate snapshot available""}"	[]	"{""status"": ""pass"", ""walkable_cells"": 1780, ""total_cells"": 10000, ""walkable_ratio"": 0.178}"	"{""status"": ""pass"", ""walkable_cells"": 1780, ""total_cells"": 10000, ""walkable_ratio"": 0.178}"	identity logical-grid coordinates	allowed-after-point-check	high	"{""relation"": ""same local map bytes"", ""hero_kill_sha256"": ""c69de87e28884dfa1a39abdadbb91dafffd801b75cbd4b4f3e5f730a0cd15b21"", ""zircon_sha256"": ""c69de87e28884dfa1a39abdadbb91dafffd801b75cbd4b4f3e5f730a0cd15b21""}"
d8171	d8171	/home/tetsuya/mir2ei/Map/d8171.map	/home/tetsuya/mir2ei/Map/d8171.map	"{""index"": 1015, ""file"": ""d8171"", ""description"": ""EI d8171""}"	/home/tetsuya/development/zircon/Debug/ServerCore/Map/d8171.map	exact	"{""hero_kill"": {""width"": 36, ""height"": 36}, ""zircon"": {""width"": 36, ""height"": 36}}"	"{""region_count"": 0, ""region_landmark_samples"": [], ""guard_count"": 0, ""guard_samples"": [], ""connected_maps"": [], ""coordinate_evidence"": ""MapRegion PointRegion centers; no Merchant coordinate snapshot available""}"	[]	"{""status"": ""pass"", ""walkable_cells"": 228, ""total_cells"": 1296, ""walkable_ratio"": 0.175926}"	"{""status"": ""pass"", ""walkable_cells"": 228, ""total_cells"": 1296, ""walkable_ratio"": 0.175926}"	identity logical-grid coordinates	allowed-after-point-check	high	"{""relation"": ""same local map bytes"", ""hero_kill_sha256"": ""0e298cc38b2797f5a7dddbe339373b26eae558bfd1c6124e458701f07592e0c0"", ""zircon_sha256"": ""0e298cc38b2797f5a7dddbe339373b26eae558bfd1c6124e458701f07592e0c0""}"
d8172	d8172	/home/tetsuya/mir2ei/Map/d8172.map	/home/tetsuya/mir2ei/Map/d8172.map	"{""index"": 1016, ""file"": ""d8172"", ""description"": ""EI d8172""}"	/home/tetsuya/development/zircon/Debug/ServerCore/Map/d8172.map	exact	"{""hero_kill"": {""width"": 36, ""height"": 36}, ""zircon"": {""width"": 36, ""height"": 36}}"	"{""region_count"": 0, ""region_landmark_samples"": [], ""guard_count"": 0, ""guard_samples"": [], ""connected_maps"": [], ""coordinate_evidence"": ""MapRegion PointRegion centers; no Merchant coordinate snapshot available""}"	[]	"{""status"": ""pass"", ""walkable_cells"": 205, ""total_cells"": 1296, ""walkable_ratio"": 0.158179}"	"{""status"": ""pass"", ""walkable_cells"": 205, ""total_cells"": 1296, ""walkable_ratio"": 0.158179}"	identity logical-grid coordinates	allowed-after-point-check	high	"{""relation"": ""same local map bytes"", ""hero_kill_sha256"": ""81e8aef3c75e81018a9986986c1b53ce7aa2c45bd531113f2466c3c8a5f1bad1"", ""zircon_sha256"": ""81e8aef3c75e81018a9986986c1b53ce7aa2c45bd531113f2466c3c8a5f1bad1""}"
d818	d818	/home/tetsuya/mir2ei/Map/d818.map	/home/tetsuya/mir2ei/Map/d818.map	"{""index"": 1017, ""file"": ""d818"", ""description"": ""EI d818""}"	/home/tetsuya/development/zircon/Debug/ServerCore/Map/d818.map	exact	"{""hero_kill"": {""width"": 100, ""height"": 100}, ""zircon"": {""width"": 100, ""height"": 100}}"	"{""region_count"": 0, ""region_landmark_samples"": [], ""guard_count"": 0, ""guard_samples"": [], ""connected_maps"": [], ""coordinate_evidence"": ""MapRegion PointRegion centers; no Merchant coordinate snapshot available""}"	[]	"{""status"": ""pass"", ""walkable_cells"": 2093, ""total_cells"": 10000, ""walkable_ratio"": 0.2093}"	"{""status"": ""pass"", ""walkable_cells"": 2093, ""total_cells"": 10000, ""walkable_ratio"": 0.2093}"	identity logical-grid coordinates	allowed-after-point-check	high	"{""relation"": ""same local map bytes"", ""hero_kill_sha256"": ""da9b1a8c4bfc1e961468cda9cd85aceac767ed1b0f9fcebea470182b18360ee6"", ""zircon_sha256"": ""da9b1a8c4bfc1e961468cda9cd85aceac767ed1b0f9fcebea470182b18360ee6""}"
D8201	D8201	/home/tetsuya/mir2ei/Map/D8201.map	/home/tetsuya/mir2ei/Map/D8201.map	"{""index"": 1018, ""file"": ""D8201"", ""description"": ""东部蚂蚁洞穴1层4""}"	/home/tetsuya/development/zircon/Debug/ServerCore/Map/D8201.map	exact	"{""hero_kill"": {""width"": 200, ""height"": 200}, ""zircon"": {""width"": 200, ""height"": 200}}"	"{""region_count"": 13, ""region_landmark_samples"": [""D8201 / Ant Soldier Spawn"", ""D8201 / Ant Soldier Spawn"", ""D8201 / Poisonous Mutant Flea Spawn"", ""D8201 / Ant Soldier Spawn"", ""D8201 / Ant Soldier Spawn"", ""D8201 / Armoured Ant Spawn"", ""D8201 / Poisonous Mutant Flea Spawn"", ""D8201 / Armoured Ant Spawn"", ""D8201 / Ant Commander Spawn"", ""D8201 / Teleport Destination"", ""D8201 / Teleport Destination"", ""D8201 / Teleport Source"", ""D8201 / Teleport Source""], ""guard_count"": 0, ""guard_samples"": [], ""connected_maps"": [""D8204""], ""coordinate_evidence"": ""MapRegion PointRegion centers; no Merchant coordinate snapshot available""}"	"[""D8201 / Ant Soldier Spawn"", ""D8201 / Ant Soldier Spawn"", ""D8201 / Poisonous Mutant Flea Spawn"", ""D8201 / Ant Soldier Spawn"", ""D8201 / Ant Soldier Spawn"", ""D8201 / Armoured Ant Spawn"", ""D8201 / Poisonous Mutant Flea Spawn"", ""D8201 / Armoured Ant Spawn"", ""D8201 / Ant Commander Spawn"", ""D8201 / Teleport Destination"", ""D8201 / Teleport Destination"", ""D8201 / Teleport Source"", ""D8201 / Teleport Source""]"	"{""status"": ""pass"", ""walkable_cells"": 7545, ""total_cells"": 40000, ""walkable_ratio"": 0.188625}"	"{""status"": ""pass"", ""walkable_cells"": 7545, ""total_cells"": 40000, ""walkable_ratio"": 0.188625}"	identity logical-grid coordinates	allowed-after-point-check	high	"{""relation"": ""same local map bytes"", ""hero_kill_sha256"": ""8aea1eb641c0e976e29bff2fbc3926e7eca52d8d4c10778f9ba7d631448258ec"", ""zircon_sha256"": ""8aea1eb641c0e976e29bff2fbc3926e7eca52d8d4c10778f9ba7d631448258ec""}"
D8202	D8202	/home/tetsuya/mir2ei/Map/D8202.map	/home/tetsuya/mir2ei/Map/D8202.map	"{""index"": 1019, ""file"": ""D8202"", ""description"": ""东部蚂蚁洞穴1层1""}"	/home/tetsuya/development/zircon/Debug/ServerCore/Map/D8202.map	exact	"{""hero_kill"": {""width"": 200, ""height"": 200}, ""zircon"": {""width"": 200, ""height"": 200}}"	"{""region_count"": 13, ""region_landmark_samples"": [""D8202 / Ant Soldier Spawn"", ""D8202 / Ant Soldier Spawn"", ""D8202 / Poisonous Mutant Flea Spawn"", ""D8202 / Ant Soldier Spawn"", ""D8202 / Armoured Ant Spawn"", ""D8202 / Poisonous Mutant Flea Spawn"", ""D8202 / Armoured Ant Spawn"", ""D8202 / Ant Soldier Spawn"", ""D8202 / Ant Commander Spawn"", ""D8202 / Teleport Destination"", ""D8202 / Teleport Source"", ""D8202 / Teleport Source"", ""D8202 / Teleport Destination""], ""guard_count"": 0, ""guard_samples"": [], ""connected_maps"": [""4"", ""D8203""], ""coordinate_evidence"": ""MapRegion PointRegion centers; no Merchant coordinate snapshot available""}"	"[""D8202 / Ant Soldier Spawn"", ""D8202 / Ant Soldier Spawn"", ""D8202 / Poisonous Mutant Flea Spawn"", ""D8202 / Ant Soldier Spawn"", ""D8202 / Armoured Ant Spawn"", ""D8202 / Poisonous Mutant Flea Spawn"", ""D8202 / Armoured Ant Spawn"", ""D8202 / Ant Soldier Spawn"", ""D8202 / Ant Commander Spawn"", ""D8202 / Teleport Destination"", ""D8202 / Teleport Source"", ""D8202 / Teleport Source"", ""D8202 / Teleport Destination""]"	"{""status"": ""pass"", ""walkable_cells"": 7372, ""total_cells"": 40000, ""walkable_ratio"": 0.1843}"	"{""status"": ""pass"", ""walkable_cells"": 7372, ""total_cells"": 40000, ""walkable_ratio"": 0.1843}"	identity logical-grid coordinates	allowed-after-point-check	high	"{""relation"": ""same local map bytes"", ""hero_kill_sha256"": ""c1ee202c539d6dbf80eda4dc3d26b340d1dacc887d2e93113801b33250d5d514"", ""zircon_sha256"": ""c1ee202c539d6dbf80eda4dc3d26b340d1dacc887d2e93113801b33250d5d514""}"
D8203	D8203	/home/tetsuya/mir2ei/Map/D8203.map	/home/tetsuya/mir2ei/Map/D8203.map	"{""index"": 1020, ""file"": ""D8203"", ""description"": ""东部蚂蚁洞穴1层2""}"	/home/tetsuya/development/zircon/Debug/ServerCore/Map/D8203.map	exact	"{""hero_kill"": {""width"": 200, ""height"": 200}, ""zircon"": {""width"": 200, ""height"": 200}}"	"{""region_count"": 15, ""region_landmark_samples"": [""D8203 / Ant Soldier Spawn"", ""D8203 / Ant Soldier Spawn"", ""D8203 / Poisonous Mutant Flea Spawn"", ""D8203 / Ant Soldier Spawn"", ""D8203 / Ant Soldier Spawn"", ""D8203 / Armoured Ant Spawn"", ""D8203 / Poisonous Mutant Flea Spawn"", ""D8203 / Armoured Ant Spawn"", ""D8203 / Ant Commander Spawn"", ""D8203 / Teleport Destination"", ""D8203 / Teleport Source"", ""D8203 / Teleport Source"", ""D8203 / Teleport Source"", ""D8203 / Teleport Destination"", ""D8203 / Teleport Destination""], ""guard_count"": 0, ""guard_samples"": [], ""connected_maps"": [""D8202"", ""D8204""], ""coordinate_evidence"": ""MapRegion PointRegion centers; no Merchant coordinate snapshot available""}"	"[""D8203 / Ant Soldier Spawn"", ""D8203 / Ant Soldier Spawn"", ""D8203 / Poisonous Mutant Flea Spawn"", ""D8203 / Ant Soldier Spawn"", ""D8203 / Ant Soldier Spawn"", ""D8203 / Armoured Ant Spawn"", ""D8203 / Poisonous Mutant Flea Spawn"", ""D8203 / Armoured Ant Spawn"", ""D8203 / Ant Commander Spawn"", ""D8203 / Teleport Destination"", ""D8203 / Teleport Source"", ""D8203 / Teleport Source"", ""D8203 / Teleport Source"", ""D8203 / Teleport Destination"", ""D8203 / Teleport Destination""]"	"{""status"": ""pass"", ""walkable_cells"": 6567, ""total_cells"": 40000, ""walkable_ratio"": 0.164175}"	"{""status"": ""pass"", ""walkable_cells"": 6567, ""total_cells"": 40000, ""walkable_ratio"": 0.164175}"	identity logical-grid coordinates	allowed-after-point-check	high	"{""relation"": ""same local map bytes"", ""hero_kill_sha256"": ""eba80d88d70468429b139cff21a46d43b27431326d35f723db3e2e8f5410991d"", ""zircon_sha256"": ""eba80d88d70468429b139cff21a46d43b27431326d35f723db3e2e8f5410991d""}"
D8204	D8204	/home/tetsuya/mir2ei/Map/D8204.map	/home/tetsuya/mir2ei/Map/D8204.map	"{""index"": 1021, ""file"": ""D8204"", ""description"": ""东部蚂蚁洞穴1层3""}"	/home/tetsuya/development/zircon/Debug/ServerCore/Map/D8204.map	exact	"{""hero_kill"": {""width"": 200, ""height"": 200}, ""zircon"": {""width"": 200, ""height"": 200}}"	"{""region_count"": 17, ""region_landmark_samples"": [""D8204 / Ant Soldier Spawn"", ""D8204 / Ant Soldier Spawn"", ""D8204 / Poisonous Mutant Flea Spawn"", ""D8204 / Ant Soldier Spawn"", ""D8204 / Armoured Ant Spawn"", ""D8204 / Poisonous Mutant Flea Spawn"", ""D8204 / Armoured Ant Spawn"", ""D8204 / Ant Soldier Spawn"", ""D8204 / Ant Commander Spawn"", ""D8204 / Teleport Destination"", ""D8204 / Teleport Destination"", ""D8204 / Teleport Source"", ""D8204 / Teleport Source"", ""D8204 / Teleport Source"", ""D8204 / Teleport Source"", ""D8204 / Teleport Destination"", ""D8204 / Teleport Destination""], ""guard_count"": 0, ""guard_samples"": [], ""connected_maps"": [""D8201"", ""D8203""], ""coordinate_evidence"": ""MapRegion PointRegion centers; no Merchant coordinate snapshot available""}"	"[""D8204 / Ant Soldier Spawn"", ""D8204 / Ant Soldier Spawn"", ""D8204 / Poisonous Mutant Flea Spawn"", ""D8204 / Ant Soldier Spawn"", ""D8204 / Armoured Ant Spawn"", ""D8204 / Poisonous Mutant Flea Spawn"", ""D8204 / Armoured Ant Spawn"", ""D8204 / Ant Soldier Spawn"", ""D8204 / Ant Commander Spawn"", ""D8204 / Teleport Destination"", ""D8204 / Teleport Destination"", ""D8204 / Teleport Source"", ""D8204 / Teleport Source"", ""D8204 / Teleport Source"", ""D8204 / Teleport Source"", ""D8204 / Teleport Destination"", ""D8204 / Teleport Destination""]"	"{""status"": ""pass"", ""walkable_cells"": 7532, ""total_cells"": 40000, ""walkable_ratio"": 0.1883}"	"{""status"": ""pass"", ""walkable_cells"": 7532, ""total_cells"": 40000, ""walkable_ratio"": 0.1883}"	identity logical-grid coordinates	allowed-after-point-check	high	"{""relation"": ""same local map bytes"", ""hero_kill_sha256"": ""151a136b7b8c42c5af2efcce55a30d4c800368795471bf218f9eaa93f9bbaf67"", ""zircon_sha256"": ""151a136b7b8c42c5af2efcce55a30d4c800368795471bf218f9eaa93f9bbaf67""}"
D821	D821	/home/tetsuya/mir2ei/Map/D821.map	/home/tetsuya/mir2ei/Map/D821.map	"{""index"": 1022, ""file"": ""D821"", ""description"": ""EI D821""}"	/home/tetsuya/development/zircon/Debug/ServerCore/Map/D821.map	exact	"{""hero_kill"": {""width"": 100, ""height"": 100}, ""zircon"": {""width"": 100, ""height"": 100}}"	"{""region_count"": 0, ""region_landmark_samples"": [], ""guard_count"": 0, ""guard_samples"": [], ""connected_maps"": [], ""coordinate_evidence"": ""MapRegion PointRegion centers; no Merchant coordinate snapshot available""}"	[]	"{""status"": ""pass"", ""walkable_cells"": 2848, ""total_cells"": 10000, ""walkable_ratio"": 0.2848}"	"{""status"": ""pass"", ""walkable_cells"": 2848, ""total_cells"": 10000, ""walkable_ratio"": 0.2848}"	identity logical-grid coordinates	allowed-after-point-check	high	"{""relation"": ""same local map bytes"", ""hero_kill_sha256"": ""53bca704618f4690a3b31b6fdfbaf2f6762725feb469a0d37c0ce6cf60e2275b"", ""zircon_sha256"": ""53bca704618f4690a3b31b6fdfbaf2f6762725feb469a0d37c0ce6cf60e2275b""}"
d822	d822	/home/tetsuya/mir2ei/Map/d822.map	/home/tetsuya/mir2ei/Map/d822.map	"{""index"": 1023, ""file"": ""d822"", ""description"": ""EI d822""}"	/home/tetsuya/development/zircon/Debug/ServerCore/Map/d822.map	exact	"{""hero_kill"": {""width"": 100, ""height"": 100}, ""zircon"": {""width"": 100, ""height"": 100}}"	"{""region_count"": 0, ""region_landmark_samples"": [], ""guard_count"": 0, ""guard_samples"": [], ""connected_maps"": [], ""coordinate_evidence"": ""MapRegion PointRegion centers; no Merchant coordinate snapshot available""}"	[]	"{""status"": ""pass"", ""walkable_cells"": 2741, ""total_cells"": 10000, ""walkable_ratio"": 0.2741}"	"{""status"": ""pass"", ""walkable_cells"": 2741, ""total_cells"": 10000, ""walkable_ratio"": 0.2741}"	identity logical-grid coordinates	allowed-after-point-check	high	"{""relation"": ""same local map bytes"", ""hero_kill_sha256"": ""8f45a25585c5de6325774746ea830a7464dfdfdb611b777ff3117b8eeb0d1bf5"", ""zircon_sha256"": ""8f45a25585c5de6325774746ea830a7464dfdfdb611b777ff3117b8eeb0d1bf5""}"
D8221	D8221	/home/tetsuya/mir2ei/Map/D8221.map	/home/tetsuya/mir2ei/Map/D8221.map	"{""index"": 1024, ""file"": ""D8221"", ""description"": ""EI D8221""}"	/home/tetsuya/development/zircon/Debug/ServerCore/Map/D8221.map	exact	"{""hero_kill"": {""width"": 36, ""height"": 36}, ""zircon"": {""width"": 36, ""height"": 36}}"	"{""region_count"": 0, ""region_landmark_samples"": [], ""guard_count"": 0, ""guard_samples"": [], ""connected_maps"": [], ""coordinate_evidence"": ""MapRegion PointRegion centers; no Merchant coordinate snapshot available""}"	[]	"{""status"": ""pass"", ""walkable_cells"": 283, ""total_cells"": 1296, ""walkable_ratio"": 0.218364}"	"{""status"": ""pass"", ""walkable_cells"": 283, ""total_cells"": 1296, ""walkable_ratio"": 0.218364}"	identity logical-grid coordinates	allowed-after-point-check	high	"{""relation"": ""same local map bytes"", ""hero_kill_sha256"": ""5abaa4413c33ee5c9c070a7ac89fa2e6287064828e2ca1c0f4bacc25398ea1b3"", ""zircon_sha256"": ""5abaa4413c33ee5c9c070a7ac89fa2e6287064828e2ca1c0f4bacc25398ea1b3""}"
d8222	d8222	/home/tetsuya/mir2ei/Map/d8222.map	/home/tetsuya/mir2ei/Map/d8222.map	"{""index"": 1025, ""file"": ""d8222"", ""description"": ""EI d8222""}"	/home/tetsuya/development/zircon/Debug/ServerCore/Map/d8222.map	exact	"{""hero_kill"": {""width"": 36, ""height"": 36}, ""zircon"": {""width"": 36, ""height"": 36}}"	"{""region_count"": 0, ""region_landmark_samples"": [], ""guard_count"": 0, ""guard_samples"": [], ""connected_maps"": [], ""coordinate_evidence"": ""MapRegion PointRegion centers; no Merchant coordinate snapshot available""}"	[]	"{""status"": ""pass"", ""walkable_cells"": 205, ""total_cells"": 1296, ""walkable_ratio"": 0.158179}"	"{""status"": ""pass"", ""walkable_cells"": 205, ""total_cells"": 1296, ""walkable_ratio"": 0.158179}"	identity logical-grid coordinates	allowed-after-point-check	high	"{""relation"": ""same local map bytes"", ""hero_kill_sha256"": ""81e8aef3c75e81018a9986986c1b53ce7aa2c45bd531113f2466c3c8a5f1bad1"", ""zircon_sha256"": ""81e8aef3c75e81018a9986986c1b53ce7aa2c45bd531113f2466c3c8a5f1bad1""}"
d823	d823	/home/tetsuya/mir2ei/Map/d823.map	/home/tetsuya/mir2ei/Map/d823.map	"{""index"": 1026, ""file"": ""d823"", ""description"": ""EI d823""}"	/home/tetsuya/development/zircon/Debug/ServerCore/Map/d823.map	exact	"{""hero_kill"": {""width"": 100, ""height"": 100}, ""zircon"": {""width"": 100, ""height"": 100}}"	"{""region_count"": 0, ""region_landmark_samples"": [], ""guard_count"": 0, ""guard_samples"": [], ""connected_maps"": [], ""coordinate_evidence"": ""MapRegion PointRegion centers; no Merchant coordinate snapshot available""}"	[]	"{""status"": ""pass"", ""walkable_cells"": 2483, ""total_cells"": 10000, ""walkable_ratio"": 0.2483}"	"{""status"": ""pass"", ""walkable_cells"": 2483, ""total_cells"": 10000, ""walkable_ratio"": 0.2483}"	identity logical-grid coordinates	allowed-after-point-check	high	"{""relation"": ""same local map bytes"", ""hero_kill_sha256"": ""c1dbb8ede753a64a1956100573701ae2eea32004ff36a7372b47db0f54f9db1d"", ""zircon_sha256"": ""c1dbb8ede753a64a1956100573701ae2eea32004ff36a7372b47db0f54f9db1d""}"
D8231	D8231	/home/tetsuya/mir2ei/Map/D8231.map	/home/tetsuya/mir2ei/Map/D8231.map	"{""index"": 1027, ""file"": ""D8231"", ""description"": ""EI D8231""}"	/home/tetsuya/development/zircon/Debug/ServerCore/Map/D8231.map	exact	"{""hero_kill"": {""width"": 36, ""height"": 36}, ""zircon"": {""width"": 36, ""height"": 36}}"	"{""region_count"": 0, ""region_landmark_samples"": [], ""guard_count"": 0, ""guard_samples"": [], ""connected_maps"": [], ""coordinate_evidence"": ""MapRegion PointRegion centers; no Merchant coordinate snapshot available""}"	[]	"{""status"": ""pass"", ""walkable_cells"": 321, ""total_cells"": 1296, ""walkable_ratio"": 0.247685}"	"{""status"": ""pass"", ""walkable_cells"": 321, ""total_cells"": 1296, ""walkable_ratio"": 0.247685}"	identity logical-grid coordinates	allowed-after-point-check	high	"{""relation"": ""same local map bytes"", ""hero_kill_sha256"": ""537d484b9a2ccae0a610012fb616939aff68951969af1f13dff504580631c44a"", ""zircon_sha256"": ""537d484b9a2ccae0a610012fb616939aff68951969af1f13dff504580631c44a""}"
D8232	D8232	/home/tetsuya/mir2ei/Map/D8232.map	/home/tetsuya/mir2ei/Map/D8232.map	"{""index"": 1028, ""file"": ""D8232"", ""description"": ""EI D8232""}"	/home/tetsuya/development/zircon/Debug/ServerCore/Map/D8232.map	exact	"{""hero_kill"": {""width"": 36, ""height"": 36}, ""zircon"": {""width"": 36, ""height"": 36}}"	"{""region_count"": 0, ""region_landmark_samples"": [], ""guard_count"": 0, ""guard_samples"": [], ""connected_maps"": [], ""coordinate_evidence"": ""MapRegion PointRegion centers; no Merchant coordinate snapshot available""}"	[]	"{""status"": ""pass"", ""walkable_cells"": 250, ""total_cells"": 1296, ""walkable_ratio"": 0.192901}"	"{""status"": ""pass"", ""walkable_cells"": 250, ""total_cells"": 1296, ""walkable_ratio"": 0.192901}"	identity logical-grid coordinates	allowed-after-point-check	high	"{""relation"": ""same local map bytes"", ""hero_kill_sha256"": ""cac96758ee7f64ee41d8ec42995c10e491dc3c476f054d4e0c881437f223b7e9"", ""zircon_sha256"": ""cac96758ee7f64ee41d8ec42995c10e491dc3c476f054d4e0c881437f223b7e9""}"
d8233	d8233	/home/tetsuya/mir2ei/Map/d8233.map	/home/tetsuya/mir2ei/Map/d8233.map	"{""index"": 1029, ""file"": ""d8233"", ""description"": ""EI d8233""}"	/home/tetsuya/development/zircon/Debug/ServerCore/Map/d8233.map	exact	"{""hero_kill"": {""width"": 36, ""height"": 36}, ""zircon"": {""width"": 36, ""height"": 36}}"	"{""region_count"": 0, ""region_landmark_samples"": [], ""guard_count"": 0, ""guard_samples"": [], ""connected_maps"": [], ""coordinate_evidence"": ""MapRegion PointRegion centers; no Merchant coordinate snapshot available""}"	[]	"{""status"": ""pass"", ""walkable_cells"": 205, ""total_cells"": 1296, ""walkable_ratio"": 0.158179}"	"{""status"": ""pass"", ""walkable_cells"": 205, ""total_cells"": 1296, ""walkable_ratio"": 0.158179}"	identity logical-grid coordinates	allowed-after-point-check	high	"{""relation"": ""same local map bytes"", ""hero_kill_sha256"": ""81e8aef3c75e81018a9986986c1b53ce7aa2c45bd531113f2466c3c8a5f1bad1"", ""zircon_sha256"": ""81e8aef3c75e81018a9986986c1b53ce7aa2c45bd531113f2466c3c8a5f1bad1""}"
D824	D824	/home/tetsuya/mir2ei/Map/D824.map	/home/tetsuya/mir2ei/Map/D824.map	"{""index"": 1030, ""file"": ""D824"", ""description"": ""EI D824""}"	/home/tetsuya/development/zircon/Debug/ServerCore/Map/D824.map	exact	"{""hero_kill"": {""width"": 100, ""height"": 100}, ""zircon"": {""width"": 100, ""height"": 100}}"	"{""region_count"": 0, ""region_landmark_samples"": [], ""guard_count"": 0, ""guard_samples"": [], ""connected_maps"": [], ""coordinate_evidence"": ""MapRegion PointRegion centers; no Merchant coordinate snapshot available""}"	[]	"{""status"": ""pass"", ""walkable_cells"": 2250, ""total_cells"": 10000, ""walkable_ratio"": 0.225}"	"{""status"": ""pass"", ""walkable_cells"": 2250, ""total_cells"": 10000, ""walkable_ratio"": 0.225}"	identity logical-grid coordinates	allowed-after-point-check	high	"{""relation"": ""same local map bytes"", ""hero_kill_sha256"": ""da48890db8d8c993778794ce4484b0f7d40329d6aedefe21c4e16b91d3e54778"", ""zircon_sha256"": ""da48890db8d8c993778794ce4484b0f7d40329d6aedefe21c4e16b91d3e54778""}"
D8241	D8241	/home/tetsuya/mir2ei/Map/D8241.map	/home/tetsuya/mir2ei/Map/D8241.map	"{""index"": 1031, ""file"": ""D8241"", ""description"": ""EI D8241""}"	/home/tetsuya/development/zircon/Debug/ServerCore/Map/D8241.map	exact	"{""hero_kill"": {""width"": 50, ""height"": 70}, ""zircon"": {""width"": 50, ""height"": 70}}"	"{""region_count"": 0, ""region_landmark_samples"": [], ""guard_count"": 0, ""guard_samples"": [], ""connected_maps"": [], ""coordinate_evidence"": ""MapRegion PointRegion centers; no Merchant coordinate snapshot available""}"	[]	"{""status"": ""pass"", ""walkable_cells"": 528, ""total_cells"": 3500, ""walkable_ratio"": 0.150857}"	"{""status"": ""pass"", ""walkable_cells"": 528, ""total_cells"": 3500, ""walkable_ratio"": 0.150857}"	identity logical-grid coordinates	allowed-after-point-check	high	"{""relation"": ""same local map bytes"", ""hero_kill_sha256"": ""228fa0451107b9d2a7d7d0a6a3ab3b4a9f51aa9800441e0a4cc7165b5342d773"", ""zircon_sha256"": ""228fa0451107b9d2a7d7d0a6a3ab3b4a9f51aa9800441e0a4cc7165b5342d773""}"
D825	D825	/home/tetsuya/mir2ei/Map/D825.map	/home/tetsuya/mir2ei/Map/D825.map	"{""index"": 1032, ""file"": ""D825"", ""description"": ""EI D825""}"	/home/tetsuya/development/zircon/Debug/ServerCore/Map/D825.map	exact	"{""hero_kill"": {""width"": 100, ""height"": 100}, ""zircon"": {""width"": 100, ""height"": 100}}"	"{""region_count"": 0, ""region_landmark_samples"": [], ""guard_count"": 0, ""guard_samples"": [], ""connected_maps"": [], ""coordinate_evidence"": ""MapRegion PointRegion centers; no Merchant coordinate snapshot available""}"	[]	"{""status"": ""pass"", ""walkable_cells"": 1891, ""total_cells"": 10000, ""walkable_ratio"": 0.1891}"	"{""status"": ""pass"", ""walkable_cells"": 1891, ""total_cells"": 10000, ""walkable_ratio"": 0.1891}"	identity logical-grid coordinates	allowed-after-point-check	high	"{""relation"": ""same local map bytes"", ""hero_kill_sha256"": ""d92568d72558da7ee1c941baa8c6fca757daf9dbe3050e94bec94e5717d432ca"", ""zircon_sha256"": ""d92568d72558da7ee1c941baa8c6fca757daf9dbe3050e94bec94e5717d432ca""}"
d8251	d8251	/home/tetsuya/mir2ei/Map/d8251.map	/home/tetsuya/mir2ei/Map/d8251.map	"{""index"": 1033, ""file"": ""d8251"", ""description"": ""EI d8251""}"	/home/tetsuya/development/zircon/Debug/ServerCore/Map/d8251.map	exact	"{""hero_kill"": {""width"": 36, ""height"": 36}, ""zircon"": {""width"": 36, ""height"": 36}}"	"{""region_count"": 0, ""region_landmark_samples"": [], ""guard_count"": 0, ""guard_samples"": [], ""connected_maps"": [], ""coordinate_evidence"": ""MapRegion PointRegion centers; no Merchant coordinate snapshot available""}"	[]	"{""status"": ""pass"", ""walkable_cells"": 205, ""total_cells"": 1296, ""walkable_ratio"": 0.158179}"	"{""status"": ""pass"", ""walkable_cells"": 205, ""total_cells"": 1296, ""walkable_ratio"": 0.158179}"	identity logical-grid coordinates	allowed-after-point-check	high	"{""relation"": ""same local map bytes"", ""hero_kill_sha256"": ""81e8aef3c75e81018a9986986c1b53ce7aa2c45bd531113f2466c3c8a5f1bad1"", ""zircon_sha256"": ""81e8aef3c75e81018a9986986c1b53ce7aa2c45bd531113f2466c3c8a5f1bad1""}"
D826	D826	/home/tetsuya/mir2ei/Map/D826.map	/home/tetsuya/mir2ei/Map/D826.map	"{""index"": 1034, ""file"": ""D826"", ""description"": ""EI D826""}"	/home/tetsuya/development/zircon/Debug/ServerCore/Map/D826.map	exact	"{""hero_kill"": {""width"": 100, ""height"": 100}, ""zircon"": {""width"": 100, ""height"": 100}}"	"{""region_count"": 0, ""region_landmark_samples"": [], ""guard_count"": 0, ""guard_samples"": [], ""connected_maps"": [], ""coordinate_evidence"": ""MapRegion PointRegion centers; no Merchant coordinate snapshot available""}"	[]	"{""status"": ""pass"", ""walkable_cells"": 2152, ""total_cells"": 10000, ""walkable_ratio"": 0.2152}"	"{""status"": ""pass"", ""walkable_cells"": 2152, ""total_cells"": 10000, ""walkable_ratio"": 0.2152}"	identity logical-grid coordinates	allowed-after-point-check	high	"{""relation"": ""same local map bytes"", ""hero_kill_sha256"": ""c7dda72e6d32cb3484a948b75b4708e83f7227a06feba90c2841861b8760ad94"", ""zircon_sha256"": ""c7dda72e6d32cb3484a948b75b4708e83f7227a06feba90c2841861b8760ad94""}"
D8261	D8261	/home/tetsuya/mir2ei/Map/D8261.map	/home/tetsuya/mir2ei/Map/D8261.map	"{""index"": 1035, ""file"": ""D8261"", ""description"": ""EI D8261""}"	/home/tetsuya/development/zircon/Debug/ServerCore/Map/D8261.map	exact	"{""hero_kill"": {""width"": 50, ""height"": 70}, ""zircon"": {""width"": 50, ""height"": 70}}"	"{""region_count"": 0, ""region_landmark_samples"": [], ""guard_count"": 0, ""guard_samples"": [], ""connected_maps"": [], ""coordinate_evidence"": ""MapRegion PointRegion centers; no Merchant coordinate snapshot available""}"	[]	"{""status"": ""pass"", ""walkable_cells"": 528, ""total_cells"": 3500, ""walkable_ratio"": 0.150857}"	"{""status"": ""pass"", ""walkable_cells"": 528, ""total_cells"": 3500, ""walkable_ratio"": 0.150857}"	identity logical-grid coordinates	allowed-after-point-check	high	"{""relation"": ""same local map bytes"", ""hero_kill_sha256"": ""228fa0451107b9d2a7d7d0a6a3ab3b4a9f51aa9800441e0a4cc7165b5342d773"", ""zircon_sha256"": ""228fa0451107b9d2a7d7d0a6a3ab3b4a9f51aa9800441e0a4cc7165b5342d773""}"
d8262	d8262	/home/tetsuya/mir2ei/Map/d8262.map	/home/tetsuya/mir2ei/Map/d8262.map	"{""index"": 1036, ""file"": ""d8262"", ""description"": ""EI d8262""}"	/home/tetsuya/development/zircon/Debug/ServerCore/Map/d8262.map	exact	"{""hero_kill"": {""width"": 36, ""height"": 36}, ""zircon"": {""width"": 36, ""height"": 36}}"	"{""region_count"": 0, ""region_landmark_samples"": [], ""guard_count"": 0, ""guard_samples"": [], ""connected_maps"": [], ""coordinate_evidence"": ""MapRegion PointRegion centers; no Merchant coordinate snapshot available""}"	[]	"{""status"": ""pass"", ""walkable_cells"": 205, ""total_cells"": 1296, ""walkable_ratio"": 0.158179}"	"{""status"": ""pass"", ""walkable_cells"": 205, ""total_cells"": 1296, ""walkable_ratio"": 0.158179}"	identity logical-grid coordinates	allowed-after-point-check	high	"{""relation"": ""same local map bytes"", ""hero_kill_sha256"": ""81e8aef3c75e81018a9986986c1b53ce7aa2c45bd531113f2466c3c8a5f1bad1"", ""zircon_sha256"": ""81e8aef3c75e81018a9986986c1b53ce7aa2c45bd531113f2466c3c8a5f1bad1""}"
d827	d827	/home/tetsuya/mir2ei/Map/d827.map	/home/tetsuya/mir2ei/Map/d827.map	"{""index"": 1037, ""file"": ""d827"", ""description"": ""EI d827""}"	/home/tetsuya/development/zircon/Debug/ServerCore/Map/d827.map	exact	"{""hero_kill"": {""width"": 100, ""height"": 100}, ""zircon"": {""width"": 100, ""height"": 100}}"	"{""region_count"": 0, ""region_landmark_samples"": [], ""guard_count"": 0, ""guard_samples"": [], ""connected_maps"": [], ""coordinate_evidence"": ""MapRegion PointRegion centers; no Merchant coordinate snapshot available""}"	[]	"{""status"": ""pass"", ""walkable_cells"": 1780, ""total_cells"": 10000, ""walkable_ratio"": 0.178}"	"{""status"": ""pass"", ""walkable_cells"": 1780, ""total_cells"": 10000, ""walkable_ratio"": 0.178}"	identity logical-grid coordinates	allowed-after-point-check	high	"{""relation"": ""same local map bytes"", ""hero_kill_sha256"": ""c69de87e28884dfa1a39abdadbb91dafffd801b75cbd4b4f3e5f730a0cd15b21"", ""zircon_sha256"": ""c69de87e28884dfa1a39abdadbb91dafffd801b75cbd4b4f3e5f730a0cd15b21""}"
d8271	d8271	/home/tetsuya/mir2ei/Map/d8271.map	/home/tetsuya/mir2ei/Map/d8271.map	"{""index"": 1038, ""file"": ""d8271"", ""description"": ""EI d8271""}"	/home/tetsuya/development/zircon/Debug/ServerCore/Map/d8271.map	exact	"{""hero_kill"": {""width"": 36, ""height"": 36}, ""zircon"": {""width"": 36, ""height"": 36}}"	"{""region_count"": 0, ""region_landmark_samples"": [], ""guard_count"": 0, ""guard_samples"": [], ""connected_maps"": [], ""coordinate_evidence"": ""MapRegion PointRegion centers; no Merchant coordinate snapshot available""}"	[]	"{""status"": ""pass"", ""walkable_cells"": 228, ""total_cells"": 1296, ""walkable_ratio"": 0.175926}"	"{""status"": ""pass"", ""walkable_cells"": 228, ""total_cells"": 1296, ""walkable_ratio"": 0.175926}"	identity logical-grid coordinates	allowed-after-point-check	high	"{""relation"": ""same local map bytes"", ""hero_kill_sha256"": ""0e298cc38b2797f5a7dddbe339373b26eae558bfd1c6124e458701f07592e0c0"", ""zircon_sha256"": ""0e298cc38b2797f5a7dddbe339373b26eae558bfd1c6124e458701f07592e0c0""}"
d8272	d8272	/home/tetsuya/mir2ei/Map/d8272.map	/home/tetsuya/mir2ei/Map/d8272.map	"{""index"": 1039, ""file"": ""d8272"", ""description"": ""EI d8272""}"	/home/tetsuya/development/zircon/Debug/ServerCore/Map/d8272.map	exact	"{""hero_kill"": {""width"": 36, ""height"": 36}, ""zircon"": {""width"": 36, ""height"": 36}}"	"{""region_count"": 0, ""region_landmark_samples"": [], ""guard_count"": 0, ""guard_samples"": [], ""connected_maps"": [], ""coordinate_evidence"": ""MapRegion PointRegion centers; no Merchant coordinate snapshot available""}"	[]	"{""status"": ""pass"", ""walkable_cells"": 205, ""total_cells"": 1296, ""walkable_ratio"": 0.158179}"	"{""status"": ""pass"", ""walkable_cells"": 205, ""total_cells"": 1296, ""walkable_ratio"": 0.158179}"	identity logical-grid coordinates	allowed-after-point-check	high	"{""relation"": ""same local map bytes"", ""hero_kill_sha256"": ""81e8aef3c75e81018a9986986c1b53ce7aa2c45bd531113f2466c3c8a5f1bad1"", ""zircon_sha256"": ""81e8aef3c75e81018a9986986c1b53ce7aa2c45bd531113f2466c3c8a5f1bad1""}"
d828	d828	/home/tetsuya/mir2ei/Map/d828.map	/home/tetsuya/mir2ei/Map/d828.map	"{""index"": 1040, ""file"": ""d828"", ""description"": ""EI d828""}"	/home/tetsuya/development/zircon/Debug/ServerCore/Map/d828.map	exact	"{""hero_kill"": {""width"": 100, ""height"": 100}, ""zircon"": {""width"": 100, ""height"": 100}}"	"{""region_count"": 0, ""region_landmark_samples"": [], ""guard_count"": 0, ""guard_samples"": [], ""connected_maps"": [], ""coordinate_evidence"": ""MapRegion PointRegion centers; no Merchant coordinate snapshot available""}"	[]	"{""status"": ""pass"", ""walkable_cells"": 2093, ""total_cells"": 10000, ""walkable_ratio"": 0.2093}"	"{""status"": ""pass"", ""walkable_cells"": 2093, ""total_cells"": 10000, ""walkable_ratio"": 0.2093}"	identity logical-grid coordinates	allowed-after-point-check	high	"{""relation"": ""same local map bytes"", ""hero_kill_sha256"": ""da9b1a8c4bfc1e961468cda9cd85aceac767ed1b0f9fcebea470182b18360ee6"", ""zircon_sha256"": ""da9b1a8c4bfc1e961468cda9cd85aceac767ed1b0f9fcebea470182b18360ee6""}"
D900	D900	/home/tetsuya/mir2ei/Map/D900.map	/home/tetsuya/mir2ei/Map/D900.map	"{""index"": 1041, ""file"": ""D900"", ""description"": ""神舰入口""}"	/home/tetsuya/development/zircon/Debug/ServerCore/Map/D900.map	exact	"{""hero_kill"": {""width"": 100, ""height"": 100}, ""zircon"": {""width"": 100, ""height"": 100}}"	"{""region_count"": 4, ""region_landmark_samples"": [""D900 / Teleport Source"", ""D900 / Teleport Source"", ""D900 / Teleport Destination""], ""guard_count"": 0, ""guard_samples"": [], ""connected_maps"": [""D901""], ""coordinate_evidence"": ""MapRegion PointRegion centers; no Merchant coordinate snapshot available""}"	"[""D900 / Teleport Source"", ""D900 / Teleport Source"", ""D900 / Teleport Destination""]"	"{""status"": ""pass"", ""walkable_cells"": 356, ""total_cells"": 10000, ""walkable_ratio"": 0.0356}"	"{""status"": ""pass"", ""walkable_cells"": 356, ""total_cells"": 10000, ""walkable_ratio"": 0.0356}"	identity logical-grid coordinates	allowed-after-point-check	high	"{""relation"": ""same local map bytes"", ""hero_kill_sha256"": ""24fc977292d9125d0ed5cfd1b45308cb5df5b0fdb0c4d4aa0a28bf27487621b6"", ""zircon_sha256"": ""24fc977292d9125d0ed5cfd1b45308cb5df5b0fdb0c4d4aa0a28bf27487621b6""}"
D9021	D9021	/home/tetsuya/mir2ei/Map/D9021.map	/home/tetsuya/mir2ei/Map/D9021.map	"{""index"": 1042, ""file"": ""D9021"", ""description"": ""神舰地下2层""}"	/home/tetsuya/development/zircon/Debug/ServerCore/Map/D9021.map	replacement	"{""hero_kill"": {""width"": 140, ""height"": 140}, ""zircon"": {""width"": 200, ""height"": 200}}"	"{""region_count"": 29, ""region_landmark_samples"": [""D9021 / Wild Monkey Spawn"", ""D9021 / Life Stone Spawn"", ""D9021 / GhostSorcerer Spawn"", ""D9021 / Tainted Terror Spawn"", ""D9021 / Venom Spitter Spawn"", ""D9021 / Wild Monkey Spawn"", ""D9021 / Life Stone Spawn"", ""D9021 / GhostSorcerer Spawn"", ""D9021 / Tainted Terror Spawn"", ""D9021 / Venom Spitter Spawn"", ""D9021 / Sabuk Flag Spawn"", ""D9021 / Teleport Source"", ""D9021 / Teleport Destination"", ""D9021 / Teleport Source"", ""D9021 / Teleport Destination"", ""D9021 / Teleport Source"", ""D9021 / Teleport Source"", ""D9021 / Teleport Source"", ""D9021 / Teleport Source"", ""D9021 / Sabuk Flag Spawn"", ""D9021 / Wild Monkey Spawn"", ""D9021 / Life Stone Spawn"", ""D9021 / GhostSorcerer Spawn"", ""D9021 / Tainted Terror Spawn"", ""D9021 / Venom Spitter Spawn"", ""D9021 / Teleport Source"", ""D9021 / Teleport Destination"", ""D9021 / Teleport Source"", ""D9021 / Teleport Source""], ""guard_count"": 0, ""guard_samples"": [], ""connected_maps"": [""D901"", ""D90212"", ""D9022"", ""D90221""], ""coordinate_evidence"": ""MapRegion PointRegion centers; no Merchant coordinate snapshot available""}"	"[""D9021 / Wild Monkey Spawn"", ""D9021 / Life Stone Spawn"", ""D9021 / GhostSorcerer Spawn"", ""D9021 / Tainted Terror Spawn"", ""D9021 / Venom Spitter Spawn"", ""D9021 / Wild Monkey Spawn"", ""D9021 / Life Stone Spawn"", ""D9021 / GhostSorcerer Spawn"", ""D9021 / Tainted Terror Spawn"", ""D9021 / Venom Spitter Spawn"", ""D9021 / Sabuk Flag Spawn"", ""D9021 / Teleport Source"", ""D9021 / Teleport Destination"", ""D9021 / Teleport Source"", ""D9021 / Teleport Destination"", ""D9021 / Teleport Source"", ""D9021 / Teleport Source"", ""D9021 / Teleport Source"", ""D9021 / Teleport Source"", ""D9021 / Sabuk Flag Spawn"", ""D9021 / Wild Monkey Spawn"", ""D9021 / Life Stone Spawn"", ""D9021 / GhostSorcerer Spawn"", ""D9021 / Tainted Terror Spawn"", ""D9021 / Venom Spitter Spawn"", ""D9021 / Teleport Source"", ""D9021 / Teleport Destination"", ""D9021 / Teleport Source"", ""D9021 / Teleport Source""]"	"{""status"": ""pass"", ""walkable_cells"": 3190, ""total_cells"": 19600, ""walkable_ratio"": 0.162755}"	"{""status"": ""pass"", ""walkable_cells"": 8886, ""total_cells"": 40000, ""walkable_ratio"": 0.22215}"	pending landmark mapping; no blind coordinate reuse	blocked	low	"{""relation"": ""different dimensions and bytes"", ""hero_kill_sha256"": ""e436dff0b8b7fd5ca3c0e59fcd81baf22a1d686496ff480f506e2ec5223ddbda"", ""zircon_sha256"": ""5053e70b897aeefdb61dd00908a236f12e4c0dcb97e1859e1593f7ca5bf7869f""}"
D90211	D90211	/home/tetsuya/mir2ei/Map/D90211.map	/home/tetsuya/mir2ei/Map/D90211.map	"{""index"": 1043, ""file"": ""D90211"", ""description"": ""医务室""}"	/home/tetsuya/development/zircon/Debug/ServerCore/Map/D90211.map	exact	"{""hero_kill"": {""width"": 26, ""height"": 26}, ""zircon"": {""width"": 26, ""height"": 26}}"	"{""region_count"": 1, ""region_landmark_samples"": [], ""guard_count"": 0, ""guard_samples"": [], ""connected_maps"": [], ""coordinate_evidence"": ""MapRegion PointRegion centers; no Merchant coordinate snapshot available""}"	[]	"{""status"": ""pass"", ""walkable_cells"": 66, ""total_cells"": 676, ""walkable_ratio"": 0.097633}"	"{""status"": ""pass"", ""walkable_cells"": 66, ""total_cells"": 676, ""walkable_ratio"": 0.097633}"	identity logical-grid coordinates	allowed-after-point-check	high	"{""relation"": ""same local map bytes"", ""hero_kill_sha256"": ""a7b3100b448f12090c9a3a762b343dc227260fb694640dff1fbf06cc81a77214"", ""zircon_sha256"": ""a7b3100b448f12090c9a3a762b343dc227260fb694640dff1fbf06cc81a77214""}"
D90212	D90212	/home/tetsuya/mir2ei/Map/D90212.map	/home/tetsuya/mir2ei/Map/D90212.map	"{""index"": 1044, ""file"": ""D90212"", ""description"": ""机械室""}"	/home/tetsuya/development/zircon/Debug/ServerCore/Map/D90212.map	exact	"{""hero_kill"": {""width"": 26, ""height"": 26}, ""zircon"": {""width"": 26, ""height"": 26}}"	"{""region_count"": 3, ""region_landmark_samples"": [""D90212 / GhostSorcerer Spawn"", ""D90212 / Teleport Destination"", ""D90212 / Teleport Source""], ""guard_count"": 0, ""guard_samples"": [], ""connected_maps"": [""D9021""], ""coordinate_evidence"": ""MapRegion PointRegion centers; no Merchant coordinate snapshot available""}"	"[""D90212 / GhostSorcerer Spawn"", ""D90212 / Teleport Destination"", ""D90212 / Teleport Source""]"	"{""status"": ""pass"", ""walkable_cells"": 70, ""total_cells"": 676, ""walkable_ratio"": 0.10355}"	"{""status"": ""pass"", ""walkable_cells"": 70, ""total_cells"": 676, ""walkable_ratio"": 0.10355}"	identity logical-grid coordinates	allowed-after-point-check	high	"{""relation"": ""same local map bytes"", ""hero_kill_sha256"": ""a42ed7de7d42a34fc879705447067b82e1eca7866d420ba898aab81d52344d83"", ""zircon_sha256"": ""a42ed7de7d42a34fc879705447067b82e1eca7866d420ba898aab81d52344d83""}"
D90213	D90213	/home/tetsuya/mir2ei/Map/D90213.map	/home/tetsuya/mir2ei/Map/D90213.map	"{""index"": 1045, ""file"": ""D90213"", ""description"": ""EI D90213""}"	/home/tetsuya/development/zircon/Debug/ServerCore/Map/D90213.map	exact	"{""hero_kill"": {""width"": 50, ""height"": 50}, ""zircon"": {""width"": 50, ""height"": 50}}"	"{""region_count"": 0, ""region_landmark_samples"": [], ""guard_count"": 0, ""guard_samples"": [], ""connected_maps"": [], ""coordinate_evidence"": ""MapRegion PointRegion centers; no Merchant coordinate snapshot available""}"	[]	"{""status"": ""pass"", ""walkable_cells"": 117, ""total_cells"": 2500, ""walkable_ratio"": 0.0468}"	"{""status"": ""pass"", ""walkable_cells"": 117, ""total_cells"": 2500, ""walkable_ratio"": 0.0468}"	identity logical-grid coordinates	allowed-after-point-check	high	"{""relation"": ""same local map bytes"", ""hero_kill_sha256"": ""fc96d2c7c71bf3ac2551651b268d22fbb96a82e8c3d7aa84c61f135962fe3338"", ""zircon_sha256"": ""fc96d2c7c71bf3ac2551651b268d22fbb96a82e8c3d7aa84c61f135962fe3338""}"
D90214	D90214	/home/tetsuya/mir2ei/Map/D90214.map	/home/tetsuya/mir2ei/Map/D90214.map	"{""index"": 1046, ""file"": ""D90214"", ""description"": ""EI D90214""}"	/home/tetsuya/development/zircon/Debug/ServerCore/Map/D90214.map	exact	"{""hero_kill"": {""width"": 26, ""height"": 26}, ""zircon"": {""width"": 26, ""height"": 26}}"	"{""region_count"": 0, ""region_landmark_samples"": [], ""guard_count"": 0, ""guard_samples"": [], ""connected_maps"": [], ""coordinate_evidence"": ""MapRegion PointRegion centers; no Merchant coordinate snapshot available""}"	[]	"{""status"": ""pass"", ""walkable_cells"": 63, ""total_cells"": 676, ""walkable_ratio"": 0.093195}"	"{""status"": ""pass"", ""walkable_cells"": 63, ""total_cells"": 676, ""walkable_ratio"": 0.093195}"	identity logical-grid coordinates	allowed-after-point-check	high	"{""relation"": ""same local map bytes"", ""hero_kill_sha256"": ""6abe5da10729c571583584c6f5cc38fc23ba96df84f9888a7064e7faa730d897"", ""zircon_sha256"": ""6abe5da10729c571583584c6f5cc38fc23ba96df84f9888a7064e7faa730d897""}"
D90216	D90216	/home/tetsuya/mir2ei/Map/D90216.map	/home/tetsuya/mir2ei/Map/D90216.map	"{""index"": 1047, ""file"": ""D90216"", ""description"": ""EI D90216""}"	/home/tetsuya/development/zircon/Debug/ServerCore/Map/D90216.map	exact	"{""hero_kill"": {""width"": 26, ""height"": 26}, ""zircon"": {""width"": 26, ""height"": 26}}"	"{""region_count"": 0, ""region_landmark_samples"": [], ""guard_count"": 0, ""guard_samples"": [], ""connected_maps"": [], ""coordinate_evidence"": ""MapRegion PointRegion centers; no Merchant coordinate snapshot available""}"	[]	"{""status"": ""pass"", ""walkable_cells"": 68, ""total_cells"": 676, ""walkable_ratio"": 0.100592}"	"{""status"": ""pass"", ""walkable_cells"": 68, ""total_cells"": 676, ""walkable_ratio"": 0.100592}"	identity logical-grid coordinates	allowed-after-point-check	high	"{""relation"": ""same local map bytes"", ""hero_kill_sha256"": ""726a27cfc71fedd3e27b5e297358dfa71ce72a2379c32fb6b7c5c75af0e6a021"", ""zircon_sha256"": ""726a27cfc71fedd3e27b5e297358dfa71ce72a2379c32fb6b7c5c75af0e6a021""}"
D9022	D9022	/home/tetsuya/mir2ei/Map/D9022.map	/home/tetsuya/mir2ei/Map/D9022.map	"{""index"": 1048, ""file"": ""D9022"", ""description"": ""神舰地下2层""}"	/home/tetsuya/development/zircon/Debug/ServerCore/Map/D9022.map	replacement	"{""hero_kill"": {""width"": 140, ""height"": 140}, ""zircon"": {""width"": 200, ""height"": 200}}"	"{""region_count"": 33, ""region_landmark_samples"": [""D9022 / Tainted Terror Spawn"", ""D9022 / Venom Spitter Spawn"", ""D9022 / Ember Mage Spawn"", ""D9022 / Infernal Soldier Spawn"", ""D9022 / Wild Monkey Spawn"", ""D9022 / Life Stone Spawn"", ""D9022 / GhostSorcerer Spawn"", ""D9022 / Netherworld Gate Spawn"", ""D9022 / Tainted Terror Spawn"", ""D9022 / Venom Spitter Spawn"", ""D9022 / Ember Mage Spawn"", ""D9022 / Infernal Soldier Spawn"", ""D9022 / Wild Monkey Spawn"", ""D9022 / Life Stone Spawn"", ""D9022 / GhostSorcerer Spawn"", ""D9022 / Netherworld Gate Spawn"", ""D9022 / Sabuk Flag Spawn"", ""D9022 / Teleport Destination"", ""D9022 / Teleport Source"", ""D9022 / Teleport Source"", ""D9022 / Teleport Destination"", ""D9022 / Sabuk Flag Spawn"", ""D9022 / Tainted Terror Spawn"", ""D9022 / Venom Spitter Spawn"", ""D9022 / Ember Mage Spawn"", ""D9022 / Infernal Soldier Spawn"", ""D9022 / Wild Monkey Spawn"", ""D9022 / Life Stone Spawn"", ""D9022 / GhostSorcerer Spawn"", ""D9022 / Netherworld Gate Spawn"", ""D9022 / Teleport Destination"", ""D9022 / Teleport Source"", ""D9022 / Teleport Destination""], ""guard_count"": 0, ""guard_samples"": [], ""connected_maps"": [""D9021"", ""D90223""], ""coordinate_evidence"": ""MapRegion PointRegion centers; no Merchant coordinate snapshot available""}"	"[""D9022 / Tainted Terror Spawn"", ""D9022 / Venom Spitter Spawn"", ""D9022 / Ember Mage Spawn"", ""D9022 / Infernal Soldier Spawn"", ""D9022 / Wild Monkey Spawn"", ""D9022 / Life Stone Spawn"", ""D9022 / GhostSorcerer Spawn"", ""D9022 / Netherworld Gate Spawn"", ""D9022 / Tainted Terror Spawn"", ""D9022 / Venom Spitter Spawn"", ""D9022 / Ember Mage Spawn"", ""D9022 / Infernal Soldier Spawn"", ""D9022 / Wild Monkey Spawn"", ""D9022 / Life Stone Spawn"", ""D9022 / GhostSorcerer Spawn"", ""D9022 / Netherworld Gate Spawn"", ""D9022 / Sabuk Flag Spawn"", ""D9022 / Teleport Destination"", ""D9022 / Teleport Source"", ""D9022 / Teleport Source"", ""D9022 / Teleport Destination"", ""D9022 / Sabuk Flag Spawn"", ""D9022 / Tainted Terror Spawn"", ""D9022 / Venom Spitter Spawn"", ""D9022 / Ember Mage Spawn"", ""D9022 / Infernal Soldier Spawn"", ""D9022 / Wild Monkey Spawn"", ""D9022 / Life Stone Spawn"", ""D9022 / GhostSorcerer Spawn"", ""D9022 / Netherworld Gate Spawn"", ""D9022 / Teleport Destination"", ""D9022 / Teleport Source"", ""D9022 / Teleport Destination""]"	"{""status"": ""pass"", ""walkable_cells"": 2754, ""total_cells"": 19600, ""walkable_ratio"": 0.14051}"	"{""status"": ""pass"", ""walkable_cells"": 9002, ""total_cells"": 40000, ""walkable_ratio"": 0.22505}"	pending landmark mapping; no blind coordinate reuse	blocked	low	"{""relation"": ""different dimensions and bytes"", ""hero_kill_sha256"": ""4060a9585fe71beee0a449fa2d9a6bd39cfb9c594f41636a0f672d9fde389b78"", ""zircon_sha256"": ""5aac4e5f0cd637e4048ec8b03c1a5298bf45555468ebd8a3729808c242ff5493""}"
D90221	D90221	/home/tetsuya/mir2ei/Map/D90221.map	/home/tetsuya/mir2ei/Map/D90221.map	"{""index"": 1049, ""file"": ""D90221"", ""description"": ""医务室""}"	/home/tetsuya/development/zircon/Debug/ServerCore/Map/D90221.map	exact	"{""hero_kill"": {""width"": 50, ""height"": 50}, ""zircon"": {""width"": 50, ""height"": 50}}"	"{""region_count"": 3, ""region_landmark_samples"": [""D90221 / Teleport Destination"", ""D90221 / Teleport Destination""], ""guard_count"": 0, ""guard_samples"": [], ""connected_maps"": [""D9021""], ""coordinate_evidence"": ""MapRegion PointRegion centers; no Merchant coordinate snapshot available""}"	"[""D90221 / Teleport Destination"", ""D90221 / Teleport Destination""]"	"{""status"": ""pass"", ""walkable_cells"": 152, ""total_cells"": 2500, ""walkable_ratio"": 0.0608}"	"{""status"": ""pass"", ""walkable_cells"": 152, ""total_cells"": 2500, ""walkable_ratio"": 0.0608}"	identity logical-grid coordinates	allowed-after-point-check	high	"{""relation"": ""same local map bytes"", ""hero_kill_sha256"": ""51125e15c7bf2e6a5055598c989561dd18d7ca80ef944d68cf409e24b974f5be"", ""zircon_sha256"": ""51125e15c7bf2e6a5055598c989561dd18d7ca80ef944d68cf409e24b974f5be""}"
D90222	D90222	/home/tetsuya/mir2ei/Map/D90222.map	/home/tetsuya/mir2ei/Map/D90222.map	"{""index"": 1050, ""file"": ""D90222"", ""description"": ""厨房""}"	/home/tetsuya/development/zircon/Debug/ServerCore/Map/D90222.map	exact	"{""hero_kill"": {""width"": 26, ""height"": 26}, ""zircon"": {""width"": 26, ""height"": 26}}"	"{""region_count"": 2, ""region_landmark_samples"": [""D90222 / Tainted Terror Spawn""], ""guard_count"": 0, ""guard_samples"": [], ""connected_maps"": [], ""coordinate_evidence"": ""MapRegion PointRegion centers; no Merchant coordinate snapshot available""}"	"[""D90222 / Tainted Terror Spawn""]"	"{""status"": ""pass"", ""walkable_cells"": 75, ""total_cells"": 676, ""walkable_ratio"": 0.110947}"	"{""status"": ""pass"", ""walkable_cells"": 75, ""total_cells"": 676, ""walkable_ratio"": 0.110947}"	identity logical-grid coordinates	allowed-after-point-check	high	"{""relation"": ""same local map bytes"", ""hero_kill_sha256"": ""66d115ab504b94bca5a52a771961625529758d47cea488e3a15e5d4839d9a2bc"", ""zircon_sha256"": ""66d115ab504b94bca5a52a771961625529758d47cea488e3a15e5d4839d9a2bc""}"
D90223	D90223	/home/tetsuya/mir2ei/Map/D90223.map	/home/tetsuya/mir2ei/Map/D90223.map	"{""index"": 1051, ""file"": ""D90223"", ""description"": ""士兵食堂""}"	/home/tetsuya/development/zircon/Debug/ServerCore/Map/D90223.map	exact	"{""hero_kill"": {""width"": 26, ""height"": 26}, ""zircon"": {""width"": 26, ""height"": 26}}"	"{""region_count"": 3, ""region_landmark_samples"": [""D90223 / Wild Monkey Spawn"", ""D90223 / Teleport Destination"", ""D90223 / Teleport Source""], ""guard_count"": 0, ""guard_samples"": [], ""connected_maps"": [""D9022""], ""coordinate_evidence"": ""MapRegion PointRegion centers; no Merchant coordinate snapshot available""}"	"[""D90223 / Wild Monkey Spawn"", ""D90223 / Teleport Destination"", ""D90223 / Teleport Source""]"	"{""status"": ""pass"", ""walkable_cells"": 69, ""total_cells"": 676, ""walkable_ratio"": 0.102071}"	"{""status"": ""pass"", ""walkable_cells"": 69, ""total_cells"": 676, ""walkable_ratio"": 0.102071}"	identity logical-grid coordinates	allowed-after-point-check	high	"{""relation"": ""same local map bytes"", ""hero_kill_sha256"": ""65f8a6339612f2d761b823de1f80a8d38942a541ac263eca1014014ea145d2b5"", ""zircon_sha256"": ""65f8a6339612f2d761b823de1f80a8d38942a541ac263eca1014014ea145d2b5""}"
D90224	D90224	/home/tetsuya/mir2ei/Map/D90224.map	/home/tetsuya/mir2ei/Map/D90224.map	"{""index"": 1052, ""file"": ""D90224"", ""description"": ""EI D90224""}"	/home/tetsuya/development/zircon/Debug/ServerCore/Map/D90224.map	exact	"{""hero_kill"": {""width"": 30, ""height"": 30}, ""zircon"": {""width"": 30, ""height"": 30}}"	"{""region_count"": 0, ""region_landmark_samples"": [], ""guard_count"": 0, ""guard_samples"": [], ""connected_maps"": [], ""coordinate_evidence"": ""MapRegion PointRegion centers; no Merchant coordinate snapshot available""}"	[]	"{""status"": ""pass"", ""walkable_cells"": 37, ""total_cells"": 900, ""walkable_ratio"": 0.041111}"	"{""status"": ""pass"", ""walkable_cells"": 37, ""total_cells"": 900, ""walkable_ratio"": 0.041111}"	identity logical-grid coordinates	allowed-after-point-check	high	"{""relation"": ""same local map bytes"", ""hero_kill_sha256"": ""aea7017278027fdad5ebdc429f1561adbbba2e54f02c8b0530a612970f8e9080"", ""zircon_sha256"": ""aea7017278027fdad5ebdc429f1561adbbba2e54f02c8b0530a612970f8e9080""}"
D9031	D9031	/home/tetsuya/mir2ei/Map/D9031.map	/home/tetsuya/mir2ei/Map/D9031.map	"{""index"": 1053, ""file"": ""D9031"", ""description"": ""参谋室""}"	/home/tetsuya/development/zircon/Debug/ServerCore/Map/D9031.map	exact	"{""hero_kill"": {""width"": 140, ""height"": 140}, ""zircon"": {""width"": 140, ""height"": 140}}"	"{""region_count"": 2, ""region_landmark_samples"": [""D9031 / Venom Spitter Spawn""], ""guard_count"": 0, ""guard_samples"": [], ""connected_maps"": [], ""coordinate_evidence"": ""MapRegion PointRegion centers; no Merchant coordinate snapshot available""}"	"[""D9031 / Venom Spitter Spawn""]"	"{""status"": ""pass"", ""walkable_cells"": 3608, ""total_cells"": 19600, ""walkable_ratio"": 0.184082}"	"{""status"": ""pass"", ""walkable_cells"": 3608, ""total_cells"": 19600, ""walkable_ratio"": 0.184082}"	identity logical-grid coordinates	allowed-after-point-check	high	"{""relation"": ""same local map bytes"", ""hero_kill_sha256"": ""fb40ec3542dd2eeaaa0ad2ee438b60f6fa0a5012e5a80a8deec7eea968e4d512"", ""zircon_sha256"": ""fb40ec3542dd2eeaaa0ad2ee438b60f6fa0a5012e5a80a8deec7eea968e4d512""}"
D9032	D9032	/home/tetsuya/mir2ei/Map/D9032.map	/home/tetsuya/mir2ei/Map/D9032.map	"{""index"": 1054, ""file"": ""D9032"", ""description"": ""长官食堂""}"	/home/tetsuya/development/zircon/Debug/ServerCore/Map/D9032.map	exact	"{""hero_kill"": {""width"": 140, ""height"": 140}, ""zircon"": {""width"": 140, ""height"": 140}}"	"{""region_count"": 2, ""region_landmark_samples"": [""D9032 / Infernal Soldier Spawn""], ""guard_count"": 0, ""guard_samples"": [], ""connected_maps"": [], ""coordinate_evidence"": ""MapRegion PointRegion centers; no Merchant coordinate snapshot available""}"	"[""D9032 / Infernal Soldier Spawn""]"	"{""status"": ""pass"", ""walkable_cells"": 2082, ""total_cells"": 19600, ""walkable_ratio"": 0.106224}"	"{""status"": ""pass"", ""walkable_cells"": 2082, ""total_cells"": 19600, ""walkable_ratio"": 0.106224}"	identity logical-grid coordinates	allowed-after-point-check	high	"{""relation"": ""same local map bytes"", ""hero_kill_sha256"": ""8629172c6670058a74b14fa284a3df4f298b247dd63ed087269d58aa095c9c1e"", ""zircon_sha256"": ""8629172c6670058a74b14fa284a3df4f298b247dd63ed087269d58aa095c9c1e""}"
D90321	D90321	/home/tetsuya/mir2ei/Map/D90321.map	/home/tetsuya/mir2ei/Map/D90321.map	"{""index"": 1055, ""file"": ""D90321"", ""description"": ""EI D90321""}"	/home/tetsuya/development/zircon/Debug/ServerCore/Map/D90321.map	exact	"{""hero_kill"": {""width"": 32, ""height"": 32}, ""zircon"": {""width"": 32, ""height"": 32}}"	"{""region_count"": 0, ""region_landmark_samples"": [], ""guard_count"": 0, ""guard_samples"": [], ""connected_maps"": [], ""coordinate_evidence"": ""MapRegion PointRegion centers; no Merchant coordinate snapshot available""}"	[]	"{""status"": ""pass"", ""walkable_cells"": 82, ""total_cells"": 1024, ""walkable_ratio"": 0.080078}"	"{""status"": ""pass"", ""walkable_cells"": 82, ""total_cells"": 1024, ""walkable_ratio"": 0.080078}"	identity logical-grid coordinates	allowed-after-point-check	high	"{""relation"": ""same local map bytes"", ""hero_kill_sha256"": ""98240938466ea450b7679ba62b0bb7f70a415f9c6602a75106ab12a63e1b8d30"", ""zircon_sha256"": ""98240938466ea450b7679ba62b0bb7f70a415f9c6602a75106ab12a63e1b8d30""}"
D90322	D90322	/home/tetsuya/mir2ei/Map/D90322.map	/home/tetsuya/mir2ei/Map/D90322.map	"{""index"": 1056, ""file"": ""D90322"", ""description"": ""EI D90322""}"	/home/tetsuya/development/zircon/Debug/ServerCore/Map/D90322.map	exact	"{""hero_kill"": {""width"": 30, ""height"": 30}, ""zircon"": {""width"": 30, ""height"": 30}}"	"{""region_count"": 0, ""region_landmark_samples"": [], ""guard_count"": 0, ""guard_samples"": [], ""connected_maps"": [], ""coordinate_evidence"": ""MapRegion PointRegion centers; no Merchant coordinate snapshot available""}"	[]	"{""status"": ""pass"", ""walkable_cells"": 37, ""total_cells"": 900, ""walkable_ratio"": 0.041111}"	"{""status"": ""pass"", ""walkable_cells"": 37, ""total_cells"": 900, ""walkable_ratio"": 0.041111}"	identity logical-grid coordinates	allowed-after-point-check	high	"{""relation"": ""same local map bytes"", ""hero_kill_sha256"": ""aea7017278027fdad5ebdc429f1561adbbba2e54f02c8b0530a612970f8e9080"", ""zircon_sha256"": ""aea7017278027fdad5ebdc429f1561adbbba2e54f02c8b0530a612970f8e9080""}"
D90323	D90323	/home/tetsuya/mir2ei/Map/D90323.map	/home/tetsuya/mir2ei/Map/D90323.map	"{""index"": 1057, ""file"": ""D90323"", ""description"": ""海图室""}"	/home/tetsuya/development/zircon/Debug/ServerCore/Map/D90323.map	exact	"{""hero_kill"": {""width"": 26, ""height"": 26}, ""zircon"": {""width"": 26, ""height"": 26}}"	"{""region_count"": 1, ""region_landmark_samples"": [], ""guard_count"": 0, ""guard_samples"": [], ""connected_maps"": [], ""coordinate_evidence"": ""MapRegion PointRegion centers; no Merchant coordinate snapshot available""}"	[]	"{""status"": ""pass"", ""walkable_cells"": 72, ""total_cells"": 676, ""walkable_ratio"": 0.106509}"	"{""status"": ""pass"", ""walkable_cells"": 72, ""total_cells"": 676, ""walkable_ratio"": 0.106509}"	identity logical-grid coordinates	allowed-after-point-check	high	"{""relation"": ""same local map bytes"", ""hero_kill_sha256"": ""0c53f2ad8d69f35b6c74936848f8d5ae713a40674920a88b9517371d0efee682"", ""zircon_sha256"": ""0c53f2ad8d69f35b6c74936848f8d5ae713a40674920a88b9517371d0efee682""}"
DM001	DM001	/home/tetsuya/mir2ei/Map/DM001.map	/home/tetsuya/mir2ei/Map/DM001.map	"{""index"": 1058, ""file"": ""DM001"", ""description"": ""奸商""}"	/home/tetsuya/development/zircon/Debug/ServerCore/Map/DM001.map	exact	"{""hero_kill"": {""width"": 10, ""height"": 14}, ""zircon"": {""width"": 10, ""height"": 14}}"	"{""region_count"": 3, ""region_landmark_samples"": [""DM001 / Teleport Destination"", ""DM001 / Teleport Source""], ""guard_count"": 0, ""guard_samples"": [], ""connected_maps"": [""D002""], ""coordinate_evidence"": ""MapRegion PointRegion centers; no Merchant coordinate snapshot available""}"	"[""DM001 / Teleport Destination"", ""DM001 / Teleport Source""]"	"{""status"": ""pass"", ""walkable_cells"": 20, ""total_cells"": 140, ""walkable_ratio"": 0.142857}"	"{""status"": ""pass"", ""walkable_cells"": 20, ""total_cells"": 140, ""walkable_ratio"": 0.142857}"	identity logical-grid coordinates	allowed-after-point-check	high	"{""relation"": ""same local map bytes"", ""hero_kill_sha256"": ""9b9e3d06a80627077ed57a002970e688b96266771ed1feda12459319f50d68a6"", ""zircon_sha256"": ""9b9e3d06a80627077ed57a002970e688b96266771ed1feda12459319f50d68a6""}"
DM002	DM002	/home/tetsuya/mir2ei/Map/DM002.map	/home/tetsuya/mir2ei/Map/DM002.map	"{""index"": 1059, ""file"": ""DM002"", ""description"": ""王陵""}"	/home/tetsuya/development/zircon/Debug/ServerCore/Map/DM002.map	exact	"{""hero_kill"": {""width"": 32, ""height"": 38}, ""zircon"": {""width"": 32, ""height"": 38}}"	"{""region_count"": 3, ""region_landmark_samples"": [""DM002 / Teleport Destination"", ""DM002 / Teleport Source""], ""guard_count"": 0, ""guard_samples"": [], ""connected_maps"": [""D002""], ""coordinate_evidence"": ""MapRegion PointRegion centers; no Merchant coordinate snapshot available""}"	"[""DM002 / Teleport Destination"", ""DM002 / Teleport Source""]"	"{""status"": ""pass"", ""walkable_cells"": 257, ""total_cells"": 1216, ""walkable_ratio"": 0.211349}"	"{""status"": ""pass"", ""walkable_cells"": 257, ""total_cells"": 1216, ""walkable_ratio"": 0.211349}"	identity logical-grid coordinates	allowed-after-point-check	high	"{""relation"": ""same local map bytes"", ""hero_kill_sha256"": ""a4c18a898f1408560194cb1b46ea61bbbe48c4ce6ffde48e9614464c55fffb88"", ""zircon_sha256"": ""a4c18a898f1408560194cb1b46ea61bbbe48c4ce6ffde48e9614464c55fffb88""}"
DM011	DM011	/home/tetsuya/mir2ei/Map/DM011.map	/home/tetsuya/mir2ei/Map/DM011.map	"{""index"": 1060, ""file"": ""DM011"", ""description"": ""洞穴奸商""}"	/home/tetsuya/development/zircon/Debug/ServerCore/Map/DM011.map	exact	"{""hero_kill"": {""width"": 10, ""height"": 14}, ""zircon"": {""width"": 10, ""height"": 14}}"	"{""region_count"": 2, ""region_landmark_samples"": [""DM011 / Teleport Destination"", ""DM011 / Teleport Source""], ""guard_count"": 0, ""guard_samples"": [], ""connected_maps"": [""D012""], ""coordinate_evidence"": ""MapRegion PointRegion centers; no Merchant coordinate snapshot available""}"	"[""DM011 / Teleport Destination"", ""DM011 / Teleport Source""]"	"{""status"": ""pass"", ""walkable_cells"": 20, ""total_cells"": 140, ""walkable_ratio"": 0.142857}"	"{""status"": ""pass"", ""walkable_cells"": 20, ""total_cells"": 140, ""walkable_ratio"": 0.142857}"	identity logical-grid coordinates	allowed-after-point-check	high	"{""relation"": ""same local map bytes"", ""hero_kill_sha256"": ""9b9e3d06a80627077ed57a002970e688b96266771ed1feda12459319f50d68a6"", ""zircon_sha256"": ""9b9e3d06a80627077ed57a002970e688b96266771ed1feda12459319f50d68a6""}"
E001	E001	/home/tetsuya/mir2ei/Map/E001.map	/home/tetsuya/mir2ei/Map/E001.map	"{""index"": 1061, ""file"": ""E001"", ""description"": ""行会大战""}"	/home/tetsuya/development/zircon/Debug/ServerCore/Map/E001.map	exact	"{""hero_kill"": {""width"": 100, ""height"": 100}, ""zircon"": {""width"": 100, ""height"": 100}}"	"{""region_count"": 10, ""region_landmark_samples"": [""E001 / Cave Maggot Spawn"", ""E001 / Skeleton Warrior Spawn"", ""E001 / Skeleton Axe Thrower Spawn"", ""E001 / Skeleton Enforcer Spawn"", ""E001 / Skeleton Spawn"", ""E001 / Cave Bat Spawn"", ""E001 / Teleport Destination"", ""E001 / Teleport Source"", ""E001 / Teleport Source"", ""E001 / Teleport Destination""], ""guard_count"": 0, ""guard_samples"": [], ""connected_maps"": [""D003"", ""E002""], ""coordinate_evidence"": ""MapRegion PointRegion centers; no Merchant coordinate snapshot available""}"	"[""E001 / Cave Maggot Spawn"", ""E001 / Skeleton Warrior Spawn"", ""E001 / Skeleton Axe Thrower Spawn"", ""E001 / Skeleton Enforcer Spawn"", ""E001 / Skeleton Spawn"", ""E001 / Cave Bat Spawn"", ""E001 / Teleport Destination"", ""E001 / Teleport Source"", ""E001 / Teleport Source"", ""E001 / Teleport Destination""]"	"{""status"": ""pass"", ""walkable_cells"": 1873, ""total_cells"": 10000, ""walkable_ratio"": 0.1873}"	"{""status"": ""pass"", ""walkable_cells"": 1873, ""total_cells"": 10000, ""walkable_ratio"": 0.1873}"	identity logical-grid coordinates	allowed-after-point-check	high	"{""relation"": ""same local map bytes"", ""hero_kill_sha256"": ""db1699b70d70181a221323fefb03dd7a539e1fa142d1bc1f8ac818a9c0c6d29c"", ""zircon_sha256"": ""db1699b70d70181a221323fefb03dd7a539e1fa142d1bc1f8ac818a9c0c6d29c""}"
E002	E002	/home/tetsuya/mir2ei/Map/E002.map	/home/tetsuya/mir2ei/Map/E002.map	"{""index"": 1062, ""file"": ""E002"", ""description"": ""半兽天然洞穴""}"	/home/tetsuya/development/zircon/Debug/ServerCore/Map/E002.map	exact	"{""hero_kill"": {""width"": 100, ""height"": 100}, ""zircon"": {""width"": 100, ""height"": 100}}"	"{""region_count"": 14, ""region_landmark_samples"": [""E002 / Cave Maggot Spawn"", ""E002 / Skeleton Warrior Spawn"", ""E002 / Skeleton Axe Thrower Spawn"", ""E002 / Skeleton Enforcer Spawn"", ""E002 / Skeleton Spawn"", ""E002 / Cave Bat Spawn"", ""E002 / Teleport Destination"", ""E002 / Teleport Source"", ""E002 / Teleport Source"", ""E002 / Teleport Destination"", ""E002 / Teleport Destination"", ""E002 / Teleport Source"", ""E002 / Teleport Source""], ""guard_count"": 0, ""guard_samples"": [], ""connected_maps"": [""D012"", ""E001"", ""E002_001""], ""coordinate_evidence"": ""MapRegion PointRegion centers; no Merchant coordinate snapshot available""}"	"[""E002 / Cave Maggot Spawn"", ""E002 / Skeleton Warrior Spawn"", ""E002 / Skeleton Axe Thrower Spawn"", ""E002 / Skeleton Enforcer Spawn"", ""E002 / Skeleton Spawn"", ""E002 / Cave Bat Spawn"", ""E002 / Teleport Destination"", ""E002 / Teleport Source"", ""E002 / Teleport Source"", ""E002 / Teleport Destination"", ""E002 / Teleport Destination"", ""E002 / Teleport Source"", ""E002 / Teleport Source""]"	"{""status"": ""pass"", ""walkable_cells"": 2112, ""total_cells"": 10000, ""walkable_ratio"": 0.2112}"	"{""status"": ""pass"", ""walkable_cells"": 2112, ""total_cells"": 10000, ""walkable_ratio"": 0.2112}"	identity logical-grid coordinates	allowed-after-point-check	high	"{""relation"": ""same local map bytes"", ""hero_kill_sha256"": ""44361c7b79af34b1889ceeef2475bdf6eb1d3bbc61e0e50b0e03ddcd53ec023c"", ""zircon_sha256"": ""44361c7b79af34b1889ceeef2475bdf6eb1d3bbc61e0e50b0e03ddcd53ec023c""}"
E002_001	E002_001	/home/tetsuya/mir2ei/Map/E002_001.map	/home/tetsuya/mir2ei/Map/E002_001.map	"{""index"": 1063, ""file"": ""E002_001"", ""description"": ""半兽天然洞穴""}"	/home/tetsuya/development/zircon/Debug/ServerCore/Map/E002_001.map	exact	"{""hero_kill"": {""width"": 20, ""height"": 20}, ""zircon"": {""width"": 20, ""height"": 20}}"	"{""region_count"": 4, ""region_landmark_samples"": [""E002_001 / Teleport Source"", ""E002_001 / Teleport Destination"", ""E002_001 / Teleport Destination""], ""guard_count"": 0, ""guard_samples"": [], ""connected_maps"": [""E002""], ""coordinate_evidence"": ""MapRegion PointRegion centers; no Merchant coordinate snapshot available""}"	"[""E002_001 / Teleport Source"", ""E002_001 / Teleport Destination"", ""E002_001 / Teleport Destination""]"	"{""status"": ""pass"", ""walkable_cells"": 38, ""total_cells"": 400, ""walkable_ratio"": 0.095}"	"{""status"": ""pass"", ""walkable_cells"": 38, ""total_cells"": 400, ""walkable_ratio"": 0.095}"	identity logical-grid coordinates	allowed-after-point-check	high	"{""relation"": ""same local map bytes"", ""hero_kill_sha256"": ""c1a9a25b6dbe33677db799cb5d02a36a351a75ff09f135dd982508f5fa44b4bb"", ""zircon_sha256"": ""c1a9a25b6dbe33677db799cb5d02a36a351a75ff09f135dd982508f5fa44b4bb""}"
E401	E401	/home/tetsuya/mir2ei/Map/E401.map	/home/tetsuya/mir2ei/Map/E401.map	"{""index"": 1064, ""file"": ""E401"", ""description"": ""连接通路""}"	/home/tetsuya/development/zircon/Debug/ServerCore/Map/E401.map	exact	"{""hero_kill"": {""width"": 110, ""height"": 110}, ""zircon"": {""width"": 110, ""height"": 110}}"	"{""region_count"": 0, ""region_landmark_samples"": [], ""guard_count"": 0, ""guard_samples"": [], ""connected_maps"": [], ""coordinate_evidence"": ""MapRegion PointRegion centers; no Merchant coordinate snapshot available""}"	[]	"{""status"": ""pass"", ""walkable_cells"": 1535, ""total_cells"": 12100, ""walkable_ratio"": 0.12686}"	"{""status"": ""pass"", ""walkable_cells"": 1535, ""total_cells"": 12100, ""walkable_ratio"": 0.12686}"	identity logical-grid coordinates	allowed-after-point-check	high	"{""relation"": ""same local map bytes"", ""hero_kill_sha256"": ""a95a5680d85f84812494d9d8bb47d79dd17aa40a7533d50dcc711fb021de21ed"", ""zircon_sha256"": ""a95a5680d85f84812494d9d8bb47d79dd17aa40a7533d50dcc711fb021de21ed""}"
E402	E402	/home/tetsuya/mir2ei/Map/E402.map	/home/tetsuya/mir2ei/Map/E402.map	"{""index"": 1065, ""file"": ""E402"", ""description"": ""连接通路""}"	/home/tetsuya/development/zircon/Debug/ServerCore/Map/E402.map	exact	"{""hero_kill"": {""width"": 100, ""height"": 100}, ""zircon"": {""width"": 100, ""height"": 100}}"	"{""region_count"": 17, ""region_landmark_samples"": [""E402 / Cave Maggot Spawn"", ""E402 / Skeleton Warrior Spawn"", ""E402 / Skeleton Axe Thrower Spawn"", ""E402 / Skeleton Enforcer Spawn"", ""E402 / Skeleton Spawn"", ""E402 / Cave Bat Spawn"", ""E402 / Blood Thristy Zombie Spawn"", ""E402 / Blood Thristy Zombie Spawn"", ""E402 / Blood Thristy Zombie Spawn"", ""E402 / Blood Thristy Zombie Spawn"", ""E402 / Blood Thristy Zombie Spawn"", ""E402 / Teleport Destination"", ""E402 / Teleport Source"", ""E402 / Teleport Source"", ""E402 / Teleport Destination"", ""E402 / Teleport Destination"", ""E402 / Teleport Source""], ""guard_count"": 0, ""guard_samples"": [], ""connected_maps"": [""D003"", ""D404"", ""E402_001""], ""coordinate_evidence"": ""MapRegion PointRegion centers; no Merchant coordinate snapshot available""}"	"[""E402 / Cave Maggot Spawn"", ""E402 / Skeleton Warrior Spawn"", ""E402 / Skeleton Axe Thrower Spawn"", ""E402 / Skeleton Enforcer Spawn"", ""E402 / Skeleton Spawn"", ""E402 / Cave Bat Spawn"", ""E402 / Blood Thristy Zombie Spawn"", ""E402 / Blood Thristy Zombie Spawn"", ""E402 / Blood Thristy Zombie Spawn"", ""E402 / Blood Thristy Zombie Spawn"", ""E402 / Blood Thristy Zombie Spawn"", ""E402 / Teleport Destination"", ""E402 / Teleport Source"", ""E402 / Teleport Source"", ""E402 / Teleport Destination"", ""E402 / Teleport Destination"", ""E402 / Teleport Source""]"	"{""status"": ""pass"", ""walkable_cells"": 2517, ""total_cells"": 10000, ""walkable_ratio"": 0.2517}"	"{""status"": ""pass"", ""walkable_cells"": 2517, ""total_cells"": 10000, ""walkable_ratio"": 0.2517}"	identity logical-grid coordinates	allowed-after-point-check	high	"{""relation"": ""same local map bytes"", ""hero_kill_sha256"": ""a197a6f64760e02f4a7bc217a40668784c4aaed21dc7921b186351f5c5ed1cbf"", ""zircon_sha256"": ""a197a6f64760e02f4a7bc217a40668784c4aaed21dc7921b186351f5c5ed1cbf""}"
E402_001	E402_001	/home/tetsuya/mir2ei/Map/E402_001.map	/home/tetsuya/mir2ei/Map/E402_001.map	"{""index"": 1066, ""file"": ""E402_001"", ""description"": ""连接通路""}"	/home/tetsuya/development/zircon/Debug/ServerCore/Map/E402_001.map	exact	"{""hero_kill"": {""width"": 30, ""height"": 30}, ""zircon"": {""width"": 30, ""height"": 30}}"	"{""region_count"": 3, ""region_landmark_samples"": [""E402_001 / Teleport Source"", ""E402_001 / Teleport Destination""], ""guard_count"": 0, ""guard_samples"": [], ""connected_maps"": [""E402""], ""coordinate_evidence"": ""MapRegion PointRegion centers; no Merchant coordinate snapshot available""}"	"[""E402_001 / Teleport Source"", ""E402_001 / Teleport Destination""]"	"{""status"": ""pass"", ""walkable_cells"": 138, ""total_cells"": 900, ""walkable_ratio"": 0.153333}"	"{""status"": ""pass"", ""walkable_cells"": 138, ""total_cells"": 900, ""walkable_ratio"": 0.153333}"	identity logical-grid coordinates	allowed-after-point-check	high	"{""relation"": ""same local map bytes"", ""hero_kill_sha256"": ""e22a30648637bc1c9bcecd0f0d601ba3d90ec209a18d3ea2b8813497e90937e9"", ""zircon_sha256"": ""e22a30648637bc1c9bcecd0f0d601ba3d90ec209a18d3ea2b8813497e90937e9""}"
E403	E403	/home/tetsuya/mir2ei/Map/E403.map	/home/tetsuya/mir2ei/Map/E403.map	"{""index"": 1067, ""file"": ""E403"", ""description"": ""连接通路""}"	/home/tetsuya/development/zircon/Debug/ServerCore/Map/E403.map	exact	"{""hero_kill"": {""width"": 100, ""height"": 100}, ""zircon"": {""width"": 100, ""height"": 100}}"	"{""region_count"": 0, ""region_landmark_samples"": [], ""guard_count"": 0, ""guard_samples"": [], ""connected_maps"": [], ""coordinate_evidence"": ""MapRegion PointRegion centers; no Merchant coordinate snapshot available""}"	[]	"{""status"": ""pass"", ""walkable_cells"": 2272, ""total_cells"": 10000, ""walkable_ratio"": 0.2272}"	"{""status"": ""pass"", ""walkable_cells"": 2272, ""total_cells"": 10000, ""walkable_ratio"": 0.2272}"	identity logical-grid coordinates	allowed-after-point-check	high	"{""relation"": ""same local map bytes"", ""hero_kill_sha256"": ""fe4806d45427b2c41467d940076b60e4ef1a9b73af146b6c5550679670b0ab73"", ""zircon_sha256"": ""fe4806d45427b2c41467d940076b60e4ef1a9b73af146b6c5550679670b0ab73""}"
E404	E404	/home/tetsuya/mir2ei/Map/E404.map	/home/tetsuya/mir2ei/Map/E404.map	"{""index"": 1068, ""file"": ""E404"", ""description"": ""连接通路""}"	/home/tetsuya/development/zircon/Debug/ServerCore/Map/E404.map	exact	"{""hero_kill"": {""width"": 100, ""height"": 100}, ""zircon"": {""width"": 100, ""height"": 100}}"	"{""region_count"": 0, ""region_landmark_samples"": [], ""guard_count"": 0, ""guard_samples"": [], ""connected_maps"": [], ""coordinate_evidence"": ""MapRegion PointRegion centers; no Merchant coordinate snapshot available""}"	[]	"{""status"": ""pass"", ""walkable_cells"": 1693, ""total_cells"": 10000, ""walkable_ratio"": 0.1693}"	"{""status"": ""pass"", ""walkable_cells"": 1693, ""total_cells"": 10000, ""walkable_ratio"": 0.1693}"	identity logical-grid coordinates	allowed-after-point-check	high	"{""relation"": ""same local map bytes"", ""hero_kill_sha256"": ""ad0b2d37488049d00979828020c932a8b83ff1d0d7bae85e2fa03d1646d0acd1"", ""zircon_sha256"": ""ad0b2d37488049d00979828020c932a8b83ff1d0d7bae85e2fa03d1646d0acd1""}"
E601	E601	/home/tetsuya/mir2ei/Map/E601.map	/home/tetsuya/mir2ei/Map/E601.map	"{""index"": 1069, ""file"": ""E601"", ""description"": ""竞技场""}"	/home/tetsuya/development/zircon/Debug/ServerCore/Map/E601.map	exact	"{""hero_kill"": {""width"": 150, ""height"": 150}, ""zircon"": {""width"": 150, ""height"": 150}}"	"{""region_count"": 0, ""region_landmark_samples"": [], ""guard_count"": 0, ""guard_samples"": [], ""connected_maps"": [], ""coordinate_evidence"": ""MapRegion PointRegion centers; no Merchant coordinate snapshot available""}"	[]	"{""status"": ""pass"", ""walkable_cells"": 3209, ""total_cells"": 22500, ""walkable_ratio"": 0.142622}"	"{""status"": ""pass"", ""walkable_cells"": 3209, ""total_cells"": 22500, ""walkable_ratio"": 0.142622}"	identity logical-grid coordinates	allowed-after-point-check	high	"{""relation"": ""same local map bytes"", ""hero_kill_sha256"": ""87dc13c8a0d98c56fbec379654d63a531e2452e25fb05cb7c0b4c429ffec440d"", ""zircon_sha256"": ""87dc13c8a0d98c56fbec379654d63a531e2452e25fb05cb7c0b4c429ffec440d""}"
E602	E602	/home/tetsuya/mir2ei/Map/E602.map	/home/tetsuya/mir2ei/Map/E602.map	"{""index"": 1070, ""file"": ""E602"", ""description"": ""竞技场""}"	/home/tetsuya/development/zircon/Debug/ServerCore/Map/E602.map	exact	"{""hero_kill"": {""width"": 150, ""height"": 150}, ""zircon"": {""width"": 150, ""height"": 150}}"	"{""region_count"": 0, ""region_landmark_samples"": [], ""guard_count"": 0, ""guard_samples"": [], ""connected_maps"": [], ""coordinate_evidence"": ""MapRegion PointRegion centers; no Merchant coordinate snapshot available""}"	[]	"{""status"": ""pass"", ""walkable_cells"": 5966, ""total_cells"": 22500, ""walkable_ratio"": 0.265156}"	"{""status"": ""pass"", ""walkable_cells"": 5966, ""total_cells"": 22500, ""walkable_ratio"": 0.265156}"	identity logical-grid coordinates	allowed-after-point-check	high	"{""relation"": ""same local map bytes"", ""hero_kill_sha256"": ""675f8d42306d56fad99d18a201ee7d64840b70b12a153b147b1874af5fe70a7a"", ""zircon_sha256"": ""675f8d42306d56fad99d18a201ee7d64840b70b12a153b147b1874af5fe70a7a""}"
E603	E603	/home/tetsuya/mir2ei/Map/E603.map	/home/tetsuya/mir2ei/Map/E603.map	"{""index"": 1071, ""file"": ""E603"", ""description"": ""废矿秘密通路""}"	/home/tetsuya/development/zircon/Debug/ServerCore/Map/E603.map	exact	"{""hero_kill"": {""width"": 210, ""height"": 210}, ""zircon"": {""width"": 210, ""height"": 210}}"	"{""region_count"": 0, ""region_landmark_samples"": [], ""guard_count"": 0, ""guard_samples"": [], ""connected_maps"": [], ""coordinate_evidence"": ""MapRegion PointRegion centers; no Merchant coordinate snapshot available""}"	[]	"{""status"": ""pass"", ""walkable_cells"": 7530, ""total_cells"": 44100, ""walkable_ratio"": 0.170748}"	"{""status"": ""pass"", ""walkable_cells"": 7530, ""total_cells"": 44100, ""walkable_ratio"": 0.170748}"	identity logical-grid coordinates	allowed-after-point-check	high	"{""relation"": ""same local map bytes"", ""hero_kill_sha256"": ""7d9a662268a0212812cfce8badba8b71bd3ffc407f0f07180fafe12690098bde"", ""zircon_sha256"": ""7d9a662268a0212812cfce8badba8b71bd3ffc407f0f07180fafe12690098bde""}"
E604	E604	/home/tetsuya/mir2ei/Map/E604.map	/home/tetsuya/mir2ei/Map/E604.map	"{""index"": 1072, ""file"": ""E604"", ""description"": ""废矿秘密通路""}"	/home/tetsuya/development/zircon/Debug/ServerCore/Map/E604.map	exact	"{""hero_kill"": {""width"": 150, ""height"": 150}, ""zircon"": {""width"": 150, ""height"": 150}}"	"{""region_count"": 0, ""region_landmark_samples"": [], ""guard_count"": 0, ""guard_samples"": [], ""connected_maps"": [], ""coordinate_evidence"": ""MapRegion PointRegion centers; no Merchant coordinate snapshot available""}"	[]	"{""status"": ""pass"", ""walkable_cells"": 5078, ""total_cells"": 22500, ""walkable_ratio"": 0.225689}"	"{""status"": ""pass"", ""walkable_cells"": 5078, ""total_cells"": 22500, ""walkable_ratio"": 0.225689}"	identity logical-grid coordinates	allowed-after-point-check	high	"{""relation"": ""same local map bytes"", ""hero_kill_sha256"": ""f04943f285d60f9dbf70a2101990e33a3f49611d5c13781b58ee46d207b40c51"", ""zircon_sha256"": ""f04943f285d60f9dbf70a2101990e33a3f49611d5c13781b58ee46d207b40c51""}"
E605	E605	/home/tetsuya/mir2ei/Map/E605.map	/home/tetsuya/mir2ei/Map/E605.map	"{""index"": 1073, ""file"": ""E605"", ""description"": ""废矿秘密通路""}"	/home/tetsuya/development/zircon/Debug/ServerCore/Map/E605.map	exact	"{""hero_kill"": {""width"": 100, ""height"": 100}, ""zircon"": {""width"": 100, ""height"": 100}}"	"{""region_count"": 0, ""region_landmark_samples"": [], ""guard_count"": 0, ""guard_samples"": [], ""connected_maps"": [], ""coordinate_evidence"": ""MapRegion PointRegion centers; no Merchant coordinate snapshot available""}"	[]	"{""status"": ""pass"", ""walkable_cells"": 2407, ""total_cells"": 10000, ""walkable_ratio"": 0.2407}"	"{""status"": ""pass"", ""walkable_cells"": 2407, ""total_cells"": 10000, ""walkable_ratio"": 0.2407}"	identity logical-grid coordinates	allowed-after-point-check	high	"{""relation"": ""same local map bytes"", ""hero_kill_sha256"": ""d484a754cb0b6ff0f75e2628a7dfc6de8bf8084865fa98e9a59dd99a31d7ecce"", ""zircon_sha256"": ""d484a754cb0b6ff0f75e2628a7dfc6de8bf8084865fa98e9a59dd99a31d7ecce""}"
kt0000	kt0000	/home/tetsuya/mir2ei/Map/kt0000.map	/home/tetsuya/mir2ei/Map/kt0000.map	"{""index"": 1074, ""file"": ""kt0000"", ""description"": ""EI kt0000""}"	/home/tetsuya/development/zircon/Debug/ServerCore/Map/kt0000.map	exact	"{""hero_kill"": {""width"": 20, ""height"": 20}, ""zircon"": {""width"": 20, ""height"": 20}}"	"{""region_count"": 0, ""region_landmark_samples"": [], ""guard_count"": 0, ""guard_samples"": [], ""connected_maps"": [], ""coordinate_evidence"": ""MapRegion PointRegion centers; no Merchant coordinate snapshot available""}"	[]	"{""status"": ""pass"", ""walkable_cells"": 48, ""total_cells"": 400, ""walkable_ratio"": 0.12}"	"{""status"": ""pass"", ""walkable_cells"": 48, ""total_cells"": 400, ""walkable_ratio"": 0.12}"	identity logical-grid coordinates	allowed-after-point-check	high	"{""relation"": ""same local map bytes"", ""hero_kill_sha256"": ""cae163e3e3bcd5dfcf6ee8dae4310400df7dcac034f1a8dc60b1c0586762113a"", ""zircon_sha256"": ""cae163e3e3bcd5dfcf6ee8dae4310400df7dcac034f1a8dc60b1c0586762113a""}"
kt0001	kt0001	/home/tetsuya/mir2ei/Map/kt0001.map	/home/tetsuya/mir2ei/Map/kt0001.map	"{""index"": 1075, ""file"": ""kt0001"", ""description"": ""混乱PK赛场""}"	/home/tetsuya/development/zircon/Debug/ServerCore/Map/kt0001.map	exact	"{""hero_kill"": {""width"": 50, ""height"": 50}, ""zircon"": {""width"": 50, ""height"": 50}}"	"{""region_count"": 0, ""region_landmark_samples"": [], ""guard_count"": 0, ""guard_samples"": [], ""connected_maps"": [], ""coordinate_evidence"": ""MapRegion PointRegion centers; no Merchant coordinate snapshot available""}"	[]	"{""status"": ""pass"", ""walkable_cells"": 663, ""total_cells"": 2500, ""walkable_ratio"": 0.2652}"	"{""status"": ""pass"", ""walkable_cells"": 663, ""total_cells"": 2500, ""walkable_ratio"": 0.2652}"	identity logical-grid coordinates	allowed-after-point-check	high	"{""relation"": ""same local map bytes"", ""hero_kill_sha256"": ""142dc99896fea9fa37d1acf2062d12fca0b7580d6eda62aa72f94d2d344a72f2"", ""zircon_sha256"": ""142dc99896fea9fa37d1acf2062d12fca0b7580d6eda62aa72f94d2d344a72f2""}"
kt0002	kt0002	/home/tetsuya/mir2ei/Map/kt0002.map	/home/tetsuya/mir2ei/Map/kt0002.map	"{""index"": 1076, ""file"": ""kt0002"", ""description"": ""EI kt0002""}"	/home/tetsuya/development/zircon/Debug/ServerCore/Map/kt0002.map	exact	"{""hero_kill"": {""width"": 20, ""height"": 20}, ""zircon"": {""width"": 20, ""height"": 20}}"	"{""region_count"": 0, ""region_landmark_samples"": [], ""guard_count"": 0, ""guard_samples"": [], ""connected_maps"": [], ""coordinate_evidence"": ""MapRegion PointRegion centers; no Merchant coordinate snapshot available""}"	[]	"{""status"": ""pending"", ""walkable_cells"": null, ""total_cells"": null, ""walkable_ratio"": null}"	"{""status"": ""pending"", ""walkable_cells"": null, ""total_cells"": null, ""walkable_ratio"": null}"	identity logical-grid coordinates	allowed-after-point-check	high	"{""relation"": ""same local map bytes"", ""hero_kill_sha256"": ""62074a9d59824728cc77e676e34c50c4d47b7fbc13d34c4b3840d78618a8716c"", ""zircon_sha256"": ""62074a9d59824728cc77e676e34c50c4d47b7fbc13d34c4b3840d78618a8716c""}"
kt0003	kt0003	/home/tetsuya/mir2ei/Map/kt0003.map	/home/tetsuya/mir2ei/Map/kt0003.map	"{""index"": 1077, ""file"": ""kt0003"", ""description"": ""EI kt0003""}"	/home/tetsuya/development/zircon/Debug/ServerCore/Map/kt0003.map	exact	"{""hero_kill"": {""width"": 20, ""height"": 20}, ""zircon"": {""width"": 20, ""height"": 20}}"	"{""region_count"": 0, ""region_landmark_samples"": [], ""guard_count"": 0, ""guard_samples"": [], ""connected_maps"": [], ""coordinate_evidence"": ""MapRegion PointRegion centers; no Merchant coordinate snapshot available""}"	[]	"{""status"": ""pending"", ""walkable_cells"": null, ""total_cells"": null, ""walkable_ratio"": null}"	"{""status"": ""pending"", ""walkable_cells"": null, ""total_cells"": null, ""walkable_ratio"": null}"	identity logical-grid coordinates	allowed-after-point-check	high	"{""relation"": ""same local map bytes"", ""hero_kill_sha256"": ""62074a9d59824728cc77e676e34c50c4d47b7fbc13d34c4b3840d78618a8716c"", ""zircon_sha256"": ""62074a9d59824728cc77e676e34c50c4d47b7fbc13d34c4b3840d78618a8716c""}"
kt0004	kt0004	/home/tetsuya/mir2ei/Map/kt0004.map	/home/tetsuya/mir2ei/Map/kt0004.map	"{""index"": 1078, ""file"": ""kt0004"", ""description"": ""EI kt0004""}"	/home/tetsuya/development/zircon/Debug/ServerCore/Map/kt0004.map	exact	"{""hero_kill"": {""width"": 20, ""height"": 20}, ""zircon"": {""width"": 20, ""height"": 20}}"	"{""region_count"": 0, ""region_landmark_samples"": [], ""guard_count"": 0, ""guard_samples"": [], ""connected_maps"": [], ""coordinate_evidence"": ""MapRegion PointRegion centers; no Merchant coordinate snapshot available""}"	[]	"{""status"": ""pending"", ""walkable_cells"": null, ""total_cells"": null, ""walkable_ratio"": null}"	"{""status"": ""pending"", ""walkable_cells"": null, ""total_cells"": null, ""walkable_ratio"": null}"	identity logical-grid coordinates	allowed-after-point-check	high	"{""relation"": ""same local map bytes"", ""hero_kill_sha256"": ""62074a9d59824728cc77e676e34c50c4d47b7fbc13d34c4b3840d78618a8716c"", ""zircon_sha256"": ""62074a9d59824728cc77e676e34c50c4d47b7fbc13d34c4b3840d78618a8716c""}"
kt0005	kt0005	/home/tetsuya/mir2ei/Map/kt0005.map	/home/tetsuya/mir2ei/Map/kt0005.map	"{""index"": 1079, ""file"": ""kt0005"", ""description"": ""EI kt0005""}"	/home/tetsuya/development/zircon/Debug/ServerCore/Map/kt0005.map	exact	"{""hero_kill"": {""width"": 20, ""height"": 20}, ""zircon"": {""width"": 20, ""height"": 20}}"	"{""region_count"": 0, ""region_landmark_samples"": [], ""guard_count"": 0, ""guard_samples"": [], ""connected_maps"": [], ""coordinate_evidence"": ""MapRegion PointRegion centers; no Merchant coordinate snapshot available""}"	[]	"{""status"": ""pending"", ""walkable_cells"": null, ""total_cells"": null, ""walkable_ratio"": null}"	"{""status"": ""pending"", ""walkable_cells"": null, ""total_cells"": null, ""walkable_ratio"": null}"	identity logical-grid coordinates	allowed-after-point-check	high	"{""relation"": ""same local map bytes"", ""hero_kill_sha256"": ""62074a9d59824728cc77e676e34c50c4d47b7fbc13d34c4b3840d78618a8716c"", ""zircon_sha256"": ""62074a9d59824728cc77e676e34c50c4d47b7fbc13d34c4b3840d78618a8716c""}"
kt0006	kt0006	/home/tetsuya/mir2ei/Map/kt0006.map	/home/tetsuya/mir2ei/Map/kt0006.map	"{""index"": 1080, ""file"": ""kt0006"", ""description"": ""EI kt0006""}"	/home/tetsuya/development/zircon/Debug/ServerCore/Map/kt0006.map	exact	"{""hero_kill"": {""width"": 20, ""height"": 20}, ""zircon"": {""width"": 20, ""height"": 20}}"	"{""region_count"": 0, ""region_landmark_samples"": [], ""guard_count"": 0, ""guard_samples"": [], ""connected_maps"": [], ""coordinate_evidence"": ""MapRegion PointRegion centers; no Merchant coordinate snapshot available""}"	[]	"{""status"": ""pending"", ""walkable_cells"": null, ""total_cells"": null, ""walkable_ratio"": null}"	"{""status"": ""pending"", ""walkable_cells"": null, ""total_cells"": null, ""walkable_ratio"": null}"	identity logical-grid coordinates	allowed-after-point-check	high	"{""relation"": ""same local map bytes"", ""hero_kill_sha256"": ""62074a9d59824728cc77e676e34c50c4d47b7fbc13d34c4b3840d78618a8716c"", ""zircon_sha256"": ""62074a9d59824728cc77e676e34c50c4d47b7fbc13d34c4b3840d78618a8716c""}"
kt0007	kt0007	/home/tetsuya/mir2ei/Map/kt0007.map	/home/tetsuya/mir2ei/Map/kt0007.map	"{""index"": 1081, ""file"": ""kt0007"", ""description"": ""EI kt0007""}"	/home/tetsuya/development/zircon/Debug/ServerCore/Map/kt0007.map	exact	"{""hero_kill"": {""width"": 20, ""height"": 20}, ""zircon"": {""width"": 20, ""height"": 20}}"	"{""region_count"": 0, ""region_landmark_samples"": [], ""guard_count"": 0, ""guard_samples"": [], ""connected_maps"": [], ""coordinate_evidence"": ""MapRegion PointRegion centers; no Merchant coordinate snapshot available""}"	[]	"{""status"": ""pending"", ""walkable_cells"": null, ""total_cells"": null, ""walkable_ratio"": null}"	"{""status"": ""pending"", ""walkable_cells"": null, ""total_cells"": null, ""walkable_ratio"": null}"	identity logical-grid coordinates	allowed-after-point-check	high	"{""relation"": ""same local map bytes"", ""hero_kill_sha256"": ""62074a9d59824728cc77e676e34c50c4d47b7fbc13d34c4b3840d78618a8716c"", ""zircon_sha256"": ""62074a9d59824728cc77e676e34c50c4d47b7fbc13d34c4b3840d78618a8716c""}"
kt0008	kt0008	/home/tetsuya/mir2ei/Map/kt0008.map	/home/tetsuya/mir2ei/Map/kt0008.map	"{""index"": 1082, ""file"": ""kt0008"", ""description"": ""EI kt0008""}"	/home/tetsuya/development/zircon/Debug/ServerCore/Map/kt0008.map	exact	"{""hero_kill"": {""width"": 20, ""height"": 20}, ""zircon"": {""width"": 20, ""height"": 20}}"	"{""region_count"": 0, ""region_landmark_samples"": [], ""guard_count"": 0, ""guard_samples"": [], ""connected_maps"": [], ""coordinate_evidence"": ""MapRegion PointRegion centers; no Merchant coordinate snapshot available""}"	[]	"{""status"": ""pending"", ""walkable_cells"": null, ""total_cells"": null, ""walkable_ratio"": null}"	"{""status"": ""pending"", ""walkable_cells"": null, ""total_cells"": null, ""walkable_ratio"": null}"	identity logical-grid coordinates	allowed-after-point-check	high	"{""relation"": ""same local map bytes"", ""hero_kill_sha256"": ""62074a9d59824728cc77e676e34c50c4d47b7fbc13d34c4b3840d78618a8716c"", ""zircon_sha256"": ""62074a9d59824728cc77e676e34c50c4d47b7fbc13d34c4b3840d78618a8716c""}"
kt0009	kt0009	/home/tetsuya/mir2ei/Map/kt0009.map	/home/tetsuya/mir2ei/Map/kt0009.map	"{""index"": 1083, ""file"": ""kt0009"", ""description"": ""EI kt0009""}"	/home/tetsuya/development/zircon/Debug/ServerCore/Map/kt0009.map	exact	"{""hero_kill"": {""width"": 20, ""height"": 20}, ""zircon"": {""width"": 20, ""height"": 20}}"	"{""region_count"": 0, ""region_landmark_samples"": [], ""guard_count"": 0, ""guard_samples"": [], ""connected_maps"": [], ""coordinate_evidence"": ""MapRegion PointRegion centers; no Merchant coordinate snapshot available""}"	[]	"{""status"": ""pending"", ""walkable_cells"": null, ""total_cells"": null, ""walkable_ratio"": null}"	"{""status"": ""pending"", ""walkable_cells"": null, ""total_cells"": null, ""walkable_ratio"": null}"	identity logical-grid coordinates	allowed-after-point-check	high	"{""relation"": ""same local map bytes"", ""hero_kill_sha256"": ""62074a9d59824728cc77e676e34c50c4d47b7fbc13d34c4b3840d78618a8716c"", ""zircon_sha256"": ""62074a9d59824728cc77e676e34c50c4d47b7fbc13d34c4b3840d78618a8716c""}"
kt0010	kt0010	/home/tetsuya/mir2ei/Map/kt0010.map	/home/tetsuya/mir2ei/Map/kt0010.map	"{""index"": 1084, ""file"": ""kt0010"", ""description"": ""EI kt0010""}"	/home/tetsuya/development/zircon/Debug/ServerCore/Map/kt0010.map	exact	"{""hero_kill"": {""width"": 20, ""height"": 20}, ""zircon"": {""width"": 20, ""height"": 20}}"	"{""region_count"": 0, ""region_landmark_samples"": [], ""guard_count"": 0, ""guard_samples"": [], ""connected_maps"": [], ""coordinate_evidence"": ""MapRegion PointRegion centers; no Merchant coordinate snapshot available""}"	[]	"{""status"": ""pending"", ""walkable_cells"": null, ""total_cells"": null, ""walkable_ratio"": null}"	"{""status"": ""pending"", ""walkable_cells"": null, ""total_cells"": null, ""walkable_ratio"": null}"	identity logical-grid coordinates	allowed-after-point-check	high	"{""relation"": ""same local map bytes"", ""hero_kill_sha256"": ""62074a9d59824728cc77e676e34c50c4d47b7fbc13d34c4b3840d78618a8716c"", ""zircon_sha256"": ""62074a9d59824728cc77e676e34c50c4d47b7fbc13d34c4b3840d78618a8716c""}"
kt0011	kt0011	/home/tetsuya/mir2ei/Map/kt0011.map	/home/tetsuya/mir2ei/Map/kt0011.map	"{""index"": 1085, ""file"": ""kt0011"", ""description"": ""EI kt0011""}"	/home/tetsuya/development/zircon/Debug/ServerCore/Map/kt0011.map	exact	"{""hero_kill"": {""width"": 20, ""height"": 20}, ""zircon"": {""width"": 20, ""height"": 20}}"	"{""region_count"": 0, ""region_landmark_samples"": [], ""guard_count"": 0, ""guard_samples"": [], ""connected_maps"": [], ""coordinate_evidence"": ""MapRegion PointRegion centers; no Merchant coordinate snapshot available""}"	[]	"{""status"": ""pending"", ""walkable_cells"": null, ""total_cells"": null, ""walkable_ratio"": null}"	"{""status"": ""pending"", ""walkable_cells"": null, ""total_cells"": null, ""walkable_ratio"": null}"	identity logical-grid coordinates	allowed-after-point-check	high	"{""relation"": ""same local map bytes"", ""hero_kill_sha256"": ""5160f517279a8e15f2d03617d20e080b97c9296ad6fb6c390c55abf721537eb6"", ""zircon_sha256"": ""5160f517279a8e15f2d03617d20e080b97c9296ad6fb6c390c55abf721537eb6""}"
kt0012	kt0012	/home/tetsuya/mir2ei/Map/kt0012.map	/home/tetsuya/mir2ei/Map/kt0012.map	"{""index"": 1086, ""file"": ""kt0012"", ""description"": ""EI kt0012""}"	/home/tetsuya/development/zircon/Debug/ServerCore/Map/kt0012.map	exact	"{""hero_kill"": {""width"": 20, ""height"": 20}, ""zircon"": {""width"": 20, ""height"": 20}}"	"{""region_count"": 0, ""region_landmark_samples"": [], ""guard_count"": 0, ""guard_samples"": [], ""connected_maps"": [], ""coordinate_evidence"": ""MapRegion PointRegion centers; no Merchant coordinate snapshot available""}"	[]	"{""status"": ""pending"", ""walkable_cells"": null, ""total_cells"": null, ""walkable_ratio"": null}"	"{""status"": ""pending"", ""walkable_cells"": null, ""total_cells"": null, ""walkable_ratio"": null}"	identity logical-grid coordinates	allowed-after-point-check	high	"{""relation"": ""same local map bytes"", ""hero_kill_sha256"": ""5032250a5bacd80960fc3486587299136ad18db54e23e35e623e8c172708431a"", ""zircon_sha256"": ""5032250a5bacd80960fc3486587299136ad18db54e23e35e623e8c172708431a""}"
kt0013	kt0013	/home/tetsuya/mir2ei/Map/kt0013.map	/home/tetsuya/mir2ei/Map/kt0013.map	"{""index"": 1087, ""file"": ""kt0013"", ""description"": ""EI kt0013""}"	/home/tetsuya/development/zircon/Debug/ServerCore/Map/kt0013.map	exact	"{""hero_kill"": {""width"": 20, ""height"": 20}, ""zircon"": {""width"": 20, ""height"": 20}}"	"{""region_count"": 0, ""region_landmark_samples"": [], ""guard_count"": 0, ""guard_samples"": [], ""connected_maps"": [], ""coordinate_evidence"": ""MapRegion PointRegion centers; no Merchant coordinate snapshot available""}"	[]	"{""status"": ""pending"", ""walkable_cells"": null, ""total_cells"": null, ""walkable_ratio"": null}"	"{""status"": ""pending"", ""walkable_cells"": null, ""total_cells"": null, ""walkable_ratio"": null}"	identity logical-grid coordinates	allowed-after-point-check	high	"{""relation"": ""same local map bytes"", ""hero_kill_sha256"": ""5032250a5bacd80960fc3486587299136ad18db54e23e35e623e8c172708431a"", ""zircon_sha256"": ""5032250a5bacd80960fc3486587299136ad18db54e23e35e623e8c172708431a""}"
kt0014	kt0014	/home/tetsuya/mir2ei/Map/kt0014.map	/home/tetsuya/mir2ei/Map/kt0014.map	"{""index"": 1088, ""file"": ""kt0014"", ""description"": ""EI kt0014""}"	/home/tetsuya/development/zircon/Debug/ServerCore/Map/kt0014.map	exact	"{""hero_kill"": {""width"": 30, ""height"": 30}, ""zircon"": {""width"": 30, ""height"": 30}}"	"{""region_count"": 0, ""region_landmark_samples"": [], ""guard_count"": 0, ""guard_samples"": [], ""connected_maps"": [], ""coordinate_evidence"": ""MapRegion PointRegion centers; no Merchant coordinate snapshot available""}"	[]	"{""status"": ""pending"", ""walkable_cells"": null, ""total_cells"": null, ""walkable_ratio"": null}"	"{""status"": ""pending"", ""walkable_cells"": null, ""total_cells"": null, ""walkable_ratio"": null}"	identity logical-grid coordinates	allowed-after-point-check	high	"{""relation"": ""same local map bytes"", ""hero_kill_sha256"": ""cf06fcdae5e9011c482794aa778a8798f8b7cc259fcdcfbd8f1a486e34d843c5"", ""zircon_sha256"": ""cf06fcdae5e9011c482794aa778a8798f8b7cc259fcdcfbd8f1a486e34d843c5""}"
kt0015	kt0015	/home/tetsuya/mir2ei/Map/kt0015.map	/home/tetsuya/mir2ei/Map/kt0015.map	"{""index"": 1089, ""file"": ""kt0015"", ""description"": ""EI kt0015""}"	/home/tetsuya/development/zircon/Debug/ServerCore/Map/kt0015.map	exact	"{""hero_kill"": {""width"": 30, ""height"": 30}, ""zircon"": {""width"": 30, ""height"": 30}}"	"{""region_count"": 0, ""region_landmark_samples"": [], ""guard_count"": 0, ""guard_samples"": [], ""connected_maps"": [], ""coordinate_evidence"": ""MapRegion PointRegion centers; no Merchant coordinate snapshot available""}"	[]	"{""status"": ""pending"", ""walkable_cells"": null, ""total_cells"": null, ""walkable_ratio"": null}"	"{""status"": ""pending"", ""walkable_cells"": null, ""total_cells"": null, ""walkable_ratio"": null}"	identity logical-grid coordinates	allowed-after-point-check	high	"{""relation"": ""same local map bytes"", ""hero_kill_sha256"": ""cf06fcdae5e9011c482794aa778a8798f8b7cc259fcdcfbd8f1a486e34d843c5"", ""zircon_sha256"": ""cf06fcdae5e9011c482794aa778a8798f8b7cc259fcdcfbd8f1a486e34d843c5""}"
kt0016	kt0016	/home/tetsuya/mir2ei/Map/kt0016.map	/home/tetsuya/mir2ei/Map/kt0016.map	"{""index"": 1090, ""file"": ""kt0016"", ""description"": ""EI kt0016""}"	/home/tetsuya/development/zircon/Debug/ServerCore/Map/kt0016.map	exact	"{""hero_kill"": {""width"": 30, ""height"": 30}, ""zircon"": {""width"": 30, ""height"": 30}}"	"{""region_count"": 0, ""region_landmark_samples"": [], ""guard_count"": 0, ""guard_samples"": [], ""connected_maps"": [], ""coordinate_evidence"": ""MapRegion PointRegion centers; no Merchant coordinate snapshot available""}"	[]	"{""status"": ""pending"", ""walkable_cells"": null, ""total_cells"": null, ""walkable_ratio"": null}"	"{""status"": ""pending"", ""walkable_cells"": null, ""total_cells"": null, ""walkable_ratio"": null}"	identity logical-grid coordinates	allowed-after-point-check	high	"{""relation"": ""same local map bytes"", ""hero_kill_sha256"": ""646e5cadbd7164b5dc6984216aa475417acfa76908d49d7683826fd0ec3e34e7"", ""zircon_sha256"": ""646e5cadbd7164b5dc6984216aa475417acfa76908d49d7683826fd0ec3e34e7""}"
kt00161	kt00161	/home/tetsuya/mir2ei/Map/kt00161.map	/home/tetsuya/mir2ei/Map/kt00161.map	"{""index"": 1091, ""file"": ""kt00161"", ""description"": ""EI kt00161""}"	/home/tetsuya/development/zircon/Debug/ServerCore/Map/kt00161.map	exact	"{""hero_kill"": {""width"": 30, ""height"": 30}, ""zircon"": {""width"": 30, ""height"": 30}}"	"{""region_count"": 0, ""region_landmark_samples"": [], ""guard_count"": 0, ""guard_samples"": [], ""connected_maps"": [], ""coordinate_evidence"": ""MapRegion PointRegion centers; no Merchant coordinate snapshot available""}"	[]	"{""status"": ""pending"", ""walkable_cells"": null, ""total_cells"": null, ""walkable_ratio"": null}"	"{""status"": ""pending"", ""walkable_cells"": null, ""total_cells"": null, ""walkable_ratio"": null}"	identity logical-grid coordinates	allowed-after-point-check	high	"{""relation"": ""same local map bytes"", ""hero_kill_sha256"": ""646e5cadbd7164b5dc6984216aa475417acfa76908d49d7683826fd0ec3e34e7"", ""zircon_sha256"": ""646e5cadbd7164b5dc6984216aa475417acfa76908d49d7683826fd0ec3e34e7""}"
kt0017	kt0017	/home/tetsuya/mir2ei/Map/kt0017.map	/home/tetsuya/mir2ei/Map/kt0017.map	"{""index"": 1092, ""file"": ""kt0017"", ""description"": ""EI kt0017""}"	/home/tetsuya/development/zircon/Debug/ServerCore/Map/kt0017.map	exact	"{""hero_kill"": {""width"": 30, ""height"": 30}, ""zircon"": {""width"": 30, ""height"": 30}}"	"{""region_count"": 0, ""region_landmark_samples"": [], ""guard_count"": 0, ""guard_samples"": [], ""connected_maps"": [], ""coordinate_evidence"": ""MapRegion PointRegion centers; no Merchant coordinate snapshot available""}"	[]	"{""status"": ""pending"", ""walkable_cells"": null, ""total_cells"": null, ""walkable_ratio"": null}"	"{""status"": ""pending"", ""walkable_cells"": null, ""total_cells"": null, ""walkable_ratio"": null}"	identity logical-grid coordinates	allowed-after-point-check	high	"{""relation"": ""same local map bytes"", ""hero_kill_sha256"": ""01ed8e1ad03e617fc6f9ef4dc004e9f99c816a6cd0316357394fcfca59a3165e"", ""zircon_sha256"": ""01ed8e1ad03e617fc6f9ef4dc004e9f99c816a6cd0316357394fcfca59a3165e""}"
kt0018	kt0018	/home/tetsuya/mir2ei/Map/kt0018.map	/home/tetsuya/mir2ei/Map/kt0018.map	"{""index"": 1093, ""file"": ""kt0018"", ""description"": ""EI kt0018""}"	/home/tetsuya/development/zircon/Debug/ServerCore/Map/kt0018.map	exact	"{""hero_kill"": {""width"": 36, ""height"": 36}, ""zircon"": {""width"": 36, ""height"": 36}}"	"{""region_count"": 0, ""region_landmark_samples"": [], ""guard_count"": 0, ""guard_samples"": [], ""connected_maps"": [], ""coordinate_evidence"": ""MapRegion PointRegion centers; no Merchant coordinate snapshot available""}"	[]	"{""status"": ""pending"", ""walkable_cells"": null, ""total_cells"": null, ""walkable_ratio"": null}"	"{""status"": ""pending"", ""walkable_cells"": null, ""total_cells"": null, ""walkable_ratio"": null}"	identity logical-grid coordinates	allowed-after-point-check	high	"{""relation"": ""same local map bytes"", ""hero_kill_sha256"": ""2e9200a83adb5b7432463efb671c5c5d511b04276ea7d9853b604540af14df77"", ""zircon_sha256"": ""2e9200a83adb5b7432463efb671c5c5d511b04276ea7d9853b604540af14df77""}"
kt00181	kt00181	/home/tetsuya/mir2ei/Map/kt00181.map	/home/tetsuya/mir2ei/Map/kt00181.map	"{""index"": 1094, ""file"": ""kt00181"", ""description"": ""EI kt00181""}"	/home/tetsuya/development/zircon/Debug/ServerCore/Map/kt00181.map	exact	"{""hero_kill"": {""width"": 36, ""height"": 36}, ""zircon"": {""width"": 36, ""height"": 36}}"	"{""region_count"": 0, ""region_landmark_samples"": [], ""guard_count"": 0, ""guard_samples"": [], ""connected_maps"": [], ""coordinate_evidence"": ""MapRegion PointRegion centers; no Merchant coordinate snapshot available""}"	[]	"{""status"": ""pending"", ""walkable_cells"": null, ""total_cells"": null, ""walkable_ratio"": null}"	"{""status"": ""pending"", ""walkable_cells"": null, ""total_cells"": null, ""walkable_ratio"": null}"	identity logical-grid coordinates	allowed-after-point-check	high	"{""relation"": ""same local map bytes"", ""hero_kill_sha256"": ""2e9200a83adb5b7432463efb671c5c5d511b04276ea7d9853b604540af14df77"", ""zircon_sha256"": ""2e9200a83adb5b7432463efb671c5c5d511b04276ea7d9853b604540af14df77""}"
z010				"{""index"": 1095, ""file"": ""z010"", ""description"": ""销售房间""}"	/home/tetsuya/development/zircon/Debug/ServerCore/Map/z010.map	renamed	"{""hero_kill"": {""width"": null, ""height"": null}, ""zircon"": {""width"": 22, ""height"": 22}}"	"{""region_count"": 1, ""region_landmark_samples"": [], ""guard_count"": 0, ""guard_samples"": [], ""connected_maps"": [], ""coordinate_evidence"": ""MapRegion PointRegion centers; no Merchant coordinate snapshot available""}"	[]	"{""status"": ""pending"", ""walkable_cells"": null, ""total_cells"": null, ""walkable_ratio"": null}"	"{""status"": ""pass"", ""walkable_cells"": 71, ""total_cells"": 484, ""walkable_ratio"": 0.146694}"	identity logical-grid coordinates	allowed-after-point-check	medium	"{""relation"": ""Zircon bytes match hero-kill stem(s): B114, B136, B107, B139, B112, B135, B137, B131_001, B119, B127, B133, B140, B101, B108, B136_003, B118, B132, B138_001, B121, B122, B126, B129, B130, B102, B103, B110, B138, B109, B106, B124, B134, B104, B117, B111, B128, B115, B105, B116, B125, B131, B123, B113, B120"", ""hero_kill_sha256"": null, ""zircon_sha256"": ""e27a08627d7b89c8857bd1b5c4a317ee18cc3d3087f17f9b265807c0168f5a63""}"
z014				"{""index"": 1096, ""file"": ""z014"", ""description"": ""监狱""}"	/home/tetsuya/development/zircon/Debug/ServerCore/Map/z014.map	renamed	"{""hero_kill"": {""width"": null, ""height"": null}, ""zircon"": {""width"": 22, ""height"": 22}}"	"{""region_count"": 1, ""region_landmark_samples"": [""z014 / Safe Zone""], ""guard_count"": 0, ""guard_samples"": [], ""connected_maps"": [], ""coordinate_evidence"": ""MapRegion PointRegion centers; no Merchant coordinate snapshot available""}"	"[""z014 / Safe Zone""]"	"{""status"": ""pending"", ""walkable_cells"": null, ""total_cells"": null, ""walkable_ratio"": null}"	"{""status"": ""pass"", ""walkable_cells"": 71, ""total_cells"": 484, ""walkable_ratio"": 0.146694}"	identity logical-grid coordinates	allowed-after-point-check	medium	"{""relation"": ""Zircon bytes match hero-kill stem(s): B114, B136, B107, B139, B112, B135, B137, B131_001, B119, B127, B133, B140, B101, B108, B136_003, B118, B132, B138_001, B121, B122, B126, B129, B130, B102, B103, B110, B138, B109, B106, B124, B134, B104, B117, B111, B128, B115, B105, B116, B125, B131, B123, B113, B120"", ""hero_kill_sha256"": null, ""zircon_sha256"": ""e27a08627d7b89c8857bd1b5c4a317ee18cc3d3087f17f9b265807c0168f5a63""}"
02_0011				"{""index"": 1097, ""file"": ""02_0011"", ""description"": ""法师职业PK场""}"	/home/tetsuya/development/zircon/Debug/ServerCore/Map/02_0011.map	renamed	"{""hero_kill"": {""width"": null, ""height"": null}, ""zircon"": {""width"": 18, ""height"": 22}}"	"{""region_count"": 1, ""region_landmark_samples"": [], ""guard_count"": 0, ""guard_samples"": [], ""connected_maps"": [], ""coordinate_evidence"": ""MapRegion PointRegion centers; no Merchant coordinate snapshot available""}"	[]	"{""status"": ""pending"", ""walkable_cells"": null, ""total_cells"": null, ""walkable_ratio"": null}"	"{""status"": ""pass"", ""walkable_cells"": 103, ""total_cells"": 396, ""walkable_ratio"": 0.260101}"	identity logical-grid coordinates	allowed-after-point-check	medium	"{""relation"": ""Zircon bytes match hero-kill stem(s): 1_012, 01_003, 02_001, 1_008"", ""hero_kill_sha256"": null, ""zircon_sha256"": ""0ce58cb13ea6040f23da2db32361d0cb382e76fe66738adebca99f101999ae44""}"
E007				"{""index"": 1098, ""file"": ""E007"", ""description"": ""PK赛场""}"	/home/tetsuya/development/zircon/Debug/ServerCore/Map/E007.map	pending	"{""hero_kill"": {""width"": null, ""height"": null}, ""zircon"": {""width"": 80, ""height"": 80}}"	"{""region_count"": 0, ""region_landmark_samples"": [], ""guard_count"": 0, ""guard_samples"": [], ""connected_maps"": [], ""coordinate_evidence"": ""MapRegion PointRegion centers; no Merchant coordinate snapshot available""}"	[]	"{""status"": ""pending"", ""walkable_cells"": null, ""total_cells"": null, ""walkable_ratio"": null}"	"{""status"": ""pass"", ""walkable_cells"": 2592, ""total_cells"": 6400, ""walkable_ratio"": 0.405}"	pending landmark mapping; no blind coordinate reuse	blocked	low	"{""relation"": ""hero-kill or Zircon map file missing"", ""hero_kill_sha256"": null, ""zircon_sha256"": ""a8f5b177de4623dd631ca23319c8b7b192e122d5bbebd57a0f6b8e00c14978a8""}"
d15023				"{""index"": 1099, ""file"": ""d15023"", ""description"": ""真天宫1层""}"	/home/tetsuya/development/zircon/Debug/ServerCore/Map/d15023.map	pending	"{""hero_kill"": {""width"": null, ""height"": null}, ""zircon"": {""width"": 300, ""height"": 300}}"	"{""region_count"": 10, ""region_landmark_samples"": [""d15023 / Sumerian Spawn"", ""d15023 / Stone Griffin Spawn"", ""d15023 / Ferocious Flame Demon Spawn"", ""d15023 / Dungeon Goddess 1 Spawn"", ""d15023 / Dungeon Goddess 2 Spawn"", ""d15023 / Teleport Destination"", ""d15023 / Teleport Destination"", ""d15023 / Teleport Source"", ""d15023 / Teleport Source"", ""d15023 / Teleport Destination""], ""guard_count"": 0, ""guard_samples"": [], ""connected_maps"": [""5"", ""d15033""], ""coordinate_evidence"": ""MapRegion PointRegion centers; no Merchant coordinate snapshot available""}"	"[""d15023 / Sumerian Spawn"", ""d15023 / Stone Griffin Spawn"", ""d15023 / Ferocious Flame Demon Spawn"", ""d15023 / Dungeon Goddess 1 Spawn"", ""d15023 / Dungeon Goddess 2 Spawn"", ""d15023 / Teleport Destination"", ""d15023 / Teleport Destination"", ""d15023 / Teleport Source"", ""d15023 / Teleport Source"", ""d15023 / Teleport Destination""]"	"{""status"": ""pending"", ""walkable_cells"": null, ""total_cells"": null, ""walkable_ratio"": null}"	"{""status"": ""pass"", ""walkable_cells"": 30843, ""total_cells"": 90000, ""walkable_ratio"": 0.3427}"	pending landmark mapping; no blind coordinate reuse	blocked	low	"{""relation"": ""hero-kill or Zircon map file missing"", ""hero_kill_sha256"": null, ""zircon_sha256"": ""1cc218b9f99c3e5aa9d37eaaca69ec08457fccdfe44544f52fa92898a5bd8988""}"
d15033				"{""index"": 1100, ""file"": ""d15033"", ""description"": ""真天宫2层""}"	/home/tetsuya/development/zircon/Debug/ServerCore/Map/d15033.map	pending	"{""hero_kill"": {""width"": null, ""height"": null}, ""zircon"": {""width"": 300, ""height"": 300}}"	"{""region_count"": 11, ""region_landmark_samples"": [""d15033 / Sumerian Spawn"", ""d15033 / Stone Griffin Spawn"", ""d15033 / Ferocious Flame Demon Spawn"", ""d15033 / Force God General 1 Spawn"", ""d15033 / Teleport Destination"", ""d15033 / Teleport Source"", ""d15033 / Teleport Destination"", ""d15033 / Teleport Destination"", ""d15033 / Teleport Source"", ""d15033 / Teleport Source"", ""d15033 / Teleport Destination""], ""guard_count"": 0, ""guard_samples"": [], ""connected_maps"": [""d15023"", ""d15054"", ""d1513""], ""coordinate_evidence"": ""MapRegion PointRegion centers; no Merchant coordinate snapshot available""}"	"[""d15033 / Sumerian Spawn"", ""d15033 / Stone Griffin Spawn"", ""d15033 / Ferocious Flame Demon Spawn"", ""d15033 / Force God General 1 Spawn"", ""d15033 / Teleport Destination"", ""d15033 / Teleport Source"", ""d15033 / Teleport Destination"", ""d15033 / Teleport Destination"", ""d15033 / Teleport Source"", ""d15033 / Teleport Source"", ""d15033 / Teleport Destination""]"	"{""status"": ""pending"", ""walkable_cells"": null, ""total_cells"": null, ""walkable_ratio"": null}"	"{""status"": ""pass"", ""walkable_cells"": 29935, ""total_cells"": 90000, ""walkable_ratio"": 0.332611}"	pending landmark mapping; no blind coordinate reuse	blocked	low	"{""relation"": ""hero-kill or Zircon map file missing"", ""hero_kill_sha256"": null, ""zircon_sha256"": ""2aece4aae55fe1bf74558ea263a2eb51ebd321b0cb53d4565fe232c2d4bbdaf4""}"
d15054				"{""index"": 1101, ""file"": ""d15054"", ""description"": ""真天宫3层""}"	/home/tetsuya/development/zircon/Debug/ServerCore/Map/d15054.map	pending	"{""hero_kill"": {""width"": null, ""height"": null}, ""zircon"": {""width"": 400, ""height"": 400}}"	"{""region_count"": 9, ""region_landmark_samples"": [""d15054 / Sumerian Spawn"", ""d15054 / Stone Griffin Spawn"", ""d15054 / Force God General 1 Spawn"", ""d15054 / Ferocious Flame Demon Spawn"", ""d15054 / Dungeon Goddess 1 Spawn"", ""d15054 / Dungeon Goddess 2 Spawn"", ""d15054 / Teleport Destination"", ""d15054 / Teleport Source"", ""d15054 / Teleport Source""], ""guard_count"": 0, ""guard_samples"": [], ""connected_maps"": [""d15033"", ""d1506""], ""coordinate_evidence"": ""MapRegion PointRegion centers; no Merchant coordinate snapshot available""}"	"[""d15054 / Sumerian Spawn"", ""d15054 / Stone Griffin Spawn"", ""d15054 / Force God General 1 Spawn"", ""d15054 / Ferocious Flame Demon Spawn"", ""d15054 / Dungeon Goddess 1 Spawn"", ""d15054 / Dungeon Goddess 2 Spawn"", ""d15054 / Teleport Destination"", ""d15054 / Teleport Source"", ""d15054 / Teleport Source""]"	"{""status"": ""pending"", ""walkable_cells"": null, ""total_cells"": null, ""walkable_ratio"": null}"	"{""status"": ""pass"", ""walkable_cells"": 43713, ""total_cells"": 160000, ""walkable_ratio"": 0.273206}"	pending landmark mapping; no blind coordinate reuse	blocked	low	"{""relation"": ""hero-kill or Zircon map file missing"", ""hero_kill_sha256"": null, ""zircon_sha256"": ""8912b540431533f79ac01ce70608ee75f1faa1d13aeef1cd70d7e14cb503637a""}"
d1506				"{""index"": 1102, ""file"": ""d1506"", ""description"": ""真天宫""}"	/home/tetsuya/development/zircon/Debug/ServerCore/Map/d1506.map	pending	"{""hero_kill"": {""width"": null, ""height"": null}, ""zircon"": {""width"": 100, ""height"": 100}}"	"{""region_count"": 4, ""region_landmark_samples"": [""d1506 / Stone Griffin Spawn"", ""d1506 / Ferocious Flame Demon Spawn"", ""d1506 / Light Armed Soldier Spawn"", ""d1506 / Teleport Destination""], ""guard_count"": 0, ""guard_samples"": [], ""connected_maps"": [""d15054""], ""coordinate_evidence"": ""MapRegion PointRegion centers; no Merchant coordinate snapshot available""}"	"[""d1506 / Stone Griffin Spawn"", ""d1506 / Ferocious Flame Demon Spawn"", ""d1506 / Light Armed Soldier Spawn"", ""d1506 / Teleport Destination""]"	"{""status"": ""pending"", ""walkable_cells"": null, ""total_cells"": null, ""walkable_ratio"": null}"	"{""status"": ""pass"", ""walkable_cells"": 1097, ""total_cells"": 10000, ""walkable_ratio"": 0.1097}"	pending landmark mapping; no blind coordinate reuse	blocked	low	"{""relation"": ""hero-kill or Zircon map file missing"", ""hero_kill_sha256"": null, ""zircon_sha256"": ""e85749bf2f1abed581b3d6f178cf95c9f6a743f2052ef5d6d328d10c6e5eca17""}"
d1510				"{""index"": 1103, ""file"": ""d1510"", ""description"": ""黑度宫1层""}"	/home/tetsuya/development/zircon/Debug/ServerCore/Map/d1510.map	pending	"{""hero_kill"": {""width"": null, ""height"": null}, ""zircon"": {""width"": 200, ""height"": 200}}"	"{""region_count"": 12, ""region_landmark_samples"": [""d1510 / Sumerian Spawn"", ""d1510 / Flame Lion Spawn"", ""d1510 / Dungeon Goddess 1 Spawn"", ""d1510 / Teleport Destination"", ""d1510 / Teleport Destination"", ""d1510 / Teleport Source"", ""d1510 / Teleport Source"", ""d1510 / Teleport Source"", ""d1510 / Teleport Source"", ""d1510 / Teleport Destination"", ""d1510 / Teleport Source"", ""d1510 / Teleport Destination""], ""guard_count"": 0, ""guard_samples"": [], ""connected_maps"": [""5"", ""d15111"", ""d1512""], ""coordinate_evidence"": ""MapRegion PointRegion centers; no Merchant coordinate snapshot available""}"	"[""d1510 / Sumerian Spawn"", ""d1510 / Flame Lion Spawn"", ""d1510 / Dungeon Goddess 1 Spawn"", ""d1510 / Teleport Destination"", ""d1510 / Teleport Destination"", ""d1510 / Teleport Source"", ""d1510 / Teleport Source"", ""d1510 / Teleport Source"", ""d1510 / Teleport Source"", ""d1510 / Teleport Destination"", ""d1510 / Teleport Source"", ""d1510 / Teleport Destination""]"	"{""status"": ""pending"", ""walkable_cells"": null, ""total_cells"": null, ""walkable_ratio"": null}"	"{""status"": ""pass"", ""walkable_cells"": 11634, ""total_cells"": 40000, ""walkable_ratio"": 0.29085}"	pending landmark mapping; no blind coordinate reuse	blocked	low	"{""relation"": ""hero-kill or Zircon map file missing"", ""hero_kill_sha256"": null, ""zircon_sha256"": ""04a3f79cfc8dec255d98ea2ca773d65bd5446f4e739991d966a5f0256ad49816""}"
d15111				"{""index"": 1104, ""file"": ""d15111"", ""description"": ""黑度宫2层""}"	/home/tetsuya/development/zircon/Debug/ServerCore/Map/d15111.map	pending	"{""hero_kill"": {""width"": null, ""height"": null}, ""zircon"": {""width"": 200, ""height"": 200}}"	"{""region_count"": 7, ""region_landmark_samples"": [""d15111 / Sumerian Spawn"", ""d15111 / Flame Lion Spawn"", ""d15111 / Dungeon Goddess 1 Spawn"", ""d15111 / Teleport Destination"", ""d15111 / Teleport Source"", ""d15111 / Teleport Source"", ""d15111 / Teleport Destination""], ""guard_count"": 0, ""guard_samples"": [], ""connected_maps"": [""d1510"", ""d1512""], ""coordinate_evidence"": ""MapRegion PointRegion centers; no Merchant coordinate snapshot available""}"	"[""d15111 / Sumerian Spawn"", ""d15111 / Flame Lion Spawn"", ""d15111 / Dungeon Goddess 1 Spawn"", ""d15111 / Teleport Destination"", ""d15111 / Teleport Source"", ""d15111 / Teleport Source"", ""d15111 / Teleport Destination""]"	"{""status"": ""pending"", ""walkable_cells"": null, ""total_cells"": null, ""walkable_ratio"": null}"	"{""status"": ""pass"", ""walkable_cells"": 11742, ""total_cells"": 40000, ""walkable_ratio"": 0.29355}"	pending landmark mapping; no blind coordinate reuse	blocked	low	"{""relation"": ""hero-kill or Zircon map file missing"", ""hero_kill_sha256"": null, ""zircon_sha256"": ""841c9ac0045f1d4d680f92d070fafe1fe9749c46dc36bd4e38d6d06bb3694c01""}"
d1512				"{""index"": 1105, ""file"": ""d1512"", ""description"": ""黑度宫3层""}"	/home/tetsuya/development/zircon/Debug/ServerCore/Map/d1512.map	pending	"{""hero_kill"": {""width"": null, ""height"": null}, ""zircon"": {""width"": 200, ""height"": 200}}"	"{""region_count"": 10, ""region_landmark_samples"": [""d1512 / Sumerian Spawn"", ""d1512 / Flame Lion Spawn"", ""d1512 / Dungeon Goddess 1 Spawn"", ""d1512 / Dungeon Goddess 2 Spawn"", ""d1512 / Teleport Destination"", ""d1512 / Teleport Source"", ""d1512 / Teleport Destination"", ""d1512 / Teleport Source"", ""d1512 / Teleport Source"", ""d1512 / Teleport Destination""], ""guard_count"": 0, ""guard_samples"": [], ""connected_maps"": [""d1510"", ""d15111"", ""d1513""], ""coordinate_evidence"": ""MapRegion PointRegion centers; no Merchant coordinate snapshot available""}"	"[""d1512 / Sumerian Spawn"", ""d1512 / Flame Lion Spawn"", ""d1512 / Dungeon Goddess 1 Spawn"", ""d1512 / Dungeon Goddess 2 Spawn"", ""d1512 / Teleport Destination"", ""d1512 / Teleport Source"", ""d1512 / Teleport Destination"", ""d1512 / Teleport Source"", ""d1512 / Teleport Source"", ""d1512 / Teleport Destination""]"	"{""status"": ""pending"", ""walkable_cells"": null, ""total_cells"": null, ""walkable_ratio"": null}"	"{""status"": ""pass"", ""walkable_cells"": 12100, ""total_cells"": 40000, ""walkable_ratio"": 0.3025}"	pending landmark mapping; no blind coordinate reuse	blocked	low	"{""relation"": ""hero-kill or Zircon map file missing"", ""hero_kill_sha256"": null, ""zircon_sha256"": ""cd55aca449890397d680e3a973231aa9eb2efd2353f56707f6d7dbeaa167b262""}"
d1513				"{""index"": 1106, ""file"": ""d1513"", ""description"": ""黑度宫4层""}"	/home/tetsuya/development/zircon/Debug/ServerCore/Map/d1513.map	pending	"{""hero_kill"": {""width"": null, ""height"": null}, ""zircon"": {""width"": 200, ""height"": 200}}"	"{""region_count"": 10, ""region_landmark_samples"": [""d1513 / Sumerian Spawn"", ""d1513 / Stone Lion Spawn"", ""d1513 / Dungeon Goddess 2 Spawn"", ""d1513 / Flame Lion Spawn"", ""d1513 / Force God General 1 Spawn"", ""d1513 / Teleport Source"", ""d1513 / Teleport Source"", ""d1513 / Teleport Destination"", ""d1513 / Teleport Destination"", ""d1513 / Teleport Source""], ""guard_count"": 0, ""guard_samples"": [], ""connected_maps"": [""d15033"", ""d1512""], ""coordinate_evidence"": ""MapRegion PointRegion centers; no Merchant coordinate snapshot available""}"	"[""d1513 / Sumerian Spawn"", ""d1513 / Stone Lion Spawn"", ""d1513 / Dungeon Goddess 2 Spawn"", ""d1513 / Flame Lion Spawn"", ""d1513 / Force God General 1 Spawn"", ""d1513 / Teleport Source"", ""d1513 / Teleport Source"", ""d1513 / Teleport Destination"", ""d1513 / Teleport Destination"", ""d1513 / Teleport Source""]"	"{""status"": ""pending"", ""walkable_cells"": null, ""total_cells"": null, ""walkable_ratio"": null}"	"{""status"": ""pass"", ""walkable_cells"": 11922, ""total_cells"": 40000, ""walkable_ratio"": 0.29805}"	pending landmark mapping; no blind coordinate reuse	blocked	low	"{""relation"": ""hero-kill or Zircon map file missing"", ""hero_kill_sha256"": null, ""zircon_sha256"": ""f9bc9f7c831003956f9d9000edc49a3c2baa54603d91dbb7482640829dad2574""}"
d903				"{""index"": 1107, ""file"": ""d903"", ""description"": ""神舰地下1层""}"	/home/tetsuya/development/zircon/Debug/ServerCore/Map/d903.map	pending	"{""hero_kill"": {""width"": null, ""height"": null}, ""zircon"": {""width"": 200, ""height"": 200}}"	"{""region_count"": 10, ""region_landmark_samples"": [""d903 / Sabuk Flag Spawn"", ""d903 / Tainted Terror Spawn"", ""d903 / Venom Spitter Spawn"", ""d903 / Life Stone Spawn"", ""d903 / Ember Mage Spawn"", ""d903 / Infernal Soldier Spawn"", ""d903 / Netherworld Gate Spawn"", ""d903 / Teleport Destination"", ""d903 / Teleport Source""], ""guard_count"": 0, ""guard_samples"": [], ""connected_maps"": [""d904""], ""coordinate_evidence"": ""MapRegion PointRegion centers; no Merchant coordinate snapshot available""}"	"[""d903 / Sabuk Flag Spawn"", ""d903 / Tainted Terror Spawn"", ""d903 / Venom Spitter Spawn"", ""d903 / Life Stone Spawn"", ""d903 / Ember Mage Spawn"", ""d903 / Infernal Soldier Spawn"", ""d903 / Netherworld Gate Spawn"", ""d903 / Teleport Destination"", ""d903 / Teleport Source""]"	"{""status"": ""pending"", ""walkable_cells"": null, ""total_cells"": null, ""walkable_ratio"": null}"	"{""status"": ""pass"", ""walkable_cells"": 8409, ""total_cells"": 40000, ""walkable_ratio"": 0.210225}"	pending landmark mapping; no blind coordinate reuse	blocked	low	"{""relation"": ""hero-kill or Zircon map file missing"", ""hero_kill_sha256"": null, ""zircon_sha256"": ""9f50a2af3a103cfa8a24d62bb0cc38f88140c75a6041b8e4ee40bb2e14c90463""}"
d904				"{""index"": 1108, ""file"": ""d904"", ""description"": ""调控室""}"	/home/tetsuya/development/zircon/Debug/ServerCore/Map/d904.map	pending	"{""hero_kill"": {""width"": null, ""height"": null}, ""zircon"": {""width"": 100, ""height"": 100}}"	"{""region_count"": 8, ""region_landmark_samples"": [""d904 / Netherworld Gate Spawn"", ""d904 / Ember Mage Spawn"", ""d904 / Tainted Terror Spawn"", ""d904 / Infernal Soldier Spawn"", ""d904 / Venom Spitter Spawn"", ""d904 / Venom Spitter Spawn"", ""d904 / Infernal Soldier Spawn"", ""d904 / Teleport Source""], ""guard_count"": 0, ""guard_samples"": [], ""connected_maps"": [""d903""], ""coordinate_evidence"": ""MapRegion PointRegion centers; no Merchant coordinate snapshot available""}"	"[""d904 / Netherworld Gate Spawn"", ""d904 / Ember Mage Spawn"", ""d904 / Tainted Terror Spawn"", ""d904 / Infernal Soldier Spawn"", ""d904 / Venom Spitter Spawn"", ""d904 / Venom Spitter Spawn"", ""d904 / Infernal Soldier Spawn"", ""d904 / Teleport Source""]"	"{""status"": ""pending"", ""walkable_cells"": null, ""total_cells"": null, ""walkable_ratio"": null}"	"{""status"": ""pass"", ""walkable_cells"": 1440, ""total_cells"": 10000, ""walkable_ratio"": 0.144}"	pending landmark mapping; no blind coordinate reuse	blocked	low	"{""relation"": ""hero-kill or Zircon map file missing"", ""hero_kill_sha256"": null, ""zircon_sha256"": ""a73238fff248a59f98e302dc90216a4dbd101ead581f5ff4488e26c812da8113""}"
d1602				"{""index"": 1109, ""file"": ""d1602"", ""description"": ""诺玛遗址""}"	/home/tetsuya/development/zircon/Debug/ServerCore/Map/D1602.map	pending	"{""hero_kill"": {""width"": null, ""height"": null}, ""zircon"": {""width"": 300, ""height"": 300}}"	"{""region_count"": 16, ""region_landmark_samples"": [""d1602 / Numa Assault Captain Spawn"", ""d1602 / Numa Armored Soldier Spawn"", ""d1602 / Numa Assault Captain Spawn"", ""d1602 / Numa Stone Thrower Spawn"", ""d1602 / Numa Armored Soldier Spawn"", ""d1602 / Numa Armored Soldier Spawn"", ""d1602 / Numa Assault Captain Spawn"", ""d1602 / Numa Stone Thrower Spawn"", ""d1602 / Numa Armored Soldier Spawn"", ""d1602 / Teleport Destination"", ""d1602 / Teleport Destination"", ""d1602 / Teleport Source""], ""guard_count"": 0, ""guard_samples"": [], ""connected_maps"": [""5""], ""coordinate_evidence"": ""MapRegion PointRegion centers; no Merchant coordinate snapshot available""}"	"[""d1602 / Numa Assault Captain Spawn"", ""d1602 / Numa Armored Soldier Spawn"", ""d1602 / Numa Assault Captain Spawn"", ""d1602 / Numa Stone Thrower Spawn"", ""d1602 / Numa Armored Soldier Spawn"", ""d1602 / Numa Armored Soldier Spawn"", ""d1602 / Numa Assault Captain Spawn"", ""d1602 / Numa Stone Thrower Spawn"", ""d1602 / Numa Armored Soldier Spawn"", ""d1602 / Teleport Destination"", ""d1602 / Teleport Destination"", ""d1602 / Teleport Source""]"	"{""status"": ""pending"", ""walkable_cells"": null, ""total_cells"": null, ""walkable_ratio"": null}"	"{""status"": ""pass"", ""walkable_cells"": 36939, ""total_cells"": 90000, ""walkable_ratio"": 0.410433}"	pending landmark mapping; no blind coordinate reuse	blocked	low	"{""relation"": ""hero-kill or Zircon map file missing"", ""hero_kill_sha256"": null, ""zircon_sha256"": ""73ef156e1fc5fe376c54734854e4c4e08c4f0b90e71d6a3cc1e369b38caaaa89""}"
d1606				"{""index"": 1110, ""file"": ""d1606"", ""description"": ""诺玛墓穴""}"	/home/tetsuya/development/zircon/Debug/ServerCore/Map/d1606.map	pending	"{""hero_kill"": {""width"": null, ""height"": null}, ""zircon"": {""width"": 60, ""height"": 80}}"	"{""region_count"": 4, ""region_landmark_samples"": [""d1606 / Numa Armored Soldier Spawn"", ""d1606 / Numa Assault Captain Spawn"", ""d1606 / Numa Stone Thrower Spawn"", ""d1606 / Numa Armored Soldier Spawn""], ""guard_count"": 0, ""guard_samples"": [], ""connected_maps"": [], ""coordinate_evidence"": ""MapRegion PointRegion centers; no Merchant coordinate snapshot available""}"	"[""d1606 / Numa Armored Soldier Spawn"", ""d1606 / Numa Assault Captain Spawn"", ""d1606 / Numa Stone Thrower Spawn"", ""d1606 / Numa Armored Soldier Spawn""]"	"{""status"": ""pending"", ""walkable_cells"": null, ""total_cells"": null, ""walkable_ratio"": null}"	"{""status"": ""pass"", ""walkable_cells"": 356, ""total_cells"": 4800, ""walkable_ratio"": 0.074167}"	pending landmark mapping; no blind coordinate reuse	blocked	low	"{""relation"": ""hero-kill or Zircon map file missing"", ""hero_kill_sha256"": null, ""zircon_sha256"": ""c17d22e672cbac7c3d64cdeeab5bf37f1ecb6e823c694e50be3d2001cb856b5f""}"
d2001				"{""index"": 1111, ""file"": ""d2001"", ""description"": ""西沙漠1层""}"	/home/tetsuya/development/zircon/Debug/ServerCore/Map/D2001.map	pending	"{""hero_kill"": {""width"": null, ""height"": null}, ""zircon"": {""width"": 300, ""height"": 300}}"	"{""region_count"": 12, ""region_landmark_samples"": [""d2001 / Stone Golem Spawn"", ""d2001 / Mutant Lizard Spawn"", ""d2001 / Sonic Lizard Spawn"", ""d2001 / Saw Tooth Lizard Spawn"", ""d2001 / Raging Lizard Spawn"", ""d2001 / Stone Golem Spawn"", ""d2001 / Spined Dark Lizard Spawn"", ""d2001 / Teleport Destination"", ""d2001 / Teleport Destination"", ""d2001 / Teleport Source"", ""d2001 / Teleport Source"", ""d2001 / Teleport Destination""], ""guard_count"": 0, ""guard_samples"": [], ""connected_maps"": [""6"", ""d20023""], ""coordinate_evidence"": ""MapRegion PointRegion centers; no Merchant coordinate snapshot available""}"	"[""d2001 / Stone Golem Spawn"", ""d2001 / Mutant Lizard Spawn"", ""d2001 / Sonic Lizard Spawn"", ""d2001 / Saw Tooth Lizard Spawn"", ""d2001 / Raging Lizard Spawn"", ""d2001 / Stone Golem Spawn"", ""d2001 / Spined Dark Lizard Spawn"", ""d2001 / Teleport Destination"", ""d2001 / Teleport Destination"", ""d2001 / Teleport Source"", ""d2001 / Teleport Source"", ""d2001 / Teleport Destination""]"	"{""status"": ""pending"", ""walkable_cells"": null, ""total_cells"": null, ""walkable_ratio"": null}"	"{""status"": ""pass"", ""walkable_cells"": 26686, ""total_cells"": 90000, ""walkable_ratio"": 0.296511}"	pending landmark mapping; no blind coordinate reuse	blocked	low	"{""relation"": ""hero-kill or Zircon map file missing"", ""hero_kill_sha256"": null, ""zircon_sha256"": ""02272e8b1cd70ad77d8bbc16c42b82639b94377cb46ef66a57b7a9bd1633d8b1""}"
d20023				"{""index"": 1112, ""file"": ""d20023"", ""description"": ""西沙漠2层""}"	/home/tetsuya/development/zircon/Debug/ServerCore/Map/d20023.map	pending	"{""hero_kill"": {""width"": null, ""height"": null}, ""zircon"": {""width"": 400, ""height"": 400}}"	"{""region_count"": 10, ""region_landmark_samples"": [""d20023 / Stone Golem Spawn"", ""d20023 / Spined Dark Lizard Spawn"", ""d20023 / Mutant Lizard Spawn"", ""d20023 / Sonic Lizard Spawn"", ""d20023 / Saw Tooth Lizard Spawn"", ""d20023 / Raging Lizard Spawn"", ""d20023 / Stone Golem Spawn"", ""d20023 / Teleport Destination"", ""d20023 / Teleport Source"", ""d20023 / Teleport Source""], ""guard_count"": 0, ""guard_samples"": [], ""connected_maps"": [""d2001"", ""d2005""], ""coordinate_evidence"": ""MapRegion PointRegion centers; no Merchant coordinate snapshot available""}"	"[""d20023 / Stone Golem Spawn"", ""d20023 / Spined Dark Lizard Spawn"", ""d20023 / Mutant Lizard Spawn"", ""d20023 / Sonic Lizard Spawn"", ""d20023 / Saw Tooth Lizard Spawn"", ""d20023 / Raging Lizard Spawn"", ""d20023 / Stone Golem Spawn"", ""d20023 / Teleport Destination"", ""d20023 / Teleport Source"", ""d20023 / Teleport Source""]"	"{""status"": ""pending"", ""walkable_cells"": null, ""total_cells"": null, ""walkable_ratio"": null}"	"{""status"": ""pass"", ""walkable_cells"": 41946, ""total_cells"": 160000, ""walkable_ratio"": 0.262163}"	pending landmark mapping; no blind coordinate reuse	blocked	low	"{""relation"": ""hero-kill or Zircon map file missing"", ""hero_kill_sha256"": null, ""zircon_sha256"": ""c54cb66731785af67cf4acca4b4d688b9a035647980a3cb3afbd6e017ae83255""}"
d2005				"{""index"": 1113, ""file"": ""d2005"", ""description"": ""地下魔宫""}"	/home/tetsuya/development/zircon/Debug/ServerCore/Map/d2005.map	pending	"{""hero_kill"": {""width"": null, ""height"": null}, ""zircon"": {""width"": 80, ""height"": 80}}"	"{""region_count"": 9, ""region_landmark_samples"": [""d2005 / Stone Golem Spawn"", ""d2005 / Spined Dark Lizard Spawn"", ""d2005 / Mutant Lizard Spawn"", ""d2005 / Sonic Lizard Spawn"", ""d2005 / Saw Tooth Lizard Spawn"", ""d2005 / Raging Lizard Spawn"", ""d2005 / Stone Golem Spawn"", ""d2005 / Teleport Destination""], ""guard_count"": 0, ""guard_samples"": [], ""connected_maps"": [""d20023""], ""coordinate_evidence"": ""MapRegion PointRegion centers; no Merchant coordinate snapshot available""}"	"[""d2005 / Stone Golem Spawn"", ""d2005 / Spined Dark Lizard Spawn"", ""d2005 / Mutant Lizard Spawn"", ""d2005 / Sonic Lizard Spawn"", ""d2005 / Saw Tooth Lizard Spawn"", ""d2005 / Raging Lizard Spawn"", ""d2005 / Stone Golem Spawn"", ""d2005 / Teleport Destination""]"	"{""status"": ""pending"", ""walkable_cells"": null, ""total_cells"": null, ""walkable_ratio"": null}"	"{""status"": ""pass"", ""walkable_cells"": 1215, ""total_cells"": 6400, ""walkable_ratio"": 0.189844}"	pending landmark mapping; no blind coordinate reuse	blocked	low	"{""relation"": ""hero-kill or Zircon map file missing"", ""hero_kill_sha256"": null, ""zircon_sha256"": ""c32c32fd679802cd0962f6d8af5a95cd70513fd560f7c1cbed2ea7aa0cdd2dbb""}"
d2004				"{""index"": 1114, ""file"": ""d2004"", ""description"": ""地底宫殿""}"	/home/tetsuya/development/zircon/Debug/ServerCore/Map/d2004.map	pending	"{""hero_kill"": {""width"": null, ""height"": null}, ""zircon"": {""width"": 50, ""height"": 50}}"	"{""region_count"": 4, ""region_landmark_samples"": [""d2004 / Saw Tooth Lizard Spawn"", ""d2004 / Sonic Lizard Spawn"", ""d2004 / Stone Golem Spawn"", ""d2004 / Mutant Lizard Spawn""], ""guard_count"": 0, ""guard_samples"": [], ""connected_maps"": [], ""coordinate_evidence"": ""MapRegion PointRegion centers; no Merchant coordinate snapshot available""}"	"[""d2004 / Saw Tooth Lizard Spawn"", ""d2004 / Sonic Lizard Spawn"", ""d2004 / Stone Golem Spawn"", ""d2004 / Mutant Lizard Spawn""]"	"{""status"": ""pending"", ""walkable_cells"": null, ""total_cells"": null, ""walkable_ratio"": null}"	"{""status"": ""pass"", ""walkable_cells"": 523, ""total_cells"": 2500, ""walkable_ratio"": 0.2092}"	pending landmark mapping; no blind coordinate reuse	blocked	low	"{""relation"": ""hero-kill or Zircon map file missing"", ""hero_kill_sha256"": null, ""zircon_sha256"": ""e38c573b930503dcb9fefaf4ae007295ae7740ed7bf4d35d9e2bd708ed1367bb""}"
82				"{""index"": 1115, ""file"": ""82"", ""description"": ""冰原雪城""}"	/home/tetsuya/development/zircon/Debug/ServerCore/Map/82.map	pending	"{""hero_kill"": {""width"": null, ""height"": null}, ""zircon"": {""width"": 400, ""height"": 500}}"	"{""region_count"": 15, ""region_landmark_samples"": [""82 / Ice Plain Boar Spawn"", ""82 / Ice Plain Snow Wolf Spawn"", ""82 / Ice Plain Wolf King Spawn"", ""82 / Teleport Source"", ""82 / Teleport Source"", ""82 / Teleport Source"", ""82 / Teleport Destination"", ""82 / Teleport Destination"", ""82 / Teleport Source"", ""82 / Teleport Destination"", ""82 / Teleport Destination"", ""82 / Teleport Destination"", ""82 / Teleport Destination"", ""82 / Teleport Destination"", ""82 / Teleport Source""], ""guard_count"": 0, ""guard_samples"": [], ""connected_maps"": [""0"", ""8_002"", ""d2101""], ""coordinate_evidence"": ""MapRegion PointRegion centers; no Merchant coordinate snapshot available""}"	"[""82 / Ice Plain Boar Spawn"", ""82 / Ice Plain Snow Wolf Spawn"", ""82 / Ice Plain Wolf King Spawn"", ""82 / Teleport Source"", ""82 / Teleport Source"", ""82 / Teleport Source"", ""82 / Teleport Destination"", ""82 / Teleport Destination"", ""82 / Teleport Source"", ""82 / Teleport Destination"", ""82 / Teleport Destination"", ""82 / Teleport Destination"", ""82 / Teleport Destination"", ""82 / Teleport Destination"", ""82 / Teleport Source""]"	"{""status"": ""pending"", ""walkable_cells"": null, ""total_cells"": null, ""walkable_ratio"": null}"	"{""status"": ""pass"", ""walkable_cells"": 82239, ""total_cells"": 200000, ""walkable_ratio"": 0.411195}"	pending landmark mapping; no blind coordinate reuse	blocked	low	"{""relation"": ""hero-kill or Zircon map file missing"", ""hero_kill_sha256"": null, ""zircon_sha256"": ""8e8675ebbbd56e8ea44316cb2e9eb9695609519d0d257fa6076c2f725b5086f2""}"
d005				"{""index"": 1116, ""file"": ""d005"", ""description"": ""冰天雪地""}"	/home/tetsuya/development/zircon/Debug/ServerCore/Map/d005.map	pending	"{""hero_kill"": {""width"": null, ""height"": null}, ""zircon"": {""width"": 300, ""height"": 300}}"	"{""region_count"": 0, ""region_landmark_samples"": [], ""guard_count"": 0, ""guard_samples"": [], ""connected_maps"": [], ""coordinate_evidence"": ""MapRegion PointRegion centers; no Merchant coordinate snapshot available""}"	[]	"{""status"": ""pending"", ""walkable_cells"": null, ""total_cells"": null, ""walkable_ratio"": null}"	"{""status"": ""pass"", ""walkable_cells"": 31951, ""total_cells"": 90000, ""walkable_ratio"": 0.355011}"	pending landmark mapping; no blind coordinate reuse	blocked	low	"{""relation"": ""hero-kill or Zircon map file missing"", ""hero_kill_sha256"": null, ""zircon_sha256"": ""a3bad4456235de23f37461f87b909eee0383d02910acf4c4e82f47c5b5dd752c""}"
d2101				"{""index"": 1117, ""file"": ""d2101"", ""description"": ""冰原地下1层""}"	/home/tetsuya/development/zircon/Debug/ServerCore/Map/D2101.map	pending	"{""hero_kill"": {""width"": null, ""height"": null}, ""zircon"": {""width"": 300, ""height"": 300}}"	"{""region_count"": 12, ""region_landmark_samples"": [""d2101 / Frost Guardian God Spawn"", ""d2101 / Ice Palace Archer Spawn"", ""d2101 / Ice Palace Wizard Spawn"", ""d2101 / Ice Palace Knight Spawn"", ""d2101 / Ice Palace Mage Spawn"", ""d2101 / Ice Plain Warrior Spawn"", ""d2101 / Ice Plain Warrior Spawn"", ""d2101 / Ice Plain Soldier Spawn"", ""d2101 / Teleport Destination"", ""d2101 / Teleport Source"", ""d2101 / Teleport Source"", ""d2101 / Teleport Destination""], ""guard_count"": 0, ""guard_samples"": [], ""connected_maps"": [""82"", ""d2104""], ""coordinate_evidence"": ""MapRegion PointRegion centers; no Merchant coordinate snapshot available""}"	"[""d2101 / Frost Guardian God Spawn"", ""d2101 / Ice Palace Archer Spawn"", ""d2101 / Ice Palace Wizard Spawn"", ""d2101 / Ice Palace Knight Spawn"", ""d2101 / Ice Palace Mage Spawn"", ""d2101 / Ice Plain Warrior Spawn"", ""d2101 / Ice Plain Warrior Spawn"", ""d2101 / Ice Plain Soldier Spawn"", ""d2101 / Teleport Destination"", ""d2101 / Teleport Source"", ""d2101 / Teleport Source"", ""d2101 / Teleport Destination""]"	"{""status"": ""pending"", ""walkable_cells"": null, ""total_cells"": null, ""walkable_ratio"": null}"	"{""status"": ""pass"", ""walkable_cells"": 33225, ""total_cells"": 90000, ""walkable_ratio"": 0.369167}"	pending landmark mapping; no blind coordinate reuse	blocked	low	"{""relation"": ""hero-kill or Zircon map file missing"", ""hero_kill_sha256"": null, ""zircon_sha256"": ""8b0f5de9e070c5e7c83b58a80fe97dce84733ebb8876567e042a534887bd1492""}"
d2104				"{""index"": 1118, ""file"": ""d2104"", ""description"": ""冰原地下2层""}"	/home/tetsuya/development/zircon/Debug/ServerCore/Map/d2104.map	pending	"{""hero_kill"": {""width"": null, ""height"": null}, ""zircon"": {""width"": 300, ""height"": 300}}"	"{""region_count"": 14, ""region_landmark_samples"": [""d2104 / Frost Guardian God Spawn"", ""d2104 / Ice Palace Archer Spawn"", ""d2104 / Ice Palace Wizard Spawn"", ""d2104 / Ice Palace Knight Spawn"", ""d2104 / Ice Palace Mage Spawn"", ""d2104 / Ice Plain Warrior Spawn"", ""d2104 / Ice Plain Warrior Spawn"", ""d2104 / Ice Plain Soldier Spawn"", ""d2104 / Ice Plain Boar Spawn"", ""d2104 / Teleport Destination"", ""d2104 / Teleport Source"", ""d2104 / Teleport Source"", ""d2104 / Teleport Source"", ""d2104 / Teleport Destination""], ""guard_count"": 0, ""guard_samples"": [], ""connected_maps"": [""d2101"", ""d21051""], ""coordinate_evidence"": ""MapRegion PointRegion centers; no Merchant coordinate snapshot available""}"	"[""d2104 / Frost Guardian God Spawn"", ""d2104 / Ice Palace Archer Spawn"", ""d2104 / Ice Palace Wizard Spawn"", ""d2104 / Ice Palace Knight Spawn"", ""d2104 / Ice Palace Mage Spawn"", ""d2104 / Ice Plain Warrior Spawn"", ""d2104 / Ice Plain Warrior Spawn"", ""d2104 / Ice Plain Soldier Spawn"", ""d2104 / Ice Plain Boar Spawn"", ""d2104 / Teleport Destination"", ""d2104 / Teleport Source"", ""d2104 / Teleport Source"", ""d2104 / Teleport Source"", ""d2104 / Teleport Destination""]"	"{""status"": ""pending"", ""walkable_cells"": null, ""total_cells"": null, ""walkable_ratio"": null}"	"{""status"": ""pass"", ""walkable_cells"": 26895, ""total_cells"": 90000, ""walkable_ratio"": 0.298833}"	pending landmark mapping; no blind coordinate reuse	blocked	low	"{""relation"": ""hero-kill or Zircon map file missing"", ""hero_kill_sha256"": null, ""zircon_sha256"": ""9df0c6f3cebeb486442bbc1e38166f23b0dacfa05e52151c825df49614a0c2e4""}"
d21051				"{""index"": 1119, ""file"": ""d21051"", ""description"": ""冰原通道""}"	/home/tetsuya/development/zircon/Debug/ServerCore/Map/d21051.map	pending	"{""hero_kill"": {""width"": null, ""height"": null}, ""zircon"": {""width"": 100, ""height"": 100}}"	"{""region_count"": 12, ""region_landmark_samples"": [""d21051 / Ice Palace Archer Spawn"", ""d21051 / Ice Palace Wizard Spawn"", ""d21051 / Ice Palace Knight Spawn"", ""d21051 / Ice Palace Mage Spawn"", ""d21051 / Ice Plain Warrior Spawn"", ""d21051 / Ice Plain Warrior Spawn"", ""d21051 / Ice Plain Soldier Spawn"", ""d21051 / Ice Plain Boar Spawn"", ""d21051 / Teleport Destination"", ""d21051 / Teleport Destination"", ""d21051 / Teleport Source"", ""d21051 / Teleport Source""], ""guard_count"": 0, ""guard_samples"": [], ""connected_maps"": [""d2104"", ""d2106""], ""coordinate_evidence"": ""MapRegion PointRegion centers; no Merchant coordinate snapshot available""}"	"[""d21051 / Ice Palace Archer Spawn"", ""d21051 / Ice Palace Wizard Spawn"", ""d21051 / Ice Palace Knight Spawn"", ""d21051 / Ice Palace Mage Spawn"", ""d21051 / Ice Plain Warrior Spawn"", ""d21051 / Ice Plain Warrior Spawn"", ""d21051 / Ice Plain Soldier Spawn"", ""d21051 / Ice Plain Boar Spawn"", ""d21051 / Teleport Destination"", ""d21051 / Teleport Destination"", ""d21051 / Teleport Source"", ""d21051 / Teleport Source""]"	"{""status"": ""pending"", ""walkable_cells"": null, ""total_cells"": null, ""walkable_ratio"": null}"	"{""status"": ""pass"", ""walkable_cells"": 2234, ""total_cells"": 10000, ""walkable_ratio"": 0.2234}"	pending landmark mapping; no blind coordinate reuse	blocked	low	"{""relation"": ""hero-kill or Zircon map file missing"", ""hero_kill_sha256"": null, ""zircon_sha256"": ""7b1f6ae534d94dce510be8c8ade8f24e5aab13a5939991f82fcbdc361f57fdb6""}"
d2106				"{""index"": 1120, ""file"": ""d2106"", ""description"": ""冰宫之颠""}"	/home/tetsuya/development/zircon/Debug/ServerCore/Map/d2106.map	pending	"{""hero_kill"": {""width"": null, ""height"": null}, ""zircon"": {""width"": 60, ""height"": 60}}"	"{""region_count"": 9, ""region_landmark_samples"": [""d2106 / 冰城接待"", ""d2106 / Ice Palace Archer Spawn"", ""d2106 / Ice Palace Wizard Spawn"", ""d2106 / Ice Palace Knight Spawn"", ""d2106 / Ice Palace Mage Spawn"", ""d2106 / Ice Plain Warrior Spawn"", ""d2106 / Ice Plain Warrior Spawn"", ""d2106 / Ice Plain Soldier Spawn"", ""d2106 / Teleport Destination""], ""guard_count"": 0, ""guard_samples"": [], ""connected_maps"": [""d21051""], ""coordinate_evidence"": ""MapRegion PointRegion centers; no Merchant coordinate snapshot available""}"	"[""d2106 / 冰城接待"", ""d2106 / Ice Palace Archer Spawn"", ""d2106 / Ice Palace Wizard Spawn"", ""d2106 / Ice Palace Knight Spawn"", ""d2106 / Ice Palace Mage Spawn"", ""d2106 / Ice Plain Warrior Spawn"", ""d2106 / Ice Plain Warrior Spawn"", ""d2106 / Ice Plain Soldier Spawn"", ""d2106 / Teleport Destination""]"	"{""status"": ""pending"", ""walkable_cells"": null, ""total_cells"": null, ""walkable_ratio"": null}"	"{""status"": ""pass"", ""walkable_cells"": 451, ""total_cells"": 3600, ""walkable_ratio"": 0.125278}"	pending landmark mapping; no blind coordinate reuse	blocked	low	"{""relation"": ""hero-kill or Zircon map file missing"", ""hero_kill_sha256"": null, ""zircon_sha256"": ""7b892d9f1ec640c0623bc655543af7ecb1a8d8cffaf9b777dbe8cd23b2e624ea""}"
d2107				"{""index"": 1121, ""file"": ""d2107"", ""description"": ""天空之城""}"	/home/tetsuya/development/zircon/Debug/ServerCore/Map/D2107.map	pending	"{""hero_kill"": {""width"": null, ""height"": null}, ""zircon"": {""width"": 60, ""height"": 60}}"	"{""region_count"": 5, ""region_landmark_samples"": [""d2107 / Ice Plain Soldier Spawn"", ""d2107 / Ice Palace Knight Spawn"", ""d2107 / Ice Palace Wizard Spawn"", ""d2107 / Ice Palace Guard Spawn"", ""d2107 / Ice Palace Mage Spawn""], ""guard_count"": 0, ""guard_samples"": [], ""connected_maps"": [], ""coordinate_evidence"": ""MapRegion PointRegion centers; no Merchant coordinate snapshot available""}"	"[""d2107 / Ice Plain Soldier Spawn"", ""d2107 / Ice Palace Knight Spawn"", ""d2107 / Ice Palace Wizard Spawn"", ""d2107 / Ice Palace Guard Spawn"", ""d2107 / Ice Palace Mage Spawn""]"	"{""status"": ""pending"", ""walkable_cells"": null, ""total_cells"": null, ""walkable_ratio"": null}"	"{""status"": ""pass"", ""walkable_cells"": 703, ""total_cells"": 3600, ""walkable_ratio"": 0.195278}"	pending landmark mapping; no blind coordinate reuse	blocked	low	"{""relation"": ""hero-kill or Zircon map file missing"", ""hero_kill_sha256"": null, ""zircon_sha256"": ""930a15c2146ad175ff2a87d08256131f472dbc5b9610ca53126d6943e9e9c28e""}"
8_002				"{""index"": 1122, ""file"": ""8_002"", ""description"": ""绝情塔口""}"	/home/tetsuya/development/zircon/Debug/ServerCore/Map/8_002.map	pending	"{""hero_kill"": {""width"": null, ""height"": null}, ""zircon"": {""width"": 200, ""height"": 200}}"	"{""region_count"": 7, ""region_landmark_samples"": [""8_002 / Teleport Source"", ""8_002 / Teleport Source"", ""8_002 / Teleport Source"", ""8_002 / Teleport Source"", ""8_002 / Teleport Destination"", ""8_002 / Teleport Destination""], ""guard_count"": 0, ""guard_samples"": [], ""connected_maps"": [""82"", ""D2201""], ""coordinate_evidence"": ""MapRegion PointRegion centers; no Merchant coordinate snapshot available""}"	"[""8_002 / Teleport Source"", ""8_002 / Teleport Source"", ""8_002 / Teleport Source"", ""8_002 / Teleport Source"", ""8_002 / Teleport Destination"", ""8_002 / Teleport Destination""]"	"{""status"": ""pending"", ""walkable_cells"": null, ""total_cells"": null, ""walkable_ratio"": null}"	"{""status"": ""pass"", ""walkable_cells"": 4745, ""total_cells"": 40000, ""walkable_ratio"": 0.118625}"	pending landmark mapping; no blind coordinate reuse	blocked	low	"{""relation"": ""hero-kill or Zircon map file missing"", ""hero_kill_sha256"": null, ""zircon_sha256"": ""ca2ea9edc027b51d3db9f401b0a736e731886030e3354e75790688dd79a33f5a""}"
D2201				"{""index"": 1123, ""file"": ""D2201"", ""description"": ""绝情塔1层""}"	/home/tetsuya/development/zircon/Debug/ServerCore/Map/D2201.map	pending	"{""hero_kill"": {""width"": null, ""height"": null}, ""zircon"": {""width"": 400, ""height"": 400}}"	"{""region_count"": 10, ""region_landmark_samples"": [""D2201 / Heartless Red Lady Spawn"", ""D2201 / Heartless Green Lady Spawn"", ""D2201 / Heartless Guard Spawn"", ""D2201 / Teleport Source"", ""D2201 / Teleport Source"", ""D2201 / Teleport Source"", ""D2201 / Teleport Source"", ""D2201 / Teleport Source"", ""D2201 / Teleport Source"", ""D2201 / Teleport Source""], ""guard_count"": 0, ""guard_samples"": [], ""connected_maps"": [""8_002"", ""D2204""], ""coordinate_evidence"": ""MapRegion PointRegion centers; no Merchant coordinate snapshot available""}"	"[""D2201 / Heartless Red Lady Spawn"", ""D2201 / Heartless Green Lady Spawn"", ""D2201 / Heartless Guard Spawn"", ""D2201 / Teleport Source"", ""D2201 / Teleport Source"", ""D2201 / Teleport Source"", ""D2201 / Teleport Source"", ""D2201 / Teleport Source"", ""D2201 / Teleport Source"", ""D2201 / Teleport Source""]"	"{""status"": ""pending"", ""walkable_cells"": null, ""total_cells"": null, ""walkable_ratio"": null}"	"{""status"": ""pass"", ""walkable_cells"": 44363, ""total_cells"": 160000, ""walkable_ratio"": 0.277269}"	pending landmark mapping; no blind coordinate reuse	blocked	low	"{""relation"": ""hero-kill or Zircon map file missing"", ""hero_kill_sha256"": null, ""zircon_sha256"": ""0b35a09ca5a3f7861dd3d31768486ac69499dcc91fef3f130be1b5a5d446f790""}"
D2204				"{""index"": 1124, ""file"": ""D2204"", ""description"": ""绝情塔2层""}"	/home/tetsuya/development/zircon/Debug/ServerCore/Map/D2204.map	pending	"{""hero_kill"": {""width"": null, ""height"": null}, ""zircon"": {""width"": 400, ""height"": 400}}"	"{""region_count"": 10, ""region_landmark_samples"": [""D2204 / Heartless Red Lady Spawn"", ""D2204 / Heartless Green Lady Spawn"", ""D2204 / Heartless Guard Spawn"", ""D2204 / Teleport Destination"", ""D2204 / Teleport Destination"", ""D2204 / Teleport Destination"", ""D2204 / Teleport Destination"", ""D2204 / Teleport Destination"", ""D2204 / Teleport Destination""], ""guard_count"": 0, ""guard_samples"": [], ""connected_maps"": [""D2201""], ""coordinate_evidence"": ""MapRegion PointRegion centers; no Merchant coordinate snapshot available""}"	"[""D2204 / Heartless Red Lady Spawn"", ""D2204 / Heartless Green Lady Spawn"", ""D2204 / Heartless Guard Spawn"", ""D2204 / Teleport Destination"", ""D2204 / Teleport Destination"", ""D2204 / Teleport Destination"", ""D2204 / Teleport Destination"", ""D2204 / Teleport Destination"", ""D2204 / Teleport Destination""]"	"{""status"": ""pending"", ""walkable_cells"": null, ""total_cells"": null, ""walkable_ratio"": null}"	"{""status"": ""pass"", ""walkable_cells"": 57764, ""total_cells"": 160000, ""walkable_ratio"": 0.361025}"	pending landmark mapping; no blind coordinate reuse	blocked	low	"{""relation"": ""hero-kill or Zircon map file missing"", ""hero_kill_sha256"": null, ""zircon_sha256"": ""738b92d174ce8d7b763b6536ddcd8104d4dc8bcfedc93ee5ffd091afdef6b3f8""}"
D2205				"{""index"": 1125, ""file"": ""D2205"", ""description"": ""绝情宫殿""}"	/home/tetsuya/development/zircon/Debug/ServerCore/Map/D2205.map	pending	"{""hero_kill"": {""width"": null, ""height"": null}, ""zircon"": {""width"": 70, ""height"": 70}}"	"{""region_count"": 3, ""region_landmark_samples"": [""D2205 / Heartless Red Lady Spawn"", ""D2205 / Heartless Green Lady Spawn"", ""D2205 / Heartless Guard Spawn""], ""guard_count"": 0, ""guard_samples"": [], ""connected_maps"": [], ""coordinate_evidence"": ""MapRegion PointRegion centers; no Merchant coordinate snapshot available""}"	"[""D2205 / Heartless Red Lady Spawn"", ""D2205 / Heartless Green Lady Spawn"", ""D2205 / Heartless Guard Spawn""]"	"{""status"": ""pending"", ""walkable_cells"": null, ""total_cells"": null, ""walkable_ratio"": null}"	"{""status"": ""pass"", ""walkable_cells"": 1093, ""total_cells"": 4900, ""walkable_ratio"": 0.223061}"	pending landmark mapping; no blind coordinate reuse	blocked	low	"{""relation"": ""hero-kill or Zircon map file missing"", ""hero_kill_sha256"": null, ""zircon_sha256"": ""5b4b552b9bda2a55afae5a2a1f84cf09faca6db6dd52e509a24521c9ec434464""}"
D0002_001				"{""index"": 1126, ""file"": ""D0002_001"", ""description"": ""飞天武术馆""}"	/home/tetsuya/development/zircon/Debug/ServerCore/Map/D0002_001.map	renamed	"{""hero_kill"": {""width"": null, ""height"": null}, ""zircon"": {""width"": 18, ""height"": 22}}"	"{""region_count"": 4, ""region_landmark_samples"": [""D0002_001 / Teleport Destination"", ""D0002_001 / Teleport Source"", ""D0002_001 / Teleport Source""], ""guard_count"": 0, ""guard_samples"": [], ""connected_maps"": [""0""], ""coordinate_evidence"": ""MapRegion PointRegion centers; no Merchant coordinate snapshot available""}"	"[""D0002_001 / Teleport Destination"", ""D0002_001 / Teleport Source"", ""D0002_001 / Teleport Source""]"	"{""status"": ""pending"", ""walkable_cells"": null, ""total_cells"": null, ""walkable_ratio"": null}"	"{""status"": ""pass"", ""walkable_cells"": 103, ""total_cells"": 396, ""walkable_ratio"": 0.260101}"	identity logical-grid coordinates	allowed-after-point-check	medium	"{""relation"": ""Zircon bytes match hero-kill stem(s): 1_012, 01_003, 02_001, 1_008"", ""hero_kill_sha256"": null, ""zircon_sha256"": ""0ce58cb13ea6040f23da2db32361d0cb382e76fe66738adebca99f101999ae44""}"
D0002_002				"{""index"": 1127, ""file"": ""D0002_002"", ""description"": ""魔界·虚幻""}"	/home/tetsuya/development/zircon/Debug/ServerCore/Map/D0002_002.map	renamed	"{""hero_kill"": {""width"": null, ""height"": null}, ""zircon"": {""width"": 100, ""height"": 100}}"	"{""region_count"": 1, ""region_landmark_samples"": [""D0002_002 / Teleport Source""], ""guard_count"": 0, ""guard_samples"": [], ""connected_maps"": [""D0002_003""], ""coordinate_evidence"": ""MapRegion PointRegion centers; no Merchant coordinate snapshot available""}"	"[""D0002_002 / Teleport Source""]"	"{""status"": ""pending"", ""walkable_cells"": null, ""total_cells"": null, ""walkable_ratio"": null}"	"{""status"": ""pass"", ""walkable_cells"": 1175, ""total_cells"": 10000, ""walkable_ratio"": 0.1175}"	identity logical-grid coordinates	allowed-after-point-check	medium	"{""relation"": ""Zircon bytes match hero-kill stem(s): 02_002, 1_010, 1_011, 02_003"", ""hero_kill_sha256"": null, ""zircon_sha256"": ""177ba1a14f98fd3683d29837e9387cbb2667c61aaac5c2eb3b7089caa8c45be1""}"
D0002_003				"{""index"": 1128, ""file"": ""D0002_003"", ""description"": ""魔界·暗影""}"	/home/tetsuya/development/zircon/Debug/ServerCore/Map/D0002_003.map	renamed	"{""hero_kill"": {""width"": null, ""height"": null}, ""zircon"": {""width"": 100, ""height"": 100}}"	"{""region_count"": 2, ""region_landmark_samples"": [""D0002_003 / Teleport Destination"", ""D0002_003 / Teleport Source""], ""guard_count"": 0, ""guard_samples"": [], ""connected_maps"": [""D0002_002"", ""D0002_004""], ""coordinate_evidence"": ""MapRegion PointRegion centers; no Merchant coordinate snapshot available""}"	"[""D0002_003 / Teleport Destination"", ""D0002_003 / Teleport Source""]"	"{""status"": ""pending"", ""walkable_cells"": null, ""total_cells"": null, ""walkable_ratio"": null}"	"{""status"": ""pass"", ""walkable_cells"": 1175, ""total_cells"": 10000, ""walkable_ratio"": 0.1175}"	identity logical-grid coordinates	allowed-after-point-check	medium	"{""relation"": ""Zircon bytes match hero-kill stem(s): 02_002, 1_010, 1_011, 02_003"", ""hero_kill_sha256"": null, ""zircon_sha256"": ""177ba1a14f98fd3683d29837e9387cbb2667c61aaac5c2eb3b7089caa8c45be1""}"
D0002_004				"{""index"": 1129, ""file"": ""D0002_004"", ""description"": ""魔界·终极决斗""}"	/home/tetsuya/development/zircon/Debug/ServerCore/Map/D0002_004.map	renamed	"{""hero_kill"": {""width"": null, ""height"": null}, ""zircon"": {""width"": 50, ""height"": 50}}"	"{""region_count"": 2, ""region_landmark_samples"": [""D0002_004 / Teleport Destination""], ""guard_count"": 0, ""guard_samples"": [], ""connected_maps"": [""D0002_003""], ""coordinate_evidence"": ""MapRegion PointRegion centers; no Merchant coordinate snapshot available""}"	"[""D0002_004 / Teleport Destination""]"	"{""status"": ""pending"", ""walkable_cells"": null, ""total_cells"": null, ""walkable_ratio"": null}"	"{""status"": ""pass"", ""walkable_cells"": 668, ""total_cells"": 2500, ""walkable_ratio"": 0.2672}"	identity logical-grid coordinates	allowed-after-point-check	medium	"{""relation"": ""Zircon bytes match hero-kill stem(s): 1_014, 02_004, 02_006"", ""hero_kill_sha256"": null, ""zircon_sha256"": ""a24157ba2099b3f74b1d31c9bd3e08b48d063bfbfac5d0830ea84a12508a1423""}"
D2701				"{""index"": 1130, ""file"": ""D2701"", ""description"": ""群魔终结路①""}"	/home/tetsuya/development/zircon/Debug/ServerCore/Map/D2701.map	pending	"{""hero_kill"": {""width"": null, ""height"": null}, ""zircon"": {""width"": 200, ""height"": 200}}"	"{""region_count"": 11, ""region_landmark_samples"": [""D2701 / Demon Horde Warrior Spawn"", ""D2701 / Fierce Wind Demon Spawn"", ""D2701 / Fierce Centipede Spawn"", ""D2701 / Ice Plain Snow Wolf Spawn"", ""D2701 / Fierce Tree Demon Spawn"", ""D2701 / Fierce Stone Man Spawn"", ""D2701 / Fierce Monk Spawn"", ""D2701 / Fierce Falcon Spawn"", ""D2701 / Fierce Fish Demon Spawn""], ""guard_count"": 0, ""guard_samples"": [], ""connected_maps"": [], ""coordinate_evidence"": ""MapRegion PointRegion centers; no Merchant coordinate snapshot available""}"	"[""D2701 / Demon Horde Warrior Spawn"", ""D2701 / Fierce Wind Demon Spawn"", ""D2701 / Fierce Centipede Spawn"", ""D2701 / Ice Plain Snow Wolf Spawn"", ""D2701 / Fierce Tree Demon Spawn"", ""D2701 / Fierce Stone Man Spawn"", ""D2701 / Fierce Monk Spawn"", ""D2701 / Fierce Falcon Spawn"", ""D2701 / Fierce Fish Demon Spawn""]"	"{""status"": ""pending"", ""walkable_cells"": null, ""total_cells"": null, ""walkable_ratio"": null}"	"{""status"": ""pass"", ""walkable_cells"": 11975, ""total_cells"": 40000, ""walkable_ratio"": 0.299375}"	pending landmark mapping; no blind coordinate reuse	blocked	low	"{""relation"": ""hero-kill or Zircon map file missing"", ""hero_kill_sha256"": null, ""zircon_sha256"": ""69e5b93c7149b89b18be94e6ecb4eac94b604130c016027f967b9baafb273b16""}"
D2702				"{""index"": 1131, ""file"": ""D2702"", ""description"": ""群魔终结路②""}"	/home/tetsuya/development/zircon/Debug/ServerCore/Map/D2702.map	pending	"{""hero_kill"": {""width"": null, ""height"": null}, ""zircon"": {""width"": 200, ""height"": 200}}"	"{""region_count"": 12, ""region_landmark_samples"": [""D2702 / Demon Horde Overlord Spawn"", ""D2702 / Fierce Woma Spawn"", ""D2702 / Fierce Black Boar Spawn"", ""D2702 / Fierce Skeleton Spawn"", ""D2702 / Fierce Poison Dragon Spawn"", ""D2702 / Fierce Demon Spawn"", ""D2702 / Fierce Mad Bull Spawn"", ""D2702 / Demon Horde Cook Spawn"", ""D2702 / Fierce Demon God Spawn"", ""D2702 / Demon Horde Healer Spawn""], ""guard_count"": 0, ""guard_samples"": [], ""connected_maps"": [], ""coordinate_evidence"": ""MapRegion PointRegion centers; no Merchant coordinate snapshot available""}"	"[""D2702 / Demon Horde Overlord Spawn"", ""D2702 / Fierce Woma Spawn"", ""D2702 / Fierce Black Boar Spawn"", ""D2702 / Fierce Skeleton Spawn"", ""D2702 / Fierce Poison Dragon Spawn"", ""D2702 / Fierce Demon Spawn"", ""D2702 / Fierce Mad Bull Spawn"", ""D2702 / Demon Horde Cook Spawn"", ""D2702 / Fierce Demon God Spawn"", ""D2702 / Demon Horde Healer Spawn""]"	"{""status"": ""pending"", ""walkable_cells"": null, ""total_cells"": null, ""walkable_ratio"": null}"	"{""status"": ""pass"", ""walkable_cells"": 14172, ""total_cells"": 40000, ""walkable_ratio"": 0.3543}"	pending landmark mapping; no blind coordinate reuse	blocked	low	"{""relation"": ""hero-kill or Zircon map file missing"", ""hero_kill_sha256"": null, ""zircon_sha256"": ""477c139feb91bb5b9b4a117bdbdf9238f7f12cd9d35171e40a41d3ae19343592""}"
Yanmums				"{""index"": 1132, ""file"": ""Yanmums"", ""description"": ""群魔王陵""}"	/home/tetsuya/development/zircon/Debug/ServerCore/Map/Yanmums.map	renamed	"{""hero_kill"": {""width"": null, ""height"": null}, ""zircon"": {""width"": 32, ""height"": 38}}"	"{""region_count"": 8, ""region_landmark_samples"": [""Yanmums / Demon Horde Healer Spawn"", ""Yanmums / Fierce Fish Demon Spawn"", ""Yanmums / Fierce Tree Demon Spawn"", ""Yanmums / Fierce Stone Man Spawn"", ""Yanmums / Fierce Wind Demon Spawn"", ""Yanmums / Fierce Monk Spawn"", ""Yanmums / Fierce Falcon Spawn"", ""Yanmums / Ice Plain Snow Wolf Spawn""], ""guard_count"": 0, ""guard_samples"": [], ""connected_maps"": [], ""coordinate_evidence"": ""MapRegion PointRegion centers; no Merchant coordinate snapshot available""}"	"[""Yanmums / Demon Horde Healer Spawn"", ""Yanmums / Fierce Fish Demon Spawn"", ""Yanmums / Fierce Tree Demon Spawn"", ""Yanmums / Fierce Stone Man Spawn"", ""Yanmums / Fierce Wind Demon Spawn"", ""Yanmums / Fierce Monk Spawn"", ""Yanmums / Fierce Falcon Spawn"", ""Yanmums / Ice Plain Snow Wolf Spawn""]"	"{""status"": ""pending"", ""walkable_cells"": null, ""total_cells"": null, ""walkable_ratio"": null}"	"{""status"": ""pass"", ""walkable_cells"": 257, ""total_cells"": 1216, ""walkable_ratio"": 0.211349}"	identity logical-grid coordinates	allowed-after-point-check	medium	"{""relation"": ""Zircon bytes match hero-kill stem(s): DM002"", ""hero_kill_sha256"": null, ""zircon_sha256"": ""a4c18a898f1408560194cb1b46ea61bbbe48c4ce6ffde48e9614464c55fffb88""}"
d9091				"{""index"": 1133, ""file"": ""d9091"", ""description"": ""异界地下3层""}"	/home/tetsuya/development/zircon/Debug/ServerCore/Map/d9091.map	pending	"{""hero_kill"": {""width"": null, ""height"": null}, ""zircon"": {""width"": 200, ""height"": 200}}"	"{""region_count"": 6, ""region_landmark_samples"": [""d9091 / Otherworld Guardian Spawn"", ""d9091 / Otherworld Light Guard Spawn"", ""d9091 / Ice Plain Wolf King Spawn"", ""d9091 / Otherworld Sea General Spawn"", ""d9091 / Ice Palace Knight Spawn""], ""guard_count"": 0, ""guard_samples"": [], ""connected_maps"": [], ""coordinate_evidence"": ""MapRegion PointRegion centers; no Merchant coordinate snapshot available""}"	"[""d9091 / Otherworld Guardian Spawn"", ""d9091 / Otherworld Light Guard Spawn"", ""d9091 / Ice Plain Wolf King Spawn"", ""d9091 / Otherworld Sea General Spawn"", ""d9091 / Ice Palace Knight Spawn""]"	"{""status"": ""pending"", ""walkable_cells"": null, ""total_cells"": null, ""walkable_ratio"": null}"	"{""status"": ""pass"", ""walkable_cells"": 9342, ""total_cells"": 40000, ""walkable_ratio"": 0.23355}"	pending landmark mapping; no blind coordinate reuse	blocked	low	"{""relation"": ""hero-kill or Zircon map file missing"", ""hero_kill_sha256"": null, ""zircon_sha256"": ""f92b7938f4dd599102dd81a1d4039f257154a0a69358a66333c5c55b1664a1e4""}"
d90921				"{""index"": 1134, ""file"": ""d90921"", ""description"": ""异界地下2层""}"	/home/tetsuya/development/zircon/Debug/ServerCore/Map/d90921.map	pending	"{""hero_kill"": {""width"": null, ""height"": null}, ""zircon"": {""width"": 200, ""height"": 200}}"	"{""region_count"": 6, ""region_landmark_samples"": [""d90921 / Otherworld Guardian Spawn"", ""d90921 / Otherworld Light Guard Spawn"", ""d90921 / Ice Plain Wolf King Spawn"", ""d90921 / Ice Palace Knight Spawn"", ""d90921 / Otherworld Red Mage Spawn""], ""guard_count"": 0, ""guard_samples"": [], ""connected_maps"": [], ""coordinate_evidence"": ""MapRegion PointRegion centers; no Merchant coordinate snapshot available""}"	"[""d90921 / Otherworld Guardian Spawn"", ""d90921 / Otherworld Light Guard Spawn"", ""d90921 / Ice Plain Wolf King Spawn"", ""d90921 / Ice Palace Knight Spawn"", ""d90921 / Otherworld Red Mage Spawn""]"	"{""status"": ""pending"", ""walkable_cells"": null, ""total_cells"": null, ""walkable_ratio"": null}"	"{""status"": ""pass"", ""walkable_cells"": 8886, ""total_cells"": 40000, ""walkable_ratio"": 0.22215}"	pending landmark mapping; no blind coordinate reuse	blocked	low	"{""relation"": ""hero-kill or Zircon map file missing"", ""hero_kill_sha256"": null, ""zircon_sha256"": ""5053e70b897aeefdb61dd00908a236f12e4c0dcb97e1859e1593f7ca5bf7869f""}"
d90922				"{""index"": 1135, ""file"": ""d90922"", ""description"": ""异界地下1层""}"	/home/tetsuya/development/zircon/Debug/ServerCore/Map/d90922.map	pending	"{""hero_kill"": {""width"": null, ""height"": null}, ""zircon"": {""width"": 200, ""height"": 200}}"	"{""region_count"": 8, ""region_landmark_samples"": [""d90922 / Otherworld Guardian Spawn"", ""d90922 / Ice Plain Wolf King Spawn"", ""d90922 / Ice Palace Knight Spawn"", ""d90922 / Otherworld Red Mage Spawn"", ""d90922 / Guardian Sword Disciple Spawn"", ""d90922 / Otherworld Light Guard Spawn"", ""d90922 / Otherworld Sea General Spawn""], ""guard_count"": 0, ""guard_samples"": [], ""connected_maps"": [], ""coordinate_evidence"": ""MapRegion PointRegion centers; no Merchant coordinate snapshot available""}"	"[""d90922 / Otherworld Guardian Spawn"", ""d90922 / Ice Plain Wolf King Spawn"", ""d90922 / Ice Palace Knight Spawn"", ""d90922 / Otherworld Red Mage Spawn"", ""d90922 / Guardian Sword Disciple Spawn"", ""d90922 / Otherworld Light Guard Spawn"", ""d90922 / Otherworld Sea General Spawn""]"	"{""status"": ""pending"", ""walkable_cells"": null, ""total_cells"": null, ""walkable_ratio"": null}"	"{""status"": ""pass"", ""walkable_cells"": 9002, ""total_cells"": 40000, ""walkable_ratio"": 0.22505}"	pending landmark mapping; no blind coordinate reuse	blocked	low	"{""relation"": ""hero-kill or Zircon map file missing"", ""hero_kill_sha256"": null, ""zircon_sha256"": ""5aac4e5f0cd637e4048ec8b03c1a5298bf45555468ebd8a3729808c242ff5493""}"
d9093				"{""index"": 1136, ""file"": ""d9093"", ""description"": ""异界神灵之地""}"	/home/tetsuya/development/zircon/Debug/ServerCore/Map/d9093.map	pending	"{""hero_kill"": {""width"": null, ""height"": null}, ""zircon"": {""width"": 200, ""height"": 200}}"	"{""region_count"": 9, ""region_landmark_samples"": [""d9093 / Otherworld Guardian Spawn"", ""d9093 / Ice Plain Wolf King Spawn"", ""d9093 / Ice Palace Knight Spawn"", ""d9093 / Otherworld Light Guard Spawn"", ""d9093 / Otherworld Red Mage Spawn"", ""d9093 / Guardian Sword Disciple Spawn"", ""d9093 / Otherworld Sea General Spawn"", ""d9093 / Teleport Destination""], ""guard_count"": 0, ""guard_samples"": [], ""connected_maps"": [""d9094""], ""coordinate_evidence"": ""MapRegion PointRegion centers; no Merchant coordinate snapshot available""}"	"[""d9093 / Otherworld Guardian Spawn"", ""d9093 / Ice Plain Wolf King Spawn"", ""d9093 / Ice Palace Knight Spawn"", ""d9093 / Otherworld Light Guard Spawn"", ""d9093 / Otherworld Red Mage Spawn"", ""d9093 / Guardian Sword Disciple Spawn"", ""d9093 / Otherworld Sea General Spawn"", ""d9093 / Teleport Destination""]"	"{""status"": ""pending"", ""walkable_cells"": null, ""total_cells"": null, ""walkable_ratio"": null}"	"{""status"": ""pass"", ""walkable_cells"": 8409, ""total_cells"": 40000, ""walkable_ratio"": 0.210225}"	pending landmark mapping; no blind coordinate reuse	blocked	low	"{""relation"": ""hero-kill or Zircon map file missing"", ""hero_kill_sha256"": null, ""zircon_sha256"": ""9f50a2af3a103cfa8a24d62bb0cc38f88140c75a6041b8e4ee40bb2e14c90463""}"
d9094				"{""index"": 1137, ""file"": ""d9094"", ""description"": ""异界神灵""}"	/home/tetsuya/development/zircon/Debug/ServerCore/Map/d9094.map	pending	"{""hero_kill"": {""width"": null, ""height"": null}, ""zircon"": {""width"": 100, ""height"": 100}}"	"{""region_count"": 8, ""region_landmark_samples"": [""d9094 / Otherworld Sea General Spawn"", ""d9094 / Otherworld Red Mage Spawn"", ""d9094 / Ice Plain Wolf King Spawn"", ""d9094 / Guardian Sword Disciple Spawn"", ""d9094 / Ice Palace Knight Spawn"", ""d9094 / Ice Palace Knight Spawn"", ""d9094 / Guardian Sword Disciple Spawn"", ""d9094 / Teleport Source""], ""guard_count"": 0, ""guard_samples"": [], ""connected_maps"": [""d9093""], ""coordinate_evidence"": ""MapRegion PointRegion centers; no Merchant coordinate snapshot available""}"	"[""d9094 / Otherworld Sea General Spawn"", ""d9094 / Otherworld Red Mage Spawn"", ""d9094 / Ice Plain Wolf King Spawn"", ""d9094 / Guardian Sword Disciple Spawn"", ""d9094 / Ice Palace Knight Spawn"", ""d9094 / Ice Palace Knight Spawn"", ""d9094 / Guardian Sword Disciple Spawn"", ""d9094 / Teleport Source""]"	"{""status"": ""pending"", ""walkable_cells"": null, ""total_cells"": null, ""walkable_ratio"": null}"	"{""status"": ""pass"", ""walkable_cells"": 1440, ""total_cells"": 10000, ""walkable_ratio"": 0.144}"	pending landmark mapping; no blind coordinate reuse	blocked	low	"{""relation"": ""hero-kill or Zircon map file missing"", ""hero_kill_sha256"": null, ""zircon_sha256"": ""a73238fff248a59f98e302dc90216a4dbd101ead581f5ff4488e26c812da8113""}"
D006				"{""index"": 1138, ""file"": ""D006"", ""description"": ""邪恶之地①""}"	/home/tetsuya/development/zircon/Debug/ServerCore/Map/D006.map	pending	"{""hero_kill"": {""width"": null, ""height"": null}, ""zircon"": {""width"": 300, ""height"": 300}}"	"{""region_count"": 50, ""region_landmark_samples"": [""D006 / Evil Punisher Spawn"", ""D006 / Evil Thunderer Spawn"", ""D006 / Evil Fallen Spawn"", ""D006 / Evil Punisher Spawn"", ""D006 / Evil Thunderer Spawn"", ""D006 / Evil Fallen Spawn"", ""D006 / Evil Punisher Spawn"", ""D006 / Evil Thunderer Spawn"", ""D006 / Evil Fallen Spawn"", ""D006 / Evil Punisher Spawn"", ""D006 / Evil Thunderer Spawn"", ""D006 / Evil Fallen Spawn"", ""D006 / Evil Punisher Spawn"", ""D006 / Evil Thunderer Spawn"", ""D006 / Evil Fallen Spawn"", ""D006 / Evil Punisher Spawn"", ""D006 / Evil Thunderer Spawn"", ""D006 / Evil Fallen Spawn"", ""D006 / Evil Punisher Spawn"", ""D006 / Evil Thunderer Spawn"", ""D006 / Evil Fallen Spawn"", ""D006 / Evil Punisher Spawn"", ""D006 / Evil Thunderer Spawn"", ""D006 / Evil Fallen Spawn"", ""D006 / Evil Punisher Spawn"", ""D006 / Evil Thunderer Spawn"", ""D006 / Evil Fallen Spawn"", ""D006 / Evil Punisher Spawn"", ""D006 / Evil Thunderer Spawn"", ""D006 / Evil Fallen Spawn"", ""D006 / Evil Punisher Spawn"", ""D006 / Evil Thunderer Spawn"", ""D006 / Evil Fallen Spawn"", ""D006 / Evil Punisher Spawn"", ""D006 / Evil Thunderer Spawn"", ""D006 / Evil Fallen Spawn"", ""D006 / Evil Punisher Spawn"", ""D006 / Evil Thunderer Spawn"", ""D006 / Evil Fallen Spawn"", ""D006 / Evil Punisher Spawn""], ""guard_count"": 0, ""guard_samples"": [], ""connected_maps"": [], ""coordinate_evidence"": ""MapRegion PointRegion centers; no Merchant coordinate snapshot available""}"	"[""D006 / Evil Punisher Spawn"", ""D006 / Evil Thunderer Spawn"", ""D006 / Evil Fallen Spawn"", ""D006 / Evil Punisher Spawn"", ""D006 / Evil Thunderer Spawn"", ""D006 / Evil Fallen Spawn"", ""D006 / Evil Punisher Spawn"", ""D006 / Evil Thunderer Spawn"", ""D006 / Evil Fallen Spawn"", ""D006 / Evil Punisher Spawn"", ""D006 / Evil Thunderer Spawn"", ""D006 / Evil Fallen Spawn"", ""D006 / Evil Punisher Spawn"", ""D006 / Evil Thunderer Spawn"", ""D006 / Evil Fallen Spawn"", ""D006 / Evil Punisher Spawn"", ""D006 / Evil Thunderer Spawn"", ""D006 / Evil Fallen Spawn"", ""D006 / Evil Punisher Spawn"", ""D006 / Evil Thunderer Spawn"", ""D006 / Evil Fallen Spawn"", ""D006 / Evil Punisher Spawn"", ""D006 / Evil Thunderer Spawn"", ""D006 / Evil Fallen Spawn"", ""D006 / Evil Punisher Spawn"", ""D006 / Evil Thunderer Spawn"", ""D006 / Evil Fallen Spawn"", ""D006 / Evil Punisher Spawn"", ""D006 / Evil Thunderer Spawn"", ""D006 / Evil Fallen Spawn"", ""D006 / Evil Punisher Spawn"", ""D006 / Evil Thunderer Spawn"", ""D006 / Evil Fallen Spawn"", ""D006 / Evil Punisher Spawn"", ""D006 / Evil Thunderer Spawn"", ""D006 / Evil Fallen Spawn"", ""D006 / Evil Punisher Spawn"", ""D006 / Evil Thunderer Spawn"", ""D006 / Evil Fallen Spawn"", ""D006 / Evil Punisher Spawn""]"	"{""status"": ""pending"", ""walkable_cells"": null, ""total_cells"": null, ""walkable_ratio"": null}"	"{""status"": ""pass"", ""walkable_cells"": 28601, ""total_cells"": 90000, ""walkable_ratio"": 0.317789}"	pending landmark mapping; no blind coordinate reuse	blocked	low	"{""relation"": ""hero-kill or Zircon map file missing"", ""hero_kill_sha256"": null, ""zircon_sha256"": ""a6adc238d2c01fc593a5899a6e4432ee9a978a9beb2d83993111dfe51b1efc96""}"
D007				"{""index"": 1139, ""file"": ""D007"", ""description"": ""邪恶之地②""}"	/home/tetsuya/development/zircon/Debug/ServerCore/Map/D007.map	pending	"{""hero_kill"": {""width"": null, ""height"": null}, ""zircon"": {""width"": 300, ""height"": 300}}"	"{""region_count"": 19, ""region_landmark_samples"": [""D007 / Evil Punisher Spawn"", ""D007 / Evil Thunderer Spawn"", ""D007 / Evil Fallen Spawn"", ""D007 / Evil Punisher Spawn"", ""D007 / Evil Thunderer Spawn"", ""D007 / Evil Fallen Spawn"", ""D007 / Evil Punisher Spawn"", ""D007 / Evil Thunderer Spawn"", ""D007 / Evil Fallen Spawn"", ""D007 / Evil Punisher Spawn"", ""D007 / Evil Thunderer Spawn"", ""D007 / Evil Fallen Spawn"", ""D007 / Evil Punisher Spawn"", ""D007 / Evil Thunderer Spawn"", ""D007 / Evil Fallen Spawn"", ""D007 / Evil Punisher Spawn"", ""D007 / Evil Thunderer Spawn"", ""D007 / Evil Fallen Spawn""], ""guard_count"": 0, ""guard_samples"": [], ""connected_maps"": [], ""coordinate_evidence"": ""MapRegion PointRegion centers; no Merchant coordinate snapshot available""}"	"[""D007 / Evil Punisher Spawn"", ""D007 / Evil Thunderer Spawn"", ""D007 / Evil Fallen Spawn"", ""D007 / Evil Punisher Spawn"", ""D007 / Evil Thunderer Spawn"", ""D007 / Evil Fallen Spawn"", ""D007 / Evil Punisher Spawn"", ""D007 / Evil Thunderer Spawn"", ""D007 / Evil Fallen Spawn"", ""D007 / Evil Punisher Spawn"", ""D007 / Evil Thunderer Spawn"", ""D007 / Evil Fallen Spawn"", ""D007 / Evil Punisher Spawn"", ""D007 / Evil Thunderer Spawn"", ""D007 / Evil Fallen Spawn"", ""D007 / Evil Punisher Spawn"", ""D007 / Evil Thunderer Spawn"", ""D007 / Evil Fallen Spawn""]"	"{""status"": ""pending"", ""walkable_cells"": null, ""total_cells"": null, ""walkable_ratio"": null}"	"{""status"": ""pass"", ""walkable_cells"": 24830, ""total_cells"": 90000, ""walkable_ratio"": 0.275889}"	pending landmark mapping; no blind coordinate reuse	blocked	low	"{""relation"": ""hero-kill or Zircon map file missing"", ""hero_kill_sha256"": null, ""zircon_sha256"": ""c50fd7fd75f73947c56a92de2a776d8596aa5b7acb3485e1b1040240c7d560dd""}"
D2900				"{""index"": 1140, ""file"": ""D2900"", ""description"": ""邪恶之地""}"	/home/tetsuya/development/zircon/Debug/ServerCore/Map/D2900.map	pending	"{""hero_kill"": {""width"": null, ""height"": null}, ""zircon"": {""width"": 100, ""height"": 150}}"	"{""region_count"": 12, ""region_landmark_samples"": [""D2900 / Evil Punisher Spawn"", ""D2900 / Evil Thunderer Spawn"", ""D2900 / Evil Fallen Spawn"", ""D2900 / Evil Punisher Spawn"", ""D2900 / Evil Thunderer Spawn"", ""D2900 / Evil Fallen Spawn"", ""D2900 / Evil Punisher Spawn"", ""D2900 / Evil Thunderer Spawn"", ""D2900 / Evil Fallen Spawn"", ""D2900 / Evil Punisher Spawn"", ""D2900 / Evil Thunderer Spawn"", ""D2900 / Evil Fallen Spawn""], ""guard_count"": 0, ""guard_samples"": [], ""connected_maps"": [], ""coordinate_evidence"": ""MapRegion PointRegion centers; no Merchant coordinate snapshot available""}"	"[""D2900 / Evil Punisher Spawn"", ""D2900 / Evil Thunderer Spawn"", ""D2900 / Evil Fallen Spawn"", ""D2900 / Evil Punisher Spawn"", ""D2900 / Evil Thunderer Spawn"", ""D2900 / Evil Fallen Spawn"", ""D2900 / Evil Punisher Spawn"", ""D2900 / Evil Thunderer Spawn"", ""D2900 / Evil Fallen Spawn"", ""D2900 / Evil Punisher Spawn"", ""D2900 / Evil Thunderer Spawn"", ""D2900 / Evil Fallen Spawn""]"	"{""status"": ""pending"", ""walkable_cells"": null, ""total_cells"": null, ""walkable_ratio"": null}"	"{""status"": ""pass"", ""walkable_cells"": 2309, ""total_cells"": 15000, ""walkable_ratio"": 0.153933}"	pending landmark mapping; no blind coordinate reuse	blocked	low	"{""relation"": ""hero-kill or Zircon map file missing"", ""hero_kill_sha256"": null, ""zircon_sha256"": ""a8ad4be7616012954c90ab6aaab5288a29f36bce6a40632c34bb8ec705f0d0ac""}"
D2902				"{""index"": 1141, ""file"": ""D2902"", ""description"": ""BOSS集中营""}"	/home/tetsuya/development/zircon/Debug/ServerCore/Map/D2902.map	pending	"{""hero_kill"": {""width"": null, ""height"": null}, ""zircon"": {""width"": 300, ""height"": 300}}"	"{""region_count"": 49, ""region_landmark_samples"": [""D2902 / Zuma King Spawn"", ""D2902 / Sumerian King Spawn"", ""D2902 / Uma King Spawn"", ""D2902 / Ice City Emperor Spawn"", ""D2902 / Banyo Lord Guzak Spawn"", ""D2902 / Numa Elder Shaman Spawn"", ""D2902 / Death Lord Jichon Spawn"", ""D2902 / Heartless Palace Master Spawn"", ""D2902 / Emperor Sa'Woo Spawn"", ""D2902 / Dragon Spawn"", ""D2902 / Red Moon The Fallen Spawn"", ""D2902 / Sabuk Lord Spawn"", ""D2902 / Zuma King Spawn"", ""D2902 / Sumerian King Spawn"", ""D2902 / Uma King Spawn"", ""D2902 / Ice City Emperor Spawn"", ""D2902 / Banyo Lord Guzak Spawn"", ""D2902 / Numa Elder Shaman Spawn"", ""D2902 / Death Lord Jichon Spawn"", ""D2902 / Heartless Palace Master Spawn"", ""D2902 / Emperor Sa'Woo Spawn"", ""D2902 / Dragon Spawn"", ""D2902 / Red Moon The Fallen Spawn"", ""D2902 / Sabuk Lord Spawn"", ""D2902 / Zuma King Spawn"", ""D2902 / Sumerian King Spawn"", ""D2902 / Uma King Spawn"", ""D2902 / Ice City Emperor Spawn"", ""D2902 / Numa Elder Shaman Spawn"", ""D2902 / Death Lord Jichon Spawn"", ""D2902 / Heartless Palace Master Spawn"", ""D2902 / Emperor Sa'Woo Spawn"", ""D2902 / Dragon Spawn"", ""D2902 / Red Moon The Fallen Spawn"", ""D2902 / Sabuk Lord Spawn"", ""D2902 / Zuma King Spawn"", ""D2902 / Sumerian King Spawn"", ""D2902 / Uma King Spawn"", ""D2902 / Ice City Emperor Spawn"", ""D2902 / Banyo Lord Guzak Spawn""], ""guard_count"": 0, ""guard_samples"": [], ""connected_maps"": [""D2902""], ""coordinate_evidence"": ""MapRegion PointRegion centers; no Merchant coordinate snapshot available""}"	"[""D2902 / Zuma King Spawn"", ""D2902 / Sumerian King Spawn"", ""D2902 / Uma King Spawn"", ""D2902 / Ice City Emperor Spawn"", ""D2902 / Banyo Lord Guzak Spawn"", ""D2902 / Numa Elder Shaman Spawn"", ""D2902 / Death Lord Jichon Spawn"", ""D2902 / Heartless Palace Master Spawn"", ""D2902 / Emperor Sa'Woo Spawn"", ""D2902 / Dragon Spawn"", ""D2902 / Red Moon The Fallen Spawn"", ""D2902 / Sabuk Lord Spawn"", ""D2902 / Zuma King Spawn"", ""D2902 / Sumerian King Spawn"", ""D2902 / Uma King Spawn"", ""D2902 / Ice City Emperor Spawn"", ""D2902 / Banyo Lord Guzak Spawn"", ""D2902 / Numa Elder Shaman Spawn"", ""D2902 / Death Lord Jichon Spawn"", ""D2902 / Heartless Palace Master Spawn"", ""D2902 / Emperor Sa'Woo Spawn"", ""D2902 / Dragon Spawn"", ""D2902 / Red Moon The Fallen Spawn"", ""D2902 / Sabuk Lord Spawn"", ""D2902 / Zuma King Spawn"", ""D2902 / Sumerian King Spawn"", ""D2902 / Uma King Spawn"", ""D2902 / Ice City Emperor Spawn"", ""D2902 / Numa Elder Shaman Spawn"", ""D2902 / Death Lord Jichon Spawn"", ""D2902 / Heartless Palace Master Spawn"", ""D2902 / Emperor Sa'Woo Spawn"", ""D2902 / Dragon Spawn"", ""D2902 / Red Moon The Fallen Spawn"", ""D2902 / Sabuk Lord Spawn"", ""D2902 / Zuma King Spawn"", ""D2902 / Sumerian King Spawn"", ""D2902 / Uma King Spawn"", ""D2902 / Ice City Emperor Spawn"", ""D2902 / Banyo Lord Guzak Spawn""]"	"{""status"": ""pending"", ""walkable_cells"": null, ""total_cells"": null, ""walkable_ratio"": null}"	"{""status"": ""pass"", ""walkable_cells"": 31131, ""total_cells"": 90000, ""walkable_ratio"": 0.3459}"	pending landmark mapping; no blind coordinate reuse	blocked	low	"{""relation"": ""hero-kill or Zircon map file missing"", ""hero_kill_sha256"": null, ""zircon_sha256"": ""a5b2f6dc8a787046f0843b46822787331eb4b4790def626344d1f8217955fff3""}"
D29051				"{""index"": 1142, ""file"": ""D29051"", ""description"": ""玛法.四象""}"	/home/tetsuya/development/zircon/Debug/ServerCore/Map/D29051.map	pending	"{""hero_kill"": {""width"": null, ""height"": null}, ""zircon"": {""width"": 300, ""height"": 300}}"	"{""region_count"": 9, ""region_landmark_samples"": [""D29051 / Mafa General Spawn"", ""D29051 / Mafa Wizard Spawn"", ""D29051 / Mafa General Spawn"", ""D29051 / Mafa Wizard Spawn"", ""D29051 / Mafa General Spawn"", ""D29051 / Mafa Wizard Spawn"", ""D29051 / Mafa General Spawn"", ""D29051 / Mafa Wizard Spawn"", ""D29051 / Teleport Source""], ""guard_count"": 0, ""guard_samples"": [], ""connected_maps"": [""D29032""], ""coordinate_evidence"": ""MapRegion PointRegion centers; no Merchant coordinate snapshot available""}"	"[""D29051 / Mafa General Spawn"", ""D29051 / Mafa Wizard Spawn"", ""D29051 / Mafa General Spawn"", ""D29051 / Mafa Wizard Spawn"", ""D29051 / Mafa General Spawn"", ""D29051 / Mafa Wizard Spawn"", ""D29051 / Mafa General Spawn"", ""D29051 / Mafa Wizard Spawn"", ""D29051 / Teleport Source""]"	"{""status"": ""pending"", ""walkable_cells"": null, ""total_cells"": null, ""walkable_ratio"": null}"	"{""status"": ""pass"", ""walkable_cells"": 33626, ""total_cells"": 90000, ""walkable_ratio"": 0.373622}"	pending landmark mapping; no blind coordinate reuse	blocked	low	"{""relation"": ""hero-kill or Zircon map file missing"", ""hero_kill_sha256"": null, ""zircon_sha256"": ""9f60b1024db014df7e7a0eacd06f27daf0e2a0ada5649c7d942079c745f3b1bc""}"
D29031				"{""index"": 1143, ""file"": ""D29031"", ""description"": ""经验.之地""}"	/home/tetsuya/development/zircon/Debug/ServerCore/Map/D29031.map	pending	"{""hero_kill"": {""width"": null, ""height"": null}, ""zircon"": {""width"": 300, ""height"": 300}}"	"{""region_count"": 18, ""region_landmark_samples"": [""D29031 / Banyo Soldier Spawn"", ""D29031 / Banyo Soldier Spawn"", ""D29031 / Banyo Soldier Spawn"", ""D29031 / Banyo Soldier Spawn"", ""D29031 / Banyo Soldier Spawn"", ""D29031 / Banyo Soldier Spawn"", ""D29031 / Ghost Mage Spawn"", ""D29031 / Ghost Mage Spawn"", ""D29031 / Ghost Mage Spawn"", ""D29031 / Ghost Mage Spawn"", ""D29031 / Ghost Mage Spawn"", ""D29031 / Ghost Mage Spawn"", ""D29031 / Otherworld Light Guard Spawn"", ""D29031 / Otherworld Light Guard Spawn"", ""D29031 / Otherworld Light Guard Spawn"", ""D29031 / Otherworld Light Guard Spawn"", ""D29031 / Otherworld Light Guard Spawn"", ""D29031 / Otherworld Light Guard Spawn""], ""guard_count"": 0, ""guard_samples"": [], ""connected_maps"": [], ""coordinate_evidence"": ""MapRegion PointRegion centers; no Merchant coordinate snapshot available""}"	"[""D29031 / Banyo Soldier Spawn"", ""D29031 / Banyo Soldier Spawn"", ""D29031 / Banyo Soldier Spawn"", ""D29031 / Banyo Soldier Spawn"", ""D29031 / Banyo Soldier Spawn"", ""D29031 / Banyo Soldier Spawn"", ""D29031 / Ghost Mage Spawn"", ""D29031 / Ghost Mage Spawn"", ""D29031 / Ghost Mage Spawn"", ""D29031 / Ghost Mage Spawn"", ""D29031 / Ghost Mage Spawn"", ""D29031 / Ghost Mage Spawn"", ""D29031 / Otherworld Light Guard Spawn"", ""D29031 / Otherworld Light Guard Spawn"", ""D29031 / Otherworld Light Guard Spawn"", ""D29031 / Otherworld Light Guard Spawn"", ""D29031 / Otherworld Light Guard Spawn"", ""D29031 / Otherworld Light Guard Spawn""]"	"{""status"": ""pending"", ""walkable_cells"": null, ""total_cells"": null, ""walkable_ratio"": null}"	"{""status"": ""pass"", ""walkable_cells"": 26750, ""total_cells"": 90000, ""walkable_ratio"": 0.297222}"	pending landmark mapping; no blind coordinate reuse	blocked	low	"{""relation"": ""hero-kill or Zircon map file missing"", ""hero_kill_sha256"": null, ""zircon_sha256"": ""580ec3fda9417e5ced5ca75465532ce2f79b0624618651e7b93f0ad4853e49d7""}"
D29032				"{""index"": 1144, ""file"": ""D29032"", ""description"": ""玛法.之地""}"	/home/tetsuya/development/zircon/Debug/ServerCore/Map/D29032.map	pending	"{""hero_kill"": {""width"": null, ""height"": null}, ""zircon"": {""width"": 300, ""height"": 300}}"	"{""region_count"": 41, ""region_landmark_samples"": [""D29032 / Mafa Warrior Spawn"", ""D29032 / Mafa Mage Spawn"", ""D29032 / Mafa Taoist Spawn"", ""D29032 / Mafa Warrior Spawn"", ""D29032 / Mafa Mage Spawn"", ""D29032 / Mafa Taoist Spawn"", ""D29032 / Mafa Warrior Spawn"", ""D29032 / Mafa Mage Spawn"", ""D29032 / Mafa Taoist Spawn"", ""D29032 / Mafa Warrior Spawn"", ""D29032 / Mafa Mage Spawn"", ""D29032 / Mafa Taoist Spawn"", ""D29032 / Mafa Warrior Spawn"", ""D29032 / Mafa Mage Spawn"", ""D29032 / Mafa Taoist Spawn"", ""D29032 / Mafa Warrior Spawn"", ""D29032 / Mafa Mage Spawn"", ""D29032 / Mafa Taoist Spawn"", ""D29032 / Mafa Warrior Spawn"", ""D29032 / Mafa Mage Spawn"", ""D29032 / Mafa Taoist Spawn"", ""D29032 / Mafa Warrior Spawn"", ""D29032 / Mafa Mage Spawn"", ""D29032 / Mafa Taoist Spawn"", ""D29032 / Teleport Destination"", ""D29032 / Teleport Source"", ""D29032 / Teleport Destination"", ""D29032 / Teleport Source"", ""D29032 / Teleport Destination"", ""D29032 / Teleport Source"", ""D29032 / Teleport Destination"", ""D29032 / Teleport Source"", ""D29032 / Teleport Destination"", ""D29032 / Teleport Source"", ""D29032 / Teleport Destination"", ""D29032 / Teleport Source"", ""D29032 / Teleport Destination"", ""D29032 / Teleport Source"", ""D29032 / Teleport Destination"", ""D29032 / Teleport Source""], ""guard_count"": 0, ""guard_samples"": [], ""connected_maps"": [""D29032"", ""D29051""], ""coordinate_evidence"": ""MapRegion PointRegion centers; no Merchant coordinate snapshot available""}"	"[""D29032 / Mafa Warrior Spawn"", ""D29032 / Mafa Mage Spawn"", ""D29032 / Mafa Taoist Spawn"", ""D29032 / Mafa Warrior Spawn"", ""D29032 / Mafa Mage Spawn"", ""D29032 / Mafa Taoist Spawn"", ""D29032 / Mafa Warrior Spawn"", ""D29032 / Mafa Mage Spawn"", ""D29032 / Mafa Taoist Spawn"", ""D29032 / Mafa Warrior Spawn"", ""D29032 / Mafa Mage Spawn"", ""D29032 / Mafa Taoist Spawn"", ""D29032 / Mafa Warrior Spawn"", ""D29032 / Mafa Mage Spawn"", ""D29032 / Mafa Taoist Spawn"", ""D29032 / Mafa Warrior Spawn"", ""D29032 / Mafa Mage Spawn"", ""D29032 / Mafa Taoist Spawn"", ""D29032 / Mafa Warrior Spawn"", ""D29032 / Mafa Mage Spawn"", ""D29032 / Mafa Taoist Spawn"", ""D29032 / Mafa Warrior Spawn"", ""D29032 / Mafa Mage Spawn"", ""D29032 / Mafa Taoist Spawn"", ""D29032 / Teleport Destination"", ""D29032 / Teleport Source"", ""D29032 / Teleport Destination"", ""D29032 / Teleport Source"", ""D29032 / Teleport Destination"", ""D29032 / Teleport Source"", ""D29032 / Teleport Destination"", ""D29032 / Teleport Source"", ""D29032 / Teleport Destination"", ""D29032 / Teleport Source"", ""D29032 / Teleport Destination"", ""D29032 / Teleport Source"", ""D29032 / Teleport Destination"", ""D29032 / Teleport Source"", ""D29032 / Teleport Destination"", ""D29032 / Teleport Source""]"	"{""status"": ""pending"", ""walkable_cells"": null, ""total_cells"": null, ""walkable_ratio"": null}"	"{""status"": ""pass"", ""walkable_cells"": 26774, ""total_cells"": 90000, ""walkable_ratio"": 0.297489}"	pending landmark mapping; no blind coordinate reuse	blocked	low	"{""relation"": ""hero-kill or Zircon map file missing"", ""hero_kill_sha256"": null, ""zircon_sha256"": ""195b14ae2c96d259b87e1acb7ac88ba2453c6d4ede0e18ef40d1d3447af931a2""}"
D008				"{""index"": 1145, ""file"": ""D008"", ""description"": ""深度雪原""}"	/home/tetsuya/development/zircon/Debug/ServerCore/Map/D008.map	pending	"{""hero_kill"": {""width"": null, ""height"": null}, ""zircon"": {""width"": 200, ""height"": 200}}"	"{""region_count"": 1, ""region_landmark_samples"": [], ""guard_count"": 0, ""guard_samples"": [], ""connected_maps"": [], ""coordinate_evidence"": ""MapRegion PointRegion centers; no Merchant coordinate snapshot available""}"	[]	"{""status"": ""pending"", ""walkable_cells"": null, ""total_cells"": null, ""walkable_ratio"": null}"	"{""status"": ""pass"", ""walkable_cells"": 15258, ""total_cells"": 40000, ""walkable_ratio"": 0.38145}"	pending landmark mapping; no blind coordinate reuse	blocked	low	"{""relation"": ""hero-kill or Zircon map file missing"", ""hero_kill_sha256"": null, ""zircon_sha256"": ""9d0bdd9394d5d92b554016a8318d3ed7320010d4f271c45353e695f5f84f0d88""}"
D30011				"{""index"": 1146, ""file"": ""D30011"", ""description"": ""龙穴溪谷①""}"	/home/tetsuya/development/zircon/Debug/ServerCore/Map/D30011.map	pending	"{""hero_kill"": {""width"": null, ""height"": null}, ""zircon"": {""width"": 300, ""height"": 300}}"	"{""region_count"": 7, ""region_landmark_samples"": [""D30011 / Flame Demon Soldier Spawn"", ""D30011 / Ice Break Demon Soldier Spawn"", ""D30011 / Thunder Demon Soldier Spawn"", ""D30011 / Whirlwind Demon Soldier Spawn"", ""D30011 / Teleport Source"", ""D30011 / Teleport Destination"", ""D30011 / Teleport Destination""], ""guard_count"": 0, ""guard_samples"": [], ""connected_maps"": [""D30013""], ""coordinate_evidence"": ""MapRegion PointRegion centers; no Merchant coordinate snapshot available""}"	"[""D30011 / Flame Demon Soldier Spawn"", ""D30011 / Ice Break Demon Soldier Spawn"", ""D30011 / Thunder Demon Soldier Spawn"", ""D30011 / Whirlwind Demon Soldier Spawn"", ""D30011 / Teleport Source"", ""D30011 / Teleport Destination"", ""D30011 / Teleport Destination""]"	"{""status"": ""pending"", ""walkable_cells"": null, ""total_cells"": null, ""walkable_ratio"": null}"	"{""status"": ""pass"", ""walkable_cells"": 37707, ""total_cells"": 90000, ""walkable_ratio"": 0.418967}"	pending landmark mapping; no blind coordinate reuse	blocked	low	"{""relation"": ""hero-kill or Zircon map file missing"", ""hero_kill_sha256"": null, ""zircon_sha256"": ""6d2b006129df577f3841e72a157fdc982cf0e75ee997b9bb8dd90dec1d622ed8""}"
D30013				"{""index"": 1147, ""file"": ""D30013"", ""description"": ""龙穴溪谷②""}"	/home/tetsuya/development/zircon/Debug/ServerCore/Map/D30013.map	pending	"{""hero_kill"": {""width"": null, ""height"": null}, ""zircon"": {""width"": 300, ""height"": 300}}"	"{""region_count"": 8, ""region_landmark_samples"": [""D30013 / Flame Demon Soldier Spawn"", ""D30013 / Ice Break Demon Soldier Spawn"", ""D30013 / Thunder Demon Soldier Spawn"", ""D30013 / Whirlwind Demon Soldier Spawn"", ""D30013 / Teleport Destination"", ""D30013 / Teleport Source"", ""D30013 / Teleport Source""], ""guard_count"": 0, ""guard_samples"": [], ""connected_maps"": [""D30011""], ""coordinate_evidence"": ""MapRegion PointRegion centers; no Merchant coordinate snapshot available""}"	"[""D30013 / Flame Demon Soldier Spawn"", ""D30013 / Ice Break Demon Soldier Spawn"", ""D30013 / Thunder Demon Soldier Spawn"", ""D30013 / Whirlwind Demon Soldier Spawn"", ""D30013 / Teleport Destination"", ""D30013 / Teleport Source"", ""D30013 / Teleport Source""]"	"{""status"": ""pending"", ""walkable_cells"": null, ""total_cells"": null, ""walkable_ratio"": null}"	"{""status"": ""pass"", ""walkable_cells"": 31014, ""total_cells"": 90000, ""walkable_ratio"": 0.3446}"	pending landmark mapping; no blind coordinate reuse	blocked	low	"{""relation"": ""hero-kill or Zircon map file missing"", ""hero_kill_sha256"": null, ""zircon_sha256"": ""e49ef392b8d8be3aeb192f35eb71e095de65a0c218ca1f5bd7266a841704282a""}"
D3005				"{""index"": 1148, ""file"": ""D3005"", ""description"": ""龙穴生死堂""}"	/home/tetsuya/development/zircon/Debug/ServerCore/Map/D3005.map	pending	"{""hero_kill"": {""width"": null, ""height"": null}, ""zircon"": {""width"": 400, ""height"": 400}}"	"{""region_count"": 11, ""region_landmark_samples"": [""D3005 / Flame Demon Soldier Spawn"", ""D3005 / Ice Break Demon Soldier Spawn"", ""D3005 / Thunder Demon Soldier Spawn"", ""D3005 / Whirlwind Demon Soldier Spawn"", ""D3005 / Guardian Sword Disciple Spawn"", ""D3005 / Guardian Spell Disciple Spawn"", ""D3005 / Guardian Fire Disciple Spawn"", ""D3005 / Suzaku Heavenly King Spawn"", ""D3005 / Xuanwu Heavenly King Spawn"", ""D3005 / Baihu Heavenly King Spawn"", ""D3005 / Qinglong Heavenly King Spawn""], ""guard_count"": 0, ""guard_samples"": [], ""connected_maps"": [], ""coordinate_evidence"": ""MapRegion PointRegion centers; no Merchant coordinate snapshot available""}"	"[""D3005 / Flame Demon Soldier Spawn"", ""D3005 / Ice Break Demon Soldier Spawn"", ""D3005 / Thunder Demon Soldier Spawn"", ""D3005 / Whirlwind Demon Soldier Spawn"", ""D3005 / Guardian Sword Disciple Spawn"", ""D3005 / Guardian Spell Disciple Spawn"", ""D3005 / Guardian Fire Disciple Spawn"", ""D3005 / Suzaku Heavenly King Spawn"", ""D3005 / Xuanwu Heavenly King Spawn"", ""D3005 / Baihu Heavenly King Spawn"", ""D3005 / Qinglong Heavenly King Spawn""]"	"{""status"": ""pending"", ""walkable_cells"": null, ""total_cells"": null, ""walkable_ratio"": null}"	"{""status"": ""pass"", ""walkable_cells"": 75075, ""total_cells"": 160000, ""walkable_ratio"": 0.469219}"	pending landmark mapping; no blind coordinate reuse	blocked	low	"{""relation"": ""hero-kill or Zircon map file missing"", ""hero_kill_sha256"": null, ""zircon_sha256"": ""078fbaf5b8a3866b632f3a116e205ffb1640fa0a6c866504a85afc6251f2a991""}"
14				"{""index"": 1149, ""file"": ""14"", ""description"": ""月河城""}"	/home/tetsuya/development/zircon/Debug/ServerCore/Map/14.map	pending	"{""hero_kill"": {""width"": null, ""height"": null}, ""zircon"": {""width"": 200, ""height"": 200}}"	"{""region_count"": 6, ""region_landmark_samples"": [""14 / Teleport Source"", ""14 / Teleport Source"", ""14 / Teleport Source"", ""14 / Teleport Destination"", ""14 / Teleport Destination"", ""14 / Teleport Destination""], ""guard_count"": 0, ""guard_samples"": [], ""connected_maps"": [""D009""], ""coordinate_evidence"": ""MapRegion PointRegion centers; no Merchant coordinate snapshot available""}"	"[""14 / Teleport Source"", ""14 / Teleport Source"", ""14 / Teleport Source"", ""14 / Teleport Destination"", ""14 / Teleport Destination"", ""14 / Teleport Destination""]"	"{""status"": ""pending"", ""walkable_cells"": null, ""total_cells"": null, ""walkable_ratio"": null}"	"{""status"": ""pass"", ""walkable_cells"": 15636, ""total_cells"": 40000, ""walkable_ratio"": 0.3909}"	pending landmark mapping; no blind coordinate reuse	blocked	low	"{""relation"": ""hero-kill or Zircon map file missing"", ""hero_kill_sha256"": null, ""zircon_sha256"": ""9fe4f6b1fb007c740ff0dc83c416062e88ef4e82912200acf47ce26efc7cfd39""}"
D009				"{""index"": 1150, ""file"": ""D009"", ""description"": ""月河渊""}"	/home/tetsuya/development/zircon/Debug/ServerCore/Map/D009.map	pending	"{""hero_kill"": {""width"": null, ""height"": null}, ""zircon"": {""width"": 800, ""height"": 800}}"	"{""region_count"": 6, ""region_landmark_samples"": [""D009 / Teleport Destination"", ""D009 / Teleport Destination"", ""D009 / Teleport Destination"", ""D009 / Teleport Source"", ""D009 / Teleport Source"", ""D009 / Teleport Source""], ""guard_count"": 0, ""guard_samples"": [], ""connected_maps"": [""14""], ""coordinate_evidence"": ""MapRegion PointRegion centers; no Merchant coordinate snapshot available""}"	"[""D009 / Teleport Destination"", ""D009 / Teleport Destination"", ""D009 / Teleport Destination"", ""D009 / Teleport Source"", ""D009 / Teleport Source"", ""D009 / Teleport Source""]"	"{""status"": ""pending"", ""walkable_cells"": null, ""total_cells"": null, ""walkable_ratio"": null}"	"{""status"": ""pass"", ""walkable_cells"": 382766, ""total_cells"": 640000, ""walkable_ratio"": 0.598072}"	pending landmark mapping; no blind coordinate reuse	blocked	low	"{""relation"": ""hero-kill or Zircon map file missing"", ""hero_kill_sha256"": null, ""zircon_sha256"": ""46d4b5bca9121c3d922736675b856001e39505503cb84e4d43e9724c12ca3cd0""}"
D3101				"{""index"": 1151, ""file"": ""D3101"", ""description"": ""卧龙寺""}"	/home/tetsuya/development/zircon/Debug/ServerCore/Map/D3101.map	pending	"{""hero_kill"": {""width"": null, ""height"": null}, ""zircon"": {""width"": 300, ""height"": 300}}"	"{""region_count"": 36, ""region_landmark_samples"": [""D3101 / Moon River Ghost Spawn"", ""D3101 / Moon River Arhat Spawn"", ""D3101 / Moon River Rat Immortal Spawn"", ""D3101 / Moon River Phantom Spawn"", ""D3101 / Centaur Warrior Spawn"", ""D3101 / Tree Elf Spawn"", ""D3101 / War Horse General Spawn"", ""D3101 / Moon River Ghost Spawn"", ""D3101 / Moon River Arhat Spawn"", ""D3101 / Moon River Rat Immortal Spawn"", ""D3101 / Moon River Phantom Spawn"", ""D3101 / Centaur Warrior Spawn"", ""D3101 / Tree Elf Spawn"", ""D3101 / War Horse General Spawn"", ""D3101 / Moon River Ghost Spawn"", ""D3101 / Moon River Arhat Spawn"", ""D3101 / Moon River Rat Immortal Spawn"", ""D3101 / Moon River Phantom Spawn"", ""D3101 / Centaur Warrior Spawn"", ""D3101 / Tree Elf Spawn"", ""D3101 / War Horse General Spawn"", ""D3101 / Moon River Ghost Spawn"", ""D3101 / Moon River Arhat Spawn"", ""D3101 / Moon River Rat Immortal Spawn"", ""D3101 / Moon River Phantom Spawn"", ""D3101 / Centaur Warrior Spawn"", ""D3101 / Tree Elf Spawn"", ""D3101 / War Horse General Spawn"", ""D3101 / Moon River Ghost Spawn"", ""D3101 / Moon River Arhat Spawn"", ""D3101 / Moon River Rat Immortal Spawn"", ""D3101 / Moon River Phantom Spawn"", ""D3101 / Centaur Warrior Spawn"", ""D3101 / Tree Elf Spawn"", ""D3101 / War Horse General Spawn"", ""D3101 / Teleport Source""], ""guard_count"": 0, ""guard_samples"": [], ""connected_maps"": [], ""coordinate_evidence"": ""MapRegion PointRegion centers; no Merchant coordinate snapshot available""}"	"[""D3101 / Moon River Ghost Spawn"", ""D3101 / Moon River Arhat Spawn"", ""D3101 / Moon River Rat Immortal Spawn"", ""D3101 / Moon River Phantom Spawn"", ""D3101 / Centaur Warrior Spawn"", ""D3101 / Tree Elf Spawn"", ""D3101 / War Horse General Spawn"", ""D3101 / Moon River Ghost Spawn"", ""D3101 / Moon River Arhat Spawn"", ""D3101 / Moon River Rat Immortal Spawn"", ""D3101 / Moon River Phantom Spawn"", ""D3101 / Centaur Warrior Spawn"", ""D3101 / Tree Elf Spawn"", ""D3101 / War Horse General Spawn"", ""D3101 / Moon River Ghost Spawn"", ""D3101 / Moon River Arhat Spawn"", ""D3101 / Moon River Rat Immortal Spawn"", ""D3101 / Moon River Phantom Spawn"", ""D3101 / Centaur Warrior Spawn"", ""D3101 / Tree Elf Spawn"", ""D3101 / War Horse General Spawn"", ""D3101 / Moon River Ghost Spawn"", ""D3101 / Moon River Arhat Spawn"", ""D3101 / Moon River Rat Immortal Spawn"", ""D3101 / Moon River Phantom Spawn"", ""D3101 / Centaur Warrior Spawn"", ""D3101 / Tree Elf Spawn"", ""D3101 / War Horse General Spawn"", ""D3101 / Moon River Ghost Spawn"", ""D3101 / Moon River Arhat Spawn"", ""D3101 / Moon River Rat Immortal Spawn"", ""D3101 / Moon River Phantom Spawn"", ""D3101 / Centaur Warrior Spawn"", ""D3101 / Tree Elf Spawn"", ""D3101 / War Horse General Spawn"", ""D3101 / Teleport Source""]"	"{""status"": ""pending"", ""walkable_cells"": null, ""total_cells"": null, ""walkable_ratio"": null}"	"{""status"": ""pass"", ""walkable_cells"": 26428, ""total_cells"": 90000, ""walkable_ratio"": 0.293644}"	pending landmark mapping; no blind coordinate reuse	blocked	low	"{""relation"": ""hero-kill or Zircon map file missing"", ""hero_kill_sha256"": null, ""zircon_sha256"": ""12294bcc3025d63d01f531f5620ee14b3443764d601c2a3d414ccf451b309542""}"
D3102				"{""index"": 1152, ""file"": ""D3102"", ""description"": ""卧龙宫""}"	/home/tetsuya/development/zircon/Debug/ServerCore/Map/D3102.map	pending	"{""hero_kill"": {""width"": null, ""height"": null}, ""zircon"": {""width"": 100, ""height"": 100}}"	"{""region_count"": 8, ""region_landmark_samples"": [""D3102 / Moon River Ghost Spawn"", ""D3102 / Moon River Arhat Spawn"", ""D3102 / Moon River Rat Immortal Spawn"", ""D3102 / Moon River Phantom Spawn"", ""D3102 / Centaur Warrior Spawn"", ""D3102 / Tree Elf Spawn"", ""D3102 / War Horse General Spawn"", ""D3102 / Teleport Destination""], ""guard_count"": 0, ""guard_samples"": [], ""connected_maps"": [], ""coordinate_evidence"": ""MapRegion PointRegion centers; no Merchant coordinate snapshot available""}"	"[""D3102 / Moon River Ghost Spawn"", ""D3102 / Moon River Arhat Spawn"", ""D3102 / Moon River Rat Immortal Spawn"", ""D3102 / Moon River Phantom Spawn"", ""D3102 / Centaur Warrior Spawn"", ""D3102 / Tree Elf Spawn"", ""D3102 / War Horse General Spawn"", ""D3102 / Teleport Destination""]"	"{""status"": ""pending"", ""walkable_cells"": null, ""total_cells"": null, ""walkable_ratio"": null}"	"{""status"": ""pass"", ""walkable_cells"": 2259, ""total_cells"": 10000, ""walkable_ratio"": 0.2259}"	pending landmark mapping; no blind coordinate reuse	blocked	low	"{""relation"": ""hero-kill or Zircon map file missing"", ""hero_kill_sha256"": null, ""zircon_sha256"": ""42e4c247cd71e1629a702bc77f7ea3d98274f5ed0a53b9bca94eab1a457f7e4e""}"
D010				"{""index"": 1153, ""file"": ""D010"", ""description"": ""鬼域林""}"	/home/tetsuya/development/zircon/Debug/ServerCore/Map/D010.map	pending	"{""hero_kill"": {""width"": null, ""height"": null}, ""zircon"": {""width"": 800, ""height"": 800}}"	"{""region_count"": 18, ""region_landmark_samples"": [""D010 / Frost Stone Beast Spawn"", ""D010 / Jungle Mammoth Spawn"", ""D010 / Unicorn Rhino Spawn"", ""D010 / Wounded Soul Corpse Spawn"", ""D010 / Desolation Corpse Spawn"", ""D010 / Deep Mud Man Spawn"", ""D010 / Frost Stone Beast Spawn"", ""D010 / Jungle Mammoth Spawn"", ""D010 / Unicorn Rhino Spawn"", ""D010 / Desolation Corpse Spawn"", ""D010 / Wounded Soul Corpse Spawn"", ""D010 / Deep Mud Man Spawn"", ""D010 / Frost Stone Beast Spawn"", ""D010 / Jungle Mammoth Spawn"", ""D010 / Unicorn Rhino Spawn"", ""D010 / Desolation Corpse Spawn"", ""D010 / Wounded Soul Corpse Spawn"", ""D010 / Deep Mud Man Spawn""], ""guard_count"": 0, ""guard_samples"": [], ""connected_maps"": [], ""coordinate_evidence"": ""MapRegion PointRegion centers; no Merchant coordinate snapshot available""}"	"[""D010 / Frost Stone Beast Spawn"", ""D010 / Jungle Mammoth Spawn"", ""D010 / Unicorn Rhino Spawn"", ""D010 / Wounded Soul Corpse Spawn"", ""D010 / Desolation Corpse Spawn"", ""D010 / Deep Mud Man Spawn"", ""D010 / Frost Stone Beast Spawn"", ""D010 / Jungle Mammoth Spawn"", ""D010 / Unicorn Rhino Spawn"", ""D010 / Desolation Corpse Spawn"", ""D010 / Wounded Soul Corpse Spawn"", ""D010 / Deep Mud Man Spawn"", ""D010 / Frost Stone Beast Spawn"", ""D010 / Jungle Mammoth Spawn"", ""D010 / Unicorn Rhino Spawn"", ""D010 / Desolation Corpse Spawn"", ""D010 / Wounded Soul Corpse Spawn"", ""D010 / Deep Mud Man Spawn""]"	"{""status"": ""pending"", ""walkable_cells"": null, ""total_cells"": null, ""walkable_ratio"": null}"	"{""status"": ""pass"", ""walkable_cells"": 194731, ""total_cells"": 640000, ""walkable_ratio"": 0.304267}"	pending landmark mapping; no blind coordinate reuse	blocked	low	"{""relation"": ""hero-kill or Zircon map file missing"", ""hero_kill_sha256"": null, ""zircon_sha256"": ""e728cd5da751af7c0daa010c86175d8f48c3453256eb32e83b924bbca3e9527c""}"
EV002				"{""index"": 1154, ""file"": ""EV002"", ""description"": ""黑暗巢穴""}"	/home/tetsuya/development/zircon/Debug/ServerCore/Map/EV002.map	pending	"{""hero_kill"": {""width"": null, ""height"": null}, ""zircon"": {""width"": 80, ""height"": 80}}"	"{""region_count"": 1, ""region_landmark_samples"": [], ""guard_count"": 0, ""guard_samples"": [], ""connected_maps"": [], ""coordinate_evidence"": ""MapRegion PointRegion centers; no Merchant coordinate snapshot available""}"	[]	"{""status"": ""pending"", ""walkable_cells"": null, ""total_cells"": null, ""walkable_ratio"": null}"	"{""status"": ""pass"", ""walkable_cells"": 1873, ""total_cells"": 6400, ""walkable_ratio"": 0.292656}"	pending landmark mapping; no blind coordinate reuse	blocked	low	"{""relation"": ""hero-kill or Zircon map file missing"", ""hero_kill_sha256"": null, ""zircon_sha256"": ""99a96ef741ed2e66569485312d28268b9f950c07886445e85726047f5f1dc15e""}"
E003				"{""index"": 1155, ""file"": ""E003"", ""description"": ""青青草原""}"	/home/tetsuya/development/zircon/Debug/ServerCore/Map/E003.map	pending	"{""hero_kill"": {""width"": null, ""height"": null}, ""zircon"": {""width"": 80, ""height"": 80}}"	"{""region_count"": 1, ""region_landmark_samples"": [], ""guard_count"": 0, ""guard_samples"": [], ""connected_maps"": [], ""coordinate_evidence"": ""MapRegion PointRegion centers; no Merchant coordinate snapshot available""}"	[]	"{""status"": ""pending"", ""walkable_cells"": null, ""total_cells"": null, ""walkable_ratio"": null}"	"{""status"": ""pass"", ""walkable_cells"": 2698, ""total_cells"": 6400, ""walkable_ratio"": 0.421563}"	pending landmark mapping; no blind coordinate reuse	blocked	low	"{""relation"": ""hero-kill or Zircon map file missing"", ""hero_kill_sha256"": null, ""zircon_sha256"": ""fe71d0ceb652f63585ba6814495dfdda4dcc2a69a8c56b5b4f70d1be66e2b681""}"
TNakwon_001				"{""index"": 1156, ""file"": ""TNakwon_001"", ""description"": ""幽暗森林""}"	/home/tetsuya/development/zircon/Debug/ServerCore/Map/TNakwon_001.map	pending	"{""hero_kill"": {""width"": null, ""height"": null}, ""zircon"": {""width"": 150, ""height"": 150}}"	"{""region_count"": 1, ""region_landmark_samples"": [], ""guard_count"": 0, ""guard_samples"": [], ""connected_maps"": [], ""coordinate_evidence"": ""MapRegion PointRegion centers; no Merchant coordinate snapshot available""}"	[]	"{""status"": ""pending"", ""walkable_cells"": null, ""total_cells"": null, ""walkable_ratio"": null}"	"{""status"": ""pass"", ""walkable_cells"": 3648, ""total_cells"": 22500, ""walkable_ratio"": 0.162133}"	pending landmark mapping; no blind coordinate reuse	blocked	low	"{""relation"": ""hero-kill or Zircon map file missing"", ""hero_kill_sha256"": null, ""zircon_sha256"": ""1a8bdfcec0c6041b4cc1d410d505e1d51a9c154fdd3d4499a121a717b5ace7d7""}"
E004				"{""index"": 1157, ""file"": ""E004"", ""description"": ""钓鱼岛""}"	/home/tetsuya/development/zircon/Debug/ServerCore/Map/E004.map	pending	"{""hero_kill"": {""width"": null, ""height"": null}, ""zircon"": {""width"": 80, ""height"": 80}}"	"{""region_count"": 1, ""region_landmark_samples"": [], ""guard_count"": 0, ""guard_samples"": [], ""connected_maps"": [], ""coordinate_evidence"": ""MapRegion PointRegion centers; no Merchant coordinate snapshot available""}"	[]	"{""status"": ""pending"", ""walkable_cells"": null, ""total_cells"": null, ""walkable_ratio"": null}"	"{""status"": ""pass"", ""walkable_cells"": 2698, ""total_cells"": 6400, ""walkable_ratio"": 0.421563}"	pending landmark mapping; no blind coordinate reuse	blocked	low	"{""relation"": ""hero-kill or Zircon map file missing"", ""hero_kill_sha256"": null, ""zircon_sha256"": ""fe71d0ceb652f63585ba6814495dfdda4dcc2a69a8c56b5b4f70d1be66e2b681""}"
D2901				"{""index"": 1158, ""file"": ""D2901"", ""description"": ""会员练级""}"	/home/tetsuya/development/zircon/Debug/ServerCore/Map/D2901.map	pending	"{""hero_kill"": {""width"": null, ""height"": null}, ""zircon"": {""width"": 300, ""height"": 300}}"	"{""region_count"": 66, ""region_landmark_samples"": [""D2901 / Ice Plain Wolf King Spawn"", ""D2901 / Ice Palace Knight Spawn"", ""D2901 / Otherworld Light Guard Spawn"", ""D2901 / Otherworld Red Mage Spawn"", ""D2901 / Guardian Sword Disciple Spawn"", ""D2901 / Otherworld Sea General Spawn"", ""D2901 / Ice Plain Wolf King Spawn"", ""D2901 / Ice Palace Knight Spawn"", ""D2901 / Otherworld Light Guard Spawn"", ""D2901 / Otherworld Red Mage Spawn"", ""D2901 / Guardian Sword Disciple Spawn"", ""D2901 / Otherworld Sea General Spawn"", ""D2901 / Ice Plain Wolf King Spawn"", ""D2901 / Ice Palace Knight Spawn"", ""D2901 / Otherworld Light Guard Spawn"", ""D2901 / Otherworld Red Mage Spawn"", ""D2901 / Guardian Sword Disciple Spawn"", ""D2901 / Otherworld Sea General Spawn"", ""D2901 / Ice Plain Wolf King Spawn"", ""D2901 / Ice Palace Knight Spawn"", ""D2901 / Otherworld Light Guard Spawn"", ""D2901 / Otherworld Red Mage Spawn"", ""D2901 / Guardian Sword Disciple Spawn"", ""D2901 / Otherworld Sea General Spawn"", ""D2901 / Ice Plain Wolf King Spawn"", ""D2901 / Ice Palace Knight Spawn"", ""D2901 / Otherworld Light Guard Spawn"", ""D2901 / Otherworld Red Mage Spawn"", ""D2901 / Guardian Sword Disciple Spawn"", ""D2901 / Otherworld Sea General Spawn"", ""D2901 / Ice Plain Wolf King Spawn"", ""D2901 / Ice Palace Knight Spawn"", ""D2901 / Otherworld Light Guard Spawn"", ""D2901 / Otherworld Red Mage Spawn"", ""D2901 / Guardian Sword Disciple Spawn"", ""D2901 / Otherworld Sea General Spawn"", ""D2901 / Ice Plain Wolf King Spawn"", ""D2901 / Ice Palace Knight Spawn"", ""D2901 / Otherworld Light Guard Spawn"", ""D2901 / Otherworld Red Mage Spawn""], ""guard_count"": 0, ""guard_samples"": [], ""connected_maps"": [], ""coordinate_evidence"": ""MapRegion PointRegion centers; no Merchant coordinate snapshot available""}"	"[""D2901 / Ice Plain Wolf King Spawn"", ""D2901 / Ice Palace Knight Spawn"", ""D2901 / Otherworld Light Guard Spawn"", ""D2901 / Otherworld Red Mage Spawn"", ""D2901 / Guardian Sword Disciple Spawn"", ""D2901 / Otherworld Sea General Spawn"", ""D2901 / Ice Plain Wolf King Spawn"", ""D2901 / Ice Palace Knight Spawn"", ""D2901 / Otherworld Light Guard Spawn"", ""D2901 / Otherworld Red Mage Spawn"", ""D2901 / Guardian Sword Disciple Spawn"", ""D2901 / Otherworld Sea General Spawn"", ""D2901 / Ice Plain Wolf King Spawn"", ""D2901 / Ice Palace Knight Spawn"", ""D2901 / Otherworld Light Guard Spawn"", ""D2901 / Otherworld Red Mage Spawn"", ""D2901 / Guardian Sword Disciple Spawn"", ""D2901 / Otherworld Sea General Spawn"", ""D2901 / Ice Plain Wolf King Spawn"", ""D2901 / Ice Palace Knight Spawn"", ""D2901 / Otherworld Light Guard Spawn"", ""D2901 / Otherworld Red Mage Spawn"", ""D2901 / Guardian Sword Disciple Spawn"", ""D2901 / Otherworld Sea General Spawn"", ""D2901 / Ice Plain Wolf King Spawn"", ""D2901 / Ice Palace Knight Spawn"", ""D2901 / Otherworld Light Guard Spawn"", ""D2901 / Otherworld Red Mage Spawn"", ""D2901 / Guardian Sword Disciple Spawn"", ""D2901 / Otherworld Sea General Spawn"", ""D2901 / Ice Plain Wolf King Spawn"", ""D2901 / Ice Palace Knight Spawn"", ""D2901 / Otherworld Light Guard Spawn"", ""D2901 / Otherworld Red Mage Spawn"", ""D2901 / Guardian Sword Disciple Spawn"", ""D2901 / Otherworld Sea General Spawn"", ""D2901 / Ice Plain Wolf King Spawn"", ""D2901 / Ice Palace Knight Spawn"", ""D2901 / Otherworld Light Guard Spawn"", ""D2901 / Otherworld Red Mage Spawn""]"	"{""status"": ""pending"", ""walkable_cells"": null, ""total_cells"": null, ""walkable_ratio"": null}"	"{""status"": ""pass"", ""walkable_cells"": 36222, ""total_cells"": 90000, ""walkable_ratio"": 0.402467}"	pending landmark mapping; no blind coordinate reuse	blocked	low	"{""relation"": ""hero-kill or Zircon map file missing"", ""hero_kill_sha256"": null, ""zircon_sha256"": ""5e92c57413805f442f3f624e5674bd3bd89311bb9f8f5419dfb988eccee1f5f4""}"
ID1_001				"{""index"": 1159, ""file"": ""ID1_001"", ""description"": ""桃园小路""}"	/home/tetsuya/development/zircon/Debug/ServerCore/Map/ID1_001.map	pending	"{""hero_kill"": {""width"": null, ""height"": null}, ""zircon"": {""width"": 200, ""height"": 200}}"	"{""region_count"": 8, ""region_landmark_samples"": [""ID1_001 / Taoyuan Cavalry Spawn"", ""ID1_001 / Taoyuan Infantry Spawn"", ""ID1_001 / Taoyuan Ice Flower Spawn"", ""ID1_001 / Taoyuan Ice Phoenix Spawn"", ""ID1_001 / Taoyuan Cavalry Spawn"", ""ID1_001 / Taoyuan Infantry Spawn"", ""ID1_001 / Taoyuan Ice Flower Spawn"", ""ID1_001 / Taoyuan Ice Phoenix Spawn""], ""guard_count"": 0, ""guard_samples"": [], ""connected_maps"": [], ""coordinate_evidence"": ""MapRegion PointRegion centers; no Merchant coordinate snapshot available""}"	"[""ID1_001 / Taoyuan Cavalry Spawn"", ""ID1_001 / Taoyuan Infantry Spawn"", ""ID1_001 / Taoyuan Ice Flower Spawn"", ""ID1_001 / Taoyuan Ice Phoenix Spawn"", ""ID1_001 / Taoyuan Cavalry Spawn"", ""ID1_001 / Taoyuan Infantry Spawn"", ""ID1_001 / Taoyuan Ice Flower Spawn"", ""ID1_001 / Taoyuan Ice Phoenix Spawn""]"	"{""status"": ""pending"", ""walkable_cells"": null, ""total_cells"": null, ""walkable_ratio"": null}"	"{""status"": ""pass"", ""walkable_cells"": 5018, ""total_cells"": 40000, ""walkable_ratio"": 0.12545}"	pending landmark mapping; no blind coordinate reuse	blocked	low	"{""relation"": ""hero-kill or Zircon map file missing"", ""hero_kill_sha256"": null, ""zircon_sha256"": ""6015b182e7dd7647374ce3f979120e7d86c3f76ac54422bfd29e80774e8fcae3""}"
ID1_002				"{""index"": 1160, ""file"": ""ID1_002"", ""description"": ""桃园歧路""}"	/home/tetsuya/development/zircon/Debug/ServerCore/Map/ID1_002.map	pending	"{""hero_kill"": {""width"": null, ""height"": null}, ""zircon"": {""width"": 400, ""height"": 400}}"	"{""region_count"": 32, ""region_landmark_samples"": [""ID1_002 / Taoyuan Cavalry Spawn"", ""ID1_002 / Taoyuan Infantry Spawn"", ""ID1_002 / Taoyuan Ice Flower Spawn"", ""ID1_002 / Taoyuan Ice Phoenix Spawn"", ""ID1_002 / Taoyuan Cavalry Spawn"", ""ID1_002 / Taoyuan Infantry Spawn"", ""ID1_002 / Taoyuan Ice Flower Spawn"", ""ID1_002 / Taoyuan Ice Phoenix Spawn"", ""ID1_002 / Taoyuan Cavalry Spawn"", ""ID1_002 / Taoyuan Infantry Spawn"", ""ID1_002 / Taoyuan Ice Flower Spawn"", ""ID1_002 / Taoyuan Ice Phoenix Spawn"", ""ID1_002 / Taoyuan Cavalry Spawn"", ""ID1_002 / Taoyuan Infantry Spawn"", ""ID1_002 / Taoyuan Ice Flower Spawn"", ""ID1_002 / Taoyuan Ice Phoenix Spawn"", ""ID1_002 / Taoyuan Cavalry Spawn"", ""ID1_002 / Taoyuan Infantry Spawn"", ""ID1_002 / Taoyuan Ice Flower Spawn"", ""ID1_002 / Taoyuan Ice Phoenix Spawn"", ""ID1_002 / Taoyuan Cavalry Spawn"", ""ID1_002 / Taoyuan Infantry Spawn"", ""ID1_002 / Taoyuan Ice Flower Spawn"", ""ID1_002 / Taoyuan Ice Phoenix Spawn"", ""ID1_002 / Taoyuan Cavalry Spawn"", ""ID1_002 / Taoyuan Infantry Spawn"", ""ID1_002 / Taoyuan Ice Flower Spawn"", ""ID1_002 / Taoyuan Ice Phoenix Spawn"", ""ID1_002 / Taoyuan Cavalry Spawn"", ""ID1_002 / Taoyuan Infantry Spawn"", ""ID1_002 / Taoyuan Ice Flower Spawn"", ""ID1_002 / Taoyuan Ice Phoenix Spawn""], ""guard_count"": 0, ""guard_samples"": [], ""connected_maps"": [], ""coordinate_evidence"": ""MapRegion PointRegion centers; no Merchant coordinate snapshot available""}"	"[""ID1_002 / Taoyuan Cavalry Spawn"", ""ID1_002 / Taoyuan Infantry Spawn"", ""ID1_002 / Taoyuan Ice Flower Spawn"", ""ID1_002 / Taoyuan Ice Phoenix Spawn"", ""ID1_002 / Taoyuan Cavalry Spawn"", ""ID1_002 / Taoyuan Infantry Spawn"", ""ID1_002 / Taoyuan Ice Flower Spawn"", ""ID1_002 / Taoyuan Ice Phoenix Spawn"", ""ID1_002 / Taoyuan Cavalry Spawn"", ""ID1_002 / Taoyuan Infantry Spawn"", ""ID1_002 / Taoyuan Ice Flower Spawn"", ""ID1_002 / Taoyuan Ice Phoenix Spawn"", ""ID1_002 / Taoyuan Cavalry Spawn"", ""ID1_002 / Taoyuan Infantry Spawn"", ""ID1_002 / Taoyuan Ice Flower Spawn"", ""ID1_002 / Taoyuan Ice Phoenix Spawn"", ""ID1_002 / Taoyuan Cavalry Spawn"", ""ID1_002 / Taoyuan Infantry Spawn"", ""ID1_002 / Taoyuan Ice Flower Spawn"", ""ID1_002 / Taoyuan Ice Phoenix Spawn"", ""ID1_002 / Taoyuan Cavalry Spawn"", ""ID1_002 / Taoyuan Infantry Spawn"", ""ID1_002 / Taoyuan Ice Flower Spawn"", ""ID1_002 / Taoyuan Ice Phoenix Spawn"", ""ID1_002 / Taoyuan Cavalry Spawn"", ""ID1_002 / Taoyuan Infantry Spawn"", ""ID1_002 / Taoyuan Ice Flower Spawn"", ""ID1_002 / Taoyuan Ice Phoenix Spawn"", ""ID1_002 / Taoyuan Cavalry Spawn"", ""ID1_002 / Taoyuan Infantry Spawn"", ""ID1_002 / Taoyuan Ice Flower Spawn"", ""ID1_002 / Taoyuan Ice Phoenix Spawn""]"	"{""status"": ""pending"", ""walkable_cells"": null, ""total_cells"": null, ""walkable_ratio"": null}"	"{""status"": ""pass"", ""walkable_cells"": 25763, ""total_cells"": 160000, ""walkable_ratio"": 0.161019}"	pending landmark mapping; no blind coordinate reuse	blocked	low	"{""relation"": ""hero-kill or Zircon map file missing"", ""hero_kill_sha256"": null, ""zircon_sha256"": ""1e2cadba5989413884158f7762c8b678b8c13e6ba1f698a9d4735bd60970f4f4""}"
ID1_003				"{""index"": 1161, ""file"": ""ID1_003"", ""description"": ""桃园广场""}"	/home/tetsuya/development/zircon/Debug/ServerCore/Map/ID1_003.map	pending	"{""hero_kill"": {""width"": null, ""height"": null}, ""zircon"": {""width"": 200, ""height"": 200}}"	"{""region_count"": 4, ""region_landmark_samples"": [""ID1_003 / Taoyuan Cavalry Spawn"", ""ID1_003 / Taoyuan Infantry Spawn"", ""ID1_003 / Taoyuan Ice Flower Spawn"", ""ID1_003 / Taoyuan Ice Phoenix Spawn""], ""guard_count"": 0, ""guard_samples"": [], ""connected_maps"": [], ""coordinate_evidence"": ""MapRegion PointRegion centers; no Merchant coordinate snapshot available""}"	"[""ID1_003 / Taoyuan Cavalry Spawn"", ""ID1_003 / Taoyuan Infantry Spawn"", ""ID1_003 / Taoyuan Ice Flower Spawn"", ""ID1_003 / Taoyuan Ice Phoenix Spawn""]"	"{""status"": ""pending"", ""walkable_cells"": null, ""total_cells"": null, ""walkable_ratio"": null}"	"{""status"": ""pass"", ""walkable_cells"": 11316, ""total_cells"": 40000, ""walkable_ratio"": 0.2829}"	pending landmark mapping; no blind coordinate reuse	blocked	low	"{""relation"": ""hero-kill or Zircon map file missing"", ""hero_kill_sha256"": null, ""zircon_sha256"": ""3ad39f10bc38311da659b2f5ccde479e6af1954843b82181950b9421230ec4b4""}"
ID2_001				"{""index"": 1162, ""file"": ""ID2_001"", ""description"": ""桃园仙境1层""}"	/home/tetsuya/development/zircon/Debug/ServerCore/Map/ID2_001.map	pending	"{""hero_kill"": {""width"": null, ""height"": null}, ""zircon"": {""width"": 200, ""height"": 200}}"	"{""region_count"": 16, ""region_landmark_samples"": [""ID2_001 / Taoyuan Cavalry Spawn"", ""ID2_001 / Taoyuan Infantry Spawn"", ""ID2_001 / Taoyuan Fire Flower Spawn"", ""ID2_001 / Taoyuan Fire Phoenix Spawn"", ""ID2_001 / Taoyuan Cavalry Spawn"", ""ID2_001 / Taoyuan Infantry Spawn"", ""ID2_001 / Taoyuan Fire Flower Spawn"", ""ID2_001 / Taoyuan Fire Phoenix Spawn"", ""ID2_001 / Taoyuan Cavalry Spawn"", ""ID2_001 / Taoyuan Infantry Spawn"", ""ID2_001 / Taoyuan Fire Flower Spawn"", ""ID2_001 / Taoyuan Fire Phoenix Spawn"", ""ID2_001 / Taoyuan Cavalry Spawn"", ""ID2_001 / Taoyuan Infantry Spawn"", ""ID2_001 / Taoyuan Fire Flower Spawn"", ""ID2_001 / Taoyuan Fire Phoenix Spawn""], ""guard_count"": 0, ""guard_samples"": [], ""connected_maps"": [], ""coordinate_evidence"": ""MapRegion PointRegion centers; no Merchant coordinate snapshot available""}"	"[""ID2_001 / Taoyuan Cavalry Spawn"", ""ID2_001 / Taoyuan Infantry Spawn"", ""ID2_001 / Taoyuan Fire Flower Spawn"", ""ID2_001 / Taoyuan Fire Phoenix Spawn"", ""ID2_001 / Taoyuan Cavalry Spawn"", ""ID2_001 / Taoyuan Infantry Spawn"", ""ID2_001 / Taoyuan Fire Flower Spawn"", ""ID2_001 / Taoyuan Fire Phoenix Spawn"", ""ID2_001 / Taoyuan Cavalry Spawn"", ""ID2_001 / Taoyuan Infantry Spawn"", ""ID2_001 / Taoyuan Fire Flower Spawn"", ""ID2_001 / Taoyuan Fire Phoenix Spawn"", ""ID2_001 / Taoyuan Cavalry Spawn"", ""ID2_001 / Taoyuan Infantry Spawn"", ""ID2_001 / Taoyuan Fire Flower Spawn"", ""ID2_001 / Taoyuan Fire Phoenix Spawn""]"	"{""status"": ""pending"", ""walkable_cells"": null, ""total_cells"": null, ""walkable_ratio"": null}"	"{""status"": ""pass"", ""walkable_cells"": 6847, ""total_cells"": 40000, ""walkable_ratio"": 0.171175}"	pending landmark mapping; no blind coordinate reuse	blocked	low	"{""relation"": ""hero-kill or Zircon map file missing"", ""hero_kill_sha256"": null, ""zircon_sha256"": ""5edb8be62609f660848aeba55c7128ecd28608b0eed00ea2618038218f39f522""}"
ID2_002				"{""index"": 1163, ""file"": ""ID2_002"", ""description"": ""桃园仙境2层""}"	/home/tetsuya/development/zircon/Debug/ServerCore/Map/ID2_002.map	pending	"{""hero_kill"": {""width"": null, ""height"": null}, ""zircon"": {""width"": 400, ""height"": 400}}"	"{""region_count"": 40, ""region_landmark_samples"": [""ID2_002 / Taoyuan Cavalry Spawn"", ""ID2_002 / Taoyuan Infantry Spawn"", ""ID2_002 / Taoyuan Fire Flower Spawn"", ""ID2_002 / Taoyuan Fire Phoenix Spawn"", ""ID2_002 / Taoyuan Cavalry Spawn"", ""ID2_002 / Taoyuan Infantry Spawn"", ""ID2_002 / Taoyuan Fire Flower Spawn"", ""ID2_002 / Taoyuan Fire Phoenix Spawn"", ""ID2_002 / Taoyuan Cavalry Spawn"", ""ID2_002 / Taoyuan Infantry Spawn"", ""ID2_002 / Taoyuan Fire Flower Spawn"", ""ID2_002 / Taoyuan Fire Phoenix Spawn"", ""ID2_002 / Taoyuan Cavalry Spawn"", ""ID2_002 / Taoyuan Infantry Spawn"", ""ID2_002 / Taoyuan Fire Flower Spawn"", ""ID2_002 / Taoyuan Fire Phoenix Spawn"", ""ID2_002 / Taoyuan Cavalry Spawn"", ""ID2_002 / Taoyuan Infantry Spawn"", ""ID2_002 / Taoyuan Fire Flower Spawn"", ""ID2_002 / Taoyuan Fire Phoenix Spawn"", ""ID2_002 / Taoyuan Cavalry Spawn"", ""ID2_002 / Taoyuan Infantry Spawn"", ""ID2_002 / Taoyuan Fire Flower Spawn"", ""ID2_002 / Taoyuan Fire Phoenix Spawn"", ""ID2_002 / Taoyuan Cavalry Spawn"", ""ID2_002 / Taoyuan Infantry Spawn"", ""ID2_002 / Taoyuan Fire Flower Spawn"", ""ID2_002 / Taoyuan Fire Phoenix Spawn"", ""ID2_002 / Taoyuan Cavalry Spawn"", ""ID2_002 / Taoyuan Infantry Spawn"", ""ID2_002 / Taoyuan Fire Flower Spawn"", ""ID2_002 / Taoyuan Fire Phoenix Spawn"", ""ID2_002 / Taoyuan Cavalry Spawn"", ""ID2_002 / Taoyuan Infantry Spawn"", ""ID2_002 / Taoyuan Fire Flower Spawn"", ""ID2_002 / Taoyuan Fire Phoenix Spawn"", ""ID2_002 / Taoyuan Cavalry Spawn"", ""ID2_002 / Taoyuan Infantry Spawn"", ""ID2_002 / Taoyuan Fire Flower Spawn"", ""ID2_002 / Taoyuan Fire Phoenix Spawn""], ""guard_count"": 0, ""guard_samples"": [], ""connected_maps"": [], ""coordinate_evidence"": ""MapRegion PointRegion centers; no Merchant coordinate snapshot available""}"	"[""ID2_002 / Taoyuan Cavalry Spawn"", ""ID2_002 / Taoyuan Infantry Spawn"", ""ID2_002 / Taoyuan Fire Flower Spawn"", ""ID2_002 / Taoyuan Fire Phoenix Spawn"", ""ID2_002 / Taoyuan Cavalry Spawn"", ""ID2_002 / Taoyuan Infantry Spawn"", ""ID2_002 / Taoyuan Fire Flower Spawn"", ""ID2_002 / Taoyuan Fire Phoenix Spawn"", ""ID2_002 / Taoyuan Cavalry Spawn"", ""ID2_002 / Taoyuan Infantry Spawn"", ""ID2_002 / Taoyuan Fire Flower Spawn"", ""ID2_002 / Taoyuan Fire Phoenix Spawn"", ""ID2_002 / Taoyuan Cavalry Spawn"", ""ID2_002 / Taoyuan Infantry Spawn"", ""ID2_002 / Taoyuan Fire Flower Spawn"", ""ID2_002 / Taoyuan Fire Phoenix Spawn"", ""ID2_002 / Taoyuan Cavalry Spawn"", ""ID2_002 / Taoyuan Infantry Spawn"", ""ID2_002 / Taoyuan Fire Flower Spawn"", ""ID2_002 / Taoyuan Fire Phoenix Spawn"", ""ID2_002 / Taoyuan Cavalry Spawn"", ""ID2_002 / Taoyuan Infantry Spawn"", ""ID2_002 / Taoyuan Fire Flower Spawn"", ""ID2_002 / Taoyuan Fire Phoenix Spawn"", ""ID2_002 / Taoyuan Cavalry Spawn"", ""ID2_002 / Taoyuan Infantry Spawn"", ""ID2_002 / Taoyuan Fire Flower Spawn"", ""ID2_002 / Taoyuan Fire Phoenix Spawn"", ""ID2_002 / Taoyuan Cavalry Spawn"", ""ID2_002 / Taoyuan Infantry Spawn"", ""ID2_002 / Taoyuan Fire Flower Spawn"", ""ID2_002 / Taoyuan Fire Phoenix Spawn"", ""ID2_002 / Taoyuan Cavalry Spawn"", ""ID2_002 / Taoyuan Infantry Spawn"", ""ID2_002 / Taoyuan Fire Flower Spawn"", ""ID2_002 / Taoyuan Fire Phoenix Spawn"", ""ID2_002 / Taoyuan Cavalry Spawn"", ""ID2_002 / Taoyuan Infantry Spawn"", ""ID2_002 / Taoyuan Fire Flower Spawn"", ""ID2_002 / Taoyuan Fire Phoenix Spawn""]"	"{""status"": ""pending"", ""walkable_cells"": null, ""total_cells"": null, ""walkable_ratio"": null}"	"{""status"": ""pass"", ""walkable_cells"": 26385, ""total_cells"": 160000, ""walkable_ratio"": 0.164906}"	pending landmark mapping; no blind coordinate reuse	blocked	low	"{""relation"": ""hero-kill or Zircon map file missing"", ""hero_kill_sha256"": null, ""zircon_sha256"": ""a602cda1b66e1c320ff5c47b5e4a47c44253489c013c770565a611b2e1cff980""}"
ID2_003				"{""index"": 1164, ""file"": ""ID2_003"", ""description"": ""桃园大厅""}"	/home/tetsuya/development/zircon/Debug/ServerCore/Map/ID2_003.map	pending	"{""hero_kill"": {""width"": null, ""height"": null}, ""zircon"": {""width"": 100, ""height"": 100}}"	"{""region_count"": 4, ""region_landmark_samples"": [""ID2_003 / Taoyuan Cavalry Spawn"", ""ID2_003 / Taoyuan Infantry Spawn"", ""ID2_003 / Taoyuan Fire Flower Spawn"", ""ID2_003 / Taoyuan Fire Phoenix Spawn""], ""guard_count"": 0, ""guard_samples"": [], ""connected_maps"": [], ""coordinate_evidence"": ""MapRegion PointRegion centers; no Merchant coordinate snapshot available""}"	"[""ID2_003 / Taoyuan Cavalry Spawn"", ""ID2_003 / Taoyuan Infantry Spawn"", ""ID2_003 / Taoyuan Fire Flower Spawn"", ""ID2_003 / Taoyuan Fire Phoenix Spawn""]"	"{""status"": ""pending"", ""walkable_cells"": null, ""total_cells"": null, ""walkable_ratio"": null}"	"{""status"": ""pass"", ""walkable_cells"": 2597, ""total_cells"": 10000, ""walkable_ratio"": 0.2597}"	pending landmark mapping; no blind coordinate reuse	blocked	low	"{""relation"": ""hero-kill or Zircon map file missing"", ""hero_kill_sha256"": null, ""zircon_sha256"": ""5192ebdbf6ddfbf00fa4a9e7a018884612409dd53c4d2e39aa49613fa69aa9d8""}"
02_0061				"{""index"": 1165, ""file"": ""02_0061"", ""description"": ""竞技骑兵""}"	/home/tetsuya/development/zircon/Debug/ServerCore/Map/02_0061.map	renamed	"{""hero_kill"": {""width"": null, ""height"": null}, ""zircon"": {""width"": 50, ""height"": 50}}"	"{""region_count"": 1, ""region_landmark_samples"": [], ""guard_count"": 0, ""guard_samples"": [], ""connected_maps"": [], ""coordinate_evidence"": ""MapRegion PointRegion centers; no Merchant coordinate snapshot available""}"	[]	"{""status"": ""pending"", ""walkable_cells"": null, ""total_cells"": null, ""walkable_ratio"": null}"	"{""status"": ""pass"", ""walkable_cells"": 668, ""total_cells"": 2500, ""walkable_ratio"": 0.2672}"	identity logical-grid coordinates	allowed-after-point-check	medium	"{""relation"": ""Zircon bytes match hero-kill stem(s): 1_014, 02_004, 02_006"", ""hero_kill_sha256"": null, ""zircon_sha256"": ""a24157ba2099b3f74b1d31c9bd3e08b48d063bfbfac5d0830ea84a12508a1423""}"
02_0062				"{""index"": 1166, ""file"": ""02_0062"", ""description"": ""唯我独尊""}"	/home/tetsuya/development/zircon/Debug/ServerCore/Map/02_0062.map	renamed	"{""hero_kill"": {""width"": null, ""height"": null}, ""zircon"": {""width"": 50, ""height"": 50}}"	"{""region_count"": 1, ""region_landmark_samples"": [], ""guard_count"": 0, ""guard_samples"": [], ""connected_maps"": [], ""coordinate_evidence"": ""MapRegion PointRegion centers; no Merchant coordinate snapshot available""}"	[]	"{""status"": ""pending"", ""walkable_cells"": null, ""total_cells"": null, ""walkable_ratio"": null}"	"{""status"": ""pass"", ""walkable_cells"": 668, ""total_cells"": 2500, ""walkable_ratio"": 0.2672}"	identity logical-grid coordinates	allowed-after-point-check	medium	"{""relation"": ""Zircon bytes match hero-kill stem(s): 1_014, 02_004, 02_006"", ""hero_kill_sha256"": null, ""zircon_sha256"": ""a24157ba2099b3f74b1d31c9bd3e08b48d063bfbfac5d0830ea84a12508a1423""}"
1_0141				"{""index"": 1167, ""file"": ""1_0141"", ""description"": ""双倍经验""}"	/home/tetsuya/development/zircon/Debug/ServerCore/Map/1_0141.map	renamed	"{""hero_kill"": {""width"": null, ""height"": null}, ""zircon"": {""width"": 50, ""height"": 50}}"	"{""region_count"": 0, ""region_landmark_samples"": [], ""guard_count"": 0, ""guard_samples"": [], ""connected_maps"": [], ""coordinate_evidence"": ""MapRegion PointRegion centers; no Merchant coordinate snapshot available""}"	[]	"{""status"": ""pending"", ""walkable_cells"": null, ""total_cells"": null, ""walkable_ratio"": null}"	"{""status"": ""pass"", ""walkable_cells"": 668, ""total_cells"": 2500, ""walkable_ratio"": 0.2672}"	identity logical-grid coordinates	allowed-after-point-check	medium	"{""relation"": ""Zircon bytes match hero-kill stem(s): 1_014, 02_004, 02_006"", ""hero_kill_sha256"": null, ""zircon_sha256"": ""a24157ba2099b3f74b1d31c9bd3e08b48d063bfbfac5d0830ea84a12508a1423""}"
1_0142				"{""index"": 1168, ""file"": ""1_0142"", ""description"": ""双倍暴率""}"	/home/tetsuya/development/zircon/Debug/ServerCore/Map/1_0142.map	renamed	"{""hero_kill"": {""width"": null, ""height"": null}, ""zircon"": {""width"": 50, ""height"": 50}}"	"{""region_count"": 0, ""region_landmark_samples"": [], ""guard_count"": 0, ""guard_samples"": [], ""connected_maps"": [], ""coordinate_evidence"": ""MapRegion PointRegion centers; no Merchant coordinate snapshot available""}"	[]	"{""status"": ""pending"", ""walkable_cells"": null, ""total_cells"": null, ""walkable_ratio"": null}"	"{""status"": ""pass"", ""walkable_cells"": 668, ""total_cells"": 2500, ""walkable_ratio"": 0.2672}"	identity logical-grid coordinates	allowed-after-point-check	medium	"{""relation"": ""Zircon bytes match hero-kill stem(s): 1_014, 02_004, 02_006"", ""hero_kill_sha256"": null, ""zircon_sha256"": ""a24157ba2099b3f74b1d31c9bd3e08b48d063bfbfac5d0830ea84a12508a1423""}"
D35041				"{""index"": 1169, ""file"": ""D35041"", ""description"": ""修罗密道1""}"	/home/tetsuya/development/zircon/Debug/ServerCore/Map/D35041.map	pending	"{""hero_kill"": {""width"": null, ""height"": null}, ""zircon"": {""width"": 300, ""height"": 300}}"	"{""region_count"": 3, ""region_landmark_samples"": [""D35041 / Xiuluo Warrior Spawn"", ""D35041 / Xiuluo Mage Spawn"", ""D35041 / Xiuluo Taoist Spawn""], ""guard_count"": 0, ""guard_samples"": [], ""connected_maps"": [], ""coordinate_evidence"": ""MapRegion PointRegion centers; no Merchant coordinate snapshot available""}"	"[""D35041 / Xiuluo Warrior Spawn"", ""D35041 / Xiuluo Mage Spawn"", ""D35041 / Xiuluo Taoist Spawn""]"	"{""status"": ""pending"", ""walkable_cells"": null, ""total_cells"": null, ""walkable_ratio"": null}"	"{""status"": ""pass"", ""walkable_cells"": 5112, ""total_cells"": 90000, ""walkable_ratio"": 0.0568}"	pending landmark mapping; no blind coordinate reuse	blocked	low	"{""relation"": ""hero-kill or Zircon map file missing"", ""hero_kill_sha256"": null, ""zircon_sha256"": ""c6ba31f621996d884cdebfdd993f3e3a24509758c0488d25c22afc063edd1e8c""}"
D35042				"{""index"": 1170, ""file"": ""D35042"", ""description"": ""修罗密道2""}"	/home/tetsuya/development/zircon/Debug/ServerCore/Map/D35042.map	pending	"{""hero_kill"": {""width"": null, ""height"": null}, ""zircon"": {""width"": 300, ""height"": 300}}"	"{""region_count"": 3, ""region_landmark_samples"": [""D35042 / Xiuluo Warrior Spawn"", ""D35042 / Xiuluo Mage Spawn"", ""D35042 / Xiuluo Taoist Spawn""], ""guard_count"": 0, ""guard_samples"": [], ""connected_maps"": [], ""coordinate_evidence"": ""MapRegion PointRegion centers; no Merchant coordinate snapshot available""}"	"[""D35042 / Xiuluo Warrior Spawn"", ""D35042 / Xiuluo Mage Spawn"", ""D35042 / Xiuluo Taoist Spawn""]"	"{""status"": ""pending"", ""walkable_cells"": null, ""total_cells"": null, ""walkable_ratio"": null}"	"{""status"": ""pass"", ""walkable_cells"": 5094, ""total_cells"": 90000, ""walkable_ratio"": 0.0566}"	pending landmark mapping; no blind coordinate reuse	blocked	low	"{""relation"": ""hero-kill or Zircon map file missing"", ""hero_kill_sha256"": null, ""zircon_sha256"": ""b251d86cd40cac1f49435908428acf23aedb6e5190e4166d89d959a3155d5dcf""}"
D35043				"{""index"": 1171, ""file"": ""D35043"", ""description"": ""修罗密道3""}"	/home/tetsuya/development/zircon/Debug/ServerCore/Map/D35043.map	pending	"{""hero_kill"": {""width"": null, ""height"": null}, ""zircon"": {""width"": 300, ""height"": 300}}"	"{""region_count"": 3, ""region_landmark_samples"": [""D35043 / Xiuluo Warrior Spawn"", ""D35043 / Xiuluo Mage Spawn"", ""D35043 / Xiuluo Taoist Spawn""], ""guard_count"": 0, ""guard_samples"": [], ""connected_maps"": [], ""coordinate_evidence"": ""MapRegion PointRegion centers; no Merchant coordinate snapshot available""}"	"[""D35043 / Xiuluo Warrior Spawn"", ""D35043 / Xiuluo Mage Spawn"", ""D35043 / Xiuluo Taoist Spawn""]"	"{""status"": ""pending"", ""walkable_cells"": null, ""total_cells"": null, ""walkable_ratio"": null}"	"{""status"": ""pass"", ""walkable_cells"": 5094, ""total_cells"": 90000, ""walkable_ratio"": 0.0566}"	pending landmark mapping; no blind coordinate reuse	blocked	low	"{""relation"": ""hero-kill or Zircon map file missing"", ""hero_kill_sha256"": null, ""zircon_sha256"": ""c311fe36de67943ec1b7a604e1bd28e59deb5bc5940f86e67e0e8f41ea08e891""}"
D35044				"{""index"": 1172, ""file"": ""D35044"", ""description"": ""修罗密道4""}"	/home/tetsuya/development/zircon/Debug/ServerCore/Map/D35044.map	pending	"{""hero_kill"": {""width"": null, ""height"": null}, ""zircon"": {""width"": 300, ""height"": 300}}"	"{""region_count"": 3, ""region_landmark_samples"": [""D35044 / Xiuluo Warrior Spawn"", ""D35044 / Xiuluo Mage Spawn"", ""D35044 / Xiuluo Taoist Spawn""], ""guard_count"": 0, ""guard_samples"": [], ""connected_maps"": [], ""coordinate_evidence"": ""MapRegion PointRegion centers; no Merchant coordinate snapshot available""}"	"[""D35044 / Xiuluo Warrior Spawn"", ""D35044 / Xiuluo Mage Spawn"", ""D35044 / Xiuluo Taoist Spawn""]"	"{""status"": ""pending"", ""walkable_cells"": null, ""total_cells"": null, ""walkable_ratio"": null}"	"{""status"": ""pass"", ""walkable_cells"": 5018, ""total_cells"": 90000, ""walkable_ratio"": 0.055756}"	pending landmark mapping; no blind coordinate reuse	blocked	low	"{""relation"": ""hero-kill or Zircon map file missing"", ""hero_kill_sha256"": null, ""zircon_sha256"": ""9c8d99b60c4dec1e9c7e93c3e26bed964d66b7bf21bf23e0479899fd042630a7""}"
D3505				"{""index"": 1173, ""file"": ""D3505"", ""description"": ""修罗禁地""}"	/home/tetsuya/development/zircon/Debug/ServerCore/Map/D3505.map	pending	"{""hero_kill"": {""width"": null, ""height"": null}, ""zircon"": {""width"": 80, ""height"": 80}}"	"{""region_count"": 3, ""region_landmark_samples"": [""D3505 / Xiuluo Warrior Spawn"", ""D3505 / Xiuluo Mage Spawn"", ""D3505 / Xiuluo Taoist Spawn""], ""guard_count"": 0, ""guard_samples"": [], ""connected_maps"": [], ""coordinate_evidence"": ""MapRegion PointRegion centers; no Merchant coordinate snapshot available""}"	"[""D3505 / Xiuluo Warrior Spawn"", ""D3505 / Xiuluo Mage Spawn"", ""D3505 / Xiuluo Taoist Spawn""]"	"{""status"": ""pending"", ""walkable_cells"": null, ""total_cells"": null, ""walkable_ratio"": null}"	"{""status"": ""pass"", ""walkable_cells"": 1262, ""total_cells"": 6400, ""walkable_ratio"": 0.197187}"	pending landmark mapping; no blind coordinate reuse	blocked	low	"{""relation"": ""hero-kill or Zircon map file missing"", ""hero_kill_sha256"": null, ""zircon_sha256"": ""6d303e88c5413513458e1c02538f3618320f8fa51c291cd9957dc1ce2824d685""}"
D3701				"{""index"": 1174, ""file"": ""D3701"", ""description"": ""兵马佣通道""}"	/home/tetsuya/development/zircon/Debug/ServerCore/Map/D3701.map	pending	"{""hero_kill"": {""width"": null, ""height"": null}, ""zircon"": {""width"": 400, ""height"": 400}}"	"{""region_count"": 5, ""region_landmark_samples"": [""D3701 / Qin Sword Infantry Spawn"", ""D3701 / Qin Spear Infantry Spawn"", ""D3701 / Qin Sword Cavalry Spawn"", ""D3701 / Qin Spear Cavalry Spawn"", ""D3701 / Teleport Source""], ""guard_count"": 0, ""guard_samples"": [], ""connected_maps"": [""D3702""], ""coordinate_evidence"": ""MapRegion PointRegion centers; no Merchant coordinate snapshot available""}"	"[""D3701 / Qin Sword Infantry Spawn"", ""D3701 / Qin Spear Infantry Spawn"", ""D3701 / Qin Sword Cavalry Spawn"", ""D3701 / Qin Spear Cavalry Spawn"", ""D3701 / Teleport Source""]"	"{""status"": ""pending"", ""walkable_cells"": null, ""total_cells"": null, ""walkable_ratio"": null}"	"{""status"": ""pass"", ""walkable_cells"": 38109, ""total_cells"": 160000, ""walkable_ratio"": 0.238181}"	pending landmark mapping; no blind coordinate reuse	blocked	low	"{""relation"": ""hero-kill or Zircon map file missing"", ""hero_kill_sha256"": null, ""zircon_sha256"": ""e0ebc13da7d5724561d518c2889652e966f596df6d82d354bbf7e85fb07d38c5""}"
D3702				"{""index"": 1175, ""file"": ""D3702"", ""description"": ""兵马佣广场""}"	/home/tetsuya/development/zircon/Debug/ServerCore/Map/D3702.map	pending	"{""hero_kill"": {""width"": null, ""height"": null}, ""zircon"": {""width"": 400, ""height"": 400}}"	"{""region_count"": 9, ""region_landmark_samples"": [""D3702 / Qin Sword Infantry Spawn"", ""D3702 / Qin Spear Infantry Spawn"", ""D3702 / Qin Sword Cavalry Spawn"", ""D3702 / Qin Spear Cavalry Spawn"", ""D3702 / Teleport Destination"", ""D3702 / Teleport Source"", ""D3702 / Teleport Source"", ""D3702 / Teleport Source"", ""D3702 / Teleport Source""], ""guard_count"": 0, ""guard_samples"": [], ""connected_maps"": [""D3701"", ""D3703""], ""coordinate_evidence"": ""MapRegion PointRegion centers; no Merchant coordinate snapshot available""}"	"[""D3702 / Qin Sword Infantry Spawn"", ""D3702 / Qin Spear Infantry Spawn"", ""D3702 / Qin Sword Cavalry Spawn"", ""D3702 / Qin Spear Cavalry Spawn"", ""D3702 / Teleport Destination"", ""D3702 / Teleport Source"", ""D3702 / Teleport Source"", ""D3702 / Teleport Source"", ""D3702 / Teleport Source""]"	"{""status"": ""pending"", ""walkable_cells"": null, ""total_cells"": null, ""walkable_ratio"": null}"	"{""status"": ""pass"", ""walkable_cells"": 71453, ""total_cells"": 160000, ""walkable_ratio"": 0.446581}"	pending landmark mapping; no blind coordinate reuse	blocked	low	"{""relation"": ""hero-kill or Zircon map file missing"", ""hero_kill_sha256"": null, ""zircon_sha256"": ""fbdadfb0179737ee9aa88981fdc3820ffa75ba34ffa2c1760fa8db278ef352dd""}"
D3703				"{""index"": 1176, ""file"": ""D3703"", ""description"": ""兵马佣兵场""}"	/home/tetsuya/development/zircon/Debug/ServerCore/Map/D3703.map	pending	"{""hero_kill"": {""width"": null, ""height"": null}, ""zircon"": {""width"": 400, ""height"": 400}}"	"{""region_count"": 12, ""region_landmark_samples"": [""D3703 / Qin Sword Infantry Spawn"", ""D3703 / Qin Spear Infantry Spawn"", ""D3703 / Qin Sword Cavalry Spawn"", ""D3703 / Qin Spear Cavalry Spawn"", ""D3703 / Teleport Destination"", ""D3703 / Teleport Destination"", ""D3703 / Teleport Destination"", ""D3703 / Teleport Destination"", ""D3703 / Teleport Source"", ""D3703 / Teleport Source"", ""D3703 / Teleport Source"", ""D3703 / Teleport Source""], ""guard_count"": 0, ""guard_samples"": [], ""connected_maps"": [""D3702"", ""D3704""], ""coordinate_evidence"": ""MapRegion PointRegion centers; no Merchant coordinate snapshot available""}"	"[""D3703 / Qin Sword Infantry Spawn"", ""D3703 / Qin Spear Infantry Spawn"", ""D3703 / Qin Sword Cavalry Spawn"", ""D3703 / Qin Spear Cavalry Spawn"", ""D3703 / Teleport Destination"", ""D3703 / Teleport Destination"", ""D3703 / Teleport Destination"", ""D3703 / Teleport Destination"", ""D3703 / Teleport Source"", ""D3703 / Teleport Source"", ""D3703 / Teleport Source"", ""D3703 / Teleport Source""]"	"{""status"": ""pending"", ""walkable_cells"": null, ""total_cells"": null, ""walkable_ratio"": null}"	"{""status"": ""pass"", ""walkable_cells"": 45414, ""total_cells"": 160000, ""walkable_ratio"": 0.283838}"	pending landmark mapping; no blind coordinate reuse	blocked	low	"{""relation"": ""hero-kill or Zircon map file missing"", ""hero_kill_sha256"": null, ""zircon_sha256"": ""a2c634c087143e4a043a16e57bb9d74b592643a19d69a3f99889a3297d197760""}"
D3704				"{""index"": 1177, ""file"": ""D3704"", ""description"": ""兵马佣禁地""}"	/home/tetsuya/development/zircon/Debug/ServerCore/Map/D3704.map	pending	"{""hero_kill"": {""width"": null, ""height"": null}, ""zircon"": {""width"": 160, ""height"": 160}}"	"{""region_count"": 8, ""region_landmark_samples"": [""D3704 / Qin Sword Infantry Spawn"", ""D3704 / Qin Spear Infantry Spawn"", ""D3704 / Qin Sword Cavalry Spawn"", ""D3704 / Qin Spear Cavalry Spawn"", ""D3704 / Teleport Destination"", ""D3704 / Teleport Destination"", ""D3704 / Teleport Destination"", ""D3704 / Teleport Destination""], ""guard_count"": 0, ""guard_samples"": [], ""connected_maps"": [""D3703""], ""coordinate_evidence"": ""MapRegion PointRegion centers; no Merchant coordinate snapshot available""}"	"[""D3704 / Qin Sword Infantry Spawn"", ""D3704 / Qin Spear Infantry Spawn"", ""D3704 / Qin Sword Cavalry Spawn"", ""D3704 / Qin Spear Cavalry Spawn"", ""D3704 / Teleport Destination"", ""D3704 / Teleport Destination"", ""D3704 / Teleport Destination"", ""D3704 / Teleport Destination""]"	"{""status"": ""pending"", ""walkable_cells"": null, ""total_cells"": null, ""walkable_ratio"": null}"	"{""status"": ""pass"", ""walkable_cells"": 4784, ""total_cells"": 25600, ""walkable_ratio"": 0.186875}"	pending landmark mapping; no blind coordinate reuse	blocked	low	"{""relation"": ""hero-kill or Zircon map file missing"", ""hero_kill_sha256"": null, ""zircon_sha256"": ""6ce9a0c658f0ac32748282f63429b9a19b96860b9d49e024f1c1fcd70afb40b7""}"
