hero_kill_monster_id	hero_kill_monster_name	hero_kill_attributes	mapped_zircon_monster_index	mapped_zircon_monster_name	mapping_method	confidence	display_name_note	status
1	守卫武将	"{""Appr"": 81, ""Race"": 19, ""Level"": 99, ""HP"": 215, ""Exp"": 540, ""ACMin"": 9, ""ACMax"": 9, ""MAC"": 27, ""DCMin"": 77, ""DCMax"": 84, ""DropTable"": 15}"			pending	pending	identity mapping is separate from display translation	pending-review
2	守卫狮子	"{""Appr"": 221, ""Race"": 19, ""Level"": 99, ""HP"": 1900, ""Exp"": 2600, ""ACMin"": 28, ""ACMax"": 28, ""MAC"": 55, ""DCMin"": 99, ""DCMax"": 121, ""DropTable"": 15}"			pending	pending	identity mapping is separate from display translation	pending-review
3	守卫血魔	"{""Appr"": 97, ""Race"": 19, ""Level"": 99, ""HP"": 310, ""Exp"": 920, ""ACMin"": 8, ""ACMax"": 8, ""MAC"": 53, ""DCMin"": 105, ""DCMax"": 96, ""DropTable"": 15}"			pending	pending	identity mapping is separate from display translation	pending-review
4	守卫沃玛	"{""Appr"": 91, ""Race"": 20, ""Level"": 99, ""HP"": 170, ""Exp"": 520, ""ACMin"": 8, ""ACMax"": 8, ""MAC"": 24, ""DCMin"": 31, ""DCMax"": 62, ""DropTable"": 15}"			pending	pending	identity mapping is separate from display translation	pending-review
5	守卫右狮	"{""Appr"": 214, ""Race"": 19, ""Level"": 99, ""HP"": 1400, ""Exp"": 2800, ""ACMin"": 14, ""ACMax"": 14, ""MAC"": 48, ""DCMin"": 77, ""DCMax"": 110, ""DropTable"": 15}"			pending	pending	identity mapping is separate from display translation	pending-review
6	署箭	"{""Appr"": 81, ""Race"": 19, ""Level"": 73, ""HP"": 1, ""Exp"": 750, ""ACMin"": 4, ""ACMax"": 4, ""MAC"": 9, ""DCMin"": 8, ""DCMax"": 29, ""DropTable"": 0}"			pending	pending	identity mapping is separate from display translation	pending-review
7	沃玛战将61	"{""Appr"": 81, ""Race"": 19, ""Level"": 25, ""HP"": 1, ""Exp"": 240, ""ACMin"": 4, ""ACMax"": 4, ""MAC"": 7, ""DCMin"": 15, ""DCMax"": 25, ""DropTable"": 0}"			pending	pending	identity mapping is separate from display translation	pending-review
8	赤月恶魔	"{""Appr"": 115, ""Race"": 34, ""Level"": 93, ""HP"": 13000, ""Exp"": 9750, ""ACMin"": 52, ""ACMax"": 52, ""MAC"": 100, ""DCMin"": 90, ""DCMax"": 180, ""DropTable"": 15}"	75	Red Moon The Fallen	verified-alias	high	identity mapping is separate from display translation	mapped
9	火焰狮子	"{""Appr"": 224, ""Race"": 19, ""Level"": 48, ""HP"": 3600, ""Exp"": 1600, ""ACMin"": 11, ""ACMax"": 11, ""MAC"": 13, ""DCMin"": 50, ""DCMax"": 60, ""DropTable"": 0}"			pending	pending	identity mapping is separate from display translation	pending-review
10	血巨人	"{""Appr"": 97, ""Race"": 19, ""Level"": 40, ""HP"": 1580, ""Exp"": 420, ""ACMin"": 4, ""ACMax"": 4, ""MAC"": 11, ""DCMin"": 33, ""DCMax"": 47, ""DropTable"": 0}"			pending	pending	identity mapping is separate from display translation	pending-review
11	祖玛雕像0	"{""Appr"": 101, ""Race"": 47, ""Level"": 45, ""HP"": 2800, ""Exp"": 1200, ""ACMin"": 5, ""ACMax"": 5, ""MAC"": 12, ""DCMin"": 37, ""DCMax"": 55, ""DropTable"": 0}"			pending	pending	identity mapping is separate from display translation	pending-review
12	祖玛教主	"{""Appr"": 102, ""Race"": 49, ""Level"": 94, ""HP"": 14000, ""Exp"": 10500, ""ACMin"": 65, ""ACMax"": 65, ""MAC"": 120, ""DCMin"": 70, ""DCMax"": 175, ""DropTable"": 10}"	81	Zuma King	verified-alias	high	identity mapping is separate from display translation	mapped
13	蝎蛇	"{""Appr"": 81, ""Race"": 19, ""Level"": 30, ""HP"": 1440, ""Exp"": 280, ""ACMin"": 0, ""ACMax"": 0, ""MAC"": 8, ""DCMin"": 24, ""DCMax"": 36, ""DropTable"": 0}"			pending	pending	identity mapping is separate from display translation	pending-review
14	七点白蛇	"{""Appr"": 97, ""Race"": 19, ""Level"": 71, ""HP"": 800, ""Exp"": 400, ""ACMin"": 0, ""ACMax"": 0, ""MAC"": 10, ""DCMin"": 44, ""DCMax"": 66, ""DropTable"": 10}"			pending	pending	identity mapping is separate from display translation	pending-review
15	潘夜云魔	"{""Appr"": 216, ""Race"": 19, ""Level"": 45, ""HP"": 2600, ""Exp"": 1200, ""ACMin"": 5, ""ACMax"": 5, ""MAC"": 11, ""DCMin"": 37, ""DCMax"": 56, ""DropTable"": 0}"			pending	pending	identity mapping is separate from display translation	pending-review
16	石像狮子98	"{""Appr"": 221, ""Race"": 19, ""Level"": 49, ""HP"": 3800, ""Exp"": 1300, ""ACMin"": 14, ""ACMax"": 14, ""MAC"": 27, ""DCMin"": 50, ""DCMax"": 60, ""DropTable"": 0}"			pending	pending	identity mapping is separate from display translation	pending-review
17	食人花	"{""Appr"": 85, ""Race"": 13, ""Level"": 10, ""HP"": 21, ""Exp"": 21, ""ACMin"": 0, ""ACMax"": 0, ""MAC"": 0, ""DCMin"": 2, ""DCMax"": 8, ""DropTable"": 0}"			pending	pending	identity mapping is separate from display translation	pending-review
18	暗黑战士	"{""Appr"": 93, ""Race"": 22, ""Level"": 25, ""HP"": 320, ""Exp"": 240, ""ACMin"": 0, ""ACMax"": 0, ""MAC"": 6, ""DCMin"": 14, ""DCMax"": 28, ""DropTable"": 0}"			pending	pending	identity mapping is separate from display translation	pending-review
19	暗黑战士0	"{""Appr"": 93, ""Race"": 22, ""Level"": 25, ""HP"": 320, ""Exp"": 240, ""ACMin"": 0, ""ACMax"": 0, ""MAC"": 6, ""DCMin"": 14, ""DCMax"": 28, ""DropTable"": 0}"			pending	pending	identity mapping is separate from display translation	pending-review
20	暗黑战士40	"{""Appr"": 93, ""Race"": 22, ""Level"": 25, ""HP"": 320, ""Exp"": 240, ""ACMin"": 4, ""ACMax"": 4, ""MAC"": 13, ""DCMin"": 35, ""DCMax"": 100, ""DropTable"": 0}"			pending	pending	identity mapping is separate from display translation	pending-review
21	八脚首领	"{""Appr"": 97, ""Race"": 19, ""Level"": 76, ""HP"": 5000, ""Exp"": 2000, ""ACMin"": 16, ""ACMax"": 16, ""MAC"": 19, ""DCMin"": 49, ""DCMax"": 77, ""DropTable"": 10}"			pending	pending	identity mapping is separate from display translation	pending-review
22	霸群雕像	"{""Appr"": 209, ""Race"": 19, ""Level"": 100, ""HP"": 20, ""Exp"": 3000, ""ACMin"": 35, ""ACMax"": 35, ""MAC"": 180, ""DCMin"": 0, ""DCMax"": 0, ""DropTable"": 0}"			pending	pending	identity mapping is separate from display translation	pending-review
23	霸王教主	"{""Appr"": 226, ""Race"": 19, ""Level"": 96, ""HP"": 20000, ""Exp"": 12000, ""ACMin"": 63, ""ACMax"": 63, ""MAC"": 104, ""DCMin"": 145, ""DCMax"": 245, ""DropTable"": 10}"	115	Emperor Sa'Woo	verified-alias	medium	identity mapping is separate from display translation	mapped
24	霸王守卫	"{""Appr"": 230, ""Race"": 19, ""Level"": 80, ""HP"": 10000, ""Exp"": 4000, ""ACMin"": 44, ""ACMax"": 44, ""MAC"": 118, ""DCMin"": 187, ""DCMax"": 253, ""DropTable"": 10}"			pending	pending	identity mapping is separate from display translation	pending-review
25	霸王守卫9	"{""Appr"": 230, ""Race"": 19, ""Level"": 80, ""HP"": 10000, ""Exp"": 4000, ""ACMin"": 33, ""ACMax"": 33, ""MAC"": 42, ""DCMin"": 165, ""DCMax"": 220, ""DropTable"": 10}"			pending	pending	identity mapping is separate from display translation	pending-review
26	白马	"{""Appr"": 150, ""Race"": 19, ""Level"": 120, ""HP"": 5, ""Exp"": 1000, ""ACMin"": 0, ""ACMax"": 0, ""MAC"": 0, ""DCMin"": 0, ""DCMax"": 0, ""DropTable"": 0}"			pending	pending	identity mapping is separate from display translation	pending-review
27	白野猪	"{""Appr"": 208, ""Race"": 19, ""Level"": 75, ""HP"": 4500, ""Exp"": 1250, ""ACMin"": 13, ""ACMax"": 13, ""MAC"": 30, ""DCMin"": 44, ""DCMax"": 66, ""DropTable"": 10}"			conflict-no-direct-zircon-name	pending	identity mapping is separate from display translation	pending-review
28	半兽人	"{""Appr"": 83, ""Race"": 19, ""Level"": 13, ""HP"": 30, ""Exp"": 30, ""ACMin"": 0, ""ACMax"": 0, ""MAC"": 1, ""DCMin"": 4, ""DCMax"": 8, ""DropTable"": 0}"	22	Oma	verified-alias	medium	identity mapping is separate from display translation	mapped
29	半兽人0	"{""Appr"": 83, ""Race"": 19, ""Level"": 13, ""HP"": 30, ""Exp"": 30, ""ACMin"": 0, ""ACMax"": 0, ""MAC"": 1, ""DCMin"": 4, ""DCMax"": 8, ""DropTable"": 0}"			pending	pending	identity mapping is separate from display translation	pending-review
30	半兽人61	"{""Appr"": 83, ""Race"": 19, ""Level"": 13, ""HP"": 1, ""Exp"": 30, ""ACMin"": 0, ""ACMax"": 0, ""MAC"": 1, ""DCMin"": 4, ""DCMax"": 8, ""DropTable"": 0}"			pending	pending	identity mapping is separate from display translation	pending-review
31	半兽人9	"{""Appr"": 83, ""Race"": 19, ""Level"": 99, ""HP"": 30, ""Exp"": 300, ""ACMin"": 0, ""ACMax"": 0, ""MAC"": 2, ""DCMin"": 22, ""DCMax"": 44, ""DropTable"": 0}"			pending	pending	identity mapping is separate from display translation	pending-review
32	半兽勇士	"{""Appr"": 97, ""Race"": 19, ""Level"": 70, ""HP"": 600, ""Exp"": 300, ""ACMin"": 3, ""ACMax"": 3, ""MAC"": 7, ""DCMin"": 16, ""DCMax"": 55, ""DropTable"": 10}"			pending	pending	identity mapping is separate from display translation	pending-review
33	半兽勇士61	"{""Appr"": 81, ""Race"": 19, ""Level"": 70, ""HP"": 1, ""Exp"": 300, ""ACMin"": 3, ""ACMax"": 3, ""MAC"": 7, ""DCMin"": 4, ""DCMax"": 25, ""DropTable"": 0}"			pending	pending	identity mapping is separate from display translation	pending-review
34	半兽勇士9	"{""Appr"": 97, ""Race"": 19, ""Level"": 99, ""HP"": 600, ""Exp"": 3000, ""ACMin"": 3, ""ACMax"": 3, ""MAC"": 7, ""DCMin"": 49, ""DCMax"": 165, ""DropTable"": 10}"			pending	pending	identity mapping is separate from display translation	pending-review
35	半兽战士	"{""Appr"": 81, ""Race"": 19, ""Level"": 13, ""HP"": 50, ""Exp"": 50, ""ACMin"": 0, ""ACMax"": 0, ""MAC"": 1, ""DCMin"": 4, ""DCMax"": 12, ""DropTable"": 0}"			pending	pending	identity mapping is separate from display translation	pending-review
36	半兽战士0	"{""Appr"": 81, ""Race"": 19, ""Level"": 13, ""HP"": 50, ""Exp"": 50, ""ACMin"": 0, ""ACMax"": 0, ""MAC"": 1, ""DCMin"": 4, ""DCMax"": 12, ""DropTable"": 0}"			pending	pending	identity mapping is separate from display translation	pending-review
37	半兽战士61	"{""Appr"": 81, ""Race"": 19, ""Level"": 13, ""HP"": 1, ""Exp"": 50, ""ACMin"": 0, ""ACMax"": 0, ""MAC"": 1, ""DCMin"": 4, ""DCMax"": 12, ""DropTable"": 0}"			pending	pending	identity mapping is separate from display translation	pending-review
38	半兽战士9	"{""Appr"": 81, ""Race"": 19, ""Level"": 99, ""HP"": 50, ""Exp"": 500, ""ACMin"": 0, ""ACMax"": 0, ""MAC"": 2, ""DCMin"": 22, ""DCMax"": 66, ""DropTable"": 0}"			pending	pending	identity mapping is separate from display translation	pending-review
39	胞眼虫1	"{""Appr"": 81, ""Race"": 19, ""Level"": 20, ""HP"": 200, ""Exp"": 120, ""ACMin"": 0, ""ACMax"": 0, ""MAC"": 5, ""DCMin"": 11, ""DCMax"": 21, ""DropTable"": 0}"			pending	pending	identity mapping is separate from display translation	pending-review
40	胞眼虫10	"{""Appr"": 81, ""Race"": 19, ""Level"": 20, ""HP"": 200, ""Exp"": 120, ""ACMin"": 0, ""ACMax"": 0, ""MAC"": 5, ""DCMin"": 11, ""DCMax"": 21, ""DropTable"": 0}"			pending	pending	identity mapping is separate from display translation	pending-review
41	胞眼虫2	"{""Appr"": 81, ""Race"": 19, ""Level"": 20, ""HP"": 200, ""Exp"": 120, ""ACMin"": 0, ""ACMax"": 0, ""MAC"": 5, ""DCMin"": 11, ""DCMax"": 21, ""DropTable"": 0}"			pending	pending	identity mapping is separate from display translation	pending-review
42	胞眼虫20	"{""Appr"": 81, ""Race"": 19, ""Level"": 20, ""HP"": 200, ""Exp"": 120, ""ACMin"": 0, ""ACMax"": 0, ""MAC"": 5, ""DCMin"": 11, ""DCMax"": 21, ""DropTable"": 0}"			pending	pending	identity mapping is separate from display translation	pending-review
43	爆毒蚂蚁	"{""Appr"": 93, ""Race"": 19, ""Level"": 25, ""HP"": 320, ""Exp"": 240, ""ACMin"": 0, ""ACMax"": 0, ""MAC"": 6, ""DCMin"": 16, ""DCMax"": 26, ""DropTable"": 0}"			pending	pending	identity mapping is separate from display translation	pending-review
44	爆毒蚂蚁0	"{""Appr"": 93, ""Race"": 19, ""Level"": 25, ""HP"": 320, ""Exp"": 240, ""ACMin"": 0, ""ACMax"": 0, ""MAC"": 6, ""DCMin"": 14, ""DCMax"": 26, ""DropTable"": 0}"			pending	pending	identity mapping is separate from display translation	pending-review
45	爆毒神魔	"{""Appr"": 228, ""Race"": 37, ""Level"": 55, ""HP"": 8300, ""Exp"": 2600, ""ACMin"": 23, ""ACMax"": 23, ""MAC"": 53, ""DCMin"": 0, ""DCMax"": 0, ""DropTable"": 10}"			pending	pending	identity mapping is separate from display translation	pending-review
46	爆裂蜘蛛	"{""Appr"": 117, ""Race"": 36, ""Level"": 35, ""HP"": 1, ""Exp"": 5, ""ACMin"": 0, ""ACMax"": 0, ""MAC"": 0, ""DCMin"": 28, ""DCMax"": 42, ""DropTable"": 0}"			pending	pending	identity mapping is separate from display translation	pending-review
47	蝙蝠	"{""Appr"": 81, ""Race"": 31, ""Level"": 30, ""HP"": 1, ""Exp"": 3, ""ACMin"": 0, ""ACMax"": 0, ""MAC"": 0, ""DCMin"": 0, ""DCMax"": 23, ""DropTable"": 0}"			pending	pending	identity mapping is separate from display translation	pending-review
48	变异骷髅	"{""Appr"": 100, ""Race"": 19, ""Level"": 160, ""HP"": 1, ""Exp"": 80, ""ACMin"": 5, ""ACMax"": 5, ""MAC"": 10, ""DCMin"": 6, ""DCMax"": 14, ""DropTable"": 0}"			pending	pending	identity mapping is separate from display translation	pending-review
49	不死雄狮	"{""Appr"": 97, ""Race"": 19, ""Level"": 74, ""HP"": 2000, ""Exp"": 1000, ""ACMin"": 11, ""ACMax"": 11, ""MAC"": 11, ""DCMin"": 38, ""DCMax"": 55, ""DropTable"": 10}"			pending	pending	identity mapping is separate from display translation	pending-review
50	柴三郎	"{""Appr"": 211, ""Race"": 11, ""Level"": 100, ""HP"": 5, ""Exp"": 300, ""ACMin"": 11, ""ACMax"": 11, ""MAC"": 16, ""DCMin"": 0, ""DCMax"": 0, ""DropTable"": 0}"			pending	pending	identity mapping is separate from display translation	pending-review
51	超级圣诞树	"{""Appr"": 209, ""Race"": 19, ""Level"": 120, ""HP"": 10, ""Exp"": 20000, ""ACMin"": 0, ""ACMax"": 0, ""MAC"": 0, ""DCMin"": 0, ""DCMax"": 0, ""DropTable"": 0}"			pending	pending	identity mapping is separate from display translation	pending-review
52	赤黄猪王	"{""Appr"": 216, ""Race"": 19, ""Level"": 76, ""HP"": 6000, ""Exp"": 3000, ""ACMin"": 16, ""ACMax"": 16, ""MAC"": 27, ""DCMin"": 55, ""DCMax"": 120, ""DropTable"": 0}"			pending	pending	identity mapping is separate from display translation	pending-review
53	赤血恶魔	"{""Appr"": 97, ""Race"": 19, ""Level"": 40, ""HP"": 1620, ""Exp"": 460, ""ACMin"": 6, ""ACMax"": 6, ""MAC"": 8, ""DCMin"": 33, ""DCMax"": 48, ""DropTable"": 0}"			pending	pending	identity mapping is separate from display translation	pending-review
54	赤血恶魔0	"{""Appr"": 97, ""Race"": 19, ""Level"": 40, ""HP"": 1620, ""Exp"": 460, ""ACMin"": 6, ""ACMax"": 6, ""MAC"": 8, ""DCMin"": 33, ""DCMax"": 48, ""DropTable"": 0}"			pending	pending	identity mapping is separate from display translation	pending-review
55	赤血恶魔50	"{""Appr"": 97, ""Race"": 19, ""Level"": 40, ""HP"": 1620, ""Exp"": 460, ""ACMin"": 30, ""ACMax"": 30, ""MAC"": 50, ""DCMin"": 85, ""DCMax"": 100, ""DropTable"": 0}"			pending	pending	identity mapping is separate from display translation	pending-review
56	触角神魔	"{""Appr"": 228, ""Race"": 19, ""Level"": 55, ""HP"": 8000, ""Exp"": 2500, ""ACMin"": 20, ""ACMax"": 20, ""MAC"": 53, ""DCMin"": 0, ""DCMax"": 0, ""DropTable"": 10}"			pending	pending	identity mapping is separate from display translation	pending-review
57	触龙神	"{""Appr"": 107, ""Race"": 33, ""Level"": 91, ""HP"": 9000, ""Exp"": 6750, ""ACMin"": 44, ""ACMax"": 44, ""MAC"": 220, ""DCMin"": 110, ""DCMax"": 165, ""DropTable"": 6}"			pending	pending	identity mapping is separate from display translation	pending-review
58	雌诺玛	"{""Appr"": 52, ""Race"": 11, ""Level"": 4, ""HP"": 450, ""Exp"": 250, ""ACMin"": 0, ""ACMax"": 5, ""MAC"": 10, ""DCMin"": 0, ""DCMax"": 4, ""DropTable"": 0}"			pending	pending	identity mapping is separate from display translation	pending-review
59	丛林战士1	"{""Appr"": 11, ""Race"": 19, ""Level"": 150, ""HP"": 1, ""Exp"": 9999, ""ACMin"": 220, ""ACMax"": 220, ""MAC"": 220, ""DCMin"": 165, ""DCMax"": 165, ""DropTable"": 0}"			pending	pending	identity mapping is separate from display translation	pending-review
60	丛林战士2	"{""Appr"": 11, ""Race"": 19, ""Level"": 150, ""HP"": 1, ""Exp"": 9999, ""ACMin"": 220, ""ACMax"": 220, ""MAC"": 220, ""DCMin"": 165, ""DCMax"": 165, ""DropTable"": 0}"			pending	pending	identity mapping is separate from display translation	pending-review
61	大法老	"{""Appr"": 204, ""Race"": 19, ""Level"": 76, ""HP"": 3000, ""Exp"": 1500, ""ACMin"": 16, ""ACMax"": 16, ""MAC"": 35, ""DCMin"": 49, ""DCMax"": 77, ""DropTable"": 10}"			pending	pending	identity mapping is separate from display translation	pending-review
62	大老鼠	"{""Appr"": 97, ""Race"": 19, ""Level"": 45, ""HP"": 2600, ""Exp"": 1150, ""ACMin"": 4, ""ACMax"": 4, ""MAC"": 11, ""DCMin"": 37, ""DCMax"": 54, ""DropTable"": 0}"			pending	pending	identity mapping is separate from display translation	pending-review
63	大老鼠0	"{""Appr"": 97, ""Race"": 19, ""Level"": 45, ""HP"": 2600, ""Exp"": 1150, ""ACMin"": 4, ""ACMax"": 4, ""MAC"": 11, ""DCMin"": 37, ""DCMax"": 54, ""DropTable"": 0}"			pending	pending	identity mapping is separate from display translation	pending-review
64	单腿诺玛	"{""Appr"": 52, ""Race"": 11, ""Level"": 4, ""HP"": 450, ""Exp"": 250, ""ACMin"": 0, ""ACMax"": 5, ""MAC"": 10, ""DCMin"": 0, ""DCMax"": 4, ""DropTable"": 0}"			pending	pending	identity mapping is separate from display translation	pending-review
65	稻草人	"{""Appr"": 83, ""Race"": 18, ""Level"": 10, ""HP"": 18, ""Exp"": 18, ""ACMin"": 0, ""ACMax"": 0, ""MAC"": 0, ""DCMin"": 2, ""DCMax"": 5, ""DropTable"": 0}"			pending	pending	identity mapping is separate from display translation	pending-review
66	稻草人0	"{""Appr"": 83, ""Race"": 18, ""Level"": 10, ""HP"": 18, ""Exp"": 18, ""ACMin"": 0, ""ACMax"": 0, ""MAC"": 0, ""DCMin"": 2, ""DCMax"": 5, ""DropTable"": 0}"			pending	pending	identity mapping is separate from display translation	pending-review
67	地牢女神1	"{""Appr"": 118, ""Race"": 19, ""Level"": 50, ""HP"": 4000, ""Exp"": 1800, ""ACMin"": 13, ""ACMax"": 13, ""MAC"": 15, ""DCMin"": 44, ""DCMax"": 55, ""DropTable"": 0}"			pending	pending	identity mapping is separate from display translation	pending-review
68	地牢女神10	"{""Appr"": 118, ""Race"": 19, ""Level"": 50, ""HP"": 4000, ""Exp"": 1800, ""ACMin"": 13, ""ACMax"": 13, ""MAC"": 15, ""DCMin"": 44, ""DCMax"": 55, ""DropTable"": 0}"			pending	pending	identity mapping is separate from display translation	pending-review
69	地牢女神2	"{""Appr"": 119, ""Race"": 19, ""Level"": 50, ""HP"": 4100, ""Exp"": 1500, ""ACMin"": 13, ""ACMax"": 13, ""MAC"": 15, ""DCMin"": 44, ""DCMax"": 55, ""DropTable"": 0}"			pending	pending	identity mapping is separate from display translation	pending-review
70	地牢女神20	"{""Appr"": 119, ""Race"": 19, ""Level"": 50, ""HP"": 4100, ""Exp"": 1500, ""ACMin"": 13, ""ACMax"": 13, ""MAC"": 15, ""DCMin"": 44, ""DCMax"": 55, ""DropTable"": 0}"			pending	pending	identity mapping is separate from display translation	pending-review
71	钉耙猫	"{""Appr"": 81, ""Race"": 17, ""Level"": 10, ""HP"": 20, ""Exp"": 20, ""ACMin"": 0, ""ACMax"": 0, ""MAC"": 0, ""DCMin"": 2, ""DCMax"": 7, ""DropTable"": 0}"			pending	pending	identity mapping is separate from display translation	pending-review
72	钉耙猫0	"{""Appr"": 81, ""Race"": 17, ""Level"": 10, ""HP"": 20, ""Exp"": 20, ""ACMin"": 0, ""ACMax"": 0, ""MAC"": 0, ""DCMin"": 2, ""DCMax"": 7, ""DropTable"": 0}"			pending	pending	identity mapping is separate from display translation	pending-review
73	洞蛆	"{""Appr"": 90, ""Race"": 16, ""Level"": 20, ""HP"": 160, ""Exp"": 100, ""ACMin"": 0, ""ACMax"": 0, ""MAC"": 6, ""DCMin"": 11, ""DCMax"": 11, ""DropTable"": 0}"			pending	pending	identity mapping is separate from display translation	pending-review
74	洞蛆61	"{""Appr"": 90, ""Race"": 16, ""Level"": 20, ""HP"": 1, ""Exp"": 100, ""ACMin"": 4, ""ACMax"": 4, ""MAC"": 5, ""DCMin"": 11, ""DCMax"": 11, ""DropTable"": 0}"			pending	pending	identity mapping is separate from display translation	pending-review
75	毒蜘蛛	"{""Appr"": 82, ""Race"": 19, ""Level"": 10, ""HP"": 22, ""Exp"": 22, ""ACMin"": 0, ""ACMax"": 0, ""MAC"": 0, ""DCMin"": 2, ""DCMax"": 9, ""DropTable"": 0}"			pending	pending	identity mapping is separate from display translation	pending-review
76	毒蜘蛛61	"{""Appr"": 82, ""Race"": 19, ""Level"": 10, ""HP"": 22, ""Exp"": 22, ""ACMin"": 0, ""ACMax"": 0, ""MAC"": 0, ""DCMin"": 2, ""DCMax"": 9, ""DropTable"": 0}"			pending	pending	identity mapping is separate from display translation	pending-review
77	独臂诺玛	"{""Appr"": 52, ""Race"": 11, ""Level"": 4, ""HP"": 450, ""Exp"": 250, ""ACMin"": 0, ""ACMax"": 5, ""MAC"": 10, ""DCMin"": 0, ""DCMax"": 4, ""DropTable"": 0}"			pending	pending	identity mapping is separate from display translation	pending-review
78	独眼蜘蛛	"{""Appr"": 81, ""Race"": 19, ""Level"": 35, ""HP"": 1490, ""Exp"": 330, ""ACMin"": 3, ""ACMax"": 3, ""MAC"": 8, ""DCMin"": 29, ""DCMax"": 45, ""DropTable"": 0}"			pending	pending	identity mapping is separate from display translation	pending-review
79	独眼蜘蛛0	"{""Appr"": 81, ""Race"": 19, ""Level"": 35, ""HP"": 1490, ""Exp"": 330, ""ACMin"": 3, ""ACMax"": 3, ""MAC"": 8, ""DCMin"": 29, ""DCMax"": 45, ""DropTable"": 0}"			pending	pending	identity mapping is separate from display translation	pending-review
80	多钩猫	"{""Appr"": 81, ""Race"": 17, ""Level"": 10, ""HP"": 20, ""Exp"": 20, ""ACMin"": 0, ""ACMax"": 0, ""MAC"": 0, ""DCMin"": 2, ""DCMax"": 7, ""DropTable"": 0}"			pending	pending	identity mapping is separate from display translation	pending-review
81	多钩猫0	"{""Appr"": 81, ""Race"": 17, ""Level"": 10, ""HP"": 20, ""Exp"": 20, ""ACMin"": 0, ""ACMax"": 0, ""MAC"": 0, ""DCMin"": 2, ""DCMax"": 7, ""DropTable"": 0}"			pending	pending	identity mapping is separate from display translation	pending-review
82	多角虫	"{""Appr"": 81, ""Race"": 19, ""Level"": 13, ""HP"": 30, ""Exp"": 30, ""ACMin"": 0, ""ACMax"": 0, ""MAC"": 1, ""DCMin"": 4, ""DCMax"": 8, ""DropTable"": 0}"			pending	pending	identity mapping is separate from display translation	pending-review
83	多角虫0	"{""Appr"": 81, ""Race"": 19, ""Level"": 13, ""HP"": 30, ""Exp"": 30, ""ACMin"": 0, ""ACMax"": 0, ""MAC"": 1, ""DCMin"": 4, ""DCMax"": 8, ""DropTable"": 0}"			pending	pending	identity mapping is separate from display translation	pending-review
84	多脚虫1	"{""Appr"": 104, ""Race"": 45, ""Level"": 20, ""HP"": 180, ""Exp"": 100, ""ACMin"": 0, ""ACMax"": 0, ""MAC"": 5, ""DCMin"": 12, ""DCMax"": 16, ""DropTable"": 0}"			pending	pending	identity mapping is separate from display translation	pending-review
85	多脚虫10	"{""Appr"": 104, ""Race"": 45, ""Level"": 20, ""HP"": 180, ""Exp"": 100, ""ACMin"": 0, ""ACMax"": 0, ""MAC"": 5, ""DCMin"": 12, ""DCMax"": 16, ""DropTable"": 0}"			pending	pending	identity mapping is separate from display translation	pending-review
86	多脚虫2	"{""Appr"": 104, ""Race"": 45, ""Level"": 20, ""HP"": 180, ""Exp"": 100, ""ACMin"": 0, ""ACMax"": 0, ""MAC"": 5, ""DCMin"": 12, ""DCMax"": 16, ""DropTable"": 0}"			pending	pending	identity mapping is separate from display translation	pending-review
87	多脚虫20	"{""Appr"": 104, ""Race"": 45, ""Level"": 20, ""HP"": 180, ""Exp"": 100, ""ACMin"": 0, ""ACMax"": 0, ""MAC"": 5, ""DCMin"": 12, ""DCMax"": 16, ""DropTable"": 0}"			pending	pending	identity mapping is separate from display translation	pending-review
88	恶形鬼	"{""Appr"": 97, ""Race"": 19, ""Level"": 55, ""HP"": 7600, ""Exp"": 2400, ""ACMin"": 29, ""ACMax"": 29, ""MAC"": 66, ""DCMin"": 66, ""DCMax"": 240, ""DropTable"": 0}"			pending	pending	identity mapping is separate from display translation	pending-review
89	粪虫	"{""Appr"": 106, ""Race"": 53, ""Level"": 25, ""HP"": 260, ""Exp"": 180, ""ACMin"": 0, ""ACMax"": 0, ""MAC"": 6, ""DCMin"": 15, ""DCMax"": 24, ""DropTable"": 0}"			pending	pending	identity mapping is separate from display translation	pending-review
90	疯狂魔神盗	"{""Appr"": 219, ""Race"": 19, ""Level"": 78, ""HP"": 6000, ""Exp"": 2000, ""ACMin"": 22, ""ACMax"": 22, ""MAC"": 50, ""DCMin"": 60, ""DCMax"": 99, ""DropTable"": 10}"			pending	pending	identity mapping is separate from display translation	pending-review
91	腐蚀人鬼	"{""Appr"": 119, ""Race"": 19, ""Level"": 25, ""HP"": 290, ""Exp"": 210, ""ACMin"": 0, ""ACMax"": 0, ""MAC"": 6, ""DCMin"": 15, ""DCMax"": 26, ""DropTable"": 0}"			pending	pending	identity mapping is separate from display translation	pending-review
92	腐蚀人鬼0	"{""Appr"": 119, ""Race"": 19, ""Level"": 25, ""HP"": 290, ""Exp"": 210, ""ACMin"": 0, ""ACMax"": 0, ""MAC"": 6, ""DCMin"": 15, ""DCMax"": 26, ""DropTable"": 0}"			pending	pending	identity mapping is separate from display translation	pending-review
93	蛤蟆	"{""Appr"": 83, ""Race"": 19, ""Level"": 10, ""HP"": 19, ""Exp"": 19, ""ACMin"": 0, ""ACMax"": 0, ""MAC"": 0, ""DCMin"": 2, ""DCMax"": 6, ""DropTable"": 0}"			pending	pending	identity mapping is separate from display translation	pending-review
94	蛤蟆0	"{""Appr"": 83, ""Race"": 19, ""Level"": 10, ""HP"": 19, ""Exp"": 19, ""ACMin"": 0, ""ACMax"": 0, ""MAC"": 0, ""DCMin"": 2, ""DCMax"": 6, ""DropTable"": 0}"			pending	pending	identity mapping is separate from display translation	pending-review
95	弓箭手	"{""Appr"": 112, ""Race"": 45, ""Level"": 150, ""HP"": 1, ""Exp"": 5000, ""ACMin"": 22, ""ACMax"": 22, ""MAC"": 22, ""DCMin"": 17, ""DCMax"": 33, ""DropTable"": 0}"			pending	pending	identity mapping is separate from display translation	pending-review
96	弓箭守卫	"{""Appr"": 112, ""Race"": 45, ""Level"": 150, ""HP"": 1, ""Exp"": 5000, ""ACMin"": 33, ""ACMax"": 33, ""MAC"": 33, ""DCMin"": 33, ""DCMax"": 55, ""DropTable"": 0}"			pending	pending	identity mapping is separate from display translation	pending-review
97	骨鬼将	"{""Appr"": 97, ""Race"": 19, ""Level"": 75, ""HP"": 5500, ""Exp"": 2250, ""ACMin"": 13, ""ACMax"": 13, ""MAC"": 50, ""DCMin"": 44, ""DCMax"": 66, ""DropTable"": 10}"			pending	pending	identity mapping is separate from display translation	pending-review
98	海神将领	"{""Appr"": 201, ""Race"": 19, ""Level"": 55, ""HP"": 8200, ""Exp"": 2400, ""ACMin"": 26, ""ACMax"": 26, ""MAC"": 69, ""DCMin"": 107, ""DCMax"": 140, ""DropTable"": 6}"			pending	pending	identity mapping is separate from display translation	pending-review
99	褐色马	"{""Appr"": 150, ""Race"": 19, ""Level"": 100, ""HP"": 5, ""Exp"": 500, ""ACMin"": 0, ""ACMax"": 0, ""MAC"": 0, ""DCMin"": 0, ""DCMax"": 0, ""DropTable"": 0}"			pending	pending	identity mapping is separate from display translation	pending-review
100	黑角蜘蛛	"{""Appr"": 81, ""Race"": 19, ""Level"": 35, ""HP"": 1530, ""Exp"": 370, ""ACMin"": 3, ""ACMax"": 3, ""MAC"": 8, ""DCMin"": 29, ""DCMax"": 50, ""DropTable"": 0}"			pending	pending	identity mapping is separate from display translation	pending-review
101	黑角蜘蛛0	"{""Appr"": 81, ""Race"": 19, ""Level"": 35, ""HP"": 1530, ""Exp"": 370, ""ACMin"": 3, ""ACMax"": 3, ""MAC"": 8, ""DCMin"": 29, ""DCMax"": 50, ""DropTable"": 0}"			pending	pending	identity mapping is separate from display translation	pending-review
102	黑马	"{""Appr"": 150, ""Race"": 19, ""Level"": 120, ""HP"": 5, ""Exp"": 800, ""ACMin"": 0, ""ACMax"": 0, ""MAC"": 0, ""DCMin"": 0, ""DCMax"": 0, ""DropTable"": 0}"			pending	pending	identity mapping is separate from display translation	pending-review
103	黑色恶蛆	"{""Appr"": 81, ""Race"": 19, ""Level"": 50, ""HP"": 1500, ""Exp"": 540, ""ACMin"": 0, ""ACMax"": 0, ""MAC"": 120, ""DCMin"": 24, ""DCMax"": 38, ""DropTable"": 0}"			pending	pending	identity mapping is separate from display translation	pending-review
104	黑色恶蛆0	"{""Appr"": 81, ""Race"": 19, ""Level"": 50, ""HP"": 1500, ""Exp"": 540, ""ACMin"": 0, ""ACMax"": 0, ""MAC"": 120, ""DCMin"": 24, ""DCMax"": 38, ""DropTable"": 0}"			pending	pending	identity mapping is separate from display translation	pending-review
105	黑色恶蛆61	"{""Appr"": 81, ""Race"": 19, ""Level"": 60, ""HP"": 1600, ""Exp"": 540, ""ACMin"": 6, ""ACMax"": 6, ""MAC"": 120, ""DCMin"": 24, ""DCMax"": 38, ""DropTable"": 0}"			pending	pending	identity mapping is separate from display translation	pending-review
106	黑野猪	"{""Appr"": 81, ""Race"": 19, ""Level"": 30, ""HP"": 1360, ""Exp"": 200, ""ACMin"": 0, ""ACMax"": 0, ""MAC"": 11, ""DCMin"": 24, ""DCMax"": 36, ""DropTable"": 0}"			pending	pending	identity mapping is separate from display translation	pending-review
107	黑野猪0	"{""Appr"": 81, ""Race"": 19, ""Level"": 30, ""HP"": 1360, ""Exp"": 200, ""ACMin"": 0, ""ACMax"": 0, ""MAC"": 11, ""DCMin"": 24, ""DCMax"": 36, ""DropTable"": 0}"			pending	pending	identity mapping is separate from display translation	pending-review
108	红甲虫	"{""Appr"": 97, ""Race"": 19, ""Level"": 73, ""HP"": 1500, ""Exp"": 750, ""ACMin"": 6, ""ACMax"": 6, ""MAC"": 10, ""DCMin"": 33, ""DCMax"": 55, ""DropTable"": 10}"			pending	pending	identity mapping is separate from display translation	pending-review
109	红蛇	"{""Appr"": 81, ""Race"": 19, ""Level"": 15, ""HP"": 70, ""Exp"": 70, ""ACMin"": 0, ""ACMax"": 0, ""MAC"": 2, ""DCMin"": 6, ""DCMax"": 12, ""DropTable"": 0}"			pending	pending	identity mapping is separate from display translation	pending-review
110	红蛇0	"{""Appr"": 81, ""Race"": 19, ""Level"": 15, ""HP"": 70, ""Exp"": 70, ""ACMin"": 0, ""ACMax"": 0, ""MAC"": 2, ""DCMin"": 6, ""DCMax"": 12, ""DropTable"": 0}"			pending	pending	identity mapping is separate from display translation	pending-review
111	红野猪	"{""Appr"": 81, ""Race"": 19, ""Level"": 30, ""HP"": 1360, ""Exp"": 200, ""ACMin"": 4, ""ACMax"": 4, ""MAC"": 5, ""DCMin"": 24, ""DCMax"": 36, ""DropTable"": 0}"			pending	pending	identity mapping is separate from display translation	pending-review
112	红野猪0	"{""Appr"": 81, ""Race"": 19, ""Level"": 30, ""HP"": 1360, ""Exp"": 200, ""ACMin"": 4, ""ACMax"": 4, ""MAC"": 5, ""DCMin"": 24, ""DCMax"": 36, ""DropTable"": 0}"			pending	pending	identity mapping is separate from display translation	pending-review
113	红衣法师	"{""Appr"": 229, ""Race"": 19, ""Level"": 55, ""HP"": 8800, ""Exp"": 2800, ""ACMin"": 17, ""ACMax"": 17, ""MAC"": 53, ""DCMin"": 115, ""DCMax"": 148, ""DropTable"": 10}"			pending	pending	identity mapping is separate from display translation	pending-review
114	蝴蝶虫	"{""Appr"": 81, ""Race"": 19, ""Level"": 50, ""HP"": 1200, ""Exp"": 560, ""ACMin"": 0, ""ACMax"": 0, ""MAC"": 120, ""DCMin"": 24, ""DCMax"": 41, ""DropTable"": 0}"			pending	pending	identity mapping is separate from display translation	pending-review
115	蝴蝶虫0	"{""Appr"": 81, ""Race"": 19, ""Level"": 50, ""HP"": 1200, ""Exp"": 560, ""ACMin"": 0, ""ACMax"": 0, ""MAC"": 70, ""DCMin"": 24, ""DCMax"": 37, ""DropTable"": 0}"			pending	pending	identity mapping is separate from display translation	pending-review
116	蝴蝶虫61	"{""Appr"": 81, ""Race"": 19, ""Level"": 60, ""HP"": 1200, ""Exp"": 560, ""ACMin"": 0, ""ACMax"": 0, ""MAC"": 120, ""DCMin"": 24, ""DCMax"": 41, ""DropTable"": 0}"			pending	pending	identity mapping is separate from display translation	pending-review
117	虎蛇	"{""Appr"": 81, ""Race"": 19, ""Level"": 15, ""HP"": 70, ""Exp"": 70, ""ACMin"": 0, ""ACMax"": 0, ""MAC"": 2, ""DCMin"": 6, ""DCMax"": 12, ""DropTable"": 0}"			pending	pending	identity mapping is separate from display translation	pending-review
118	虎蛇0	"{""Appr"": 81, ""Race"": 19, ""Level"": 15, ""HP"": 70, ""Exp"": 70, ""ACMin"": 0, ""ACMax"": 0, ""MAC"": 2, ""DCMin"": 6, ""DCMax"": 12, ""DropTable"": 0}"			pending	pending	identity mapping is separate from display translation	pending-review
119	护法天	"{""Appr"": 101, ""Race"": 47, ""Level"": 78, ""HP"": 4000, ""Exp"": 2000, ""ACMin"": 22, ""ACMax"": 22, ""MAC"": 50, ""DCMin"": 60, ""DCMax"": 99, ""DropTable"": 10}"			pending	pending	identity mapping is separate from display translation	pending-review
120	护卫武士	"{""Appr"": 212, ""Race"": 19, ""Level"": 100, ""HP"": 1, ""Exp"": 500, ""ACMin"": 11, ""ACMax"": 11, ""MAC"": 16, ""DCMin"": 19, ""DCMax"": 35, ""DropTable"": 0}"			pending	pending	identity mapping is separate from display translation	pending-review
121	花色蜘蛛	"{""Appr"": 119, ""Race"": 19, ""Level"": 35, ""HP"": 1510, ""Exp"": 350, ""ACMin"": 3, ""ACMax"": 3, ""MAC"": 8, ""DCMin"": 29, ""DCMax"": 47, ""DropTable"": 0}"			pending	pending	identity mapping is separate from display translation	pending-review
122	花色蜘蛛0	"{""Appr"": 119, ""Race"": 19, ""Level"": 35, ""HP"": 1510, ""Exp"": 350, ""ACMin"": 3, ""ACMax"": 3, ""MAC"": 8, ""DCMin"": 29, ""DCMax"": 47, ""DropTable"": 0}"			pending	pending	identity mapping is separate from display translation	pending-review
123	幻影蜘蛛	"{""Appr"": 116, ""Race"": 35, ""Level"": 35, ""HP"": 1500, ""Exp"": 340, ""ACMin"": 3, ""ACMax"": 3, ""MAC"": 8, ""DCMin"": 0, ""DCMax"": 0, ""DropTable"": 0}"			pending	pending	identity mapping is separate from display translation	pending-review
124	灰血恶魔	"{""Appr"": 97, ""Race"": 19, ""Level"": 40, ""HP"": 1620, ""Exp"": 460, ""ACMin"": 5, ""ACMax"": 5, ""MAC"": 10, ""DCMin"": 33, ""DCMax"": 48, ""DropTable"": 0}"			pending	pending	identity mapping is separate from display translation	pending-review
125	灰血恶魔0	"{""Appr"": 97, ""Race"": 19, ""Level"": 40, ""HP"": 1620, ""Exp"": 460, ""ACMin"": 5, ""ACMax"": 5, ""MAC"": 10, ""DCMin"": 33, ""DCMax"": 48, ""DropTable"": 0}"			pending	pending	identity mapping is separate from display translation	pending-review
126	灰血恶魔60	"{""Appr"": 97, ""Race"": 19, ""Level"": 40, ""HP"": 1620, ""Exp"": 460, ""ACMin"": 35, ""ACMax"": 35, ""MAC"": 55, ""DCMin"": 80, ""DCMax"": 120, ""DropTable"": 0}"			pending	pending	identity mapping is separate from display translation	pending-review
127	火焰狮子0	"{""Appr"": 224, ""Race"": 19, ""Level"": 48, ""HP"": 3600, ""Exp"": 1600, ""ACMin"": 11, ""ACMax"": 11, ""MAC"": 13, ""DCMin"": 50, ""DCMax"": 60, ""DropTable"": 0}"			pending	pending	identity mapping is separate from display translation	pending-review
128	火焰狮子97	"{""Appr"": 224, ""Race"": 19, ""Level"": 48, ""HP"": 3600, ""Exp"": 1600, ""ACMin"": 14, ""ACMax"": 14, ""MAC"": 27, ""DCMin"": 50, ""DCMax"": 60, ""DropTable"": 0}"			pending	pending	identity mapping is separate from display translation	pending-review
129	火焰沃玛0	"{""Appr"": 91, ""Race"": 20, ""Level"": 25, ""HP"": 340, ""Exp"": 260, ""ACMin"": 0, ""ACMax"": 0, ""MAC"": 6, ""DCMin"": 15, ""DCMax"": 31, ""DropTable"": 0}"			pending	pending	identity mapping is separate from display translation	pending-review
130	火焰沃玛30	"{""Appr"": 91, ""Race"": 20, ""Level"": 25, ""HP"": 340, ""Exp"": 260, ""ACMin"": 4, ""ACMax"": 4, ""MAC"": 13, ""DCMin"": 15, ""DCMax"": 100, ""DropTable"": 0}"			pending	pending	identity mapping is separate from display translation	pending-review
131	火焰沃玛62	"{""Appr"": 91, ""Race"": 20, ""Level"": 25, ""HP"": 1, ""Exp"": 280, ""ACMin"": 4, ""ACMax"": 4, ""MAC"": 6, ""DCMin"": 15, ""DCMax"": 31, ""DropTable"": 0}"			pending	pending	identity mapping is separate from display translation	pending-review
132	鸡	"{""Appr"": 31, ""Race"": 11, ""Level"": 2, ""HP"": 5, ""Exp"": 10, ""ACMin"": 0, ""ACMax"": 0, ""MAC"": 0, ""DCMin"": 0, ""DCMax"": 1, ""DropTable"": 0}"			pending	pending	identity mapping is separate from display translation	pending-review
133	记事本1	"{""Appr"": 209, ""Race"": 19, ""Level"": 50, ""HP"": 2000, ""Exp"": 20, ""ACMin"": 0, ""ACMax"": 0, ""MAC"": 110, ""DCMin"": 0, ""DCMax"": 0, ""DropTable"": 0}"			pending	pending	identity mapping is separate from display translation	pending-review
134	记事本2	"{""Appr"": 209, ""Race"": 19, ""Level"": 50, ""HP"": 3000, ""Exp"": 30, ""ACMin"": 0, ""ACMax"": 0, ""MAC"": 110, ""DCMin"": 0, ""DCMax"": 0, ""DropTable"": 0}"			pending	pending	identity mapping is separate from display translation	pending-review
135	记事本3	"{""Appr"": 209, ""Race"": 19, ""Level"": 50, ""HP"": 4000, ""Exp"": 40, ""ACMin"": 0, ""ACMax"": 0, ""MAC"": 110, ""DCMin"": 0, ""DCMax"": 0, ""DropTable"": 0}"			pending	pending	identity mapping is separate from display translation	pending-review
136	记事本4	"{""Appr"": 209, ""Race"": 19, ""Level"": 50, ""HP"": 5000, ""Exp"": 50, ""ACMin"": 0, ""ACMax"": 0, ""MAC"": 110, ""DCMin"": 0, ""DCMax"": 0, ""DropTable"": 0}"			pending	pending	identity mapping is separate from display translation	pending-review
137	僵尸1	"{""Appr"": 94, ""Race"": 40, ""Level"": 20, ""HP"": 240, ""Exp"": 160, ""ACMin"": 0, ""ACMax"": 0, ""MAC"": 5, ""DCMin"": 10, ""DCMax"": 22, ""DropTable"": 0}"			pending	pending	identity mapping is separate from display translation	pending-review
138	僵尸10	"{""Appr"": 94, ""Race"": 40, ""Level"": 20, ""HP"": 240, ""Exp"": 160, ""ACMin"": 0, ""ACMax"": 0, ""MAC"": 5, ""DCMin"": 10, ""DCMax"": 22, ""DropTable"": 0}"			pending	pending	identity mapping is separate from display translation	pending-review
139	僵尸2	"{""Appr"": 95, ""Race"": 41, ""Level"": 20, ""HP"": 220, ""Exp"": 140, ""ACMin"": 0, ""ACMax"": 0, ""MAC"": 5, ""DCMin"": 11, ""DCMax"": 22, ""DropTable"": 0}"			pending	pending	identity mapping is separate from display translation	pending-review
140	僵尸20	"{""Appr"": 95, ""Race"": 41, ""Level"": 20, ""HP"": 220, ""Exp"": 140, ""ACMin"": 0, ""ACMax"": 0, ""MAC"": 5, ""DCMin"": 11, ""DCMax"": 22, ""DropTable"": 0}"			pending	pending	identity mapping is separate from display translation	pending-review
141	僵尸261	"{""Appr"": 95, ""Race"": 41, ""Level"": 20, ""HP"": 1, ""Exp"": 180, ""ACMin"": 3, ""ACMax"": 3, ""MAC"": 5, ""DCMin"": 11, ""DCMax"": 22, ""DropTable"": 0}"			pending	pending	identity mapping is separate from display translation	pending-review
142	僵尸3	"{""Appr"": 96, ""Race"": 42, ""Level"": 20, ""HP"": 200, ""Exp"": 120, ""ACMin"": 0, ""ACMax"": 0, ""MAC"": 5, ""DCMin"": 11, ""DCMax"": 21, ""DropTable"": 0}"			pending	pending	identity mapping is separate from display translation	pending-review
143	僵尸30	"{""Appr"": 96, ""Race"": 42, ""Level"": 20, ""HP"": 200, ""Exp"": 120, ""ACMin"": 0, ""ACMax"": 0, ""MAC"": 5, ""DCMin"": 11, ""DCMax"": 21, ""DropTable"": 0}"			pending	pending	identity mapping is separate from display translation	pending-review
144	僵尸4	"{""Appr"": 96, ""Race"": 42, ""Level"": 20, ""HP"": 200, ""Exp"": 120, ""ACMin"": 0, ""ACMax"": 0, ""MAC"": 5, ""DCMin"": 11, ""DCMax"": 21, ""DropTable"": 0}"			pending	pending	identity mapping is separate from display translation	pending-review
145	僵尸40	"{""Appr"": 96, ""Race"": 42, ""Level"": 20, ""HP"": 200, ""Exp"": 120, ""ACMin"": 0, ""ACMax"": 0, ""MAC"": 5, ""DCMin"": 11, ""DCMax"": 21, ""DropTable"": 0}"			pending	pending	identity mapping is separate from display translation	pending-review
146	僵尸461	"{""Appr"": 96, ""Race"": 42, ""Level"": 20, ""HP"": 1, ""Exp"": 120, ""ACMin"": 3, ""ACMax"": 3, ""MAC"": 5, ""DCMin"": 11, ""DCMax"": 21, ""DropTable"": 0}"			pending	pending	identity mapping is separate from display translation	pending-review
147	僵尸5	"{""Appr"": 96, ""Race"": 42, ""Level"": 20, ""HP"": 180, ""Exp"": 100, ""ACMin"": 0, ""ACMax"": 0, ""MAC"": 5, ""DCMin"": 11, ""DCMax"": 20, ""DropTable"": 0}"			pending	pending	identity mapping is separate from display translation	pending-review
148	僵尸50	"{""Appr"": 96, ""Race"": 42, ""Level"": 20, ""HP"": 180, ""Exp"": 100, ""ACMin"": 0, ""ACMax"": 0, ""MAC"": 5, ""DCMin"": 11, ""DCMax"": 20, ""DropTable"": 0}"			pending	pending	identity mapping is separate from display translation	pending-review
149	僵尸王	"{""Appr"": 81, ""Race"": 19, ""Level"": 73, ""HP"": 1, ""Exp"": 750, ""ACMin"": 4, ""ACMax"": 4, ""MAC"": 9, ""DCMin"": 8, ""DCMax"": 30, ""DropTable"": 0}"			pending	pending	identity mapping is separate from display translation	pending-review
150	角蝇	"{""Appr"": 103, ""Race"": 43, ""Level"": 30, ""HP"": 1400, ""Exp"": 240, ""ACMin"": 0, ""ACMax"": 0, ""MAC"": 8, ""DCMin"": 4, ""DCMax"": 4, ""DropTable"": 0}"			pending	pending	identity mapping is separate from display translation	pending-review
151	角蝇80	"{""Appr"": 103, ""Race"": 43, ""Level"": 30, ""HP"": 400, ""Exp"": 240, ""ACMin"": 4, ""ACMax"": 4, ""MAC"": 16, ""DCMin"": 6, ""DCMax"": 6, ""DropTable"": 0}"			pending	pending	identity mapping is separate from display translation	pending-review
152	巨象兽0	"{""Appr"": 220, ""Race"": 19, ""Level"": 52, ""HP"": 2760, ""Exp"": 1100, ""ACMin"": 8, ""ACMax"": 8, ""MAC"": 13, ""DCMin"": 43, ""DCMax"": 54, ""DropTable"": 0}"			pending	pending	identity mapping is separate from display translation	pending-review
153	巨型多角虫	"{""Appr"": 97, ""Race"": 19, ""Level"": 70, ""HP"": 400, ""Exp"": 200, ""ACMin"": 3, ""ACMax"": 3, ""MAC"": 7, ""DCMin"": 16, ""DCMax"": 55, ""DropTable"": 10}"			pending	pending	identity mapping is separate from display translation	pending-review
154	聚宝箱1	"{""Appr"": 209, ""Race"": 19, ""Level"": 99, ""HP"": 1, ""Exp"": 20, ""ACMin"": 0, ""ACMax"": 0, ""MAC"": 220, ""DCMin"": 0, ""DCMax"": 0, ""DropTable"": 0}"			pending	pending	identity mapping is separate from display translation	pending-review
155	聚宝箱2	"{""Appr"": 199, ""Race"": 19, ""Level"": 99, ""HP"": 1, ""Exp"": 30, ""ACMin"": 0, ""ACMax"": 0, ""MAC"": 220, ""DCMin"": 0, ""DCMax"": 0, ""DropTable"": 0}"			pending	pending	identity mapping is separate from display translation	pending-review
156	聚宝箱3	"{""Appr"": 199, ""Race"": 19, ""Level"": 99, ""HP"": 1, ""Exp"": 50, ""ACMin"": 0, ""ACMax"": 0, ""MAC"": 220, ""DCMin"": 0, ""DCMax"": 0, ""DropTable"": 0}"			pending	pending	identity mapping is separate from display translation	pending-review
157	聚宝箱4	"{""Appr"": 199, ""Race"": 19, ""Level"": 99, ""HP"": 1, ""Exp"": 100, ""ACMin"": 0, ""ACMax"": 0, ""MAC"": 220, ""DCMin"": 0, ""DCMax"": 0, ""DropTable"": 0}"			pending	pending	identity mapping is separate from display translation	pending-review
158	聚宝箱5	"{""Appr"": 199, ""Race"": 19, ""Level"": 99, ""HP"": 1, ""Exp"": 100, ""ACMin"": 0, ""ACMax"": 0, ""MAC"": 220, ""DCMin"": 0, ""DCMax"": 0, ""DropTable"": 0}"			pending	pending	identity mapping is separate from display translation	pending-review
159	骷髅	"{""Appr"": 86, ""Race"": 14, ""Level"": 18, ""HP"": 100, ""Exp"": 100, ""ACMin"": 0, ""ACMax"": 0, ""MAC"": 3, ""DCMin"": 8, ""DCMax"": 16, ""DropTable"": 0}"			pending	pending	identity mapping is separate from display translation	pending-review
160	骷髅0	"{""Appr"": 86, ""Race"": 14, ""Level"": 18, ""HP"": 100, ""Exp"": 100, ""ACMin"": 0, ""ACMax"": 0, ""MAC"": 3, ""DCMin"": 8, ""DCMax"": 16, ""DropTable"": 0}"			pending	pending	identity mapping is separate from display translation	pending-review
161	骷髅61	"{""Appr"": 86, ""Race"": 14, ""Level"": 18, ""HP"": 1, ""Exp"": 100, ""ACMin"": 1, ""ACMax"": 1, ""MAC"": 3, ""DCMin"": 8, ""DCMax"": 16, ""DropTable"": 0}"			pending	pending	identity mapping is separate from display translation	pending-review
162	骷髅9	"{""Appr"": 86, ""Race"": 14, ""Level"": 99, ""HP"": 100, ""Exp"": 1000, ""ACMin"": 2, ""ACMax"": 2, ""MAC"": 4, ""DCMin"": 44, ""DCMax"": 88, ""DropTable"": 0}"			pending	pending	identity mapping is separate from display translation	pending-review
163	骷髅弓箭手	"{""Appr"": 104, ""Race"": 45, ""Level"": 30, ""HP"": 1410, ""Exp"": 250, ""ACMin"": 0, ""ACMax"": 0, ""MAC"": 7, ""DCMin"": 25, ""DCMax"": 36, ""DropTable"": 0}"			pending	pending	identity mapping is separate from display translation	pending-review
164	骷髅弓箭手0	"{""Appr"": 104, ""Race"": 45, ""Level"": 30, ""HP"": 1410, ""Exp"": 250, ""ACMin"": 0, ""ACMax"": 0, ""MAC"": 7, ""DCMin"": 25, ""DCMax"": 36, ""DropTable"": 0}"			pending	pending	identity mapping is separate from display translation	pending-review
165	骷髅教主	"{""Appr"": 225, ""Race"": 19, ""Level"": 91, ""HP"": 10000, ""Exp"": 7500, ""ACMin"": 44, ""ACMax"": 44, ""MAC"": 100, ""DCMin"": 121, ""DCMax"": 187, ""DropTable"": 10}"	121	Arch Lich Taedu	verified-alias	medium	identity mapping is separate from display translation	mapped
166	骷髅精灵	"{""Appr"": 97, ""Race"": 14, ""Level"": 72, ""HP"": 1000, ""Exp"": 500, ""ACMin"": 5, ""ACMax"": 5, ""MAC"": 9, ""DCMin"": 27, ""DCMax"": 55, ""DropTable"": 10}"			pending	pending	identity mapping is separate from display translation	pending-review
167	骷髅精灵61	"{""Appr"": 89, ""Race"": 14, ""Level"": 72, ""HP"": 1, ""Exp"": 500, ""ACMin"": 5, ""ACMax"": 5, ""MAC"": 9, ""DCMin"": 6, ""DCMax"": 27, ""DropTable"": 0}"			pending	pending	identity mapping is separate from display translation	pending-review
168	骷髅精灵62	"{""Appr"": 89, ""Race"": 14, ""Level"": 72, ""HP"": 1, ""Exp"": 500, ""ACMin"": 5, ""ACMax"": 5, ""MAC"": 9, ""DCMin"": 6, ""DCMax"": 27, ""DropTable"": 0}"			pending	pending	identity mapping is separate from display translation	pending-review
169	骷髅精灵9	"{""Appr"": 97, ""Race"": 14, ""Level"": 99, ""HP"": 1000, ""Exp"": 5000, ""ACMin"": 5, ""ACMax"": 5, ""MAC"": 9, ""DCMin"": 82, ""DCMax"": 165, ""DropTable"": 10}"			pending	pending	identity mapping is separate from display translation	pending-review
170	骷髅士兵	"{""Appr"": 118, ""Race"": 19, ""Level"": 30, ""HP"": 1390, ""Exp"": 230, ""ACMin"": 0, ""ACMax"": 0, ""MAC"": 7, ""DCMin"": 24, ""DCMax"": 37, ""DropTable"": 0}"			pending	pending	identity mapping is separate from display translation	pending-review
171	骷髅士兵0	"{""Appr"": 118, ""Race"": 19, ""Level"": 30, ""HP"": 1390, ""Exp"": 230, ""ACMin"": 0, ""ACMax"": 0, ""MAC"": 7, ""DCMin"": 24, ""DCMax"": 37, ""DropTable"": 0}"			pending	pending	identity mapping is separate from display translation	pending-review
172	骷髅武将	"{""Appr"": 81, ""Race"": 19, ""Level"": 30, ""HP"": 1730, ""Exp"": 270, ""ACMin"": 0, ""ACMax"": 0, ""MAC"": 7, ""DCMin"": 24, ""DCMax"": 42, ""DropTable"": 0}"			pending	pending	identity mapping is separate from display translation	pending-review
173	骷髅武将0	"{""Appr"": 81, ""Race"": 19, ""Level"": 30, ""HP"": 1730, ""Exp"": 270, ""ACMin"": 0, ""ACMax"": 0, ""MAC"": 7, ""DCMin"": 24, ""DCMax"": 42, ""DropTable"": 0}"			pending	pending	identity mapping is separate from display translation	pending-review
174	骷髅武士	"{""Appr"": 81, ""Race"": 19, ""Level"": 30, ""HP"": 1370, ""Exp"": 210, ""ACMin"": 0, ""ACMax"": 0, ""MAC"": 7, ""DCMin"": 24, ""DCMax"": 37, ""DropTable"": 0}"			pending	pending	identity mapping is separate from display translation	pending-review
175	骷髅武士0	"{""Appr"": 81, ""Race"": 19, ""Level"": 30, ""HP"": 1370, ""Exp"": 210, ""ACMin"": 0, ""ACMax"": 0, ""MAC"": 7, ""DCMin"": 24, ""DCMax"": 37, ""DropTable"": 0}"			pending	pending	identity mapping is separate from display translation	pending-review
176	骷髅战将	"{""Appr"": 89, ""Race"": 14, ""Level"": 18, ""HP"": 110, ""Exp"": 110, ""ACMin"": 0, ""ACMax"": 0, ""MAC"": 3, ""DCMin"": 8, ""DCMax"": 18, ""DropTable"": 0}"			pending	pending	identity mapping is separate from display translation	pending-review
177	骷髅战将0	"{""Appr"": 89, ""Race"": 14, ""Level"": 18, ""HP"": 110, ""Exp"": 110, ""ACMin"": 0, ""ACMax"": 0, ""MAC"": 3, ""DCMin"": 8, ""DCMax"": 18, ""DropTable"": 0}"			pending	pending	identity mapping is separate from display translation	pending-review
178	骷髅战将61	"{""Appr"": 89, ""Race"": 14, ""Level"": 18, ""HP"": 1, ""Exp"": 110, ""ACMin"": 1, ""ACMax"": 1, ""MAC"": 3, ""DCMin"": 8, ""DCMax"": 18, ""DropTable"": 0}"			pending	pending	identity mapping is separate from display translation	pending-review
179	骷髅战将9	"{""Appr"": 89, ""Race"": 14, ""Level"": 99, ""HP"": 110, ""Exp"": 1100, ""ACMin"": 2, ""ACMax"": 2, ""MAC"": 4, ""DCMin"": 44, ""DCMax"": 99, ""DropTable"": 0}"			pending	pending	identity mapping is separate from display translation	pending-review
180	骷髅战士	"{""Appr"": 88, ""Race"": 14, ""Level"": 18, ""HP"": 105, ""Exp"": 105, ""ACMin"": 0, ""ACMax"": 0, ""MAC"": 3, ""DCMin"": 8, ""DCMax"": 17, ""DropTable"": 0}"			pending	pending	identity mapping is separate from display translation	pending-review
181	骷髅战士0	"{""Appr"": 88, ""Race"": 14, ""Level"": 18, ""HP"": 105, ""Exp"": 105, ""ACMin"": 0, ""ACMax"": 0, ""MAC"": 3, ""DCMin"": 8, ""DCMax"": 17, ""DropTable"": 0}"			pending	pending	identity mapping is separate from display translation	pending-review
182	骷髅战士61	"{""Appr"": 88, ""Race"": 14, ""Level"": 18, ""HP"": 1, ""Exp"": 105, ""ACMin"": 1, ""ACMax"": 1, ""MAC"": 3, ""DCMin"": 8, ""DCMax"": 17, ""DropTable"": 0}"			pending	pending	identity mapping is separate from display translation	pending-review
183	盔甲虫	"{""Appr"": 81, ""Race"": 19, ""Level"": 13, ""HP"": 35, ""Exp"": 35, ""ACMin"": 0, ""ACMax"": 0, ""MAC"": 1, ""DCMin"": 4, ""DCMax"": 9, ""DropTable"": 0}"			pending	pending	identity mapping is separate from display translation	pending-review
184	盔甲虫0	"{""Appr"": 81, ""Race"": 19, ""Level"": 13, ""HP"": 35, ""Exp"": 35, ""ACMin"": 0, ""ACMax"": 0, ""MAC"": 1, ""DCMin"": 4, ""DCMax"": 9, ""DropTable"": 0}"			pending	pending	identity mapping is separate from display translation	pending-review
185	盔甲蚂蚁	"{""Appr"": 81, ""Race"": 19, ""Level"": 25, ""HP"": 340, ""Exp"": 260, ""ACMin"": 0, ""ACMax"": 0, ""MAC"": 6, ""DCMin"": 15, ""DCMax"": 29, ""DropTable"": 0}"			pending	pending	identity mapping is separate from display translation	pending-review
186	夜行鬼09	"{""Appr"": 81, ""Race"": 19, ""Level"": 10, ""HP"": 20, ""Exp"": 20, ""ACMin"": 0, ""ACMax"": 0, ""MAC"": 0, ""DCMin"": 2, ""DCMax"": 7, ""DropTable"": 0}"			pending	pending	identity mapping is separate from display translation	pending-review
187	异界之门	"{""Appr"": 227, ""Race"": 19, ""Level"": 100, ""HP"": 0, ""Exp"": 9999, ""ACMin"": 999, ""ACMax"": 999, ""MAC"": 999, ""DCMin"": 0, ""DCMax"": 0, ""DropTable"": 0}"			pending	pending	identity mapping is separate from display translation	pending-review
188	猿猴战将	"{""Appr"": 218, ""Race"": 19, ""Level"": 45, ""HP"": 2210, ""Exp"": 700, ""ACMin"": 4, ""ACMax"": 4, ""MAC"": 10, ""DCMin"": 32, ""DCMax"": 48, ""DropTable"": 0}"			pending	pending	identity mapping is separate from display translation	pending-review
189	猿猴战将0	"{""Appr"": 218, ""Race"": 19, ""Level"": 45, ""HP"": 2210, ""Exp"": 700, ""ACMin"": 4, ""ACMax"": 4, ""MAC"": 10, ""DCMin"": 32, ""DCMax"": 48, ""DropTable"": 0}"			pending	pending	identity mapping is separate from display translation	pending-review
190	猿猴战士	"{""Appr"": 217, ""Race"": 19, ""Level"": 45, ""HP"": 2210, ""Exp"": 700, ""ACMin"": 4, ""ACMax"": 4, ""MAC"": 10, ""DCMin"": 32, ""DCMax"": 48, ""DropTable"": 0}"			pending	pending	identity mapping is separate from display translation	pending-review
191	猿猴战士0	"{""Appr"": 217, ""Race"": 19, ""Level"": 45, ""HP"": 2210, ""Exp"": 700, ""ACMin"": 4, ""ACMax"": 4, ""MAC"": 10, ""DCMin"": 32, ""DCMax"": 48, ""DropTable"": 0}"			pending	pending	identity mapping is separate from display translation	pending-review
192	月魔蜘蛛	"{""Appr"": 105, ""Race"": 37, ""Level"": 35, ""HP"": 1500, ""Exp"": 340, ""ACMin"": 3, ""ACMax"": 3, ""MAC"": 8, ""DCMin"": 29, ""DCMax"": 29, ""DropTable"": 0}"			pending	pending	identity mapping is separate from display translation	pending-review
193	震天魔神	"{""Appr"": 223, ""Race"": 19, ""Level"": 95, ""HP"": 15000, ""Exp"": 11250, ""ACMin"": 60, ""ACMax"": 60, ""MAC"": 108, ""DCMin"": 140, ""DCMax"": 235, ""DropTable"": 10}"			pending	pending	identity mapping is separate from display translation	pending-review
194	震天神兵	"{""Appr"": 223, ""Race"": 19, ""Level"": 95, ""HP"": 100000, ""Exp"": 11250, ""ACMin"": 60, ""ACMax"": 60, ""MAC"": 97, ""DCMin"": 220, ""DCMax"": 275, ""DropTable"": 10}"			pending	pending	identity mapping is separate from display translation	pending-review
195	震天首将	"{""Appr"": 222, ""Race"": 19, ""Level"": 79, ""HP"": 4500, ""Exp"": 2250, ""ACMin"": 27, ""ACMax"": 27, ""MAC"": 50, ""DCMin"": 100, ""DCMax"": 110, ""DropTable"": 10}"			pending	pending	identity mapping is separate from display translation	pending-review
196	蜘蛛娃	"{""Appr"": 81, ""Race"": 19, ""Level"": 20, ""HP"": 240, ""Exp"": 160, ""ACMin"": 0, ""ACMax"": 0, ""MAC"": 5, ""DCMin"": 11, ""DCMax"": 23, ""DropTable"": 0}"			pending	pending	identity mapping is separate from display translation	pending-review
197	蜘蛛娃0	"{""Appr"": 81, ""Race"": 19, ""Level"": 20, ""HP"": 240, ""Exp"": 160, ""ACMin"": 0, ""ACMax"": 0, ""MAC"": 5, ""DCMin"": 11, ""DCMax"": 23, ""DropTable"": 0}"			pending	pending	identity mapping is separate from display translation	pending-review
198	掷斧骷髅	"{""Appr"": 87, ""Race"": 15, ""Level"": 18, ""HP"": 100, ""Exp"": 100, ""ACMin"": 0, ""ACMax"": 0, ""MAC"": 3, ""DCMin"": 9, ""DCMax"": 13, ""DropTable"": 0}"			pending	pending	identity mapping is separate from display translation	pending-review
199	掷斧骷髅0	"{""Appr"": 87, ""Race"": 15, ""Level"": 18, ""HP"": 100, ""Exp"": 100, ""ACMin"": 0, ""ACMax"": 0, ""MAC"": 3, ""DCMin"": 9, ""DCMax"": 13, ""DropTable"": 0}"			pending	pending	identity mapping is separate from display translation	pending-review
200	掷斧骷髅61	"{""Appr"": 87, ""Race"": 15, ""Level"": 18, ""HP"": 1, ""Exp"": 100, ""ACMin"": 1, ""ACMax"": 1, ""MAC"": 3, ""DCMin"": 9, ""DCMax"": 13, ""DropTable"": 0}"			pending	pending	identity mapping is separate from display translation	pending-review
201	掷斧骷髅62	"{""Appr"": 87, ""Race"": 15, ""Level"": 18, ""HP"": 1, ""Exp"": 100, ""ACMin"": 1, ""ACMax"": 1, ""MAC"": 3, ""DCMin"": 9, ""DCMax"": 13, ""DropTable"": 0}"			pending	pending	identity mapping is separate from display translation	pending-review
202	猪	"{""Appr"": 52, ""Race"": 11, ""Level"": 3, ""HP"": 8, ""Exp"": 20, ""ACMin"": 0, ""ACMax"": 0, ""MAC"": 0, ""DCMin"": 0, ""DCMax"": 3, ""DropTable"": 0}"			pending	pending	identity mapping is separate from display translation	pending-review
203	祖玛雕像	"{""Appr"": 101, ""Race"": 47, ""Level"": 45, ""HP"": 2800, ""Exp"": 1200, ""ACMin"": 5, ""ACMax"": 5, ""MAC"": 12, ""DCMin"": 37, ""DCMax"": 55, ""DropTable"": 0}"			pending	pending	identity mapping is separate from display translation	pending-review
205	祖玛雕像91	"{""Appr"": 101, ""Race"": 47, ""Level"": 45, ""HP"": 2800, ""Exp"": 1200, ""ACMin"": 6, ""ACMax"": 6, ""MAC"": 50, ""DCMin"": 54, ""DCMax"": 66, ""DropTable"": 0}"			pending	pending	identity mapping is separate from display translation	pending-review
206	祖玛弓箭手0	"{""Appr"": 104, ""Race"": 45, ""Level"": 45, ""HP"": 3200, ""Exp"": 1400, ""ACMin"": 6, ""ACMax"": 6, ""MAC"": 13, ""DCMin"": 40, ""DCMax"": 57, ""DropTable"": 0}"			pending	pending	identity mapping is separate from display translation	pending-review
207	祖玛弓箭手92	"{""Appr"": 104, ""Race"": 45, ""Level"": 45, ""HP"": 3200, ""Exp"": 1400, ""ACMin"": 8, ""ACMax"": 8, ""MAC"": 50, ""DCMin"": 64, ""DCMax"": 91, ""DropTable"": 0}"			pending	pending	identity mapping is separate from display translation	pending-review
208	祖玛教主62	"{""Appr"": 102, ""Race"": 49, ""Level"": 85, ""HP"": 1, ""Exp"": 10000, ""ACMin"": 55, ""ACMax"": 55, ""MAC"": 66, ""DCMin"": 110, ""DCMax"": 111, ""DropTable"": 0}"			pending	pending	identity mapping is separate from display translation	pending-review
209	祖玛卫士	"{""Appr"": 101, ""Race"": 47, ""Level"": 45, ""HP"": 3000, ""Exp"": 1300, ""ACMin"": 5, ""ACMax"": 5, ""MAC"": 12, ""DCMin"": 37, ""DCMax"": 57, ""DropTable"": 0}"			pending	pending	identity mapping is separate from display translation	pending-review
210	祖玛卫士0	"{""Appr"": 101, ""Race"": 47, ""Level"": 45, ""HP"": 3000, ""Exp"": 1300, ""ACMin"": 5, ""ACMax"": 5, ""MAC"": 12, ""DCMin"": 37, ""DCMax"": 57, ""DropTable"": 0}"			pending	pending	identity mapping is separate from display translation	pending-review
211	祖玛卫士90	"{""Appr"": 101, ""Race"": 47, ""Level"": 45, ""HP"": 3000, ""Exp"": 1300, ""ACMin"": 6, ""ACMax"": 6, ""MAC"": 50, ""DCMin"": 59, ""DCMax"": 91, ""DropTable"": 0}"			pending	pending	identity mapping is separate from display translation	pending-review
212	守卫神将	"{""Appr"": 101, ""Race"": 47, ""Level"": 99, ""HP"": 1350, ""Exp"": 2600, ""ACMin"": 11, ""ACMax"": 11, ""MAC"": 49, ""DCMin"": 119, ""DCMax"": 114, ""DropTable"": 15}"			pending	pending	identity mapping is separate from display translation	pending-review
213	沃玛勇士60	"{""Appr"": 81, ""Race"": 19, ""Level"": 25, ""HP"": 300, ""Exp"": 220, ""ACMin"": 5, ""ACMax"": 5, ""MAC"": 7, ""DCMin"": 15, ""DCMax"": 25, ""DropTable"": 0}"			pending	pending	identity mapping is separate from display translation	pending-review
214	火焰沃玛61	"{""Appr"": 91, ""Race"": 20, ""Level"": 25, ""HP"": 1, ""Exp"": 280, ""ACMin"": 4, ""ACMax"": 4, ""MAC"": 6, ""DCMin"": 15, ""DCMax"": 31, ""DropTable"": 0}"			pending	pending	identity mapping is separate from display translation	pending-review
215	暗黑战士61	"{""Appr"": 93, ""Race"": 22, ""Level"": 25, ""HP"": 1, ""Exp"": 240, ""ACMin"": 4, ""ACMax"": 4, ""MAC"": 6, ""DCMin"": 14, ""DCMax"": 28, ""DropTable"": 0}"			pending	pending	identity mapping is separate from display translation	pending-review
216	巨象兽	"{""Appr"": 220, ""Race"": 19, ""Level"": 47, ""HP"": 2760, ""Exp"": 1100, ""ACMin"": 8, ""ACMax"": 8, ""MAC"": 13, ""DCMin"": 43, ""DCMax"": 54, ""DropTable"": 0}"			pending	pending	identity mapping is separate from display translation	pending-review
217	魔石狂热者	"{""Appr"": 81, ""Race"": 19, ""Level"": 65, ""HP"": 10000, ""Exp"": 5800, ""ACMin"": 40, ""ACMax"": 40, ""MAC"": 90, ""DCMin"": 200, ""DCMax"": 200, ""DropTable"": 10}"			pending	pending	identity mapping is separate from display translation	pending-review
218	火焰狮子99	"{""Appr"": 224, ""Race"": 19, ""Level"": 48, ""HP"": 3600, ""Exp"": 1600, ""ACMin"": 14, ""ACMax"": 14, ""MAC"": 27, ""DCMin"": 50, ""DCMax"": 60, ""DropTable"": 0}"			pending	pending	identity mapping is separate from display translation	pending-review
219	火焰沃玛	"{""Appr"": 91, ""Race"": 20, ""Level"": 25, ""HP"": 340, ""Exp"": 260, ""ACMin"": 0, ""ACMax"": 0, ""MAC"": 6, ""DCMin"": 15, ""DCMax"": 31, ""DropTable"": 0}"			pending	pending	identity mapping is separate from display translation	pending-review
220	小诺玛	"{""Appr"": 52, ""Race"": 11, ""Level"": 4, ""HP"": 450, ""Exp"": 250, ""ACMin"": 0, ""ACMax"": 5, ""MAC"": 10, ""DCMin"": 0, ""DCMax"": 4, ""DropTable"": 0}"			pending	pending	identity mapping is separate from display translation	pending-review
221	盔甲蚂蚁0	"{""Appr"": 81, ""Race"": 19, ""Level"": 25, ""HP"": 340, ""Exp"": 260, ""ACMin"": 0, ""ACMax"": 0, ""MAC"": 6, ""DCMin"": 15, ""DCMax"": 29, ""DropTable"": 0}"			pending	pending	identity mapping is separate from display translation	pending-review
222	狼	"{""Appr"": 53, ""Race"": 19, ""Level"": 15, ""HP"": 60, ""Exp"": 60, ""ACMin"": 0, ""ACMax"": 0, ""MAC"": 2, ""DCMin"": 6, ""DCMax"": 11, ""DropTable"": 0}"			pending	pending	identity mapping is separate from display translation	pending-review
223	浪子人鬼	"{""Appr"": 97, ""Race"": 19, ""Level"": 25, ""HP"": 310, ""Exp"": 230, ""ACMin"": 0, ""ACMax"": 0, ""MAC"": 6, ""DCMin"": 15, ""DCMax"": 29, ""DropTable"": 0}"			pending	pending	identity mapping is separate from display translation	pending-review
224	浪子人鬼0	"{""Appr"": 97, ""Race"": 19, ""Level"": 25, ""HP"": 310, ""Exp"": 230, ""ACMin"": 0, ""ACMax"": 0, ""MAC"": 6, ""DCMin"": 16, ""DCMax"": 29, ""DropTable"": 0}"			pending	pending	identity mapping is separate from display translation	pending-review
225	劳动蚂蚁	"{""Appr"": 81, ""Race"": 19, ""Level"": 25, ""HP"": 260, ""Exp"": 180, ""ACMin"": 0, ""ACMax"": 0, ""MAC"": 6, ""DCMin"": 16, ""DCMax"": 24, ""DropTable"": 0}"			pending	pending	identity mapping is separate from display translation	pending-review
226	劳动蚂蚁0	"{""Appr"": 81, ""Race"": 19, ""Level"": 25, ""HP"": 260, ""Exp"": 180, ""ACMin"": 0, ""ACMax"": 0, ""MAC"": 6, ""DCMin"": 16, ""DCMax"": 24, ""DropTable"": 0}"			pending	pending	identity mapping is separate from display translation	pending-review
227	老道僵尸61	"{""Appr"": 94, ""Race"": 40, ""Level"": 20, ""HP"": 1, ""Exp"": 160, ""ACMin"": 4, ""ACMax"": 4, ""MAC"": 5, ""DCMin"": 12, ""DCMax"": 24, ""DropTable"": 0}"			pending	pending	identity mapping is separate from display translation	pending-review
228	雷电僵尸	"{""Appr"": 94, ""Race"": 40, ""Level"": 20, ""HP"": 240, ""Exp"": 160, ""ACMin"": 4, ""ACMax"": 4, ""MAC"": 5, ""DCMin"": 12, ""DCMax"": 24, ""DropTable"": 0}"			pending	pending	identity mapping is separate from display translation	pending-review
229	栗子树	"{""Appr"": 209, ""Race"": 19, ""Level"": 10, ""HP"": 20, ""Exp"": 20, ""ACMin"": 0, ""ACMax"": 0, ""MAC"": 200, ""DCMin"": 0, ""DCMax"": 0, ""DropTable"": 0}"			pending	pending	identity mapping is separate from display translation	pending-review
230	练功师	"{""Appr"": 55, ""Race"": 19, ""Level"": 150, ""HP"": 1, ""Exp"": 9999, ""ACMin"": 0, ""ACMax"": 0, ""MAC"": 0, ""DCMin"": 2, ""DCMax"": 2, ""DropTable"": 0}"			pending	pending	identity mapping is separate from display translation	pending-review
231	猎鹰	"{""Appr"": 81, ""Race"": 19, ""Level"": 13, ""HP"": 50, ""Exp"": 50, ""ACMin"": 0, ""ACMax"": 0, ""MAC"": 1, ""DCMin"": 4, ""DCMax"": 11, ""DropTable"": 0}"			pending	pending	identity mapping is separate from display translation	pending-review
232	猎鹰0	"{""Appr"": 81, ""Race"": 19, ""Level"": 13, ""HP"": 50, ""Exp"": 50, ""ACMin"": 0, ""ACMax"": 0, ""MAC"": 1, ""DCMin"": 4, ""DCMax"": 11, ""DropTable"": 0}"			pending	pending	identity mapping is separate from display translation	pending-review
233	玲花	"{""Appr"": 211, ""Race"": 11, ""Level"": 100, ""HP"": 5, ""Exp"": 300, ""ACMin"": 11, ""ACMax"": 11, ""MAC"": 16, ""DCMin"": 0, ""DCMax"": 0, ""DropTable"": 0}"			pending	pending	identity mapping is separate from display translation	pending-review
234	鹿	"{""Appr"": 52, ""Race"": 11, ""Level"": 6, ""HP"": 17, ""Exp"": 50, ""ACMin"": 0, ""ACMax"": 0, ""MAC"": 0, ""DCMin"": 0, ""DCMax"": 6, ""DropTable"": 0}"			pending	pending	identity mapping is separate from display translation	pending-review
235	蚂蚁道士	"{""Appr"": 207, ""Race"": 19, ""Level"": 25, ""HP"": 300, ""Exp"": 220, ""ACMin"": 0, ""ACMax"": 0, ""MAC"": 6, ""DCMin"": 0, ""DCMax"": 0, ""DropTable"": 0}"			pending	pending	identity mapping is separate from display translation	pending-review
236	蚂蚁道士0	"{""Appr"": 207, ""Race"": 19, ""Level"": 25, ""HP"": 300, ""Exp"": 220, ""ACMin"": 0, ""ACMax"": 0, ""MAC"": 6, ""DCMin"": 0, ""DCMax"": 0, ""DropTable"": 0}"			pending	pending	identity mapping is separate from display translation	pending-review
237	蚂蚁将军	"{""Appr"": 97, ""Race"": 19, ""Level"": 74, ""HP"": 2000, ""Exp"": 1000, ""ACMin"": 11, ""ACMax"": 11, ""MAC"": 60, ""DCMin"": 38, ""DCMax"": 55, ""DropTable"": 10}"			pending	pending	identity mapping is separate from display translation	pending-review
238	蚂蚁战士	"{""Appr"": 81, ""Race"": 19, ""Level"": 25, ""HP"": 280, ""Exp"": 200, ""ACMin"": 0, ""ACMax"": 0, ""MAC"": 6, ""DCMin"": 15, ""DCMax"": 25, ""DropTable"": 0}"			pending	pending	identity mapping is separate from display translation	pending-review
239	蚂蚁战士0	"{""Appr"": 81, ""Race"": 19, ""Level"": 25, ""HP"": 280, ""Exp"": 200, ""ACMin"": 0, ""ACMax"": 0, ""MAC"": 6, ""DCMin"": 15, ""DCMax"": 25, ""DropTable"": 0}"			pending	pending	identity mapping is separate from display translation	pending-review
240	魔神怪1	"{""Appr"": 104, ""Race"": 19, ""Level"": 52, ""HP"": 2320, ""Exp"": 800, ""ACMin"": 5, ""ACMax"": 5, ""MAC"": 12, ""DCMin"": 37, ""DCMax"": 48, ""DropTable"": 0}"			pending	pending	identity mapping is separate from display translation	pending-review
241	武力神将81	"{""Appr"": 222, ""Race"": 19, ""Level"": 51, ""HP"": 4500, ""Exp"": 2300, ""ACMin"": 22, ""ACMax"": 22, ""MAC"": 38, ""DCMin"": 60, ""DCMax"": 77, ""DropTable"": 0}"			pending	pending	identity mapping is separate from display translation	pending-review
242	魔神怪10	"{""Appr"": 104, ""Race"": 19, ""Level"": 52, ""HP"": 2320, ""Exp"": 800, ""ACMin"": 5, ""ACMax"": 5, ""MAC"": 12, ""DCMin"": 37, ""DCMax"": 48, ""DropTable"": 0}"			pending	pending	identity mapping is separate from display translation	pending-review
243	魔神怪2	"{""Appr"": 219, ""Race"": 19, ""Level"": 52, ""HP"": 2320, ""Exp"": 800, ""ACMin"": 4, ""ACMax"": 4, ""MAC"": 11, ""DCMin"": 21, ""DCMax"": 43, ""DropTable"": 0}"			pending	pending	identity mapping is separate from display translation	pending-review
244	魔神怪20	"{""Appr"": 219, ""Race"": 19, ""Level"": 52, ""HP"": 2320, ""Exp"": 800, ""ACMin"": 4, ""ACMax"": 4, ""MAC"": 11, ""DCMin"": 21, ""DCMax"": 43, ""DropTable"": 0}"			pending	pending	identity mapping is separate from display translation	pending-review
245	木障	"{""Appr"": 110, ""Race"": 98, ""Level"": 99, ""HP"": 0, ""Exp"": 10000, ""ACMin"": 33, ""ACMax"": 33, ""MAC"": 109, ""DCMin"": 0, ""DCMax"": 0, ""DropTable"": 0}"			pending	pending	identity mapping is separate from display translation	pending-review
246	震天兽	"{""Appr"": 97, ""Race"": 19, ""Level"": 80, ""HP"": 20000, ""Exp"": 4000, ""ACMin"": 44, ""ACMax"": 44, ""MAC"": 60, ""DCMin"": 187, ""DCMax"": 253, ""DropTable"": 10}"			pending	pending	identity mapping is separate from display translation	pending-review
247	牛老道	"{""Appr"": 97, ""Race"": 19, ""Level"": 74, ""HP"": 1, ""Exp"": 1200, ""ACMin"": 8, ""ACMax"": 8, ""MAC"": 13, ""DCMin"": 22, ""DCMax"": 44, ""DropTable"": 0}"			pending	pending	identity mapping is separate from display translation	pending-review
248	弩车	"{""Appr"": 122, ""Race"": 19, ""Level"": 99, ""HP"": 1, ""Exp"": 1000, ""ACMin"": 0, ""ACMax"": 0, ""MAC"": 0, ""DCMin"": 88, ""DCMax"": 143, ""DropTable"": 0}"			pending	pending	identity mapping is separate from display translation	pending-review
249	怒龙神	"{""Appr"": 216, ""Race"": 19, ""Level"": 82, ""HP"": 10000, ""Exp"": 3500, ""ACMin"": 50, ""ACMax"": 50, ""MAC"": 60, ""DCMin"": 60, ""DCMax"": 188, ""DropTable"": 0}"			pending	pending	identity mapping is separate from display translation	pending-review
250	诺玛0	"{""Appr"": 81, ""Race"": 19, ""Level"": 35, ""HP"": 500, ""Exp"": 340, ""ACMin"": 3, ""ACMax"": 3, ""MAC"": 8, ""DCMin"": 29, ""DCMax"": 46, ""DropTable"": 0}"			pending	pending	identity mapping is separate from display translation	pending-review
251	诺玛将士	"{""Appr"": 81, ""Race"": 19, ""Level"": 35, ""HP"": 540, ""Exp"": 380, ""ACMin"": 4, ""ACMax"": 4, ""MAC"": 7, ""DCMin"": 29, ""DCMax"": 50, ""DropTable"": 0}"			pending	pending	identity mapping is separate from display translation	pending-review
252	诺玛00	"{""Appr"": 81, ""Race"": 19, ""Level"": 35, ""HP"": 500, ""Exp"": 340, ""ACMin"": 3, ""ACMax"": 3, ""MAC"": 8, ""DCMin"": 29, ""DCMax"": 46, ""DropTable"": 0}"			pending	pending	identity mapping is separate from display translation	pending-review
253	诺玛07	"{""Appr"": 81, ""Race"": 19, ""Level"": 42, ""HP"": 1900, ""Exp"": 900, ""ACMin"": 6, ""ACMax"": 6, ""MAC"": 13, ""DCMin"": 33, ""DCMax"": 55, ""DropTable"": 0}"			pending	pending	identity mapping is separate from display translation	pending-review
254	诺玛08	"{""Appr"": 81, ""Race"": 19, ""Level"": 45, ""HP"": 3200, ""Exp"": 1500, ""ACMin"": 7, ""ACMax"": 7, ""MAC"": 15, ""DCMin"": 44, ""DCMax"": 66, ""DropTable"": 0}"			pending	pending	identity mapping is separate from display translation	pending-review
255	诺玛09	"{""Appr"": 81, ""Race"": 19, ""Level"": 48, ""HP"": 5000, ""Exp"": 2200, ""ACMin"": 10, ""ACMax"": 10, ""MAC"": 17, ""DCMin"": 55, ""DCMax"": 77, ""DropTable"": 0}"			pending	pending	identity mapping is separate from display translation	pending-review
256	诺玛1	"{""Appr"": 81, ""Race"": 19, ""Level"": 35, ""HP"": 500, ""Exp"": 340, ""ACMin"": 3, ""ACMax"": 3, ""MAC"": 8, ""DCMin"": 29, ""DCMax"": 46, ""DropTable"": 0}"			pending	pending	identity mapping is separate from display translation	pending-review
257	诺玛10	"{""Appr"": 81, ""Race"": 19, ""Level"": 35, ""HP"": 500, ""Exp"": 340, ""ACMin"": 3, ""ACMax"": 3, ""MAC"": 8, ""DCMin"": 29, ""DCMax"": 46, ""DropTable"": 0}"			pending	pending	identity mapping is separate from display translation	pending-review
258	诺玛17	"{""Appr"": 81, ""Race"": 19, ""Level"": 42, ""HP"": 1900, ""Exp"": 900, ""ACMin"": 6, ""ACMax"": 6, ""MAC"": 13, ""DCMin"": 33, ""DCMax"": 55, ""DropTable"": 0}"			pending	pending	identity mapping is separate from display translation	pending-review
259	诺玛18	"{""Appr"": 81, ""Race"": 19, ""Level"": 45, ""HP"": 3200, ""Exp"": 1500, ""ACMin"": 8, ""ACMax"": 8, ""MAC"": 15, ""DCMin"": 44, ""DCMax"": 66, ""DropTable"": 0}"			pending	pending	identity mapping is separate from display translation	pending-review
260	诺玛19	"{""Appr"": 81, ""Race"": 19, ""Level"": 48, ""HP"": 5000, ""Exp"": 2200, ""ACMin"": 10, ""ACMax"": 10, ""MAC"": 17, ""DCMin"": 55, ""DCMax"": 77, ""DropTable"": 0}"			pending	pending	identity mapping is separate from display translation	pending-review
261	诺玛2	"{""Appr"": 81, ""Race"": 19, ""Level"": 35, ""HP"": 500, ""Exp"": 340, ""ACMin"": 3, ""ACMax"": 3, ""MAC"": 8, ""DCMin"": 29, ""DCMax"": 46, ""DropTable"": 0}"			pending	pending	identity mapping is separate from display translation	pending-review
262	诺玛20	"{""Appr"": 81, ""Race"": 19, ""Level"": 35, ""HP"": 500, ""Exp"": 340, ""ACMin"": 3, ""ACMax"": 3, ""MAC"": 8, ""DCMin"": 29, ""DCMax"": 46, ""DropTable"": 0}"			pending	pending	identity mapping is separate from display translation	pending-review
263	诺玛27	"{""Appr"": 81, ""Race"": 19, ""Level"": 60, ""HP"": 4900, ""Exp"": 1600, ""ACMin"": 6, ""ACMax"": 6, ""MAC"": 13, ""DCMin"": 33, ""DCMax"": 55, ""DropTable"": 0}"			pending	pending	identity mapping is separate from display translation	pending-review
264	诺玛28	"{""Appr"": 81, ""Race"": 19, ""Level"": 60, ""HP"": 5000, ""Exp"": 1900, ""ACMin"": 8, ""ACMax"": 8, ""MAC"": 15, ""DCMin"": 44, ""DCMax"": 66, ""DropTable"": 0}"			pending	pending	identity mapping is separate from display translation	pending-review
265	诺玛29	"{""Appr"": 81, ""Race"": 19, ""Level"": 50, ""HP"": 6000, ""Exp"": 2200, ""ACMin"": 10, ""ACMax"": 10, ""MAC"": 17, ""DCMin"": 55, ""DCMax"": 77, ""DropTable"": 0}"			pending	pending	identity mapping is separate from display translation	pending-review
266	诺玛3	"{""Appr"": 81, ""Race"": 19, ""Level"": 35, ""HP"": 500, ""Exp"": 340, ""ACMin"": 3, ""ACMax"": 3, ""MAC"": 8, ""DCMin"": 29, ""DCMax"": 46, ""DropTable"": 0}"			pending	pending	identity mapping is separate from display translation	pending-review
267	诺玛30	"{""Appr"": 81, ""Race"": 19, ""Level"": 35, ""HP"": 500, ""Exp"": 340, ""ACMin"": 3, ""ACMax"": 3, ""MAC"": 8, ""DCMin"": 29, ""DCMax"": 46, ""DropTable"": 0}"			pending	pending	identity mapping is separate from display translation	pending-review
268	诺玛37	"{""Appr"": 81, ""Race"": 19, ""Level"": 42, ""HP"": 1900, ""Exp"": 900, ""ACMin"": 6, ""ACMax"": 6, ""MAC"": 13, ""DCMin"": 33, ""DCMax"": 55, ""DropTable"": 0}"			pending	pending	identity mapping is separate from display translation	pending-review
269	诺玛38	"{""Appr"": 81, ""Race"": 19, ""Level"": 60, ""HP"": 5000, ""Exp"": 2500, ""ACMin"": 8, ""ACMax"": 8, ""MAC"": 15, ""DCMin"": 44, ""DCMax"": 66, ""DropTable"": 0}"			pending	pending	identity mapping is separate from display translation	pending-review
270	诺玛39	"{""Appr"": 81, ""Race"": 19, ""Level"": 60, ""HP"": 5000, ""Exp"": 2200, ""ACMin"": 10, ""ACMax"": 10, ""MAC"": 17, ""DCMin"": 55, ""DCMax"": 77, ""DropTable"": 0}"			pending	pending	identity mapping is separate from display translation	pending-review
271	诺玛城门	"{""Appr"": 111, ""Race"": 98, ""Level"": 100, ""HP"": 1, ""Exp"": 20000, ""ACMin"": 50, ""ACMax"": 50, ""MAC"": 150, ""DCMin"": 0, ""DCMax"": 0, ""DropTable"": 0}"			pending	pending	identity mapping is separate from display translation	pending-review
272	诺玛法老	"{""Appr"": 204, ""Race"": 19, ""Level"": 35, ""HP"": 490, ""Exp"": 330, ""ACMin"": 2, ""ACMax"": 2, ""MAC"": 9, ""DCMin"": 30, ""DCMax"": 42, ""DropTable"": 0}"			pending	pending	identity mapping is separate from display translation	pending-review
273	诺玛法老0	"{""Appr"": 204, ""Race"": 19, ""Level"": 35, ""HP"": 490, ""Exp"": 330, ""ACMin"": 2, ""ACMax"": 2, ""MAC"": 9, ""DCMin"": 30, ""DCMax"": 42, ""DropTable"": 0}"			pending	pending	identity mapping is separate from display translation	pending-review
274	诺玛法老7	"{""Appr"": 204, ""Race"": 19, ""Level"": 44, ""HP"": 2400, ""Exp"": 1100, ""ACMin"": 9, ""ACMax"": 9, ""MAC"": 16, ""DCMin"": 38, ""DCMax"": 60, ""DropTable"": 0}"			pending	pending	identity mapping is separate from display translation	pending-review
275	诺玛法老8	"{""Appr"": 204, ""Race"": 19, ""Level"": 47, ""HP"": 3700, ""Exp"": 1700, ""ACMin"": 11, ""ACMax"": 11, ""MAC"": 19, ""DCMin"": 49, ""DCMax"": 71, ""DropTable"": 0}"			pending	pending	identity mapping is separate from display translation	pending-review
276	诺玛法老9	"{""Appr"": 204, ""Race"": 19, ""Level"": 60, ""HP"": 6000, ""Exp"": 2400, ""ACMin"": 13, ""ACMax"": 13, ""MAC"": 21, ""DCMin"": 60, ""DCMax"": 82, ""DropTable"": 0}"			pending	pending	identity mapping is separate from display translation	pending-review
277	诺玛斧兵	"{""Appr"": 128, ""Race"": 19, ""Level"": 60, ""HP"": 8800, ""Exp"": 2500, ""ACMin"": 39, ""ACMax"": 39, ""MAC"": 86, ""DCMin"": 120, ""DCMax"": 220, ""DropTable"": 10}"			pending	pending	identity mapping is separate from display translation	pending-review
278	诺玛将士0	"{""Appr"": 81, ""Race"": 19, ""Level"": 35, ""HP"": 540, ""Exp"": 380, ""ACMin"": 4, ""ACMax"": 4, ""MAC"": 7, ""DCMin"": 29, ""DCMax"": 50, ""DropTable"": 0}"			pending	pending	identity mapping is separate from display translation	pending-review
279	诺玛将士7	"{""Appr"": 81, ""Race"": 19, ""Level"": 44, ""HP"": 2700, ""Exp"": 1300, ""ACMin"": 10, ""ACMax"": 10, ""MAC"": 17, ""DCMin"": 38, ""DCMax"": 66, ""DropTable"": 0}"			pending	pending	identity mapping is separate from display translation	pending-review
280	诺玛将士8	"{""Appr"": 81, ""Race"": 19, ""Level"": 47, ""HP"": 4000, ""Exp"": 1900, ""ACMin"": 12, ""ACMax"": 12, ""MAC"": 19, ""DCMin"": 45, ""DCMax"": 70, ""DropTable"": 0}"			pending	pending	identity mapping is separate from display translation	pending-review
281	诺玛将士9	"{""Appr"": 81, ""Race"": 19, ""Level"": 60, ""HP"": 5000, ""Exp"": 2600, ""ACMin"": 14, ""ACMax"": 14, ""MAC"": 22, ""DCMin"": 60, ""DCMax"": 88, ""DropTable"": 0}"			pending	pending	identity mapping is separate from display translation	pending-review
282	诺玛教主	"{""Appr"": 226, ""Race"": 19, ""Level"": 99, ""HP"": 12000, ""Exp"": 12000, ""ACMin"": 48, ""ACMax"": 48, ""MAC"": 76, ""DCMin"": 235, ""DCMax"": 245, ""DropTable"": 10}"			pending	pending	identity mapping is separate from display translation	pending-review
283	诺玛王	"{""Appr"": 226, ""Race"": 19, ""Level"": 92, ""HP"": 12000, ""Exp"": 15000, ""ACMin"": 60, ""ACMax"": 60, ""MAC"": 80, ""DCMin"": 230, ""DCMax"": 250, ""DropTable"": 10}"			pending	pending	identity mapping is separate from display translation	pending-review
284	诺玛抛石兵	"{""Appr"": 126, ""Race"": 19, ""Level"": 60, ""HP"": 8000, ""Exp"": 2400, ""ACMin"": 26, ""ACMax"": 26, ""MAC"": 85, ""DCMin"": 108, ""DCMax"": 168, ""DropTable"": 10}"			pending	pending	identity mapping is separate from display translation	pending-review
285	诺玛骑兵	"{""Appr"": 125, ""Race"": 19, ""Level"": 60, ""HP"": 8200, ""Exp"": 2500, ""ACMin"": 26, ""ACMax"": 26, ""MAC"": 78, ""DCMin"": 72, ""DCMax"": 216, ""DropTable"": 10}"			pending	pending	identity mapping is separate from display translation	pending-review
286	诺玛司令	"{""Appr"": 127, ""Race"": 19, ""Level"": 60, ""HP"": 8500, ""Exp"": 2600, ""ACMin"": 32, ""ACMax"": 32, ""MAC"": 91, ""DCMin"": 140, ""DCMax"": 160, ""DropTable"": 10}"			pending	pending	identity mapping is separate from display translation	pending-review
287	诺玛突击队长	"{""Appr"": 128, ""Race"": 19, ""Level"": 79, ""HP"": 10000, ""Exp"": 4200, ""ACMin"": 59, ""ACMax"": 59, ""MAC"": 104, ""DCMin"": 220, ""DCMax"": 250, ""DropTable"": 12}"			pending	pending	identity mapping is separate from display translation	pending-review
288	诺玛卫士	"{""Appr"": 11, ""Race"": 19, ""Level"": 150, ""HP"": 1, ""Exp"": 9999, ""ACMin"": 220, ""ACMax"": 220, ""MAC"": 220, ""DCMin"": 165, ""DCMax"": 165, ""DropTable"": 0}"			pending	pending	identity mapping is separate from display translation	pending-review
289	诺玛巡逻队长	"{""Appr"": 81, ""Race"": 19, ""Level"": 80, ""HP"": 8000, ""Exp"": 3500, ""ACMin"": 33, ""ACMax"": 33, ""MAC"": 80, ""DCMin"": 150, ""DCMax"": 200, ""DropTable"": 0}"			pending	pending	identity mapping is separate from display translation	pending-review
290	诺玛装甲兵	"{""Appr"": 81, ""Race"": 19, ""Level"": 60, ""HP"": 8800, ""Exp"": 2700, ""ACMin"": 42, ""ACMax"": 42, ""MAC"": 78, ""DCMin"": 100, ""DCMax"": 200, ""DropTable"": 10}"			pending	pending	identity mapping is separate from display translation	pending-review
291	诺玛阻力军1	"{""Appr"": 81, ""Race"": 19, ""Level"": 40, ""HP"": 1, ""Exp"": 900, ""ACMin"": 6, ""ACMax"": 6, ""MAC"": 13, ""DCMin"": 33, ""DCMax"": 50, ""DropTable"": 0}"			pending	pending	identity mapping is separate from display translation	pending-review
292	潘夜冰魔	"{""Appr"": 216, ""Race"": 19, ""Level"": 45, ""HP"": 2600, ""Exp"": 1200, ""ACMin"": 5, ""ACMax"": 5, ""MAC"": 11, ""DCMin"": 37, ""DCMax"": 56, ""DropTable"": 0}"			pending	pending	identity mapping is separate from display translation	pending-review
293	潘夜冰魔0	"{""Appr"": 216, ""Race"": 19, ""Level"": 45, ""HP"": 2600, ""Exp"": 1200, ""ACMin"": 5, ""ACMax"": 5, ""MAC"": 11, ""DCMin"": 37, ""DCMax"": 56, ""DropTable"": 0}"			pending	pending	identity mapping is separate from display translation	pending-review
294	潘夜风魔	"{""Appr"": 216, ""Race"": 19, ""Level"": 45, ""HP"": 2600, ""Exp"": 1200, ""ACMin"": 5, ""ACMax"": 5, ""MAC"": 11, ""DCMin"": 37, ""DCMax"": 56, ""DropTable"": 0}"			pending	pending	identity mapping is separate from display translation	pending-review
295	潘夜风魔0	"{""Appr"": 216, ""Race"": 19, ""Level"": 45, ""HP"": 2600, ""Exp"": 1200, ""ACMin"": 5, ""ACMax"": 5, ""MAC"": 11, ""DCMin"": 37, ""DCMax"": 56, ""DropTable"": 0}"			pending	pending	identity mapping is separate from display translation	pending-review
296	潘夜鬼将	"{""Appr"": 97, ""Race"": 19, ""Level"": 78, ""HP"": 4000, ""Exp"": 2000, ""ACMin"": 22, ""ACMax"": 22, ""MAC"": 40, ""DCMin"": 60, ""DCMax"": 99, ""DropTable"": 10}"			pending	pending	identity mapping is separate from display translation	pending-review
297	潘夜火魔	"{""Appr"": 216, ""Race"": 19, ""Level"": 45, ""HP"": 2600, ""Exp"": 1200, ""ACMin"": 5, ""ACMax"": 5, ""MAC"": 11, ""DCMin"": 37, ""DCMax"": 56, ""DropTable"": 0}"			pending	pending	identity mapping is separate from display translation	pending-review
298	潘夜火魔0	"{""Appr"": 216, ""Race"": 19, ""Level"": 45, ""HP"": 2600, ""Exp"": 1200, ""ACMin"": 5, ""ACMax"": 5, ""MAC"": 11, ""DCMin"": 37, ""DCMax"": 56, ""DropTable"": 0}"			pending	pending	identity mapping is separate from display translation	pending-review
299	潘夜牛魔王	"{""Appr"": 215, ""Race"": 19, ""Level"": 94, ""HP"": 14000, ""Exp"": 10500, ""ACMin"": 56, ""ACMax"": 56, ""MAC"": 120, ""DCMin"": 243, ""DCMax"": 250, ""DropTable"": 10}"			pending	pending	identity mapping is separate from display translation	pending-review
300	潘夜右护卫	"{""Appr"": 214, ""Race"": 19, ""Level"": 45, ""HP"": 2800, ""Exp"": 1400, ""ACMin"": 6, ""ACMax"": 6, ""MAC"": 11, ""DCMin"": 38, ""DCMax"": 55, ""DropTable"": 0}"			pending	pending	identity mapping is separate from display translation	pending-review
301	潘夜右护卫0	"{""Appr"": 214, ""Race"": 19, ""Level"": 45, ""HP"": 2800, ""Exp"": 1400, ""ACMin"": 6, ""ACMax"": 6, ""MAC"": 11, ""DCMin"": 38, ""DCMax"": 55, ""DropTable"": 0}"			pending	pending	identity mapping is separate from display translation	pending-review
302	潘夜右护卫95	"{""Appr"": 214, ""Race"": 19, ""Level"": 45, ""HP"": 2800, ""Exp"": 1400, ""ACMin"": 8, ""ACMax"": 8, ""MAC"": 24, ""DCMin"": 62, ""DCMax"": 88, ""DropTable"": 0}"			pending	pending	identity mapping is separate from display translation	pending-review
303	潘夜云魔0	"{""Appr"": 216, ""Race"": 19, ""Level"": 45, ""HP"": 2600, ""Exp"": 1200, ""ACMin"": 5, ""ACMax"": 5, ""MAC"": 11, ""DCMin"": 37, ""DCMax"": 56, ""DropTable"": 0}"			pending	pending	identity mapping is separate from display translation	pending-review
304	潘夜战士	"{""Appr"": 97, ""Race"": 19, ""Level"": 45, ""HP"": 2200, ""Exp"": 1100, ""ACMin"": 4, ""ACMax"": 4, ""MAC"": 11, ""DCMin"": 37, ""DCMax"": 53, ""DropTable"": 0}"			pending	pending	identity mapping is separate from display translation	pending-review
305	潘夜战士0	"{""Appr"": 97, ""Race"": 19, ""Level"": 45, ""HP"": 2200, ""Exp"": 1100, ""ACMin"": 4, ""ACMax"": 4, ""MAC"": 11, ""DCMin"": 37, ""DCMax"": 53, ""DropTable"": 0}"			pending	pending	identity mapping is separate from display translation	pending-review
306	潘夜左护卫	"{""Appr"": 213, ""Race"": 19, ""Level"": 45, ""HP"": 2800, ""Exp"": 1400, ""ACMin"": 6, ""ACMax"": 6, ""MAC"": 11, ""DCMin"": 38, ""DCMax"": 55, ""DropTable"": 0}"			pending	pending	identity mapping is separate from display translation	pending-review
307	潘夜左护卫0	"{""Appr"": 213, ""Race"": 19, ""Level"": 45, ""HP"": 2800, ""Exp"": 1400, ""ACMin"": 6, ""ACMax"": 6, ""MAC"": 11, ""DCMin"": 38, ""DCMax"": 55, ""DropTable"": 0}"			pending	pending	identity mapping is separate from display translation	pending-review
308	潘夜左护卫94	"{""Appr"": 213, ""Race"": 19, ""Level"": 45, ""HP"": 2800, ""Exp"": 1400, ""ACMin"": 8, ""ACMax"": 8, ""MAC"": 24, ""DCMin"": 62, ""DCMax"": 88, ""DropTable"": 0}"			pending	pending	identity mapping is separate from display translation	pending-review
309	千年毒蛇	"{""Appr"": 81, ""Race"": 19, ""Level"": 15, ""HP"": 80, ""Exp"": 80, ""ACMin"": 0, ""ACMax"": 0, ""MAC"": 3, ""DCMin"": 6, ""DCMax"": 13, ""DropTable"": 0}"			pending	pending	identity mapping is separate from display translation	pending-review
310	千年毒蛇0	"{""Appr"": 81, ""Race"": 19, ""Level"": 15, ""HP"": 80, ""Exp"": 80, ""ACMin"": 0, ""ACMax"": 0, ""MAC"": 3, ""DCMin"": 6, ""DCMax"": 13, ""DropTable"": 0}"			pending	pending	identity mapping is separate from display translation	pending-review
311	钳虫	"{""Appr"": 81, ""Race"": 19, ""Level"": 50, ""HP"": 2040, ""Exp"": 580, ""ACMin"": 0, ""ACMax"": 0, ""MAC"": 120, ""DCMin"": 24, ""DCMax"": 36, ""DropTable"": 0}"			pending	pending	identity mapping is separate from display translation	pending-review
312	钳虫0	"{""Appr"": 81, ""Race"": 19, ""Level"": 50, ""HP"": 2040, ""Exp"": 580, ""ACMin"": 0, ""ACMax"": 0, ""MAC"": 120, ""DCMin"": 24, ""DCMax"": 36, ""DropTable"": 0}"			pending	pending	identity mapping is separate from display translation	pending-review
313	轻甲守卫	"{""Appr"": 97, ""Race"": 19, ""Level"": 55, ""HP"": 7700, ""Exp"": 2150, ""ACMin"": 25, ""ACMax"": 25, ""MAC"": 53, ""DCMin"": 50, ""DCMax"": 165, ""DropTable"": 0}"			pending	pending	identity mapping is separate from display translation	pending-review
314	犬猴魔	"{""Appr"": 97, ""Race"": 19, ""Level"": 55, ""HP"": 7500, ""Exp"": 2300, ""ACMin"": 25, ""ACMax"": 25, ""MAC"": 53, ""DCMin"": 107, ""DCMax"": 124, ""DropTable"": 8}"			pending	pending	identity mapping is separate from display translation	pending-review
315	森林雪人	"{""Appr"": 83, ""Race"": 10, ""Level"": 13, ""HP"": 40, ""Exp"": 40, ""ACMin"": 0, ""ACMax"": 0, ""MAC"": 1, ""DCMin"": 4, ""DCMax"": 10, ""DropTable"": 0}"			pending	pending	identity mapping is separate from display translation	pending-review
316	森林雪人0	"{""Appr"": 83, ""Race"": 10, ""Level"": 13, ""HP"": 40, ""Exp"": 40, ""ACMin"": 0, ""ACMax"": 0, ""MAC"": 1, ""DCMin"": 4, ""DCMax"": 10, ""DropTable"": 0}"			pending	pending	identity mapping is separate from display translation	pending-review
317	僧侣僵尸	"{""Appr"": 95, ""Race"": 41, ""Level"": 20, ""HP"": 220, ""Exp"": 140, ""ACMin"": 4, ""ACMax"": 4, ""MAC"": 5, ""DCMin"": 13, ""DCMax"": 24, ""DropTable"": 0}"			pending	pending	identity mapping is separate from display translation	pending-review
318	僧侣僵尸61	"{""Appr"": 95, ""Race"": 41, ""Level"": 20, ""HP"": 1, ""Exp"": 140, ""ACMin"": 4, ""ACMax"": 4, ""MAC"": 5, ""DCMin"": 13, ""DCMax"": 24, ""DropTable"": 0}"			pending	pending	identity mapping is separate from display translation	pending-review
319	沙巴克城门1	"{""Appr"": 110, ""Race"": 98, ""Level"": 100, ""HP"": 1, ""Exp"": 20000, ""ACMin"": 77, ""ACMax"": 77, ""MAC"": 110, ""DCMin"": 0, ""DCMax"": 0, ""DropTable"": 0}"			pending	pending	identity mapping is separate from display translation	pending-review
320	沙巴克城门2	"{""Appr"": 110, ""Race"": 98, ""Level"": 100, ""HP"": 1, ""Exp"": 20000, ""ACMin"": 77, ""ACMax"": 77, ""MAC"": 110, ""DCMin"": 0, ""DCMax"": 0, ""DropTable"": 0}"			pending	pending	identity mapping is separate from display translation	pending-review
321	沙巴克城门3	"{""Appr"": 111, ""Race"": 98, ""Level"": 100, ""HP"": 1, ""Exp"": 20000, ""ACMin"": 77, ""ACMax"": 77, ""MAC"": 110, ""DCMin"": 0, ""DCMax"": 0, ""DropTable"": 0}"			pending	pending	identity mapping is separate from display translation	pending-review
322	沙巴克城门4	"{""Appr"": 111, ""Race"": 98, ""Level"": 100, ""HP"": 1, ""Exp"": 20000, ""ACMin"": 77, ""ACMax"": 77, ""MAC"": 110, ""DCMin"": 0, ""DCMax"": 0, ""DropTable"": 0}"			pending	pending	identity mapping is separate from display translation	pending-review
323	沙鬼	"{""Appr"": 202, ""Race"": 19, ""Level"": 35, ""HP"": 1530, ""Exp"": 370, ""ACMin"": 2, ""ACMax"": 2, ""MAC"": 9, ""DCMin"": 29, ""DCMax"": 48, ""DropTable"": 0}"			pending	pending	identity mapping is separate from display translation	pending-review
324	沙鬼0	"{""Appr"": 202, ""Race"": 19, ""Level"": 35, ""HP"": 1530, ""Exp"": 370, ""ACMin"": 2, ""ACMax"": 2, ""MAC"": 9, ""DCMin"": 29, ""DCMax"": 48, ""DropTable"": 0}"			pending	pending	identity mapping is separate from display translation	pending-review
325	沙魔树魔0	"{""Appr"": 206, ""Race"": 19, ""Level"": 35, ""HP"": 500, ""Exp"": 1340, ""ACMin"": 2, ""ACMax"": 2, ""MAC"": 9, ""DCMin"": 29, ""DCMax"": 48, ""DropTable"": 0}"			pending	pending	identity mapping is separate from display translation	pending-review
326	沙魔鱼魔0	"{""Appr"": 203, ""Race"": 19, ""Level"": 35, ""HP"": 470, ""Exp"": 1310, ""ACMin"": 3, ""ACMax"": 3, ""MAC"": 8, ""DCMin"": 29, ""DCMax"": 42, ""DropTable"": 0}"			pending	pending	identity mapping is separate from display translation	pending-review
327	沙漠风魔	"{""Appr"": 205, ""Race"": 19, ""Level"": 35, ""HP"": 520, ""Exp"": 1360, ""ACMin"": 4, ""ACMax"": 4, ""MAC"": 7, ""DCMin"": 29, ""DCMax"": 48, ""DropTable"": 0}"			pending	pending	identity mapping is separate from display translation	pending-review
328	沙漠风魔0	"{""Appr"": 205, ""Race"": 19, ""Level"": 35, ""HP"": 520, ""Exp"": 1360, ""ACMin"": 4, ""ACMax"": 4, ""MAC"": 7, ""DCMin"": 29, ""DCMax"": 48, ""DropTable"": 0}"			pending	pending	identity mapping is separate from display translation	pending-review
329	沙漠石人	"{""Appr"": 200, ""Race"": 19, ""Level"": 35, ""HP"": 1480, ""Exp"": 320, ""ACMin"": 4, ""ACMax"": 4, ""MAC"": 7, ""DCMin"": 29, ""DCMax"": 48, ""DropTable"": 0}"			pending	pending	identity mapping is separate from display translation	pending-review
330	沙漠石人0	"{""Appr"": 200, ""Race"": 19, ""Level"": 35, ""HP"": 1480, ""Exp"": 320, ""ACMin"": 4, ""ACMax"": 4, ""MAC"": 7, ""DCMin"": 29, ""DCMax"": 48, ""DropTable"": 0}"			pending	pending	identity mapping is separate from display translation	pending-review
331	沙漠树魔	"{""Appr"": 206, ""Race"": 19, ""Level"": 35, ""HP"": 1500, ""Exp"": 340, ""ACMin"": 2, ""ACMax"": 2, ""MAC"": 9, ""DCMin"": 30, ""DCMax"": 43, ""DropTable"": 0}"			pending	pending	identity mapping is separate from display translation	pending-review
332	沙漠树魔61	"{""Appr"": 206, ""Race"": 19, ""Level"": 35, ""HP"": 1, ""Exp"": 340, ""ACMin"": 5, ""ACMax"": 5, ""MAC"": 8, ""DCMin"": 14, ""DCMax"": 20, ""DropTable"": 0}"			pending	pending	identity mapping is separate from display translation	pending-review
333	沙漠树魔62	"{""Appr"": 206, ""Race"": 19, ""Level"": 35, ""HP"": 1, ""Exp"": 340, ""ACMin"": 5, ""ACMax"": 5, ""MAC"": 8, ""DCMin"": 14, ""DCMax"": 20, ""DropTable"": 0}"			pending	pending	identity mapping is separate from display translation	pending-review
334	沙漠威思而小虫	"{""Appr"": 82, ""Race"": 19, ""Level"": 13, ""HP"": 45, ""Exp"": 45, ""ACMin"": 0, ""ACMax"": 0, ""MAC"": 1, ""DCMin"": 4, ""DCMax"": 11, ""DropTable"": 0}"			pending	pending	identity mapping is separate from display translation	pending-review
335	沙漠蜥蜴	"{""Appr"": 81, ""Race"": 19, ""Level"": 35, ""HP"": 1460, ""Exp"": 300, ""ACMin"": 3, ""ACMax"": 3, ""MAC"": 8, ""DCMin"": 29, ""DCMax"": 42, ""DropTable"": 0}"			pending	pending	identity mapping is separate from display translation	pending-review
336	沙漠蜥蜴0	"{""Appr"": 81, ""Race"": 19, ""Level"": 35, ""HP"": 1460, ""Exp"": 300, ""ACMin"": 3, ""ACMax"": 3, ""MAC"": 8, ""DCMin"": 29, ""DCMax"": 42, ""DropTable"": 0}"			pending	pending	identity mapping is separate from display translation	pending-review
337	沙漠鱼魔	"{""Appr"": 203, ""Race"": 19, ""Level"": 35, ""HP"": 1470, ""Exp"": 310, ""ACMin"": 3, ""ACMax"": 3, ""MAC"": 8, ""DCMin"": 29, ""DCMax"": 42, ""DropTable"": 0}"			pending	pending	identity mapping is separate from display translation	pending-review
338	沙漠战士	"{""Appr"": 11, ""Race"": 24, ""Level"": 150, ""HP"": 1, ""Exp"": 9999, ""ACMin"": 220, ""ACMax"": 220, ""MAC"": 220, ""DCMin"": 165, ""DCMax"": 165, ""DropTable"": 0}"			pending	pending	identity mapping is separate from display translation	pending-review
339	山洞蝙蝠	"{""Appr"": 81, ""Race"": 19, ""Level"": 18, ""HP"": 90, ""Exp"": 90, ""ACMin"": 0, ""ACMax"": 0, ""MAC"": 3, ""DCMin"": 8, ""DCMax"": 14, ""DropTable"": 0}"			pending	pending	identity mapping is separate from display translation	pending-review
340	山洞蝙蝠0	"{""Appr"": 81, ""Race"": 19, ""Level"": 18, ""HP"": 90, ""Exp"": 90, ""ACMin"": 0, ""ACMax"": 0, ""MAC"": 3, ""DCMin"": 8, ""DCMax"": 14, ""DropTable"": 0}"			pending	pending	identity mapping is separate from display translation	pending-review
341	山洞蝙蝠61	"{""Appr"": 81, ""Race"": 19, ""Level"": 18, ""HP"": 1, ""Exp"": 90, ""ACMin"": 2, ""ACMax"": 2, ""MAC"": 3, ""DCMin"": 8, ""DCMax"": 14, ""DropTable"": 0}"			pending	pending	identity mapping is separate from display translation	pending-review
342	神鬼王	"{""Appr"": 97, ""Race"": 19, ""Level"": 77, ""HP"": 5500, ""Exp"": 2000, ""ACMin"": 18, ""ACMax"": 18, ""MAC"": 50, ""DCMin"": 55, ""DCMax"": 88, ""DropTable"": 10}"			pending	pending	identity mapping is separate from display translation	pending-review
343	神舰守卫	"{""Appr"": 97, ""Race"": 19, ""Level"": 55, ""HP"": 8700, ""Exp"": 3000, ""ACMin"": 37, ""ACMax"": 37, ""MAC"": 79, ""DCMin"": 165, ""DCMax"": 247, ""DropTable"": 0}"			pending	pending	identity mapping is separate from display translation	pending-review
344	神兽	"{""Appr"": 113, ""Race"": 54, ""Level"": 160, ""HP"": 1, ""Exp"": 1200, ""ACMin"": 9, ""ACMax"": 9, ""MAC"": 16, ""DCMin"": 6, ""DCMax"": 21, ""DropTable"": 0}"			pending	pending	identity mapping is separate from display translation	pending-review
345	神兽1	"{""Appr"": 114, ""Race"": 55, ""Level"": 160, ""HP"": 1, ""Exp"": 1800, ""ACMin"": 9, ""ACMax"": 9, ""MAC"": 16, ""DCMin"": 6, ""DCMax"": 21, ""DropTable"": 0}"			pending	pending	identity mapping is separate from display translation	pending-review
346	圣诞树	"{""Appr"": 209, ""Race"": 19, ""Level"": 120, ""HP"": 10, ""Exp"": 30, ""ACMin"": 0, ""ACMax"": 0, ""MAC"": 0, ""DCMin"": 0, ""DCMax"": 0, ""DropTable"": 0}"			pending	pending	identity mapping is separate from display translation	pending-review
347	尸王	"{""Appr"": 97, ""Race"": 19, ""Level"": 73, ""HP"": 1500, ""Exp"": 750, ""ACMin"": 6, ""ACMax"": 6, ""MAC"": 10, ""DCMin"": 33, ""DCMax"": 55, ""DropTable"": 10}"			pending	pending	identity mapping is separate from display translation	pending-review
348	尸王2	"{""Appr"": 81, ""Race"": 19, ""Level"": 73, ""HP"": 1500, ""Exp"": 750, ""ACMin"": 6, ""ACMax"": 6, ""MAC"": 10, ""DCMin"": 38, ""DCMax"": 82, ""DropTable"": 0}"			pending	pending	identity mapping is separate from display translation	pending-review
349	尸王61	"{""Appr"": 81, ""Race"": 19, ""Level"": 73, ""HP"": 1, ""Exp"": 750, ""ACMin"": 6, ""ACMax"": 6, ""MAC"": 10, ""DCMin"": 8, ""DCMax"": 29, ""DropTable"": 0}"			pending	pending	identity mapping is separate from display translation	pending-review
350	石像狮子	"{""Appr"": 221, ""Race"": 19, ""Level"": 49, ""HP"": 3800, ""Exp"": 1300, ""ACMin"": 11, ""ACMax"": 11, ""MAC"": 13, ""DCMin"": 50, ""DCMax"": 60, ""DropTable"": 0}"			pending	pending	identity mapping is separate from display translation	pending-review
351	石像狮子0	"{""Appr"": 221, ""Race"": 19, ""Level"": 49, ""HP"": 3800, ""Exp"": 1300, ""ACMin"": 11, ""ACMax"": 11, ""MAC"": 13, ""DCMin"": 50, ""DCMax"": 60, ""DropTable"": 0}"			pending	pending	identity mapping is separate from display translation	pending-review
352	石像狮子96	"{""Appr"": 221, ""Race"": 19, ""Level"": 49, ""HP"": 3800, ""Exp"": 1300, ""ACMin"": 14, ""ACMax"": 14, ""MAC"": 27, ""DCMin"": 50, ""DCMax"": 60, ""DropTable"": 0}"			pending	pending	identity mapping is separate from display translation	pending-review
353	食人花61	"{""Appr"": 85, ""Race"": 13, ""Level"": 10, ""HP"": 1, ""Exp"": 21, ""ACMin"": 0, ""ACMax"": 0, ""MAC"": 0, ""DCMin"": 2, ""DCMax"": 8, ""DropTable"": 0}"			pending	pending	identity mapping is separate from display translation	pending-review
354	守卫虫	"{""Appr"": 81, ""Race"": 19, ""Level"": 99, ""HP"": 220, ""Exp"": 560, ""ACMin"": 6, ""ACMax"": 6, ""MAC"": 28, ""DCMin"": 77, ""DCMax"": 86, ""DropTable"": 15}"			pending	pending	identity mapping is separate from display translation	pending-review
355	天狼蜘蛛	"{""Appr"": 118, ""Race"": 19, ""Level"": 35, ""HP"": 1470, ""Exp"": 310, ""ACMin"": 3, ""ACMax"": 3, ""MAC"": 8, ""DCMin"": 29, ""DCMax"": 43, ""DropTable"": 0}"			pending	pending	identity mapping is separate from display translation	pending-review
356	天狼蜘蛛0	"{""Appr"": 118, ""Race"": 19, ""Level"": 35, ""HP"": 1470, ""Exp"": 310, ""ACMin"": 3, ""ACMax"": 3, ""MAC"": 8, ""DCMin"": 29, ""DCMax"": 43, ""DropTable"": 0}"			pending	pending	identity mapping is separate from display translation	pending-review
357	跳跳蜂	"{""Appr"": 81, ""Race"": 19, ""Level"": 50, ""HP"": 2000, ""Exp"": 520, ""ACMin"": 0, ""ACMax"": 0, ""MAC"": 120, ""DCMin"": 24, ""DCMax"": 36, ""DropTable"": 0}"			pending	pending	identity mapping is separate from display translation	pending-review
358	跳跳蜂0	"{""Appr"": 81, ""Race"": 19, ""Level"": 50, ""HP"": 2000, ""Exp"": 520, ""ACMin"": 0, ""ACMax"": 0, ""MAC"": 120, ""DCMin"": 24, ""DCMax"": 36, ""DropTable"": 0}"			pending	pending	identity mapping is separate from display translation	pending-review
359	跳跳蜂61	"{""Appr"": 81, ""Race"": 19, ""Level"": 50, ""HP"": 1500, ""Exp"": 520, ""ACMin"": 5, ""ACMax"": 5, ""MAC"": 120, ""DCMin"": 24, ""DCMax"": 36, ""DropTable"": 0}"			pending	pending	identity mapping is separate from display translation	pending-review
360	投石车	"{""Appr"": 121, ""Race"": 19, ""Level"": 99, ""HP"": 1, ""Exp"": 1000, ""ACMin"": 0, ""ACMax"": 0, ""MAC"": 0, ""DCMin"": 165, ""DCMax"": 220, ""DropTable"": 0}"			pending	pending	identity mapping is separate from display translation	pending-review
361	图书馆护卫	"{""Appr"": 11, ""Race"": 24, ""Level"": 150, ""HP"": 1, ""Exp"": 9999, ""ACMin"": 220, ""ACMax"": 220, ""MAC"": 220, ""DCMin"": 165, ""DCMax"": 165, ""DropTable"": 0}"			pending	pending	identity mapping is separate from display translation	pending-review
362	陀大怪	"{""Appr"": 226, ""Race"": 19, ""Level"": 97, ""HP"": 20000, ""Exp"": 12750, ""ACMin"": 66, ""ACMax"": 66, ""MAC"": 114, ""DCMin"": 204, ""DCMax"": 254, ""DropTable"": 12}"			pending	pending	identity mapping is separate from display translation	pending-review
363	威思而小虫	"{""Appr"": 82, ""Race"": 19, ""Level"": 13, ""HP"": 40, ""Exp"": 40, ""ACMin"": 0, ""ACMax"": 0, ""MAC"": 1, ""DCMin"": 4, ""DCMax"": 10, ""DropTable"": 0}"			pending	pending	identity mapping is separate from display translation	pending-review
364	卫士	"{""Appr"": 11, ""Race"": 12, ""Level"": 150, ""HP"": 1, ""Exp"": 9999, ""ACMin"": 110, ""ACMax"": 110, ""MAC"": 110, ""DCMin"": 220, ""DCMax"": 220, ""DropTable"": 0}"			pending	pending	identity mapping is separate from display translation	pending-review
365	卫士1	"{""Appr"": 11, ""Race"": 24, ""Level"": 150, ""HP"": 1, ""Exp"": 9999, ""ACMin"": 220, ""ACMax"": 220, ""MAC"": 220, ""DCMin"": 165, ""DCMax"": 165, ""DropTable"": 0}"			pending	pending	identity mapping is separate from display translation	pending-review
366	沃毒蜈蚣61	"{""Appr"": 81, ""Race"": 19, ""Level"": 30, ""HP"": 1, ""Exp"": 200, ""ACMin"": 6, ""ACMax"": 6, ""MAC"": 7, ""DCMin"": 24, ""DCMax"": 36, ""DropTable"": 0}"			pending	pending	identity mapping is separate from display translation	pending-review
367	沃毒蜈蚣62	"{""Appr"": 81, ""Race"": 19, ""Level"": 30, ""HP"": 1, ""Exp"": 200, ""ACMin"": 6, ""ACMax"": 6, ""MAC"": 7, ""DCMin"": 24, ""DCMax"": 36, ""DropTable"": 0}"			pending	pending	identity mapping is separate from display translation	pending-review
368	沃玛护卫	"{""Appr"": 97, ""Race"": 19, ""Level"": 73, ""HP"": 1000, ""Exp"": 1000, ""ACMin"": 7, ""ACMax"": 7, ""MAC"": 12, ""DCMin"": 19, ""DCMax"": 40, ""DropTable"": 0}"			pending	pending	identity mapping is separate from display translation	pending-review
369	沃玛护卫61	"{""Appr"": 97, ""Race"": 19, ""Level"": 73, ""HP"": 1, ""Exp"": 1000, ""ACMin"": 7, ""ACMax"": 7, ""MAC"": 12, ""DCMin"": 19, ""DCMax"": 40, ""DropTable"": 0}"			pending	pending	identity mapping is separate from display translation	pending-review
370	沃玛教主	"{""Appr"": 92, ""Race"": 21, ""Level"": 90, ""HP"": 8000, ""Exp"": 6000, ""ACMin"": 39, ""ACMax"": 39, ""MAC"": 62, ""DCMin"": 99, ""DCMax"": 143, ""DropTable"": 10}"	65	Uma King	verified-alias	high	identity mapping is separate from display translation	mapped
371	沃玛教主62	"{""Appr"": 92, ""Race"": 21, ""Level"": 80, ""HP"": 1, ""Exp"": 2500, ""ACMin"": 14, ""ACMax"": 14, ""MAC"": 20, ""DCMin"": 77, ""DCMax"": 121, ""DropTable"": 0}"			pending	pending	identity mapping is separate from display translation	pending-review
372	沃玛卫士	"{""Appr"": 97, ""Race"": 19, ""Level"": 74, ""HP"": 2000, ""Exp"": 1000, ""ACMin"": 11, ""ACMax"": 11, ""MAC"": 11, ""DCMin"": 38, ""DCMax"": 55, ""DropTable"": 10}"			pending	pending	identity mapping is separate from display translation	pending-review
373	沃玛勇士	"{""Appr"": 81, ""Race"": 19, ""Level"": 25, ""HP"": 300, ""Exp"": 220, ""ACMin"": 0, ""ACMax"": 0, ""MAC"": 7, ""DCMin"": 15, ""DCMax"": 25, ""DropTable"": 0}"			pending	pending	identity mapping is separate from display translation	pending-review
374	沃玛勇士0	"{""Appr"": 81, ""Race"": 19, ""Level"": 25, ""HP"": 300, ""Exp"": 220, ""ACMin"": 0, ""ACMax"": 0, ""MAC"": 7, ""DCMin"": 15, ""DCMax"": 25, ""DropTable"": 0}"			pending	pending	identity mapping is separate from display translation	pending-review
375	沃玛勇士10	"{""Appr"": 81, ""Race"": 19, ""Level"": 25, ""HP"": 300, ""Exp"": 220, ""ACMin"": 4, ""ACMax"": 4, ""MAC"": 12, ""DCMin"": 50, ""DCMax"": 50, ""DropTable"": 0}"			pending	pending	identity mapping is separate from display translation	pending-review
376	沃玛勇士61	"{""Appr"": 81, ""Race"": 19, ""Level"": 25, ""HP"": 1, ""Exp"": 220, ""ACMin"": 5, ""ACMax"": 5, ""MAC"": 7, ""DCMin"": 15, ""DCMax"": 25, ""DropTable"": 0}"			pending	pending	identity mapping is separate from display translation	pending-review
377	沃玛战将	"{""Appr"": 81, ""Race"": 19, ""Level"": 25, ""HP"": 300, ""Exp"": 220, ""ACMin"": 0, ""ACMax"": 0, ""MAC"": 7, ""DCMin"": 15, ""DCMax"": 25, ""DropTable"": 0}"			pending	pending	identity mapping is separate from display translation	pending-review
378	沃玛战将0	"{""Appr"": 81, ""Race"": 19, ""Level"": 25, ""HP"": 300, ""Exp"": 220, ""ACMin"": 0, ""ACMax"": 0, ""MAC"": 7, ""DCMin"": 15, ""DCMax"": 25, ""DropTable"": 0}"			pending	pending	identity mapping is separate from display translation	pending-review
379	沃玛战将20	"{""Appr"": 81, ""Race"": 19, ""Level"": 25, ""HP"": 300, ""Exp"": 220, ""ACMin"": 4, ""ACMax"": 4, ""MAC"": 13, ""DCMin"": 50, ""DCMax"": 50, ""DropTable"": 0}"			pending	pending	identity mapping is separate from display translation	pending-review
380	沃玛战士	"{""Appr"": 81, ""Race"": 19, ""Level"": 25, ""HP"": 280, ""Exp"": 200, ""ACMin"": 0, ""ACMax"": 0, ""MAC"": 7, ""DCMin"": 15, ""DCMax"": 25, ""DropTable"": 0}"			pending	pending	identity mapping is separate from display translation	pending-review
381	沃玛战士0	"{""Appr"": 81, ""Race"": 19, ""Level"": 25, ""HP"": 280, ""Exp"": 200, ""ACMin"": 0, ""ACMax"": 0, ""MAC"": 7, ""DCMin"": 15, ""DCMax"": 25, ""DropTable"": 0}"			pending	pending	identity mapping is separate from display translation	pending-review
382	沃玛战士61	"{""Appr"": 81, ""Race"": 19, ""Level"": 25, ""HP"": 1, ""Exp"": 200, ""ACMin"": 5, ""ACMax"": 5, ""MAC"": 7, ""DCMin"": 15, ""DCMax"": 25, ""DropTable"": 0}"			pending	pending	identity mapping is separate from display translation	pending-review
383	蜈蚣	"{""Appr"": 81, ""Race"": 19, ""Level"": 50, ""HP"": 2000, ""Exp"": 500, ""ACMin"": 0, ""ACMax"": 0, ""MAC"": 120, ""DCMin"": 24, ""DCMax"": 36, ""DropTable"": 0}"			pending	pending	identity mapping is separate from display translation	pending-review
384	蜈蚣0	"{""Appr"": 81, ""Race"": 19, ""Level"": 50, ""HP"": 2000, ""Exp"": 500, ""ACMin"": 0, ""ACMax"": 0, ""MAC"": 120, ""DCMin"": 24, ""DCMax"": 36, ""DropTable"": 0}"			pending	pending	identity mapping is separate from display translation	pending-review
385	蜈蚣61	"{""Appr"": 81, ""Race"": 19, ""Level"": 60, ""HP"": 2000, ""Exp"": 500, ""ACMin"": 5, ""ACMax"": 5, ""MAC"": 70, ""DCMin"": 24, ""DCMax"": 36, ""DropTable"": 0}"			pending	pending	identity mapping is separate from display translation	pending-review
386	武力神将	"{""Appr"": 222, ""Race"": 19, ""Level"": 51, ""HP"": 4500, ""Exp"": 2300, ""ACMin"": 16, ""ACMax"": 16, ""MAC"": 17, ""DCMin"": 60, ""DCMax"": 77, ""DropTable"": 0}"			pending	pending	identity mapping is separate from display translation	pending-review
387	武力神将0	"{""Appr"": 222, ""Race"": 19, ""Level"": 51, ""HP"": 4500, ""Exp"": 2300, ""ACMin"": 16, ""ACMax"": 16, ""MAC"": 17, ""DCMin"": 60, ""DCMax"": 77, ""DropTable"": 0}"			pending	pending	identity mapping is separate from display translation	pending-review
388	楔蛾	"{""Appr"": 105, ""Race"": 52, ""Level"": 30, ""HP"": 400, ""Exp"": 240, ""ACMin"": 0, ""ACMax"": 0, ""MAC"": 8, ""DCMin"": 22, ""DCMax"": 22, ""DropTable"": 0}"			pending	pending	identity mapping is separate from display translation	pending-review
389	楔蛾93	"{""Appr"": 105, ""Race"": 52, ""Level"": 30, ""HP"": 400, ""Exp"": 240, ""ACMin"": 4, ""ACMax"": 4, ""MAC"": 17, ""DCMin"": 39, ""DCMax"": 39, ""DropTable"": 0}"			pending	pending	identity mapping is separate from display translation	pending-review
390	蝎蛇0	"{""Appr"": 81, ""Race"": 19, ""Level"": 30, ""HP"": 1440, ""Exp"": 280, ""ACMin"": 0, ""ACMax"": 0, ""MAC"": 8, ""DCMin"": 24, ""DCMax"": 36, ""DropTable"": 0}"			pending	pending	identity mapping is separate from display translation	pending-review
391	蝎子	"{""Appr"": 84, ""Race"": 32, ""Level"": 18, ""HP"": 95, ""Exp"": 95, ""ACMin"": 0, ""ACMax"": 0, ""MAC"": 3, ""DCMin"": 8, ""DCMax"": 15, ""DropTable"": 0}"			pending	pending	identity mapping is separate from display translation	pending-review
392	蝎子61	"{""Appr"": 84, ""Race"": 32, ""Level"": 18, ""HP"": 1, ""Exp"": 95, ""ACMin"": 1, ""ACMax"": 1, ""MAC"": 3, ""DCMin"": 8, ""DCMax"": 15, ""DropTable"": 0}"			pending	pending	identity mapping is separate from display translation	pending-review
393	邪恶毒蛇	"{""Appr"": 97, ""Race"": 19, ""Level"": 91, ""HP"": 19000, ""Exp"": 4500, ""ACMin"": 60, ""ACMax"": 60, ""MAC"": 100, ""DCMin"": 76, ""DCMax"": 147, ""DropTable"": 10}"			pending	pending	identity mapping is separate from display translation	pending-review
394	邪恶钳虫	"{""Appr"": 97, ""Race"": 19, ""Level"": 75, ""HP"": 4500, ""Exp"": 1250, ""ACMin"": 13, ""ACMax"": 13, ""MAC"": 100, ""DCMin"": 50, ""DCMax"": 100, ""DropTable"": 10}"			pending	pending	identity mapping is separate from display translation	pending-review
395	邪恶钳虫62	"{""Appr"": 81, ""Race"": 19, ""Level"": 75, ""HP"": 1, ""Exp"": 2500, ""ACMin"": 13, ""ACMax"": 13, ""MAC"": 24, ""DCMin"": 27, ""DCMax"": 78, ""DropTable"": 0}"			pending	pending	identity mapping is separate from display translation	pending-review
396	邪恶蜈蚣61	"{""Appr"": 81, ""Race"": 19, ""Level"": 30, ""HP"": 1, ""Exp"": 200, ""ACMin"": 22, ""ACMax"": 22, ""MAC"": 7, ""DCMin"": 24, ""DCMax"": 36, ""DropTable"": 0}"			pending	pending	identity mapping is separate from display translation	pending-review
397	雄诺玛	"{""Appr"": 52, ""Race"": 11, ""Level"": 4, ""HP"": 450, ""Exp"": 250, ""ACMin"": 0, ""ACMax"": 5, ""MAC"": 10, ""DCMin"": 0, ""DCMax"": 4, ""DropTable"": 0}"			pending	pending	identity mapping is separate from display translation	pending-review
398	雪人	"{""Appr"": 199, ""Race"": 19, ""Level"": 99, ""HP"": 1, ""Exp"": 20, ""ACMin"": 0, ""ACMax"": 0, ""MAC"": 220, ""DCMin"": 0, ""DCMax"": 0, ""DropTable"": 0}"			pending	pending	identity mapping is separate from display translation	pending-review
399	血金刚0	"{""Appr"": 97, ""Race"": 19, ""Level"": 40, ""HP"": 1620, ""Exp"": 460, ""ACMin"": 0, ""ACMax"": 0, ""MAC"": 12, ""DCMin"": 33, ""DCMax"": 48, ""DropTable"": 0}"			pending	pending	identity mapping is separate from display translation	pending-review
400	血金刚70	"{""Appr"": 97, ""Race"": 19, ""Level"": 40, ""HP"": 1620, ""Exp"": 460, ""ACMin"": 40, ""ACMax"": 40, ""MAC"": 65, ""DCMin"": 100, ""DCMax"": 120, ""DropTable"": 0}"			pending	pending	identity mapping is separate from display translation	pending-review
401	血巨人0	"{""Appr"": 97, ""Race"": 19, ""Level"": 40, ""HP"": 1580, ""Exp"": 420, ""ACMin"": 4, ""ACMax"": 4, ""MAC"": 11, ""DCMin"": 33, ""DCMax"": 47, ""DropTable"": 0}"			pending	pending	identity mapping is separate from display translation	pending-review
402	羊	"{""Appr"": 52, ""Race"": 19, ""Level"": 5, ""HP"": 14, ""Exp"": 40, ""ACMin"": 0, ""ACMax"": 0, ""MAC"": 0, ""DCMin"": 0, ""DCMax"": 5, ""DropTable"": 0}"			pending	pending	identity mapping is separate from display translation	pending-review
403	夜行鬼	"{""Appr"": 81, ""Race"": 19, ""Level"": 35, ""HP"": 510, ""Exp"": 350, ""ACMin"": 3, ""ACMax"": 3, ""MAC"": 8, ""DCMin"": 29, ""DCMax"": 47, ""DropTable"": 0}"			pending	pending	identity mapping is separate from display translation	pending-review
404	夜行鬼0	"{""Appr"": 81, ""Race"": 19, ""Level"": 35, ""HP"": 510, ""Exp"": 350, ""ACMin"": 3, ""ACMax"": 3, ""MAC"": 8, ""DCMin"": 29, ""DCMax"": 47, ""DropTable"": 0}"			pending	pending	identity mapping is separate from display translation	pending-review
405	祖玛弓箭手	"{""Appr"": 104, ""Race"": 45, ""Level"": 45, ""HP"": 3200, ""Exp"": 1400, ""ACMin"": 6, ""ACMax"": 6, ""MAC"": 13, ""DCMin"": 40, ""DCMax"": 57, ""DropTable"": 0}"			pending	pending	identity mapping is separate from display translation	pending-review
406	超强骷髅	"{""Appr"": 210, ""Race"": 25, ""Level"": 160, ""HP"": 1, ""Exp"": 90, ""ACMin"": 12, ""ACMax"": 12, ""MAC"": 22, ""DCMin"": 18, ""DCMax"": 32, ""DropTable"": 0}"			pending	pending	identity mapping is separate from display translation	pending-review
407	血金刚	"{""Appr"": 97, ""Race"": 19, ""Level"": 40, ""HP"": 1620, ""Exp"": 460, ""ACMin"": 0, ""ACMax"": 0, ""MAC"": 12, ""DCMin"": 33, ""DCMax"": 48, ""DropTable"": 0}"			pending	pending	identity mapping is separate from display translation	pending-review
408	牛	"{""Appr"": 52, ""Race"": 11, ""Level"": 4, ""HP"": 11, ""Exp"": 30, ""ACMin"": 0, ""ACMax"": 0, ""MAC"": 0, ""DCMin"": 0, ""DCMax"": 4, ""DropTable"": 0}"			pending	pending	identity mapping is separate from display translation	pending-review
409	诺玛阻力军0	"{""Appr"": 81, ""Race"": 19, ""Level"": 40, ""HP"": 1, ""Exp"": 900, ""ACMin"": 6, ""ACMax"": 6, ""MAC"": 13, ""DCMin"": 33, ""DCMax"": 50, ""DropTable"": 0}"			pending	pending	identity mapping is separate from display translation	pending-review
410	阿龙怪	"{""Appr"": 128, ""Race"": 19, ""Level"": 79, ""HP"": 10000, ""Exp"": 5000, ""ACMin"": 22, ""ACMax"": 22, ""MAC"": 38, ""DCMin"": 230, ""DCMax"": 250, ""DropTable"": 12}"			pending	pending	identity mapping is separate from display translation	pending-review
411	魔石咆哮者	"{""Appr"": 81, ""Race"": 19, ""Level"": 65, ""HP"": 9100, ""Exp"": 5600, ""ACMin"": 40, ""ACMax"": 40, ""MAC"": 90, ""DCMin"": 170, ""DCMax"": 200, ""DropTable"": 10}"			pending	pending	identity mapping is separate from display translation	pending-review
412	魔石狂热者	"{""Appr"": 81, ""Race"": 19, ""Level"": 65, ""HP"": 10000, ""Exp"": 5800, ""ACMin"": 40, ""ACMax"": 40, ""MAC"": 90, ""DCMin"": 200, ""DCMax"": 200, ""DropTable"": 10}"			pending	pending	identity mapping is separate from display translation	pending-review
413	魔石守护神	"{""Appr"": 97, ""Race"": 19, ""Level"": 82, ""HP"": 12000, ""Exp"": 10000, ""ACMin"": 50, ""ACMax"": 50, ""MAC"": 100, ""DCMin"": 200, ""DCMax"": 250, ""DropTable"": 10}"			pending	pending	identity mapping is separate from display translation	pending-review
414	变异刺骨蜥	"{""Appr"": 81, ""Race"": 19, ""Level"": 65, ""HP"": 8400, ""Exp"": 3500, ""ACMin"": 25, ""ACMax"": 25, ""MAC"": 60, ""DCMin"": 100, ""DCMax"": 135, ""DropTable"": 10}"			pending	pending	identity mapping is separate from display translation	pending-review
415	变异毒蜥	"{""Appr"": 219, ""Race"": 19, ""Level"": 65, ""HP"": 8800, ""Exp"": 3700, ""ACMin"": 32, ""ACMax"": 32, ""MAC"": 60, ""DCMin"": 80, ""DCMax"": 180, ""DropTable"": 10}"			pending	pending	identity mapping is separate from display translation	pending-review
416	变异丑蜥	"{""Appr"": 81, ""Race"": 19, ""Level"": 65, ""HP"": 8600, ""Exp"": 3600, ""ACMin"": 30, ""ACMax"": 30, ""MAC"": 60, ""DCMin"": 120, ""DCMax"": 165, ""DropTable"": 10}"			pending	pending	identity mapping is separate from display translation	pending-review
417	变异利爪蜥	"{""Appr"": 83, ""Race"": 19, ""Level"": 65, ""HP"": 9600, ""Exp"": 4200, ""ACMin"": 35, ""ACMax"": 35, ""MAC"": 50, ""DCMin"": 180, ""DCMax"": 190, ""DropTable"": 10}"			pending	pending	identity mapping is separate from display translation	pending-review
418	变异迅猛蜥	"{""Appr"": 81, ""Race"": 19, ""Level"": 65, ""HP"": 8200, ""Exp"": 3600, ""ACMin"": 25, ""ACMax"": 25, ""MAC"": 60, ""DCMin"": 115, ""DCMax"": 150, ""DropTable"": 10}"			pending	pending	identity mapping is separate from display translation	pending-review
419	地天灭王	"{""Appr"": 81, ""Race"": 19, ""Level"": 100, ""HP"": 50000, ""Exp"": 19500, ""ACMin"": 45, ""ACMax"": 45, ""MAC"": 100, ""DCMin"": 200, ""DCMax"": 250, ""DropTable"": 10}"			pending	pending	identity mapping is separate from display translation	pending-review
420	冰宫射手	"{""Appr"": 104, ""Race"": 45, ""Level"": 80, ""HP"": 8000, ""Exp"": 4000, ""ACMin"": 35, ""ACMax"": 35, ""MAC"": 80, ""DCMin"": 100, ""DCMax"": 150, ""DropTable"": 10}"			pending	pending	identity mapping is separate from display translation	pending-review
421	冰城帝王	"{""Appr"": 81, ""Race"": 19, ""Level"": 99, ""HP"": 32000, ""Exp"": 30000, ""ACMin"": 60, ""ACMax"": 60, ""MAC"": 150, ""DCMin"": 200, ""DCMax"": 250, ""DropTable"": 10}"			pending	pending	identity mapping is separate from display translation	pending-review
422	冰宫巫师	"{""Appr"": 213, ""Race"": 19, ""Level"": 80, ""HP"": 8500, ""Exp"": 4500, ""ACMin"": 35, ""ACMax"": 35, ""MAC"": 80, ""DCMin"": 50, ""DCMax"": 80, ""DropTable"": 10}"			pending	pending	identity mapping is separate from display translation	pending-review
423	冰原勇士	"{""Appr"": 81, ""Race"": 19, ""Level"": 80, ""HP"": 8500, ""Exp"": 4500, ""ACMin"": 35, ""ACMax"": 35, ""MAC"": 0, ""DCMin"": 140, ""DCMax"": 190, ""DropTable"": 10}"			pending	pending	identity mapping is separate from display translation	pending-review
424	冰宫骑士	"{""Appr"": 81, ""Race"": 19, ""Level"": 80, ""HP"": 9000, ""Exp"": 5500, ""ACMin"": 60, ""ACMax"": 60, ""MAC"": 50, ""DCMin"": 180, ""DCMax"": 210, ""DropTable"": 10}"			pending	pending	identity mapping is separate from display translation	pending-review
425	冰原狼王	"{""Appr"": 81, ""Race"": 19, ""Level"": 90, ""HP"": 10000, ""Exp"": 6000, ""ACMin"": 60, ""ACMax"": 60, ""MAC"": 60, ""DCMin"": 200, ""DCMax"": 240, ""DropTable"": 10}"			pending	pending	identity mapping is separate from display translation	pending-review
426	冰原雪狼	"{""Appr"": 81, ""Race"": 19, ""Level"": 60, ""HP"": 6000, ""Exp"": 3500, ""ACMin"": 50, ""ACMax"": 50, ""MAC"": 50, ""DCMin"": 80, ""DCMax"": 100, ""DropTable"": 10}"			pending	pending	identity mapping is separate from display translation	pending-review
427	冰原战士	"{""Appr"": 81, ""Race"": 19, ""Level"": 80, ""HP"": 9000, ""Exp"": 7000, ""ACMin"": 45, ""ACMax"": 45, ""MAC"": 80, ""DCMin"": 200, ""DCMax"": 220, ""DropTable"": 10}"			pending	pending	identity mapping is separate from display translation	pending-review
428	冰宫法师	"{""Appr"": 94, ""Race"": 19, ""Level"": 80, ""HP"": 8500, ""Exp"": 4500, ""ACMin"": 35, ""ACMax"": 35, ""MAC"": 60, ""DCMin"": 40, ""DCMax"": 80, ""DropTable"": 10}"			pending	pending	identity mapping is separate from display translation	pending-review
429	冰宫守卫	"{""Appr"": 81, ""Race"": 19, ""Level"": 80, ""HP"": 8600, ""Exp"": 4500, ""ACMin"": 50, ""ACMax"": 50, ""MAC"": 100, ""DCMin"": 150, ""DCMax"": 200, ""DropTable"": 10}"			pending	pending	identity mapping is separate from display translation	pending-review
430	冰原豪猪	"{""Appr"": 81, ""Race"": 19, ""Level"": 60, ""HP"": 6000, ""Exp"": 3500, ""ACMin"": 30, ""ACMax"": 30, ""MAC"": 45, ""DCMin"": 50, ""DCMax"": 80, ""DropTable"": 10}"			pending	pending	identity mapping is separate from display translation	pending-review
431	寒冰守护神	"{""Appr"": 228, ""Race"": 19, ""Level"": 100, ""HP"": 20000, ""Exp"": 40000, ""ACMin"": 60, ""ACMax"": 60, ""MAC"": 120, ""DCMin"": 160, ""DCMax"": 250, ""DropTable"": 15}"			pending	pending	identity mapping is separate from display translation	pending-review
432	圣诞树	"{""Appr"": 209, ""Race"": 19, ""Level"": 0, ""HP"": 2000, ""Exp"": 3000, ""ACMin"": 0, ""ACMax"": 0, ""MAC"": 0, ""DCMin"": 0, ""DCMax"": 0, ""DropTable"": 0}"			pending	pending	identity mapping is separate from display translation	pending-review
433	圣诞鹿	"{""Appr"": 52, ""Race"": 11, ""Level"": 0, ""HP"": 3000, ""Exp"": 40000, ""ACMin"": 0, ""ACMax"": 0, ""MAC"": 50, ""DCMin"": 80, ""DCMax"": 0, ""DropTable"": 0}"			pending	pending	identity mapping is separate from display translation	pending-review
