hero_kill_monster_id	hero_kill_monster_name	legacy_atlas_entry	hero_kill_definition	current_monster_info	zircon_catalog_entry	image_shape_evidence	evidence_status	mapping_is_identity_not_translation
1	守卫武将	"{""index"": 1, ""name"": ""守卫武将"", ""level"": ""99"", ""hp"": ""215"", ""dc"": ""77-84"", ""exp"": ""540"", ""tag"": ""old-only"", ""note"": ""old-only 老版 lvl=99/DC 77-84；Zircon 城镇守卫体系重做，无直接对应""}"	"{""Index"": 1, ""Name"": ""守卫武将"", ""Appr"": 81, ""Race"": 19, ""RaceImg"": 140, ""Level"": 99, ""HP"": 215, ""Exp"": 540, ""ACMin"": 9, ""ACMax"": 9, ""MAC"": 27, ""DCMin"": 77, ""DCMax"": 84, ""DropTable"": 15, ""tag"": ""old-only"", ""tag_note"": ""老版 lvl=99/DC 77-84；Zircon 城镇守卫体系重做，无直接对应""}"			"{""legacy"": {""appr"": 81, ""race"": 19, ""race_img"": 140, ""library_file"": ""Mon-8.wil"", ""frame"": 1040, ""note"": ""legacy Appr/frame convention from dat_integrate.py; not a Zircon MonsterImage shape""}, ""current"": null, ""status"": ""current-image-not-in-MonsterLookup""}"	legacy-atlas-old-only-no-automatic-map	True
2	守卫狮子	"{""index"": 2, ""name"": ""守卫狮子"", ""level"": ""99"", ""hp"": ""1900"", ""dc"": ""99-121"", ""exp"": ""2600"", ""tag"": ""unverified"", ""note"": ""unverified 未做全量名映射，有无 Zircon 对应待查""}"	"{""Index"": 2, ""Name"": ""守卫狮子"", ""Appr"": 221, ""Race"": 19, ""RaceImg"": 160, ""Level"": 99, ""HP"": 1900, ""Exp"": 2600, ""ACMin"": 28, ""ACMax"": 28, ""MAC"": 55, ""DCMin"": 99, ""DCMax"": 121, ""DropTable"": 15, ""tag"": ""unverified"", ""tag_note"": ""未做全量名映射，有无 Zircon 对应待查""}"			"{""legacy"": {""appr"": 221, ""race"": 19, ""race_img"": 160, ""library_file"": ""Mon-22.wil"", ""frame"": 1040, ""note"": ""legacy Appr/frame convention from dat_integrate.py; not a Zircon MonsterImage shape""}, ""current"": null, ""status"": ""current-image-not-in-MonsterLookup""}"	legacy-atlas-unverified	True
3	守卫血魔	"{""index"": 3, ""name"": ""守卫血魔"", ""level"": ""99"", ""hp"": ""310"", ""dc"": ""105-96"", ""exp"": ""920"", ""tag"": ""unverified"", ""note"": ""unverified 未做全量名映射，有无 Zircon 对应待查""}"	"{""Index"": 3, ""Name"": ""守卫血魔"", ""Appr"": 97, ""Race"": 19, ""RaceImg"": 108, ""Level"": 99, ""HP"": 310, ""Exp"": 920, ""ACMin"": 8, ""ACMax"": 8, ""MAC"": 53, ""DCMin"": 105, ""DCMax"": 96, ""DropTable"": 15, ""tag"": ""unverified"", ""tag_note"": ""未做全量名映射，有无 Zircon 对应待查""}"			"{""legacy"": {""appr"": 97, ""race"": 19, ""race_img"": 108, ""library_file"": ""Mon-9.wil"", ""frame"": 7040, ""note"": ""legacy Appr/frame convention from dat_integrate.py; not a Zircon MonsterImage shape""}, ""current"": null, ""status"": ""current-image-not-in-MonsterLookup""}"	legacy-atlas-unverified	True
4	守卫沃玛	"{""index"": 4, ""name"": ""守卫沃玛"", ""level"": ""99"", ""hp"": ""170"", ""dc"": ""31-62"", ""exp"": ""520"", ""tag"": ""unverified"", ""note"": ""unverified 未做全量名映射，有无 Zircon 对应待查""}"	"{""Index"": 4, ""Name"": ""守卫沃玛"", ""Appr"": 91, ""Race"": 20, ""RaceImg"": 43, ""Level"": 99, ""HP"": 170, ""Exp"": 520, ""ACMin"": 8, ""ACMax"": 8, ""MAC"": 24, ""DCMin"": 31, ""DCMax"": 62, ""DropTable"": 15, ""tag"": ""unverified"", ""tag_note"": ""未做全量名映射，有无 Zircon 对应待查""}"			"{""legacy"": {""appr"": 91, ""race"": 20, ""race_img"": 43, ""library_file"": ""Mon-9.wil"", ""frame"": 1040, ""note"": ""legacy Appr/frame convention from dat_integrate.py; not a Zircon MonsterImage shape""}, ""current"": null, ""status"": ""current-image-not-in-MonsterLookup""}"	legacy-atlas-unverified	True
5	守卫右狮	"{""index"": 5, ""name"": ""守卫右狮"", ""level"": ""99"", ""hp"": ""1400"", ""dc"": ""77-110"", ""exp"": ""2800"", ""tag"": ""unverified"", ""note"": ""unverified 未做全量名映射，有无 Zircon 对应待查""}"	"{""Index"": 5, ""Name"": ""守卫右狮"", ""Appr"": 214, ""Race"": 19, ""RaceImg"": 130, ""Level"": 99, ""HP"": 1400, ""Exp"": 2800, ""ACMin"": 14, ""ACMax"": 14, ""MAC"": 48, ""DCMin"": 77, ""DCMax"": 110, ""DropTable"": 15, ""tag"": ""unverified"", ""tag_note"": ""未做全量名映射，有无 Zircon 对应待查""}"			"{""legacy"": {""appr"": 214, ""race"": 19, ""race_img"": 130, ""library_file"": ""Mon-21.wil"", ""frame"": 4040, ""note"": ""legacy Appr/frame convention from dat_integrate.py; not a Zircon MonsterImage shape""}, ""current"": null, ""status"": ""current-image-not-in-MonsterLookup""}"	legacy-atlas-unverified	True
6	署箭	"{""index"": 6, ""name"": ""署箭"", ""level"": ""73"", ""hp"": ""1"", ""dc"": ""8-29"", ""exp"": ""750"", ""tag"": ""unverified"", ""note"": ""unverified 未做全量名映射，有无 Zircon 对应待查""}"	"{""Index"": 6, ""Name"": ""署箭"", ""Appr"": 81, ""Race"": 19, ""RaceImg"": 53, ""Level"": 73, ""HP"": 1, ""Exp"": 750, ""ACMin"": 4, ""ACMax"": 4, ""MAC"": 9, ""DCMin"": 8, ""DCMax"": 29, ""DropTable"": 0, ""tag"": ""unverified"", ""tag_note"": ""未做全量名映射，有无 Zircon 对应待查""}"			"{""legacy"": {""appr"": 81, ""race"": 19, ""race_img"": 53, ""library_file"": ""Mon-8.wil"", ""frame"": 1040, ""note"": ""legacy Appr/frame convention from dat_integrate.py; not a Zircon MonsterImage shape""}, ""current"": null, ""status"": ""current-image-not-in-MonsterLookup""}"	legacy-atlas-unverified	True
7	沃玛战将61	"{""index"": 7, ""name"": ""沃玛战将61"", ""level"": ""25"", ""hp"": ""1"", ""dc"": ""15-25"", ""exp"": ""240"", ""tag"": ""old-only"", ""note"": ""old-only 老版变体（数值微调/活动/强化版），Zircon 无对应""}"	"{""Index"": 7, ""Name"": ""沃玛战将61"", ""Appr"": 81, ""Race"": 19, ""RaceImg"": 91, ""Level"": 25, ""HP"": 1, ""Exp"": 240, ""ACMin"": 4, ""ACMax"": 4, ""MAC"": 7, ""DCMin"": 15, ""DCMax"": 25, ""DropTable"": 0, ""tag"": ""old-only"", ""tag_note"": ""老版变体（数值微调/活动/强化版），Zircon 无对应""}"			"{""legacy"": {""appr"": 81, ""race"": 19, ""race_img"": 91, ""library_file"": ""Mon-8.wil"", ""frame"": 1040, ""note"": ""legacy Appr/frame convention from dat_integrate.py; not a Zircon MonsterImage shape""}, ""current"": null, ""status"": ""current-image-not-in-MonsterLookup""}"	legacy-atlas-old-only-no-automatic-map	True
8	赤月恶魔	"{""index"": 8, ""name"": ""赤月恶魔"", ""level"": ""93"", ""hp"": ""13000"", ""dc"": ""90-180"", ""exp"": ""9750"", ""tag"": ""changed"", ""note"": ""changed → Red Moon The Fallen (id=75)""}"	"{""Index"": 8, ""Name"": ""赤月恶魔"", ""Appr"": 115, ""Race"": 34, ""RaceImg"": 104, ""Level"": 93, ""HP"": 13000, ""Exp"": 9750, ""ACMin"": 52, ""ACMax"": 52, ""MAC"": 100, ""DCMin"": 90, ""DCMax"": 180, ""DropTable"": 15, ""tag"": ""changed"", ""tag_note"": ""→ Red Moon The Fallen (id=75)""}"	"{""index"": 75, ""name"": ""Red Moon The Fallen"", ""image"": ""RedMoonTheFallen"", ""level"": 250, ""is_boss"": true, ""stats"": {""Health"": 19500, ""MinAC"": 51, ""MaxAC"": 51, ""MinMR"": 58, ""MaxMR"": 58, ""MinDC"": 240, ""MaxDC"": 345, ""Accuracy"": 40, ""Agility"": 48}}"	"{""id"": 75, ""name"": ""Red Moon The Fallen"", ""level"": 250, ""stats"": ""性：生命 +19500 · 物防 51-51 · 魔防 58-58 · 物攻 240-345 · 命中 +40 · 敏捷 +48 · 火抗 +5 · 冰抗 +5 · 雷抗 +3 · 风抗 +4 · 神圣抗性 +5 · 暗黑抗性 +3 · 幻影抗性 +2 · 幻影亲和 +1"", ""feat"": ""征：Boss、亡灵 · 视野 15 · 攻击间隔 900ms · 经验 487500""}"	"{""legacy"": {""appr"": 115, ""race"": 34, ""race_img"": 104, ""library_file"": ""Mon-11.wil"", ""frame"": 5040, ""note"": ""legacy Appr/frame convention from dat_integrate.py; not a Zircon MonsterImage shape""}, ""current"": {""monster_image"": ""RedMoonTheFallen"", ""enum_value"": 114, ""library_file"": ""Mon_11"", ""shape"": 4}, ""status"": ""resolved""}"	legacy-atlas-changed-confirmed	True
9	火焰狮子	"{""index"": 9, ""name"": ""火焰狮子"", ""level"": ""48"", ""hp"": ""3600"", ""dc"": ""50-60"", ""exp"": ""1600"", ""tag"": ""unverified"", ""note"": ""unverified 未做全量名映射，有无 Zircon 对应待查""}"	"{""Index"": 9, ""Name"": ""火焰狮子"", ""Appr"": 224, ""Race"": 19, ""RaceImg"": 159, ""Level"": 48, ""HP"": 3600, ""Exp"": 1600, ""ACMin"": 11, ""ACMax"": 11, ""MAC"": 13, ""DCMin"": 50, ""DCMax"": 60, ""DropTable"": 0, ""tag"": ""unverified"", ""tag_note"": ""未做全量名映射，有无 Zircon 对应待查""}"			"{""legacy"": {""appr"": 224, ""race"": 19, ""race_img"": 159, ""library_file"": ""Mon-22.wil"", ""frame"": 4040, ""note"": ""legacy Appr/frame convention from dat_integrate.py; not a Zircon MonsterImage shape""}, ""current"": null, ""status"": ""current-image-not-in-MonsterLookup""}"	legacy-atlas-unverified	True
10	血巨人	"{""index"": 10, ""name"": ""血巨人"", ""level"": ""40"", ""hp"": ""1580"", ""dc"": ""33-47"", ""exp"": ""420"", ""tag"": ""unverified"", ""note"": ""unverified 未做全量名映射，有无 Zircon 对应待查""}"	"{""Index"": 10, ""Name"": ""血巨人"", ""Appr"": 97, ""Race"": 19, ""RaceImg"": 107, ""Level"": 40, ""HP"": 1580, ""Exp"": 420, ""ACMin"": 4, ""ACMax"": 4, ""MAC"": 11, ""DCMin"": 33, ""DCMax"": 47, ""DropTable"": 0, ""tag"": ""unverified"", ""tag_note"": ""未做全量名映射，有无 Zircon 对应待查""}"			"{""legacy"": {""appr"": 97, ""race"": 19, ""race_img"": 107, ""library_file"": ""Mon-9.wil"", ""frame"": 7040, ""note"": ""legacy Appr/frame convention from dat_integrate.py; not a Zircon MonsterImage shape""}, ""current"": null, ""status"": ""current-image-not-in-MonsterLookup""}"	legacy-atlas-unverified	True
11	祖玛雕像0	"{""index"": 11, ""name"": ""祖玛雕像0"", ""level"": ""45"", ""hp"": ""2800"", ""dc"": ""37-55"", ""exp"": ""1200"", ""tag"": ""old-only"", ""note"": ""old-only 老版变体（数值微调/活动/强化版），Zircon 无对应""}"	"{""Index"": 11, ""Name"": ""祖玛雕像0"", ""Appr"": 101, ""Race"": 47, ""RaceImg"": 83, ""Level"": 45, ""HP"": 2800, ""Exp"": 1200, ""ACMin"": 5, ""ACMax"": 5, ""MAC"": 12, ""DCMin"": 37, ""DCMax"": 55, ""DropTable"": 0, ""tag"": ""old-only"", ""tag_note"": ""老版变体（数值微调/活动/强化版），Zircon 无对应""}"			"{""legacy"": {""appr"": 101, ""race"": 47, ""race_img"": 83, ""library_file"": ""Mon-10.wil"", ""frame"": 1040, ""note"": ""legacy Appr/frame convention from dat_integrate.py; not a Zircon MonsterImage shape""}, ""current"": null, ""status"": ""current-image-not-in-MonsterLookup""}"	legacy-atlas-old-only-no-automatic-map	True
12	祖玛教主	"{""index"": 12, ""name"": ""祖玛教主"", ""level"": ""94"", ""hp"": ""14000"", ""dc"": ""70-175"", ""exp"": ""10500"", ""tag"": ""changed"", ""note"": ""changed → Zuma King (id=81)""}"	"{""Index"": 12, ""Name"": ""祖玛教主"", ""Appr"": 102, ""Race"": 49, ""RaceImg"": 85, ""Level"": 94, ""HP"": 14000, ""Exp"": 10500, ""ACMin"": 65, ""ACMax"": 65, ""MAC"": 120, ""DCMin"": 70, ""DCMax"": 175, ""DropTable"": 10, ""tag"": ""changed"", ""tag_note"": ""→ Zuma King (id=81)""}"	"{""index"": 81, ""name"": ""Zuma King"", ""image"": ""ZumaKing"", ""level"": 250, ""is_boss"": true, ""stats"": {""Health"": 21000, ""MinAC"": 54, ""MaxAC"": 54, ""MinMR"": 61, ""MaxMR"": 61, ""MinDC"": 255, ""MaxDC"": 360, ""Accuracy"": 40, ""Agility"": 48}}"	"{""id"": 81, ""name"": ""Zuma King"", ""level"": 250, ""stats"": ""性：生命 +21000 · 物防 54-54 · 魔防 61-61 · 物攻 255-360 · 命中 +40 · 敏捷 +48 · 火抗 +3 · 冰抗 +4 · 雷抗 +5 · 风抗 +5 · 神圣抗性 +5 · 暗黑抗性 +2 · 幻影抗性 +3 · 火亲和 +1"", ""feat"": ""征：Boss、亡灵、可推动 · 视野 11 · 攻击间隔 900ms · 经验 780000""}"	"{""legacy"": {""appr"": 102, ""race"": 49, ""race_img"": 85, ""library_file"": ""Mon-10.wil"", ""frame"": 2040, ""note"": ""legacy Appr/frame convention from dat_integrate.py; not a Zircon MonsterImage shape""}, ""current"": {""monster_image"": ""ZumaKing"", ""enum_value"": 95, ""library_file"": ""Mon_9"", ""shape"": 5}, ""status"": ""resolved""}"	legacy-atlas-changed-confirmed	True
13	蝎蛇	"{""index"": 13, ""name"": ""蝎蛇"", ""level"": ""30"", ""hp"": ""1440"", ""dc"": ""24-36"", ""exp"": ""280"", ""tag"": ""unverified"", ""note"": ""unverified 未做全量名映射，有无 Zircon 对应待查""}"	"{""Index"": 13, ""Name"": ""蝎蛇"", ""Appr"": 81, ""Race"": 19, ""RaceImg"": 79, ""Level"": 30, ""HP"": 1440, ""Exp"": 280, ""ACMin"": 0, ""ACMax"": 0, ""MAC"": 8, ""DCMin"": 24, ""DCMax"": 36, ""DropTable"": 0, ""tag"": ""unverified"", ""tag_note"": ""未做全量名映射，有无 Zircon 对应待查""}"			"{""legacy"": {""appr"": 81, ""race"": 19, ""race_img"": 79, ""library_file"": ""Mon-8.wil"", ""frame"": 1040, ""note"": ""legacy Appr/frame convention from dat_integrate.py; not a Zircon MonsterImage shape""}, ""current"": null, ""status"": ""current-image-not-in-MonsterLookup""}"	legacy-atlas-unverified	True
14	七点白蛇	"{""index"": 14, ""name"": ""七点白蛇"", ""level"": ""71"", ""hp"": ""800"", ""dc"": ""44-66"", ""exp"": ""400"", ""tag"": ""old-only"", ""note"": ""old-only 老版 lvl=71/HP 800；Zircon 无对应名""}"	"{""Index"": 14, ""Name"": ""七点白蛇"", ""Appr"": 97, ""Race"": 19, ""RaceImg"": 126, ""Level"": 71, ""HP"": 800, ""Exp"": 400, ""ACMin"": 0, ""ACMax"": 0, ""MAC"": 10, ""DCMin"": 44, ""DCMax"": 66, ""DropTable"": 10, ""tag"": ""old-only"", ""tag_note"": ""老版 lvl=71/HP 800；Zircon 无对应名""}"			"{""legacy"": {""appr"": 97, ""race"": 19, ""race_img"": 126, ""library_file"": ""Mon-9.wil"", ""frame"": 7040, ""note"": ""legacy Appr/frame convention from dat_integrate.py; not a Zircon MonsterImage shape""}, ""current"": null, ""status"": ""current-image-not-in-MonsterLookup""}"	legacy-atlas-old-only-no-automatic-map	True
15	潘夜云魔	"{""index"": 15, ""name"": ""潘夜云魔"", ""level"": ""45"", ""hp"": ""2600"", ""dc"": ""37-56"", ""exp"": ""1200"", ""tag"": ""unverified"", ""note"": ""unverified 未做全量名映射，有无 Zircon 对应待查""}"	"{""Index"": 15, ""Name"": ""潘夜云魔"", ""Appr"": 216, ""Race"": 19, ""RaceImg"": 134, ""Level"": 45, ""HP"": 2600, ""Exp"": 1200, ""ACMin"": 5, ""ACMax"": 5, ""MAC"": 11, ""DCMin"": 37, ""DCMax"": 56, ""DropTable"": 0, ""tag"": ""unverified"", ""tag_note"": ""未做全量名映射，有无 Zircon 对应待查""}"			"{""legacy"": {""appr"": 216, ""race"": 19, ""race_img"": 134, ""library_file"": ""Mon-21.wil"", ""frame"": 6040, ""note"": ""legacy Appr/frame convention from dat_integrate.py; not a Zircon MonsterImage shape""}, ""current"": null, ""status"": ""current-image-not-in-MonsterLookup""}"	legacy-atlas-unverified	True
16	石像狮子98	"{""index"": 16, ""name"": ""石像狮子98"", ""level"": ""49"", ""hp"": ""3800"", ""dc"": ""50-60"", ""exp"": ""1300"", ""tag"": ""old-only"", ""note"": ""old-only 老版变体（数值微调/活动/强化版），Zircon 无对应""}"	"{""Index"": 16, ""Name"": ""石像狮子98"", ""Appr"": 221, ""Race"": 19, ""RaceImg"": 160, ""Level"": 49, ""HP"": 3800, ""Exp"": 1300, ""ACMin"": 14, ""ACMax"": 14, ""MAC"": 27, ""DCMin"": 50, ""DCMax"": 60, ""DropTable"": 0, ""tag"": ""old-only"", ""tag_note"": ""老版变体（数值微调/活动/强化版），Zircon 无对应""}"			"{""legacy"": {""appr"": 221, ""race"": 19, ""race_img"": 160, ""library_file"": ""Mon-22.wil"", ""frame"": 1040, ""note"": ""legacy Appr/frame convention from dat_integrate.py; not a Zircon MonsterImage shape""}, ""current"": null, ""status"": ""current-image-not-in-MonsterLookup""}"	legacy-atlas-old-only-no-automatic-map	True
17	食人花	"{""index"": 17, ""name"": ""食人花"", ""level"": ""10"", ""hp"": ""21"", ""dc"": ""2-8"", ""exp"": ""21"", ""tag"": ""old-only"", ""note"": ""old-only 老版 lvl=10/HP 21；Zircon 无对应名""}"	"{""Index"": 17, ""Name"": ""食人花"", ""Appr"": 85, ""Race"": 13, ""RaceImg"": 31, ""Level"": 10, ""HP"": 21, ""Exp"": 21, ""ACMin"": 0, ""ACMax"": 0, ""MAC"": 0, ""DCMin"": 2, ""DCMax"": 8, ""DropTable"": 0, ""tag"": ""old-only"", ""tag_note"": ""老版 lvl=10/HP 21；Zircon 无对应名""}"			"{""legacy"": {""appr"": 85, ""race"": 13, ""race_img"": 31, ""library_file"": ""Mon-8.wil"", ""frame"": 5040, ""note"": ""legacy Appr/frame convention from dat_integrate.py; not a Zircon MonsterImage shape""}, ""current"": null, ""status"": ""current-image-not-in-MonsterLookup""}"	legacy-atlas-old-only-no-automatic-map	True
18	暗黑战士	"{""index"": 18, ""name"": ""暗黑战士"", ""level"": ""25"", ""hp"": ""320"", ""dc"": ""14-28"", ""exp"": ""240"", ""tag"": ""old-only"", ""note"": ""old-only 老版 lvl=25/HP 320；Zircon 无对应名""}"	"{""Index"": 18, ""Name"": ""暗黑战士"", ""Appr"": 93, ""Race"": 22, ""RaceImg"": 46, ""Level"": 25, ""HP"": 320, ""Exp"": 240, ""ACMin"": 0, ""ACMax"": 0, ""MAC"": 6, ""DCMin"": 14, ""DCMax"": 28, ""DropTable"": 0, ""tag"": ""old-only"", ""tag_note"": ""老版 lvl=25/HP 320；Zircon 无对应名""}"			"{""legacy"": {""appr"": 93, ""race"": 22, ""race_img"": 46, ""library_file"": ""Mon-9.wil"", ""frame"": 3040, ""note"": ""legacy Appr/frame convention from dat_integrate.py; not a Zircon MonsterImage shape""}, ""current"": null, ""status"": ""current-image-not-in-MonsterLookup""}"	legacy-atlas-old-only-no-automatic-map	True
19	暗黑战士0	"{""index"": 19, ""name"": ""暗黑战士0"", ""level"": ""25"", ""hp"": ""320"", ""dc"": ""14-28"", ""exp"": ""240"", ""tag"": ""old-only"", ""note"": ""old-only 老版变体（数值微调/活动/强化版），Zircon 无对应""}"	"{""Index"": 19, ""Name"": ""暗黑战士0"", ""Appr"": 93, ""Race"": 22, ""RaceImg"": 46, ""Level"": 25, ""HP"": 320, ""Exp"": 240, ""ACMin"": 0, ""ACMax"": 0, ""MAC"": 6, ""DCMin"": 14, ""DCMax"": 28, ""DropTable"": 0, ""tag"": ""old-only"", ""tag_note"": ""老版变体（数值微调/活动/强化版），Zircon 无对应""}"			"{""legacy"": {""appr"": 93, ""race"": 22, ""race_img"": 46, ""library_file"": ""Mon-9.wil"", ""frame"": 3040, ""note"": ""legacy Appr/frame convention from dat_integrate.py; not a Zircon MonsterImage shape""}, ""current"": null, ""status"": ""current-image-not-in-MonsterLookup""}"	legacy-atlas-old-only-no-automatic-map	True
20	暗黑战士40	"{""index"": 20, ""name"": ""暗黑战士40"", ""level"": ""25"", ""hp"": ""320"", ""dc"": ""35-100"", ""exp"": ""240"", ""tag"": ""old-only"", ""note"": ""old-only 老版变体（数值微调/活动/强化版），Zircon 无对应""}"	"{""Index"": 20, ""Name"": ""暗黑战士40"", ""Appr"": 93, ""Race"": 22, ""RaceImg"": 46, ""Level"": 25, ""HP"": 320, ""Exp"": 240, ""ACMin"": 4, ""ACMax"": 4, ""MAC"": 13, ""DCMin"": 35, ""DCMax"": 100, ""DropTable"": 0, ""tag"": ""old-only"", ""tag_note"": ""老版变体（数值微调/活动/强化版），Zircon 无对应""}"			"{""legacy"": {""appr"": 93, ""race"": 22, ""race_img"": 46, ""library_file"": ""Mon-9.wil"", ""frame"": 3040, ""note"": ""legacy Appr/frame convention from dat_integrate.py; not a Zircon MonsterImage shape""}, ""current"": null, ""status"": ""current-image-not-in-MonsterLookup""}"	legacy-atlas-old-only-no-automatic-map	True
21	八脚首领	"{""index"": 21, ""name"": ""八脚首领"", ""level"": ""76"", ""hp"": ""5000"", ""dc"": ""49-77"", ""exp"": ""2000"", ""tag"": ""unverified"", ""note"": ""unverified 未做全量名映射，有无 Zircon 对应待查""}"	"{""Index"": 21, ""Name"": ""八脚首领"", ""Appr"": 97, ""Race"": 19, ""RaceImg"": 112, ""Level"": 76, ""HP"": 5000, ""Exp"": 2000, ""ACMin"": 16, ""ACMax"": 16, ""MAC"": 19, ""DCMin"": 49, ""DCMax"": 77, ""DropTable"": 10, ""tag"": ""unverified"", ""tag_note"": ""未做全量名映射，有无 Zircon 对应待查""}"			"{""legacy"": {""appr"": 97, ""race"": 19, ""race_img"": 112, ""library_file"": ""Mon-9.wil"", ""frame"": 7040, ""note"": ""legacy Appr/frame convention from dat_integrate.py; not a Zircon MonsterImage shape""}, ""current"": null, ""status"": ""current-image-not-in-MonsterLookup""}"	legacy-atlas-unverified	True
22	霸群雕像	"{""index"": 22, ""name"": ""霸群雕像"", ""level"": ""100"", ""hp"": ""20"", ""dc"": ""0-0"", ""exp"": ""3000"", ""tag"": ""unverified"", ""note"": ""unverified 未做全量名映射，有无 Zircon 对应待查""}"	"{""Index"": 22, ""Name"": ""霸群雕像"", ""Appr"": 209, ""Race"": 19, ""RaceImg"": 187, ""Level"": 100, ""HP"": 20, ""Exp"": 3000, ""ACMin"": 35, ""ACMax"": 35, ""MAC"": 180, ""DCMin"": 0, ""DCMax"": 0, ""DropTable"": 0, ""tag"": ""unverified"", ""tag_note"": ""未做全量名映射，有无 Zircon 对应待查""}"			"{""legacy"": {""appr"": 209, ""race"": 19, ""race_img"": 187, ""library_file"": ""Mon-20.wil"", ""frame"": 9040, ""note"": ""legacy Appr/frame convention from dat_integrate.py; not a Zircon MonsterImage shape""}, ""current"": null, ""status"": ""current-image-not-in-MonsterLookup""}"	legacy-atlas-unverified	True
23	霸王教主	"{""index"": 23, ""name"": ""霸王教主"", ""level"": ""96"", ""hp"": ""20000"", ""dc"": ""145-245"", ""exp"": ""12000"", ""tag"": ""changed"", ""note"": ""changed → Emperor Sa'Woo (id=115)""}"	"{""Index"": 23, ""Name"": ""霸王教主"", ""Appr"": 226, ""Race"": 19, ""RaceImg"": 120, ""Level"": 96, ""HP"": 20000, ""Exp"": 12000, ""ACMin"": 63, ""ACMax"": 63, ""MAC"": 104, ""DCMin"": 145, ""DCMax"": 245, ""DropTable"": 10, ""tag"": ""changed"", ""tag_note"": ""→ Emperor Sa'Woo (id=115)""}"	"{""index"": 115, ""name"": ""Emperor Sa'Woo"", ""image"": ""EmperorSaWoo"", ""level"": 250, ""is_boss"": true, ""stats"": {""Health"": 21000, ""MinAC"": 54, ""MaxAC"": 54, ""MinMR"": 61, ""MaxMR"": 61, ""MinDC"": 255, ""MaxDC"": 360, ""Accuracy"": 40, ""Agility"": 48}}"	"{""id"": 115, ""name"": ""Emperor Sa'Woo"", ""level"": 250, ""stats"": ""性：生命 +21000 · 物防 54-54 · 魔防 61-61 · 物攻 255-360 · 命中 +40 · 敏捷 +48 · 火抗 +5 · 冰抗 +3 · 雷抗 +5 · 风抗 +4 · 神圣抗性 +2 · 暗黑抗性 +5 · 幻影抗性 +3 · 风亲和 +1"", ""feat"": ""征：Boss、亡灵、可推动 · 视野 10 · 攻击间隔 900ms · 经验 585000""}"	"{""legacy"": {""appr"": 226, ""race"": 19, ""race_img"": 120, ""library_file"": ""Mon-22.wil"", ""frame"": 6040, ""note"": ""legacy Appr/frame convention from dat_integrate.py; not a Zircon MonsterImage shape""}, ""current"": {""monster_image"": ""EmperorSaWoo"", ""enum_value"": 149, ""library_file"": ""Mon_14"", ""shape"": 9}, ""status"": ""resolved""}"	legacy-atlas-changed-confirmed	True
24	霸王守卫	"{""index"": 24, ""name"": ""霸王守卫"", ""level"": ""80"", ""hp"": ""10000"", ""dc"": ""187-253"", ""exp"": ""4000"", ""tag"": ""unverified"", ""note"": ""unverified 未做全量名映射，有无 Zircon 对应待查""}"	"{""Index"": 24, ""Name"": ""霸王守卫"", ""Appr"": 230, ""Race"": 19, ""RaceImg"": 10, ""Level"": 80, ""HP"": 10000, ""Exp"": 4000, ""ACMin"": 44, ""ACMax"": 44, ""MAC"": 118, ""DCMin"": 187, ""DCMax"": 253, ""DropTable"": 10, ""tag"": ""unverified"", ""tag_note"": ""未做全量名映射，有无 Zircon 对应待查""}"			"{""legacy"": {""appr"": 230, ""race"": 19, ""race_img"": 10, ""library_file"": ""Mon-23.wil"", ""frame"": 40, ""note"": ""legacy Appr/frame convention from dat_integrate.py; not a Zircon MonsterImage shape""}, ""current"": null, ""status"": ""current-image-not-in-MonsterLookup""}"	legacy-atlas-unverified	True
25	霸王守卫9	"{""index"": 25, ""name"": ""霸王守卫9"", ""level"": ""80"", ""hp"": ""10000"", ""dc"": ""165-220"", ""exp"": ""4000"", ""tag"": ""old-only"", ""note"": ""old-only 老版变体（数值微调/活动/强化版），Zircon 无对应""}"	"{""Index"": 25, ""Name"": ""霸王守卫9"", ""Appr"": 230, ""Race"": 19, ""RaceImg"": 10, ""Level"": 80, ""HP"": 10000, ""Exp"": 4000, ""ACMin"": 33, ""ACMax"": 33, ""MAC"": 42, ""DCMin"": 165, ""DCMax"": 220, ""DropTable"": 10, ""tag"": ""old-only"", ""tag_note"": ""老版变体（数值微调/活动/强化版），Zircon 无对应""}"			"{""legacy"": {""appr"": 230, ""race"": 19, ""race_img"": 10, ""library_file"": ""Mon-23.wil"", ""frame"": 40, ""note"": ""legacy Appr/frame convention from dat_integrate.py; not a Zircon MonsterImage shape""}, ""current"": null, ""status"": ""current-image-not-in-MonsterLookup""}"	legacy-atlas-old-only-no-automatic-map	True
26	白马	"{""index"": 26, ""name"": ""白马"", ""level"": ""120"", ""hp"": ""5"", ""dc"": ""0-0"", ""exp"": ""1000"", ""tag"": ""unverified"", ""note"": ""unverified 未做全量名映射，有无 Zircon 对应待查""}"	"{""Index"": 26, ""Name"": ""白马"", ""Appr"": 150, ""Race"": 19, ""RaceImg"": 117, ""Level"": 120, ""HP"": 5, ""Exp"": 1000, ""ACMin"": 0, ""ACMax"": 0, ""MAC"": 0, ""DCMin"": 0, ""DCMax"": 0, ""DropTable"": 0, ""tag"": ""unverified"", ""tag_note"": ""未做全量名映射，有无 Zircon 对应待查""}"			"{""legacy"": {""appr"": 150, ""race"": 19, ""race_img"": 117, ""library_file"": ""Mon-15.wil"", ""frame"": 40, ""note"": ""legacy Appr/frame convention from dat_integrate.py; not a Zircon MonsterImage shape""}, ""current"": null, ""status"": ""current-image-not-in-MonsterLookup""}"	legacy-atlas-unverified	True
27	白野猪	"{""index"": 27, ""name"": ""白野猪"", ""level"": ""75"", ""hp"": ""4500"", ""dc"": ""44-66"", ""exp"": ""1250"", ""tag"": ""old-only"", ""note"": ""old-only 老版 lvl=75/HP 4500；Zircon 无对应名""}"	"{""Index"": 27, ""Name"": ""白野猪"", ""Appr"": 208, ""Race"": 19, ""RaceImg"": 78, ""Level"": 75, ""HP"": 4500, ""Exp"": 1250, ""ACMin"": 13, ""ACMax"": 13, ""MAC"": 30, ""DCMin"": 44, ""DCMax"": 66, ""DropTable"": 10, ""tag"": ""old-only"", ""tag_note"": ""老版 lvl=75/HP 4500；Zircon 无对应名""}"			"{""legacy"": {""appr"": 208, ""race"": 19, ""race_img"": 78, ""library_file"": ""Mon-20.wil"", ""frame"": 8040, ""note"": ""legacy Appr/frame convention from dat_integrate.py; not a Zircon MonsterImage shape""}, ""current"": null, ""status"": ""current-image-not-in-MonsterLookup""}"	legacy-atlas-old-only-no-automatic-map	True
28	半兽人	"{""index"": 28, ""name"": ""半兽人"", ""level"": ""13"", ""hp"": ""30"", ""dc"": ""4-8"", ""exp"": ""30"", ""tag"": ""changed"", ""note"": ""changed → Oma (id=22)""}"	"{""Index"": 28, ""Name"": ""半兽人"", ""Appr"": 83, ""Race"": 19, ""RaceImg"": 22, ""Level"": 13, ""HP"": 30, ""Exp"": 30, ""ACMin"": 0, ""ACMax"": 0, ""MAC"": 1, ""DCMin"": 4, ""DCMax"": 8, ""DropTable"": 0, ""tag"": ""changed"", ""tag_note"": ""→ Oma (id=22)""}"	"{""index"": 22, ""name"": ""Oma"", ""image"": ""Oma"", ""level"": 13, ""is_boss"": false, ""stats"": {""Health"": 25, ""MinAC"": null, ""MaxAC"": null, ""MinMR"": 3, ""MaxMR"": 3, ""MinDC"": 3, ""MaxDC"": 8, ""Accuracy"": 12, ""Agility"": 10}}"	"{""id"": 22, ""name"": ""Oma"", ""level"": 13, ""stats"": ""性：生命 +25 · 魔防 3-3 · 物攻 3-8 · 命中 +12 · 敏捷 +10"", ""feat"": ""征：可推动 · 视野 9 · 攻击间隔 2500ms · 经验 59""}"	"{""legacy"": {""appr"": 83, ""race"": 19, ""race_img"": 22, ""library_file"": ""Mon-8.wil"", ""frame"": 3040, ""note"": ""legacy Appr/frame convention from dat_integrate.py; not a Zircon MonsterImage shape""}, ""current"": {""monster_image"": ""Oma"", ""enum_value"": 33, ""library_file"": ""Mon_3"", ""shape"": 3}, ""status"": ""resolved""}"	legacy-atlas-changed-confirmed	True
29	半兽人0	"{""index"": 29, ""name"": ""半兽人0"", ""level"": ""13"", ""hp"": ""30"", ""dc"": ""4-8"", ""exp"": ""30"", ""tag"": ""old-only"", ""note"": ""old-only 老版变体（数值微调/活动/强化版），Zircon 无对应""}"	"{""Index"": 29, ""Name"": ""半兽人0"", ""Appr"": 83, ""Race"": 19, ""RaceImg"": 22, ""Level"": 13, ""HP"": 30, ""Exp"": 30, ""ACMin"": 0, ""ACMax"": 0, ""MAC"": 1, ""DCMin"": 4, ""DCMax"": 8, ""DropTable"": 0, ""tag"": ""old-only"", ""tag_note"": ""老版变体（数值微调/活动/强化版），Zircon 无对应""}"			"{""legacy"": {""appr"": 83, ""race"": 19, ""race_img"": 22, ""library_file"": ""Mon-8.wil"", ""frame"": 3040, ""note"": ""legacy Appr/frame convention from dat_integrate.py; not a Zircon MonsterImage shape""}, ""current"": null, ""status"": ""current-image-not-in-MonsterLookup""}"	legacy-atlas-old-only-no-automatic-map	True
30	半兽人61	"{""index"": 30, ""name"": ""半兽人61"", ""level"": ""13"", ""hp"": ""1"", ""dc"": ""4-8"", ""exp"": ""30"", ""tag"": ""old-only"", ""note"": ""old-only 老版变体（数值微调/活动/强化版），Zircon 无对应""}"	"{""Index"": 30, ""Name"": ""半兽人61"", ""Appr"": 83, ""Race"": 19, ""RaceImg"": 22, ""Level"": 13, ""HP"": 1, ""Exp"": 30, ""ACMin"": 0, ""ACMax"": 0, ""MAC"": 1, ""DCMin"": 4, ""DCMax"": 8, ""DropTable"": 0, ""tag"": ""old-only"", ""tag_note"": ""老版变体（数值微调/活动/强化版），Zircon 无对应""}"			"{""legacy"": {""appr"": 83, ""race"": 19, ""race_img"": 22, ""library_file"": ""Mon-8.wil"", ""frame"": 3040, ""note"": ""legacy Appr/frame convention from dat_integrate.py; not a Zircon MonsterImage shape""}, ""current"": null, ""status"": ""current-image-not-in-MonsterLookup""}"	legacy-atlas-old-only-no-automatic-map	True
31	半兽人9	"{""index"": 31, ""name"": ""半兽人9"", ""level"": ""99"", ""hp"": ""30"", ""dc"": ""22-44"", ""exp"": ""300"", ""tag"": ""old-only"", ""note"": ""old-only 老版变体（数值微调/活动/强化版），Zircon 无对应""}"	"{""Index"": 31, ""Name"": ""半兽人9"", ""Appr"": 83, ""Race"": 19, ""RaceImg"": 22, ""Level"": 99, ""HP"": 30, ""Exp"": 300, ""ACMin"": 0, ""ACMax"": 0, ""MAC"": 2, ""DCMin"": 22, ""DCMax"": 44, ""DropTable"": 0, ""tag"": ""old-only"", ""tag_note"": ""老版变体（数值微调/活动/强化版），Zircon 无对应""}"			"{""legacy"": {""appr"": 83, ""race"": 19, ""race_img"": 22, ""library_file"": ""Mon-8.wil"", ""frame"": 3040, ""note"": ""legacy Appr/frame convention from dat_integrate.py; not a Zircon MonsterImage shape""}, ""current"": null, ""status"": ""current-image-not-in-MonsterLookup""}"	legacy-atlas-old-only-no-automatic-map	True
32	半兽勇士	"{""index"": 32, ""name"": ""半兽勇士"", ""level"": ""70"", ""hp"": ""600"", ""dc"": ""16-55"", ""exp"": ""300"", ""tag"": ""unverified"", ""note"": ""unverified 未做全量名映射，有无 Zircon 对应待查""}"	"{""Index"": 32, ""Name"": ""半兽勇士"", ""Appr"": 97, ""Race"": 19, ""RaceImg"": 24, ""Level"": 70, ""HP"": 600, ""Exp"": 300, ""ACMin"": 3, ""ACMax"": 3, ""MAC"": 7, ""DCMin"": 16, ""DCMax"": 55, ""DropTable"": 10, ""tag"": ""unverified"", ""tag_note"": ""未做全量名映射，有无 Zircon 对应待查""}"			"{""legacy"": {""appr"": 97, ""race"": 19, ""race_img"": 24, ""library_file"": ""Mon-9.wil"", ""frame"": 7040, ""note"": ""legacy Appr/frame convention from dat_integrate.py; not a Zircon MonsterImage shape""}, ""current"": null, ""status"": ""current-image-not-in-MonsterLookup""}"	legacy-atlas-unverified	True
33	半兽勇士61	"{""index"": 33, ""name"": ""半兽勇士61"", ""level"": ""70"", ""hp"": ""1"", ""dc"": ""4-25"", ""exp"": ""300"", ""tag"": ""old-only"", ""note"": ""old-only 老版变体（数值微调/活动/强化版），Zircon 无对应""}"	"{""Index"": 33, ""Name"": ""半兽勇士61"", ""Appr"": 81, ""Race"": 19, ""RaceImg"": 24, ""Level"": 70, ""HP"": 1, ""Exp"": 300, ""ACMin"": 3, ""ACMax"": 3, ""MAC"": 7, ""DCMin"": 4, ""DCMax"": 25, ""DropTable"": 0, ""tag"": ""old-only"", ""tag_note"": ""老版变体（数值微调/活动/强化版），Zircon 无对应""}"			"{""legacy"": {""appr"": 81, ""race"": 19, ""race_img"": 24, ""library_file"": ""Mon-8.wil"", ""frame"": 1040, ""note"": ""legacy Appr/frame convention from dat_integrate.py; not a Zircon MonsterImage shape""}, ""current"": null, ""status"": ""current-image-not-in-MonsterLookup""}"	legacy-atlas-old-only-no-automatic-map	True
34	半兽勇士9	"{""index"": 34, ""name"": ""半兽勇士9"", ""level"": ""99"", ""hp"": ""600"", ""dc"": ""49-165"", ""exp"": ""3000"", ""tag"": ""old-only"", ""note"": ""old-only 老版变体（数值微调/活动/强化版），Zircon 无对应""}"	"{""Index"": 34, ""Name"": ""半兽勇士9"", ""Appr"": 97, ""Race"": 19, ""RaceImg"": 24, ""Level"": 99, ""HP"": 600, ""Exp"": 3000, ""ACMin"": 3, ""ACMax"": 3, ""MAC"": 7, ""DCMin"": 49, ""DCMax"": 165, ""DropTable"": 10, ""tag"": ""old-only"", ""tag_note"": ""老版变体（数值微调/活动/强化版），Zircon 无对应""}"			"{""legacy"": {""appr"": 97, ""race"": 19, ""race_img"": 24, ""library_file"": ""Mon-9.wil"", ""frame"": 7040, ""note"": ""legacy Appr/frame convention from dat_integrate.py; not a Zircon MonsterImage shape""}, ""current"": null, ""status"": ""current-image-not-in-MonsterLookup""}"	legacy-atlas-old-only-no-automatic-map	True
35	半兽战士	"{""index"": 35, ""name"": ""半兽战士"", ""level"": ""13"", ""hp"": ""50"", ""dc"": ""4-12"", ""exp"": ""50"", ""tag"": ""unverified"", ""note"": ""unverified 未做全量名映射，有无 Zircon 对应待查""}"	"{""Index"": 35, ""Name"": ""半兽战士"", ""Appr"": 81, ""Race"": 19, ""RaceImg"": 23, ""Level"": 13, ""HP"": 50, ""Exp"": 50, ""ACMin"": 0, ""ACMax"": 0, ""MAC"": 1, ""DCMin"": 4, ""DCMax"": 12, ""DropTable"": 0, ""tag"": ""unverified"", ""tag_note"": ""未做全量名映射，有无 Zircon 对应待查""}"			"{""legacy"": {""appr"": 81, ""race"": 19, ""race_img"": 23, ""library_file"": ""Mon-8.wil"", ""frame"": 1040, ""note"": ""legacy Appr/frame convention from dat_integrate.py; not a Zircon MonsterImage shape""}, ""current"": null, ""status"": ""current-image-not-in-MonsterLookup""}"	legacy-atlas-unverified	True
36	半兽战士0	"{""index"": 36, ""name"": ""半兽战士0"", ""level"": ""13"", ""hp"": ""50"", ""dc"": ""4-12"", ""exp"": ""50"", ""tag"": ""old-only"", ""note"": ""old-only 老版变体（数值微调/活动/强化版），Zircon 无对应""}"	"{""Index"": 36, ""Name"": ""半兽战士0"", ""Appr"": 81, ""Race"": 19, ""RaceImg"": 23, ""Level"": 13, ""HP"": 50, ""Exp"": 50, ""ACMin"": 0, ""ACMax"": 0, ""MAC"": 1, ""DCMin"": 4, ""DCMax"": 12, ""DropTable"": 0, ""tag"": ""old-only"", ""tag_note"": ""老版变体（数值微调/活动/强化版），Zircon 无对应""}"			"{""legacy"": {""appr"": 81, ""race"": 19, ""race_img"": 23, ""library_file"": ""Mon-8.wil"", ""frame"": 1040, ""note"": ""legacy Appr/frame convention from dat_integrate.py; not a Zircon MonsterImage shape""}, ""current"": null, ""status"": ""current-image-not-in-MonsterLookup""}"	legacy-atlas-old-only-no-automatic-map	True
37	半兽战士61	"{""index"": 37, ""name"": ""半兽战士61"", ""level"": ""13"", ""hp"": ""1"", ""dc"": ""4-12"", ""exp"": ""50"", ""tag"": ""old-only"", ""note"": ""old-only 老版变体（数值微调/活动/强化版），Zircon 无对应""}"	"{""Index"": 37, ""Name"": ""半兽战士61"", ""Appr"": 81, ""Race"": 19, ""RaceImg"": 23, ""Level"": 13, ""HP"": 1, ""Exp"": 50, ""ACMin"": 0, ""ACMax"": 0, ""MAC"": 1, ""DCMin"": 4, ""DCMax"": 12, ""DropTable"": 0, ""tag"": ""old-only"", ""tag_note"": ""老版变体（数值微调/活动/强化版），Zircon 无对应""}"			"{""legacy"": {""appr"": 81, ""race"": 19, ""race_img"": 23, ""library_file"": ""Mon-8.wil"", ""frame"": 1040, ""note"": ""legacy Appr/frame convention from dat_integrate.py; not a Zircon MonsterImage shape""}, ""current"": null, ""status"": ""current-image-not-in-MonsterLookup""}"	legacy-atlas-old-only-no-automatic-map	True
38	半兽战士9	"{""index"": 38, ""name"": ""半兽战士9"", ""level"": ""99"", ""hp"": ""50"", ""dc"": ""22-66"", ""exp"": ""500"", ""tag"": ""old-only"", ""note"": ""old-only 老版变体（数值微调/活动/强化版），Zircon 无对应""}"	"{""Index"": 38, ""Name"": ""半兽战士9"", ""Appr"": 81, ""Race"": 19, ""RaceImg"": 23, ""Level"": 99, ""HP"": 50, ""Exp"": 500, ""ACMin"": 0, ""ACMax"": 0, ""MAC"": 2, ""DCMin"": 22, ""DCMax"": 66, ""DropTable"": 0, ""tag"": ""old-only"", ""tag_note"": ""老版变体（数值微调/活动/强化版），Zircon 无对应""}"			"{""legacy"": {""appr"": 81, ""race"": 19, ""race_img"": 23, ""library_file"": ""Mon-8.wil"", ""frame"": 1040, ""note"": ""legacy Appr/frame convention from dat_integrate.py; not a Zircon MonsterImage shape""}, ""current"": null, ""status"": ""current-image-not-in-MonsterLookup""}"	legacy-atlas-old-only-no-automatic-map	True
39	胞眼虫1	"{""index"": 39, ""name"": ""胞眼虫1"", ""level"": ""20"", ""hp"": ""200"", ""dc"": ""11-21"", ""exp"": ""120"", ""tag"": ""old-only"", ""note"": ""old-only 老版变体（数值微调/活动/强化版），Zircon 无对应""}"	"{""Index"": 39, ""Name"": ""胞眼虫1"", ""Appr"": 81, ""Race"": 19, ""RaceImg"": 147, ""Level"": 20, ""HP"": 200, ""Exp"": 120, ""ACMin"": 0, ""ACMax"": 0, ""MAC"": 5, ""DCMin"": 11, ""DCMax"": 21, ""DropTable"": 0, ""tag"": ""old-only"", ""tag_note"": ""老版变体（数值微调/活动/强化版），Zircon 无对应""}"			"{""legacy"": {""appr"": 81, ""race"": 19, ""race_img"": 147, ""library_file"": ""Mon-8.wil"", ""frame"": 1040, ""note"": ""legacy Appr/frame convention from dat_integrate.py; not a Zircon MonsterImage shape""}, ""current"": null, ""status"": ""current-image-not-in-MonsterLookup""}"	legacy-atlas-old-only-no-automatic-map	True
40	胞眼虫10	"{""index"": 40, ""name"": ""胞眼虫10"", ""level"": ""20"", ""hp"": ""200"", ""dc"": ""11-21"", ""exp"": ""120"", ""tag"": ""old-only"", ""note"": ""old-only 老版变体（数值微调/活动/强化版），Zircon 无对应""}"	"{""Index"": 40, ""Name"": ""胞眼虫10"", ""Appr"": 81, ""Race"": 19, ""RaceImg"": 147, ""Level"": 20, ""HP"": 200, ""Exp"": 120, ""ACMin"": 0, ""ACMax"": 0, ""MAC"": 5, ""DCMin"": 11, ""DCMax"": 21, ""DropTable"": 0, ""tag"": ""old-only"", ""tag_note"": ""老版变体（数值微调/活动/强化版），Zircon 无对应""}"			"{""legacy"": {""appr"": 81, ""race"": 19, ""race_img"": 147, ""library_file"": ""Mon-8.wil"", ""frame"": 1040, ""note"": ""legacy Appr/frame convention from dat_integrate.py; not a Zircon MonsterImage shape""}, ""current"": null, ""status"": ""current-image-not-in-MonsterLookup""}"	legacy-atlas-old-only-no-automatic-map	True
41	胞眼虫2	"{""index"": 41, ""name"": ""胞眼虫2"", ""level"": ""20"", ""hp"": ""200"", ""dc"": ""11-21"", ""exp"": ""120"", ""tag"": ""old-only"", ""note"": ""old-only 老版变体（数值微调/活动/强化版），Zircon 无对应""}"	"{""Index"": 41, ""Name"": ""胞眼虫2"", ""Appr"": 81, ""Race"": 19, ""RaceImg"": 148, ""Level"": 20, ""HP"": 200, ""Exp"": 120, ""ACMin"": 0, ""ACMax"": 0, ""MAC"": 5, ""DCMin"": 11, ""DCMax"": 21, ""DropTable"": 0, ""tag"": ""old-only"", ""tag_note"": ""老版变体（数值微调/活动/强化版），Zircon 无对应""}"			"{""legacy"": {""appr"": 81, ""race"": 19, ""race_img"": 148, ""library_file"": ""Mon-8.wil"", ""frame"": 1040, ""note"": ""legacy Appr/frame convention from dat_integrate.py; not a Zircon MonsterImage shape""}, ""current"": null, ""status"": ""current-image-not-in-MonsterLookup""}"	legacy-atlas-old-only-no-automatic-map	True
42	胞眼虫20	"{""index"": 42, ""name"": ""胞眼虫20"", ""level"": ""20"", ""hp"": ""200"", ""dc"": ""11-21"", ""exp"": ""120"", ""tag"": ""old-only"", ""note"": ""old-only 老版变体（数值微调/活动/强化版），Zircon 无对应""}"	"{""Index"": 42, ""Name"": ""胞眼虫20"", ""Appr"": 81, ""Race"": 19, ""RaceImg"": 148, ""Level"": 20, ""HP"": 200, ""Exp"": 120, ""ACMin"": 0, ""ACMax"": 0, ""MAC"": 5, ""DCMin"": 11, ""DCMax"": 21, ""DropTable"": 0, ""tag"": ""old-only"", ""tag_note"": ""老版变体（数值微调/活动/强化版），Zircon 无对应""}"			"{""legacy"": {""appr"": 81, ""race"": 19, ""race_img"": 148, ""library_file"": ""Mon-8.wil"", ""frame"": 1040, ""note"": ""legacy Appr/frame convention from dat_integrate.py; not a Zircon MonsterImage shape""}, ""current"": null, ""status"": ""current-image-not-in-MonsterLookup""}"	legacy-atlas-old-only-no-automatic-map	True
43	爆毒蚂蚁	"{""index"": 43, ""name"": ""爆毒蚂蚁"", ""level"": ""25"", ""hp"": ""320"", ""dc"": ""16-26"", ""exp"": ""240"", ""tag"": ""unverified"", ""note"": ""unverified 未做全量名映射，有无 Zircon 对应待查""}"	"{""Index"": 43, ""Name"": ""爆毒蚂蚁"", ""Appr"": 93, ""Race"": 19, ""RaceImg"": 96, ""Level"": 25, ""HP"": 320, ""Exp"": 240, ""ACMin"": 0, ""ACMax"": 0, ""MAC"": 6, ""DCMin"": 16, ""DCMax"": 26, ""DropTable"": 0, ""tag"": ""unverified"", ""tag_note"": ""未做全量名映射，有无 Zircon 对应待查""}"			"{""legacy"": {""appr"": 93, ""race"": 19, ""race_img"": 96, ""library_file"": ""Mon-9.wil"", ""frame"": 3040, ""note"": ""legacy Appr/frame convention from dat_integrate.py; not a Zircon MonsterImage shape""}, ""current"": null, ""status"": ""current-image-not-in-MonsterLookup""}"	legacy-atlas-unverified	True
44	爆毒蚂蚁0	"{""index"": 44, ""name"": ""爆毒蚂蚁0"", ""level"": ""25"", ""hp"": ""320"", ""dc"": ""14-26"", ""exp"": ""240"", ""tag"": ""old-only"", ""note"": ""old-only 老版变体（数值微调/活动/强化版），Zircon 无对应""}"	"{""Index"": 44, ""Name"": ""爆毒蚂蚁0"", ""Appr"": 93, ""Race"": 19, ""RaceImg"": 96, ""Level"": 25, ""HP"": 320, ""Exp"": 240, ""ACMin"": 0, ""ACMax"": 0, ""MAC"": 6, ""DCMin"": 14, ""DCMax"": 26, ""DropTable"": 0, ""tag"": ""old-only"", ""tag_note"": ""老版变体（数值微调/活动/强化版），Zircon 无对应""}"			"{""legacy"": {""appr"": 93, ""race"": 19, ""race_img"": 96, ""library_file"": ""Mon-9.wil"", ""frame"": 3040, ""note"": ""legacy Appr/frame convention from dat_integrate.py; not a Zircon MonsterImage shape""}, ""current"": null, ""status"": ""current-image-not-in-MonsterLookup""}"	legacy-atlas-old-only-no-automatic-map	True
45	爆毒神魔	"{""index"": 45, ""name"": ""爆毒神魔"", ""level"": ""55"", ""hp"": ""8300"", ""dc"": ""0-0"", ""exp"": ""2600"", ""tag"": ""unverified"", ""note"": ""unverified 未做全量名映射，有无 Zircon 对应待查""}"	"{""Index"": 45, ""Name"": ""爆毒神魔"", ""Appr"": 228, ""Race"": 37, ""RaceImg"": 93, ""Level"": 55, ""HP"": 8300, ""Exp"": 2600, ""ACMin"": 23, ""ACMax"": 23, ""MAC"": 53, ""DCMin"": 0, ""DCMax"": 0, ""DropTable"": 10, ""tag"": ""unverified"", ""tag_note"": ""未做全量名映射，有无 Zircon 对应待查""}"			"{""legacy"": {""appr"": 228, ""race"": 37, ""race_img"": 93, ""library_file"": ""Mon-22.wil"", ""frame"": 8040, ""note"": ""legacy Appr/frame convention from dat_integrate.py; not a Zircon MonsterImage shape""}, ""current"": null, ""status"": ""current-image-not-in-MonsterLookup""}"	legacy-atlas-unverified	True
46	爆裂蜘蛛	"{""index"": 46, ""name"": ""爆裂蜘蛛"", ""level"": ""35"", ""hp"": ""1"", ""dc"": ""28-42"", ""exp"": ""5"", ""tag"": ""unverified"", ""note"": ""unverified 未做全量名映射，有无 Zircon 对应待查""}"	"{""Index"": 46, ""Name"": ""爆裂蜘蛛"", ""Appr"": 117, ""Race"": 36, ""RaceImg"": 105, ""Level"": 35, ""HP"": 1, ""Exp"": 5, ""ACMin"": 0, ""ACMax"": 0, ""MAC"": 0, ""DCMin"": 28, ""DCMax"": 42, ""DropTable"": 0, ""tag"": ""unverified"", ""tag_note"": ""未做全量名映射，有无 Zircon 对应待查""}"			"{""legacy"": {""appr"": 117, ""race"": 36, ""race_img"": 105, ""library_file"": ""Mon-11.wil"", ""frame"": 7040, ""note"": ""legacy Appr/frame convention from dat_integrate.py; not a Zircon MonsterImage shape""}, ""current"": null, ""status"": ""current-image-not-in-MonsterLookup""}"	legacy-atlas-unverified	True
47	蝙蝠	"{""index"": 47, ""name"": ""蝙蝠"", ""level"": ""30"", ""hp"": ""1"", ""dc"": ""0-23"", ""exp"": ""3"", ""tag"": ""unverified"", ""note"": ""unverified 未做全量名映射，有无 Zircon 对应待查""}"	"{""Index"": 47, ""Name"": ""蝙蝠"", ""Appr"": 81, ""Race"": 31, ""RaceImg"": 74, ""Level"": 30, ""HP"": 1, ""Exp"": 3, ""ACMin"": 0, ""ACMax"": 0, ""MAC"": 0, ""DCMin"": 0, ""DCMax"": 23, ""DropTable"": 0, ""tag"": ""unverified"", ""tag_note"": ""未做全量名映射，有无 Zircon 对应待查""}"			"{""legacy"": {""appr"": 81, ""race"": 31, ""race_img"": 74, ""library_file"": ""Mon-8.wil"", ""frame"": 1040, ""note"": ""legacy Appr/frame convention from dat_integrate.py; not a Zircon MonsterImage shape""}, ""current"": null, ""status"": ""current-image-not-in-MonsterLookup""}"	legacy-atlas-unverified	True
48	变异骷髅	"{""index"": 48, ""name"": ""变异骷髅"", ""level"": ""160"", ""hp"": ""1"", ""dc"": ""6-14"", ""exp"": ""80"", ""tag"": ""unverified"", ""note"": ""unverified 未做全量名映射，有无 Zircon 对应待查""}"	"{""Index"": 48, ""Name"": ""变异骷髅"", ""Appr"": 100, ""Race"": 19, ""RaceImg"": 56, ""Level"": 160, ""HP"": 1, ""Exp"": 80, ""ACMin"": 5, ""ACMax"": 5, ""MAC"": 10, ""DCMin"": 6, ""DCMax"": 14, ""DropTable"": 0, ""tag"": ""unverified"", ""tag_note"": ""未做全量名映射，有无 Zircon 对应待查""}"			"{""legacy"": {""appr"": 100, ""race"": 19, ""race_img"": 56, ""library_file"": ""Mon-10.wil"", ""frame"": 40, ""note"": ""legacy Appr/frame convention from dat_integrate.py; not a Zircon MonsterImage shape""}, ""current"": null, ""status"": ""current-image-not-in-MonsterLookup""}"	legacy-atlas-unverified	True
49	不死雄狮	"{""index"": 49, ""name"": ""不死雄狮"", ""level"": ""74"", ""hp"": ""2000"", ""dc"": ""38-55"", ""exp"": ""1000"", ""tag"": ""unverified"", ""note"": ""unverified 未做全量名映射，有无 Zircon 对应待查""}"	"{""Index"": 49, ""Name"": ""不死雄狮"", ""Appr"": 97, ""Race"": 19, ""RaceImg"": 44, ""Level"": 74, ""HP"": 2000, ""Exp"": 1000, ""ACMin"": 11, ""ACMax"": 11, ""MAC"": 11, ""DCMin"": 38, ""DCMax"": 55, ""DropTable"": 10, ""tag"": ""unverified"", ""tag_note"": ""未做全量名映射，有无 Zircon 对应待查""}"			"{""legacy"": {""appr"": 97, ""race"": 19, ""race_img"": 44, ""library_file"": ""Mon-9.wil"", ""frame"": 7040, ""note"": ""legacy Appr/frame convention from dat_integrate.py; not a Zircon MonsterImage shape""}, ""current"": null, ""status"": ""current-image-not-in-MonsterLookup""}"	legacy-atlas-unverified	True
50	柴三郎	"{""index"": 50, ""name"": ""柴三郎"", ""level"": ""100"", ""hp"": ""5"", ""dc"": ""0-0"", ""exp"": ""300"", ""tag"": ""unverified"", ""note"": ""unverified 未做全量名映射，有无 Zircon 对应待查""}"	"{""Index"": 50, ""Name"": ""柴三郎"", ""Appr"": 211, ""Race"": 11, ""RaceImg"": 125, ""Level"": 100, ""HP"": 5, ""Exp"": 300, ""ACMin"": 11, ""ACMax"": 11, ""MAC"": 16, ""DCMin"": 0, ""DCMax"": 0, ""DropTable"": 0, ""tag"": ""unverified"", ""tag_note"": ""未做全量名映射，有无 Zircon 对应待查""}"			"{""legacy"": {""appr"": 211, ""race"": 11, ""race_img"": 125, ""library_file"": ""Mon-21.wil"", ""frame"": 1040, ""note"": ""legacy Appr/frame convention from dat_integrate.py; not a Zircon MonsterImage shape""}, ""current"": null, ""status"": ""current-image-not-in-MonsterLookup""}"	legacy-atlas-unverified	True
51	超级圣诞树	"{""index"": 51, ""name"": ""超级圣诞树"", ""level"": ""120"", ""hp"": ""10"", ""dc"": ""0-0"", ""exp"": ""20000"", ""tag"": ""unverified"", ""note"": ""unverified 未做全量名映射，有无 Zircon 对应待查""}"	"{""Index"": 51, ""Name"": ""超级圣诞树"", ""Appr"": 209, ""Race"": 19, ""RaceImg"": 153, ""Level"": 120, ""HP"": 10, ""Exp"": 20000, ""ACMin"": 0, ""ACMax"": 0, ""MAC"": 0, ""DCMin"": 0, ""DCMax"": 0, ""DropTable"": 0, ""tag"": ""unverified"", ""tag_note"": ""未做全量名映射，有无 Zircon 对应待查""}"			"{""legacy"": {""appr"": 209, ""race"": 19, ""race_img"": 153, ""library_file"": ""Mon-20.wil"", ""frame"": 9040, ""note"": ""legacy Appr/frame convention from dat_integrate.py; not a Zircon MonsterImage shape""}, ""current"": null, ""status"": ""current-image-not-in-MonsterLookup""}"	legacy-atlas-unverified	True
52	赤黄猪王	"{""index"": 52, ""name"": ""赤黄猪王"", ""level"": ""76"", ""hp"": ""6000"", ""dc"": ""55-120"", ""exp"": ""3000"", ""tag"": ""unverified"", ""note"": ""unverified 未做全量名映射，有无 Zircon 对应待查""}"	"{""Index"": 52, ""Name"": ""赤黄猪王"", ""Appr"": 216, ""Race"": 19, ""RaceImg"": 150, ""Level"": 76, ""HP"": 6000, ""Exp"": 3000, ""ACMin"": 16, ""ACMax"": 16, ""MAC"": 27, ""DCMin"": 55, ""DCMax"": 120, ""DropTable"": 0, ""tag"": ""unverified"", ""tag_note"": ""未做全量名映射，有无 Zircon 对应待查""}"			"{""legacy"": {""appr"": 216, ""race"": 19, ""race_img"": 150, ""library_file"": ""Mon-21.wil"", ""frame"": 6040, ""note"": ""legacy Appr/frame convention from dat_integrate.py; not a Zircon MonsterImage shape""}, ""current"": null, ""status"": ""current-image-not-in-MonsterLookup""}"	legacy-atlas-unverified	True
53	赤血恶魔	"{""index"": 53, ""name"": ""赤血恶魔"", ""level"": ""40"", ""hp"": ""1620"", ""dc"": ""33-48"", ""exp"": ""460"", ""tag"": ""unverified"", ""note"": ""unverified 未做全量名映射，有无 Zircon 对应待查""}"	"{""Index"": 53, ""Name"": ""赤血恶魔"", ""Appr"": 97, ""Race"": 19, ""RaceImg"": 109, ""Level"": 40, ""HP"": 1620, ""Exp"": 460, ""ACMin"": 6, ""ACMax"": 6, ""MAC"": 8, ""DCMin"": 33, ""DCMax"": 48, ""DropTable"": 0, ""tag"": ""unverified"", ""tag_note"": ""未做全量名映射，有无 Zircon 对应待查""}"			"{""legacy"": {""appr"": 97, ""race"": 19, ""race_img"": 109, ""library_file"": ""Mon-9.wil"", ""frame"": 7040, ""note"": ""legacy Appr/frame convention from dat_integrate.py; not a Zircon MonsterImage shape""}, ""current"": null, ""status"": ""current-image-not-in-MonsterLookup""}"	legacy-atlas-unverified	True
54	赤血恶魔0	"{""index"": 54, ""name"": ""赤血恶魔0"", ""level"": ""40"", ""hp"": ""1620"", ""dc"": ""33-48"", ""exp"": ""460"", ""tag"": ""old-only"", ""note"": ""old-only 老版变体（数值微调/活动/强化版），Zircon 无对应""}"	"{""Index"": 54, ""Name"": ""赤血恶魔0"", ""Appr"": 97, ""Race"": 19, ""RaceImg"": 109, ""Level"": 40, ""HP"": 1620, ""Exp"": 460, ""ACMin"": 6, ""ACMax"": 6, ""MAC"": 8, ""DCMin"": 33, ""DCMax"": 48, ""DropTable"": 0, ""tag"": ""old-only"", ""tag_note"": ""老版变体（数值微调/活动/强化版），Zircon 无对应""}"			"{""legacy"": {""appr"": 97, ""race"": 19, ""race_img"": 109, ""library_file"": ""Mon-9.wil"", ""frame"": 7040, ""note"": ""legacy Appr/frame convention from dat_integrate.py; not a Zircon MonsterImage shape""}, ""current"": null, ""status"": ""current-image-not-in-MonsterLookup""}"	legacy-atlas-old-only-no-automatic-map	True
55	赤血恶魔50	"{""index"": 55, ""name"": ""赤血恶魔50"", ""level"": ""40"", ""hp"": ""1620"", ""dc"": ""85-100"", ""exp"": ""460"", ""tag"": ""old-only"", ""note"": ""old-only 老版变体（数值微调/活动/强化版），Zircon 无对应""}"	"{""Index"": 55, ""Name"": ""赤血恶魔50"", ""Appr"": 97, ""Race"": 19, ""RaceImg"": 109, ""Level"": 40, ""HP"": 1620, ""Exp"": 460, ""ACMin"": 30, ""ACMax"": 30, ""MAC"": 50, ""DCMin"": 85, ""DCMax"": 100, ""DropTable"": 0, ""tag"": ""old-only"", ""tag_note"": ""老版变体（数值微调/活动/强化版），Zircon 无对应""}"			"{""legacy"": {""appr"": 97, ""race"": 19, ""race_img"": 109, ""library_file"": ""Mon-9.wil"", ""frame"": 7040, ""note"": ""legacy Appr/frame convention from dat_integrate.py; not a Zircon MonsterImage shape""}, ""current"": null, ""status"": ""current-image-not-in-MonsterLookup""}"	legacy-atlas-old-only-no-automatic-map	True
56	触角神魔	"{""index"": 56, ""name"": ""触角神魔"", ""level"": ""55"", ""hp"": ""8000"", ""dc"": ""0-0"", ""exp"": ""2500"", ""tag"": ""unverified"", ""note"": ""unverified 未做全量名映射，有无 Zircon 对应待查""}"	"{""Index"": 56, ""Name"": ""触角神魔"", ""Appr"": 228, ""Race"": 19, ""RaceImg"": 2, ""Level"": 55, ""HP"": 8000, ""Exp"": 2500, ""ACMin"": 20, ""ACMax"": 20, ""MAC"": 53, ""DCMin"": 0, ""DCMax"": 0, ""DropTable"": 10, ""tag"": ""unverified"", ""tag_note"": ""未做全量名映射，有无 Zircon 对应待查""}"			"{""legacy"": {""appr"": 228, ""race"": 19, ""race_img"": 2, ""library_file"": ""Mon-22.wil"", ""frame"": 8040, ""note"": ""legacy Appr/frame convention from dat_integrate.py; not a Zircon MonsterImage shape""}, ""current"": null, ""status"": ""current-image-not-in-MonsterLookup""}"	legacy-atlas-unverified	True
57	触龙神	"{""index"": 57, ""name"": ""触龙神"", ""level"": ""91"", ""hp"": ""9000"", ""dc"": ""110-165"", ""exp"": ""6750"", ""tag"": ""unverified"", ""note"": ""unverified 未做全量名映射，有无 Zircon 对应待查""}"	"{""Index"": 57, ""Name"": ""触龙神"", ""Appr"": 107, ""Race"": 33, ""RaceImg"": 67, ""Level"": 91, ""HP"": 9000, ""Exp"": 6750, ""ACMin"": 44, ""ACMax"": 44, ""MAC"": 220, ""DCMin"": 110, ""DCMax"": 165, ""DropTable"": 6, ""tag"": ""unverified"", ""tag_note"": ""未做全量名映射，有无 Zircon 对应待查""}"			"{""legacy"": {""appr"": 107, ""race"": 33, ""race_img"": 67, ""library_file"": ""Mon-10.wil"", ""frame"": 7040, ""note"": ""legacy Appr/frame convention from dat_integrate.py; not a Zircon MonsterImage shape""}, ""current"": null, ""status"": ""current-image-not-in-MonsterLookup""}"	legacy-atlas-unverified	True
58	雌诺玛	"{""index"": 58, ""name"": ""雌诺玛"", ""level"": ""4"", ""hp"": ""450"", ""dc"": ""0-4"", ""exp"": ""250"", ""tag"": ""unverified"", ""note"": ""unverified 未做全量名映射，有无 Zircon 对应待查""}"	"{""Index"": 58, ""Name"": ""雌诺玛"", ""Appr"": 52, ""Race"": 11, ""RaceImg"": 175, ""Level"": 4, ""HP"": 450, ""Exp"": 250, ""ACMin"": 0, ""ACMax"": 5, ""MAC"": 10, ""DCMin"": 0, ""DCMax"": 4, ""DropTable"": 0, ""tag"": ""unverified"", ""tag_note"": ""未做全量名映射，有无 Zircon 对应待查""}"			"{""legacy"": {""appr"": 52, ""race"": 11, ""race_img"": 175, ""library_file"": ""Mon-5.wil"", ""frame"": 2040, ""note"": ""legacy Appr/frame convention from dat_integrate.py; not a Zircon MonsterImage shape""}, ""current"": null, ""status"": ""current-image-not-in-MonsterLookup""}"	legacy-atlas-unverified	True
59	丛林战士1	"{""index"": 59, ""name"": ""丛林战士1"", ""level"": ""150"", ""hp"": ""1"", ""dc"": ""165-165"", ""exp"": ""9999"", ""tag"": ""old-only"", ""note"": ""old-only 老版变体（数值微调/活动/强化版），Zircon 无对应""}"	"{""Index"": 59, ""Name"": ""丛林战士1"", ""Appr"": 11, ""Race"": 19, ""RaceImg"": 165, ""Level"": 150, ""HP"": 1, ""Exp"": 9999, ""ACMin"": 220, ""ACMax"": 220, ""MAC"": 220, ""DCMin"": 165, ""DCMax"": 165, ""DropTable"": 0, ""tag"": ""old-only"", ""tag_note"": ""老版变体（数值微调/活动/强化版），Zircon 无对应""}"			"{""legacy"": {""appr"": 11, ""race"": 19, ""race_img"": 165, ""library_file"": ""Mon-1.wil"", ""frame"": 1040, ""note"": ""legacy Appr/frame convention from dat_integrate.py; not a Zircon MonsterImage shape""}, ""current"": null, ""status"": ""current-image-not-in-MonsterLookup""}"	legacy-atlas-old-only-no-automatic-map	True
60	丛林战士2	"{""index"": 60, ""name"": ""丛林战士2"", ""level"": ""150"", ""hp"": ""1"", ""dc"": ""165-165"", ""exp"": ""9999"", ""tag"": ""old-only"", ""note"": ""old-only 老版变体（数值微调/活动/强化版），Zircon 无对应""}"	"{""Index"": 60, ""Name"": ""丛林战士2"", ""Appr"": 11, ""Race"": 19, ""RaceImg"": 166, ""Level"": 150, ""HP"": 1, ""Exp"": 9999, ""ACMin"": 220, ""ACMax"": 220, ""MAC"": 220, ""DCMin"": 165, ""DCMax"": 165, ""DropTable"": 0, ""tag"": ""old-only"", ""tag_note"": ""老版变体（数值微调/活动/强化版），Zircon 无对应""}"			"{""legacy"": {""appr"": 11, ""race"": 19, ""race_img"": 166, ""library_file"": ""Mon-1.wil"", ""frame"": 1040, ""note"": ""legacy Appr/frame convention from dat_integrate.py; not a Zircon MonsterImage shape""}, ""current"": null, ""status"": ""current-image-not-in-MonsterLookup""}"	legacy-atlas-old-only-no-automatic-map	True
61	大法老	"{""index"": 61, ""name"": ""大法老"", ""level"": ""76"", ""hp"": ""3000"", ""dc"": ""49-77"", ""exp"": ""1500"", ""tag"": ""unverified"", ""note"": ""unverified 未做全量名映射，有无 Zircon 对应待查""}"	"{""Index"": 61, ""Name"": ""大法老"", ""Appr"": 204, ""Race"": 19, ""RaceImg"": 13, ""Level"": 76, ""HP"": 3000, ""Exp"": 1500, ""ACMin"": 16, ""ACMax"": 16, ""MAC"": 35, ""DCMin"": 49, ""DCMax"": 77, ""DropTable"": 10, ""tag"": ""unverified"", ""tag_note"": ""未做全量名映射，有无 Zircon 对应待查""}"			"{""legacy"": {""appr"": 204, ""race"": 19, ""race_img"": 13, ""library_file"": ""Mon-20.wil"", ""frame"": 4040, ""note"": ""legacy Appr/frame convention from dat_integrate.py; not a Zircon MonsterImage shape""}, ""current"": null, ""status"": ""current-image-not-in-MonsterLookup""}"	legacy-atlas-unverified	True
62	大老鼠	"{""index"": 62, ""name"": ""大老鼠"", ""level"": ""45"", ""hp"": ""2600"", ""dc"": ""37-54"", ""exp"": ""1150"", ""tag"": ""unverified"", ""note"": ""unverified 未做全量名映射，有无 Zircon 对应待查""}"	"{""Index"": 62, ""Name"": ""大老鼠"", ""Appr"": 97, ""Race"": 19, ""RaceImg"": 81, ""Level"": 45, ""HP"": 2600, ""Exp"": 1150, ""ACMin"": 4, ""ACMax"": 4, ""MAC"": 11, ""DCMin"": 37, ""DCMax"": 54, ""DropTable"": 0, ""tag"": ""unverified"", ""tag_note"": ""未做全量名映射，有无 Zircon 对应待查""}"			"{""legacy"": {""appr"": 97, ""race"": 19, ""race_img"": 81, ""library_file"": ""Mon-9.wil"", ""frame"": 7040, ""note"": ""legacy Appr/frame convention from dat_integrate.py; not a Zircon MonsterImage shape""}, ""current"": null, ""status"": ""current-image-not-in-MonsterLookup""}"	legacy-atlas-unverified	True
63	大老鼠0	"{""index"": 63, ""name"": ""大老鼠0"", ""level"": ""45"", ""hp"": ""2600"", ""dc"": ""37-54"", ""exp"": ""1150"", ""tag"": ""old-only"", ""note"": ""old-only 老版变体（数值微调/活动/强化版），Zircon 无对应""}"	"{""Index"": 63, ""Name"": ""大老鼠0"", ""Appr"": 97, ""Race"": 19, ""RaceImg"": 81, ""Level"": 45, ""HP"": 2600, ""Exp"": 1150, ""ACMin"": 4, ""ACMax"": 4, ""MAC"": 11, ""DCMin"": 37, ""DCMax"": 54, ""DropTable"": 0, ""tag"": ""old-only"", ""tag_note"": ""老版变体（数值微调/活动/强化版），Zircon 无对应""}"			"{""legacy"": {""appr"": 97, ""race"": 19, ""race_img"": 81, ""library_file"": ""Mon-9.wil"", ""frame"": 7040, ""note"": ""legacy Appr/frame convention from dat_integrate.py; not a Zircon MonsterImage shape""}, ""current"": null, ""status"": ""current-image-not-in-MonsterLookup""}"	legacy-atlas-old-only-no-automatic-map	True
64	单腿诺玛	"{""index"": 64, ""name"": ""单腿诺玛"", ""level"": ""4"", ""hp"": ""450"", ""dc"": ""0-4"", ""exp"": ""250"", ""tag"": ""unverified"", ""note"": ""unverified 未做全量名映射，有无 Zircon 对应待查""}"	"{""Index"": 64, ""Name"": ""单腿诺玛"", ""Appr"": 52, ""Race"": 11, ""RaceImg"": 177, ""Level"": 4, ""HP"": 450, ""Exp"": 250, ""ACMin"": 0, ""ACMax"": 5, ""MAC"": 10, ""DCMin"": 0, ""DCMax"": 4, ""DropTable"": 0, ""tag"": ""unverified"", ""tag_note"": ""未做全量名映射，有无 Zircon 对应待查""}"			"{""legacy"": {""appr"": 52, ""race"": 11, ""race_img"": 177, ""library_file"": ""Mon-5.wil"", ""frame"": 2040, ""note"": ""legacy Appr/frame convention from dat_integrate.py; not a Zircon MonsterImage shape""}, ""current"": null, ""status"": ""current-image-not-in-MonsterLookup""}"	legacy-atlas-unverified	True
65	稻草人	"{""index"": 65, ""name"": ""稻草人"", ""level"": ""10"", ""hp"": ""18"", ""dc"": ""2-5"", ""exp"": ""18"", ""tag"": ""unverified"", ""note"": ""unverified 未做全量名映射，有无 Zircon 对应待查""}"	"{""Index"": 65, ""Name"": ""稻草人"", ""Appr"": 83, ""Race"": 18, ""RaceImg"": 40, ""Level"": 10, ""HP"": 18, ""Exp"": 18, ""ACMin"": 0, ""ACMax"": 0, ""MAC"": 0, ""DCMin"": 2, ""DCMax"": 5, ""DropTable"": 0, ""tag"": ""unverified"", ""tag_note"": ""未做全量名映射，有无 Zircon 对应待查""}"			"{""legacy"": {""appr"": 83, ""race"": 18, ""race_img"": 40, ""library_file"": ""Mon-8.wil"", ""frame"": 3040, ""note"": ""legacy Appr/frame convention from dat_integrate.py; not a Zircon MonsterImage shape""}, ""current"": null, ""status"": ""current-image-not-in-MonsterLookup""}"	legacy-atlas-unverified	True
66	稻草人0	"{""index"": 66, ""name"": ""稻草人0"", ""level"": ""10"", ""hp"": ""18"", ""dc"": ""2-5"", ""exp"": ""18"", ""tag"": ""old-only"", ""note"": ""old-only 老版变体（数值微调/活动/强化版），Zircon 无对应""}"	"{""Index"": 66, ""Name"": ""稻草人0"", ""Appr"": 83, ""Race"": 18, ""RaceImg"": 40, ""Level"": 10, ""HP"": 18, ""Exp"": 18, ""ACMin"": 0, ""ACMax"": 0, ""MAC"": 0, ""DCMin"": 2, ""DCMax"": 5, ""DropTable"": 0, ""tag"": ""old-only"", ""tag_note"": ""老版变体（数值微调/活动/强化版），Zircon 无对应""}"			"{""legacy"": {""appr"": 83, ""race"": 18, ""race_img"": 40, ""library_file"": ""Mon-8.wil"", ""frame"": 3040, ""note"": ""legacy Appr/frame convention from dat_integrate.py; not a Zircon MonsterImage shape""}, ""current"": null, ""status"": ""current-image-not-in-MonsterLookup""}"	legacy-atlas-old-only-no-automatic-map	True
67	地牢女神1	"{""index"": 67, ""name"": ""地牢女神1"", ""level"": ""50"", ""hp"": ""4000"", ""dc"": ""44-55"", ""exp"": ""1800"", ""tag"": ""old-only"", ""note"": ""old-only 老版变体（数值微调/活动/强化版），Zircon 无对应""}"	"{""Index"": 67, ""Name"": ""地牢女神1"", ""Appr"": 118, ""Race"": 19, ""RaceImg"": 162, ""Level"": 50, ""HP"": 4000, ""Exp"": 1800, ""ACMin"": 13, ""ACMax"": 13, ""MAC"": 15, ""DCMin"": 44, ""DCMax"": 55, ""DropTable"": 0, ""tag"": ""old-only"", ""tag_note"": ""老版变体（数值微调/活动/强化版），Zircon 无对应""}"			"{""legacy"": {""appr"": 118, ""race"": 19, ""race_img"": 162, ""library_file"": ""Mon-11.wil"", ""frame"": 8040, ""note"": ""legacy Appr/frame convention from dat_integrate.py; not a Zircon MonsterImage shape""}, ""current"": null, ""status"": ""current-image-not-in-MonsterLookup""}"	legacy-atlas-old-only-no-automatic-map	True
68	地牢女神10	"{""index"": 68, ""name"": ""地牢女神10"", ""level"": ""50"", ""hp"": ""4000"", ""dc"": ""44-55"", ""exp"": ""1800"", ""tag"": ""old-only"", ""note"": ""old-only 老版变体（数值微调/活动/强化版），Zircon 无对应""}"	"{""Index"": 68, ""Name"": ""地牢女神10"", ""Appr"": 118, ""Race"": 19, ""RaceImg"": 162, ""Level"": 50, ""HP"": 4000, ""Exp"": 1800, ""ACMin"": 13, ""ACMax"": 13, ""MAC"": 15, ""DCMin"": 44, ""DCMax"": 55, ""DropTable"": 0, ""tag"": ""old-only"", ""tag_note"": ""老版变体（数值微调/活动/强化版），Zircon 无对应""}"			"{""legacy"": {""appr"": 118, ""race"": 19, ""race_img"": 162, ""library_file"": ""Mon-11.wil"", ""frame"": 8040, ""note"": ""legacy Appr/frame convention from dat_integrate.py; not a Zircon MonsterImage shape""}, ""current"": null, ""status"": ""current-image-not-in-MonsterLookup""}"	legacy-atlas-old-only-no-automatic-map	True
69	地牢女神2	"{""index"": 69, ""name"": ""地牢女神2"", ""level"": ""50"", ""hp"": ""4100"", ""dc"": ""44-55"", ""exp"": ""1500"", ""tag"": ""old-only"", ""note"": ""old-only 老版变体（数值微调/活动/强化版），Zircon 无对应""}"	"{""Index"": 69, ""Name"": ""地牢女神2"", ""Appr"": 119, ""Race"": 19, ""RaceImg"": 163, ""Level"": 50, ""HP"": 4100, ""Exp"": 1500, ""ACMin"": 13, ""ACMax"": 13, ""MAC"": 15, ""DCMin"": 44, ""DCMax"": 55, ""DropTable"": 0, ""tag"": ""old-only"", ""tag_note"": ""老版变体（数值微调/活动/强化版），Zircon 无对应""}"			"{""legacy"": {""appr"": 119, ""race"": 19, ""race_img"": 163, ""library_file"": ""Mon-11.wil"", ""frame"": 9040, ""note"": ""legacy Appr/frame convention from dat_integrate.py; not a Zircon MonsterImage shape""}, ""current"": null, ""status"": ""current-image-not-in-MonsterLookup""}"	legacy-atlas-old-only-no-automatic-map	True
70	地牢女神20	"{""index"": 70, ""name"": ""地牢女神20"", ""level"": ""50"", ""hp"": ""4100"", ""dc"": ""44-55"", ""exp"": ""1500"", ""tag"": ""old-only"", ""note"": ""old-only 老版变体（数值微调/活动/强化版），Zircon 无对应""}"	"{""Index"": 70, ""Name"": ""地牢女神20"", ""Appr"": 119, ""Race"": 19, ""RaceImg"": 163, ""Level"": 50, ""HP"": 4100, ""Exp"": 1500, ""ACMin"": 13, ""ACMax"": 13, ""MAC"": 15, ""DCMin"": 44, ""DCMax"": 55, ""DropTable"": 0, ""tag"": ""old-only"", ""tag_note"": ""老版变体（数值微调/活动/强化版），Zircon 无对应""}"			"{""legacy"": {""appr"": 119, ""race"": 19, ""race_img"": 163, ""library_file"": ""Mon-11.wil"", ""frame"": 9040, ""note"": ""legacy Appr/frame convention from dat_integrate.py; not a Zircon MonsterImage shape""}, ""current"": null, ""status"": ""current-image-not-in-MonsterLookup""}"	legacy-atlas-old-only-no-automatic-map	True
71	钉耙猫	"{""index"": 71, ""name"": ""钉耙猫"", ""level"": ""10"", ""hp"": ""20"", ""dc"": ""2-7"", ""exp"": ""20"", ""tag"": ""unverified"", ""note"": ""unverified 未做全量名映射，有无 Zircon 对应待查""}"	"{""Index"": 71, ""Name"": ""钉耙猫"", ""Appr"": 81, ""Race"": 17, ""RaceImg"": 39, ""Level"": 10, ""HP"": 20, ""Exp"": 20, ""ACMin"": 0, ""ACMax"": 0, ""MAC"": 0, ""DCMin"": 2, ""DCMax"": 7, ""DropTable"": 0, ""tag"": ""unverified"", ""tag_note"": ""未做全量名映射，有无 Zircon 对应待查""}"			"{""legacy"": {""appr"": 81, ""race"": 17, ""race_img"": 39, ""library_file"": ""Mon-8.wil"", ""frame"": 1040, ""note"": ""legacy Appr/frame convention from dat_integrate.py; not a Zircon MonsterImage shape""}, ""current"": null, ""status"": ""current-image-not-in-MonsterLookup""}"	legacy-atlas-unverified	True
72	钉耙猫0	"{""index"": 72, ""name"": ""钉耙猫0"", ""level"": ""10"", ""hp"": ""20"", ""dc"": ""2-7"", ""exp"": ""20"", ""tag"": ""old-only"", ""note"": ""old-only 老版变体（数值微调/活动/强化版），Zircon 无对应""}"	"{""Index"": 72, ""Name"": ""钉耙猫0"", ""Appr"": 81, ""Race"": 17, ""RaceImg"": 39, ""Level"": 10, ""HP"": 20, ""Exp"": 20, ""ACMin"": 0, ""ACMax"": 0, ""MAC"": 0, ""DCMin"": 2, ""DCMax"": 7, ""DropTable"": 0, ""tag"": ""old-only"", ""tag_note"": ""老版变体（数值微调/活动/强化版），Zircon 无对应""}"			"{""legacy"": {""appr"": 81, ""race"": 17, ""race_img"": 39, ""library_file"": ""Mon-8.wil"", ""frame"": 1040, ""note"": ""legacy Appr/frame convention from dat_integrate.py; not a Zircon MonsterImage shape""}, ""current"": null, ""status"": ""current-image-not-in-MonsterLookup""}"	legacy-atlas-old-only-no-automatic-map	True
73	洞蛆	"{""index"": 73, ""name"": ""洞蛆"", ""level"": ""20"", ""hp"": ""160"", ""dc"": ""11-11"", ""exp"": ""100"", ""tag"": ""unverified"", ""note"": ""unverified 未做全量名映射，有无 Zircon 对应待查""}"	"{""Index"": 73, ""Name"": ""洞蛆"", ""Appr"": 90, ""Race"": 16, ""RaceImg"": 37, ""Level"": 20, ""HP"": 160, ""Exp"": 100, ""ACMin"": 0, ""ACMax"": 0, ""MAC"": 6, ""DCMin"": 11, ""DCMax"": 11, ""DropTable"": 0, ""tag"": ""unverified"", ""tag_note"": ""未做全量名映射，有无 Zircon 对应待查""}"			"{""legacy"": {""appr"": 90, ""race"": 16, ""race_img"": 37, ""library_file"": ""Mon-9.wil"", ""frame"": 40, ""note"": ""legacy Appr/frame convention from dat_integrate.py; not a Zircon MonsterImage shape""}, ""current"": null, ""status"": ""current-image-not-in-MonsterLookup""}"	legacy-atlas-unverified	True
74	洞蛆61	"{""index"": 74, ""name"": ""洞蛆61"", ""level"": ""20"", ""hp"": ""1"", ""dc"": ""11-11"", ""exp"": ""100"", ""tag"": ""old-only"", ""note"": ""old-only 老版变体（数值微调/活动/强化版），Zircon 无对应""}"	"{""Index"": 74, ""Name"": ""洞蛆61"", ""Appr"": 90, ""Race"": 16, ""RaceImg"": 37, ""Level"": 20, ""HP"": 1, ""Exp"": 100, ""ACMin"": 4, ""ACMax"": 4, ""MAC"": 5, ""DCMin"": 11, ""DCMax"": 11, ""DropTable"": 0, ""tag"": ""old-only"", ""tag_note"": ""老版变体（数值微调/活动/强化版），Zircon 无对应""}"			"{""legacy"": {""appr"": 90, ""race"": 16, ""race_img"": 37, ""library_file"": ""Mon-9.wil"", ""frame"": 40, ""note"": ""legacy Appr/frame convention from dat_integrate.py; not a Zircon MonsterImage shape""}, ""current"": null, ""status"": ""current-image-not-in-MonsterLookup""}"	legacy-atlas-old-only-no-automatic-map	True
75	毒蜘蛛	"{""index"": 75, ""name"": ""毒蜘蛛"", ""level"": ""10"", ""hp"": ""22"", ""dc"": ""2-9"", ""exp"": ""22"", ""tag"": ""unverified"", ""note"": ""unverified 未做全量名映射，有无 Zircon 对应待查""}"	"{""Index"": 75, ""Name"": ""毒蜘蛛"", ""Appr"": 82, ""Race"": 19, ""RaceImg"": 25, ""Level"": 10, ""HP"": 22, ""Exp"": 22, ""ACMin"": 0, ""ACMax"": 0, ""MAC"": 0, ""DCMin"": 2, ""DCMax"": 9, ""DropTable"": 0, ""tag"": ""unverified"", ""tag_note"": ""未做全量名映射，有无 Zircon 对应待查""}"			"{""legacy"": {""appr"": 82, ""race"": 19, ""race_img"": 25, ""library_file"": ""Mon-8.wil"", ""frame"": 2040, ""note"": ""legacy Appr/frame convention from dat_integrate.py; not a Zircon MonsterImage shape""}, ""current"": null, ""status"": ""current-image-not-in-MonsterLookup""}"	legacy-atlas-unverified	True
76	毒蜘蛛61	"{""index"": 76, ""name"": ""毒蜘蛛61"", ""level"": ""10"", ""hp"": ""22"", ""dc"": ""2-9"", ""exp"": ""22"", ""tag"": ""old-only"", ""note"": ""old-only 老版变体（数值微调/活动/强化版），Zircon 无对应""}"	"{""Index"": 76, ""Name"": ""毒蜘蛛61"", ""Appr"": 82, ""Race"": 19, ""RaceImg"": 25, ""Level"": 10, ""HP"": 22, ""Exp"": 22, ""ACMin"": 0, ""ACMax"": 0, ""MAC"": 0, ""DCMin"": 2, ""DCMax"": 9, ""DropTable"": 0, ""tag"": ""old-only"", ""tag_note"": ""老版变体（数值微调/活动/强化版），Zircon 无对应""}"			"{""legacy"": {""appr"": 82, ""race"": 19, ""race_img"": 25, ""library_file"": ""Mon-8.wil"", ""frame"": 2040, ""note"": ""legacy Appr/frame convention from dat_integrate.py; not a Zircon MonsterImage shape""}, ""current"": null, ""status"": ""current-image-not-in-MonsterLookup""}"	legacy-atlas-old-only-no-automatic-map	True
77	独臂诺玛	"{""index"": 77, ""name"": ""独臂诺玛"", ""level"": ""4"", ""hp"": ""450"", ""dc"": ""0-4"", ""exp"": ""250"", ""tag"": ""unverified"", ""note"": ""unverified 未做全量名映射，有无 Zircon 对应待查""}"	"{""Index"": 77, ""Name"": ""独臂诺玛"", ""Appr"": 52, ""Race"": 11, ""RaceImg"": 178, ""Level"": 4, ""HP"": 450, ""Exp"": 250, ""ACMin"": 0, ""ACMax"": 5, ""MAC"": 10, ""DCMin"": 0, ""DCMax"": 4, ""DropTable"": 0, ""tag"": ""unverified"", ""tag_note"": ""未做全量名映射，有无 Zircon 对应待查""}"			"{""legacy"": {""appr"": 52, ""race"": 11, ""race_img"": 178, ""library_file"": ""Mon-5.wil"", ""frame"": 2040, ""note"": ""legacy Appr/frame convention from dat_integrate.py; not a Zircon MonsterImage shape""}, ""current"": null, ""status"": ""current-image-not-in-MonsterLookup""}"	legacy-atlas-unverified	True
78	独眼蜘蛛	"{""index"": 78, ""name"": ""独眼蜘蛛"", ""level"": ""35"", ""hp"": ""1490"", ""dc"": ""29-45"", ""exp"": ""330"", ""tag"": ""unverified"", ""note"": ""unverified 未做全量名映射，有无 Zircon 对应待查""}"	"{""Index"": 78, ""Name"": ""独眼蜘蛛"", ""Appr"": 81, ""Race"": 19, ""RaceImg"": 102, ""Level"": 35, ""HP"": 1490, ""Exp"": 330, ""ACMin"": 3, ""ACMax"": 3, ""MAC"": 8, ""DCMin"": 29, ""DCMax"": 45, ""DropTable"": 0, ""tag"": ""unverified"", ""tag_note"": ""未做全量名映射，有无 Zircon 对应待查""}"			"{""legacy"": {""appr"": 81, ""race"": 19, ""race_img"": 102, ""library_file"": ""Mon-8.wil"", ""frame"": 1040, ""note"": ""legacy Appr/frame convention from dat_integrate.py; not a Zircon MonsterImage shape""}, ""current"": null, ""status"": ""current-image-not-in-MonsterLookup""}"	legacy-atlas-unverified	True
79	独眼蜘蛛0	"{""index"": 79, ""name"": ""独眼蜘蛛0"", ""level"": ""35"", ""hp"": ""1490"", ""dc"": ""29-45"", ""exp"": ""330"", ""tag"": ""old-only"", ""note"": ""old-only 老版变体（数值微调/活动/强化版），Zircon 无对应""}"	"{""Index"": 79, ""Name"": ""独眼蜘蛛0"", ""Appr"": 81, ""Race"": 19, ""RaceImg"": 102, ""Level"": 35, ""HP"": 1490, ""Exp"": 330, ""ACMin"": 3, ""ACMax"": 3, ""MAC"": 8, ""DCMin"": 29, ""DCMax"": 45, ""DropTable"": 0, ""tag"": ""old-only"", ""tag_note"": ""老版变体（数值微调/活动/强化版），Zircon 无对应""}"			"{""legacy"": {""appr"": 81, ""race"": 19, ""race_img"": 102, ""library_file"": ""Mon-8.wil"", ""frame"": 1040, ""note"": ""legacy Appr/frame convention from dat_integrate.py; not a Zircon MonsterImage shape""}, ""current"": null, ""status"": ""current-image-not-in-MonsterLookup""}"	legacy-atlas-old-only-no-automatic-map	True
80	多钩猫	"{""index"": 80, ""name"": ""多钩猫"", ""level"": ""10"", ""hp"": ""20"", ""dc"": ""2-7"", ""exp"": ""20"", ""tag"": ""unverified"", ""note"": ""unverified 未做全量名映射，有无 Zircon 对应待查""}"	"{""Index"": 80, ""Name"": ""多钩猫"", ""Appr"": 81, ""Race"": 17, ""RaceImg"": 38, ""Level"": 10, ""HP"": 20, ""Exp"": 20, ""ACMin"": 0, ""ACMax"": 0, ""MAC"": 0, ""DCMin"": 2, ""DCMax"": 7, ""DropTable"": 0, ""tag"": ""unverified"", ""tag_note"": ""未做全量名映射，有无 Zircon 对应待查""}"			"{""legacy"": {""appr"": 81, ""race"": 17, ""race_img"": 38, ""library_file"": ""Mon-8.wil"", ""frame"": 1040, ""note"": ""legacy Appr/frame convention from dat_integrate.py; not a Zircon MonsterImage shape""}, ""current"": null, ""status"": ""current-image-not-in-MonsterLookup""}"	legacy-atlas-unverified	True
81	多钩猫0	"{""index"": 81, ""name"": ""多钩猫0"", ""level"": ""10"", ""hp"": ""20"", ""dc"": ""2-7"", ""exp"": ""20"", ""tag"": ""old-only"", ""note"": ""old-only 老版变体（数值微调/活动/强化版），Zircon 无对应""}"	"{""Index"": 81, ""Name"": ""多钩猫0"", ""Appr"": 81, ""Race"": 17, ""RaceImg"": 38, ""Level"": 10, ""HP"": 20, ""Exp"": 20, ""ACMin"": 0, ""ACMax"": 0, ""MAC"": 0, ""DCMin"": 2, ""DCMax"": 7, ""DropTable"": 0, ""tag"": ""old-only"", ""tag_note"": ""老版变体（数值微调/活动/强化版），Zircon 无对应""}"			"{""legacy"": {""appr"": 81, ""race"": 17, ""race_img"": 38, ""library_file"": ""Mon-8.wil"", ""frame"": 1040, ""note"": ""legacy Appr/frame convention from dat_integrate.py; not a Zircon MonsterImage shape""}, ""current"": null, ""status"": ""current-image-not-in-MonsterLookup""}"	legacy-atlas-old-only-no-automatic-map	True
82	多角虫	"{""index"": 82, ""name"": ""多角虫"", ""level"": ""13"", ""hp"": ""30"", ""dc"": ""4-8"", ""exp"": ""30"", ""tag"": ""unverified"", ""note"": ""unverified 未做全量名映射，有无 Zircon 对应待查""}"	"{""Index"": 82, ""Name"": ""多角虫"", ""Appr"": 81, ""Race"": 19, ""RaceImg"": 63, ""Level"": 13, ""HP"": 30, ""Exp"": 30, ""ACMin"": 0, ""ACMax"": 0, ""MAC"": 1, ""DCMin"": 4, ""DCMax"": 8, ""DropTable"": 0, ""tag"": ""unverified"", ""tag_note"": ""未做全量名映射，有无 Zircon 对应待查""}"			"{""legacy"": {""appr"": 81, ""race"": 19, ""race_img"": 63, ""library_file"": ""Mon-8.wil"", ""frame"": 1040, ""note"": ""legacy Appr/frame convention from dat_integrate.py; not a Zircon MonsterImage shape""}, ""current"": null, ""status"": ""current-image-not-in-MonsterLookup""}"	legacy-atlas-unverified	True
83	多角虫0	"{""index"": 83, ""name"": ""多角虫0"", ""level"": ""13"", ""hp"": ""30"", ""dc"": ""4-8"", ""exp"": ""30"", ""tag"": ""old-only"", ""note"": ""old-only 老版变体（数值微调/活动/强化版），Zircon 无对应""}"	"{""Index"": 83, ""Name"": ""多角虫0"", ""Appr"": 81, ""Race"": 19, ""RaceImg"": 63, ""Level"": 13, ""HP"": 30, ""Exp"": 30, ""ACMin"": 0, ""ACMax"": 0, ""MAC"": 1, ""DCMin"": 4, ""DCMax"": 8, ""DropTable"": 0, ""tag"": ""old-only"", ""tag_note"": ""老版变体（数值微调/活动/强化版），Zircon 无对应""}"			"{""legacy"": {""appr"": 81, ""race"": 19, ""race_img"": 63, ""library_file"": ""Mon-8.wil"", ""frame"": 1040, ""note"": ""legacy Appr/frame convention from dat_integrate.py; not a Zircon MonsterImage shape""}, ""current"": null, ""status"": ""current-image-not-in-MonsterLookup""}"	legacy-atlas-old-only-no-automatic-map	True
84	多脚虫1	"{""index"": 84, ""name"": ""多脚虫1"", ""level"": ""20"", ""hp"": ""180"", ""dc"": ""12-16"", ""exp"": ""100"", ""tag"": ""old-only"", ""note"": ""old-only 老版变体（数值微调/活动/强化版），Zircon 无对应""}"	"{""Index"": 84, ""Name"": ""多脚虫1"", ""Appr"": 104, ""Race"": 45, ""RaceImg"": 145, ""Level"": 20, ""HP"": 180, ""Exp"": 100, ""ACMin"": 0, ""ACMax"": 0, ""MAC"": 5, ""DCMin"": 12, ""DCMax"": 16, ""DropTable"": 0, ""tag"": ""old-only"", ""tag_note"": ""老版变体（数值微调/活动/强化版），Zircon 无对应""}"			"{""legacy"": {""appr"": 104, ""race"": 45, ""race_img"": 145, ""library_file"": ""Mon-10.wil"", ""frame"": 4040, ""note"": ""legacy Appr/frame convention from dat_integrate.py; not a Zircon MonsterImage shape""}, ""current"": null, ""status"": ""current-image-not-in-MonsterLookup""}"	legacy-atlas-old-only-no-automatic-map	True
85	多脚虫10	"{""index"": 85, ""name"": ""多脚虫10"", ""level"": ""20"", ""hp"": ""180"", ""dc"": ""12-16"", ""exp"": ""100"", ""tag"": ""old-only"", ""note"": ""old-only 老版变体（数值微调/活动/强化版），Zircon 无对应""}"	"{""Index"": 85, ""Name"": ""多脚虫10"", ""Appr"": 104, ""Race"": 45, ""RaceImg"": 145, ""Level"": 20, ""HP"": 180, ""Exp"": 100, ""ACMin"": 0, ""ACMax"": 0, ""MAC"": 5, ""DCMin"": 12, ""DCMax"": 16, ""DropTable"": 0, ""tag"": ""old-only"", ""tag_note"": ""老版变体（数值微调/活动/强化版），Zircon 无对应""}"			"{""legacy"": {""appr"": 104, ""race"": 45, ""race_img"": 145, ""library_file"": ""Mon-10.wil"", ""frame"": 4040, ""note"": ""legacy Appr/frame convention from dat_integrate.py; not a Zircon MonsterImage shape""}, ""current"": null, ""status"": ""current-image-not-in-MonsterLookup""}"	legacy-atlas-old-only-no-automatic-map	True
86	多脚虫2	"{""index"": 86, ""name"": ""多脚虫2"", ""level"": ""20"", ""hp"": ""180"", ""dc"": ""12-16"", ""exp"": ""100"", ""tag"": ""old-only"", ""note"": ""old-only 老版变体（数值微调/活动/强化版），Zircon 无对应""}"	"{""Index"": 86, ""Name"": ""多脚虫2"", ""Appr"": 104, ""Race"": 45, ""RaceImg"": 146, ""Level"": 20, ""HP"": 180, ""Exp"": 100, ""ACMin"": 0, ""ACMax"": 0, ""MAC"": 5, ""DCMin"": 12, ""DCMax"": 16, ""DropTable"": 0, ""tag"": ""old-only"", ""tag_note"": ""老版变体（数值微调/活动/强化版），Zircon 无对应""}"			"{""legacy"": {""appr"": 104, ""race"": 45, ""race_img"": 146, ""library_file"": ""Mon-10.wil"", ""frame"": 4040, ""note"": ""legacy Appr/frame convention from dat_integrate.py; not a Zircon MonsterImage shape""}, ""current"": null, ""status"": ""current-image-not-in-MonsterLookup""}"	legacy-atlas-old-only-no-automatic-map	True
87	多脚虫20	"{""index"": 87, ""name"": ""多脚虫20"", ""level"": ""20"", ""hp"": ""180"", ""dc"": ""12-16"", ""exp"": ""100"", ""tag"": ""old-only"", ""note"": ""old-only 老版变体（数值微调/活动/强化版），Zircon 无对应""}"	"{""Index"": 87, ""Name"": ""多脚虫20"", ""Appr"": 104, ""Race"": 45, ""RaceImg"": 146, ""Level"": 20, ""HP"": 180, ""Exp"": 100, ""ACMin"": 0, ""ACMax"": 0, ""MAC"": 5, ""DCMin"": 12, ""DCMax"": 16, ""DropTable"": 0, ""tag"": ""old-only"", ""tag_note"": ""老版变体（数值微调/活动/强化版），Zircon 无对应""}"			"{""legacy"": {""appr"": 104, ""race"": 45, ""race_img"": 146, ""library_file"": ""Mon-10.wil"", ""frame"": 4040, ""note"": ""legacy Appr/frame convention from dat_integrate.py; not a Zircon MonsterImage shape""}, ""current"": null, ""status"": ""current-image-not-in-MonsterLookup""}"	legacy-atlas-old-only-no-automatic-map	True
88	恶形鬼	"{""index"": 88, ""name"": ""恶形鬼"", ""level"": ""55"", ""hp"": ""7600"", ""dc"": ""66-240"", ""exp"": ""2400"", ""tag"": ""unverified"", ""note"": ""unverified 未做全量名映射，有无 Zircon 对应待查""}"	"{""Index"": 88, ""Name"": ""恶形鬼"", ""Appr"": 97, ""Race"": 19, ""RaceImg"": 92, ""Level"": 55, ""HP"": 7600, ""Exp"": 2400, ""ACMin"": 29, ""ACMax"": 29, ""MAC"": 66, ""DCMin"": 66, ""DCMax"": 240, ""DropTable"": 0, ""tag"": ""unverified"", ""tag_note"": ""未做全量名映射，有无 Zircon 对应待查""}"			"{""legacy"": {""appr"": 97, ""race"": 19, ""race_img"": 92, ""library_file"": ""Mon-9.wil"", ""frame"": 7040, ""note"": ""legacy Appr/frame convention from dat_integrate.py; not a Zircon MonsterImage shape""}, ""current"": null, ""status"": ""current-image-not-in-MonsterLookup""}"	legacy-atlas-unverified	True
89	粪虫	"{""index"": 89, ""name"": ""粪虫"", ""level"": ""25"", ""hp"": ""260"", ""dc"": ""15-24"", ""exp"": ""180"", ""tag"": ""unverified"", ""note"": ""unverified 未做全量名映射，有无 Zircon 对应待查""}"	"{""Index"": 89, ""Name"": ""粪虫"", ""Appr"": 106, ""Race"": 53, ""RaceImg"": 47, ""Level"": 25, ""HP"": 260, ""Exp"": 180, ""ACMin"": 0, ""ACMax"": 0, ""MAC"": 6, ""DCMin"": 15, ""DCMax"": 24, ""DropTable"": 0, ""tag"": ""unverified"", ""tag_note"": ""未做全量名映射，有无 Zircon 对应待查""}"			"{""legacy"": {""appr"": 106, ""race"": 53, ""race_img"": 47, ""library_file"": ""Mon-10.wil"", ""frame"": 6040, ""note"": ""legacy Appr/frame convention from dat_integrate.py; not a Zircon MonsterImage shape""}, ""current"": null, ""status"": ""current-image-not-in-MonsterLookup""}"	legacy-atlas-unverified	True
90	疯狂魔神盗	"{""index"": 90, ""name"": ""疯狂魔神盗"", ""level"": ""78"", ""hp"": ""6000"", ""dc"": ""60-99"", ""exp"": ""2000"", ""tag"": ""unverified"", ""note"": ""unverified 未做全量名映射，有无 Zircon 对应待查""}"	"{""Index"": 90, ""Name"": ""疯狂魔神盗"", ""Appr"": 219, ""Race"": 19, ""RaceImg"": 157, ""Level"": 78, ""HP"": 6000, ""Exp"": 2000, ""ACMin"": 22, ""ACMax"": 22, ""MAC"": 50, ""DCMin"": 60, ""DCMax"": 99, ""DropTable"": 10, ""tag"": ""unverified"", ""tag_note"": ""未做全量名映射，有无 Zircon 对应待查""}"			"{""legacy"": {""appr"": 219, ""race"": 19, ""race_img"": 157, ""library_file"": ""Mon-21.wil"", ""frame"": 9040, ""note"": ""legacy Appr/frame convention from dat_integrate.py; not a Zircon MonsterImage shape""}, ""current"": null, ""status"": ""current-image-not-in-MonsterLookup""}"	legacy-atlas-unverified	True
91	腐蚀人鬼	"{""index"": 91, ""name"": ""腐蚀人鬼"", ""level"": ""25"", ""hp"": ""290"", ""dc"": ""15-26"", ""exp"": ""210"", ""tag"": ""unverified"", ""note"": ""unverified 未做全量名映射，有无 Zircon 对应待查""}"	"{""Index"": 91, ""Name"": ""腐蚀人鬼"", ""Appr"": 119, ""Race"": 19, ""RaceImg"": 132, ""Level"": 25, ""HP"": 290, ""Exp"": 210, ""ACMin"": 0, ""ACMax"": 0, ""MAC"": 6, ""DCMin"": 15, ""DCMax"": 26, ""DropTable"": 0, ""tag"": ""unverified"", ""tag_note"": ""未做全量名映射，有无 Zircon 对应待查""}"			"{""legacy"": {""appr"": 119, ""race"": 19, ""race_img"": 132, ""library_file"": ""Mon-11.wil"", ""frame"": 9040, ""note"": ""legacy Appr/frame convention from dat_integrate.py; not a Zircon MonsterImage shape""}, ""current"": null, ""status"": ""current-image-not-in-MonsterLookup""}"	legacy-atlas-unverified	True
92	腐蚀人鬼0	"{""index"": 92, ""name"": ""腐蚀人鬼0"", ""level"": ""25"", ""hp"": ""290"", ""dc"": ""15-26"", ""exp"": ""210"", ""tag"": ""old-only"", ""note"": ""old-only 老版变体（数值微调/活动/强化版），Zircon 无对应""}"	"{""Index"": 92, ""Name"": ""腐蚀人鬼0"", ""Appr"": 119, ""Race"": 19, ""RaceImg"": 132, ""Level"": 25, ""HP"": 290, ""Exp"": 210, ""ACMin"": 0, ""ACMax"": 0, ""MAC"": 6, ""DCMin"": 15, ""DCMax"": 26, ""DropTable"": 0, ""tag"": ""old-only"", ""tag_note"": ""老版变体（数值微调/活动/强化版），Zircon 无对应""}"			"{""legacy"": {""appr"": 119, ""race"": 19, ""race_img"": 132, ""library_file"": ""Mon-11.wil"", ""frame"": 9040, ""note"": ""legacy Appr/frame convention from dat_integrate.py; not a Zircon MonsterImage shape""}, ""current"": null, ""status"": ""current-image-not-in-MonsterLookup""}"	legacy-atlas-old-only-no-automatic-map	True
93	蛤蟆	"{""index"": 93, ""name"": ""蛤蟆"", ""level"": ""10"", ""hp"": ""19"", ""dc"": ""2-6"", ""exp"": ""19"", ""tag"": ""unverified"", ""note"": ""unverified 未做全量名映射，有无 Zircon 对应待查""}"	"{""Index"": 93, ""Name"": ""蛤蟆"", ""Appr"": 83, ""Race"": 19, ""RaceImg"": 27, ""Level"": 10, ""HP"": 19, ""Exp"": 19, ""ACMin"": 0, ""ACMax"": 0, ""MAC"": 0, ""DCMin"": 2, ""DCMax"": 6, ""DropTable"": 0, ""tag"": ""unverified"", ""tag_note"": ""未做全量名映射，有无 Zircon 对应待查""}"			"{""legacy"": {""appr"": 83, ""race"": 19, ""race_img"": 27, ""library_file"": ""Mon-8.wil"", ""frame"": 3040, ""note"": ""legacy Appr/frame convention from dat_integrate.py; not a Zircon MonsterImage shape""}, ""current"": null, ""status"": ""current-image-not-in-MonsterLookup""}"	legacy-atlas-unverified	True
94	蛤蟆0	"{""index"": 94, ""name"": ""蛤蟆0"", ""level"": ""10"", ""hp"": ""19"", ""dc"": ""2-6"", ""exp"": ""19"", ""tag"": ""old-only"", ""note"": ""old-only 老版变体（数值微调/活动/强化版），Zircon 无对应""}"	"{""Index"": 94, ""Name"": ""蛤蟆0"", ""Appr"": 83, ""Race"": 19, ""RaceImg"": 27, ""Level"": 10, ""HP"": 19, ""Exp"": 19, ""ACMin"": 0, ""ACMax"": 0, ""MAC"": 0, ""DCMin"": 2, ""DCMax"": 6, ""DropTable"": 0, ""tag"": ""old-only"", ""tag_note"": ""老版变体（数值微调/活动/强化版），Zircon 无对应""}"			"{""legacy"": {""appr"": 83, ""race"": 19, ""race_img"": 27, ""library_file"": ""Mon-8.wil"", ""frame"": 3040, ""note"": ""legacy Appr/frame convention from dat_integrate.py; not a Zircon MonsterImage shape""}, ""current"": null, ""status"": ""current-image-not-in-MonsterLookup""}"	legacy-atlas-old-only-no-automatic-map	True
95	弓箭手	"{""index"": 95, ""name"": ""弓箭手"", ""level"": ""150"", ""hp"": ""1"", ""dc"": ""17-33"", ""exp"": ""5000"", ""tag"": ""unverified"", ""note"": ""unverified 未做全量名映射，有无 Zircon 对应待查""}"	"{""Index"": 95, ""Name"": ""弓箭手"", ""Appr"": 112, ""Race"": 45, ""RaceImg"": 86, ""Level"": 150, ""HP"": 1, ""Exp"": 5000, ""ACMin"": 22, ""ACMax"": 22, ""MAC"": 22, ""DCMin"": 17, ""DCMax"": 33, ""DropTable"": 0, ""tag"": ""unverified"", ""tag_note"": ""未做全量名映射，有无 Zircon 对应待查""}"			"{""legacy"": {""appr"": 112, ""race"": 45, ""race_img"": 86, ""library_file"": ""Mon-11.wil"", ""frame"": 2040, ""note"": ""legacy Appr/frame convention from dat_integrate.py; not a Zircon MonsterImage shape""}, ""current"": null, ""status"": ""current-image-not-in-MonsterLookup""}"	legacy-atlas-unverified	True
96	弓箭守卫	"{""index"": 96, ""name"": ""弓箭守卫"", ""level"": ""150"", ""hp"": ""1"", ""dc"": ""33-55"", ""exp"": ""5000"", ""tag"": ""unverified"", ""note"": ""unverified 未做全量名映射，有无 Zircon 对应待查""}"	"{""Index"": 96, ""Name"": ""弓箭守卫"", ""Appr"": 112, ""Race"": 45, ""RaceImg"": 86, ""Level"": 150, ""HP"": 1, ""Exp"": 5000, ""ACMin"": 33, ""ACMax"": 33, ""MAC"": 33, ""DCMin"": 33, ""DCMax"": 55, ""DropTable"": 0, ""tag"": ""unverified"", ""tag_note"": ""未做全量名映射，有无 Zircon 对应待查""}"			"{""legacy"": {""appr"": 112, ""race"": 45, ""race_img"": 86, ""library_file"": ""Mon-11.wil"", ""frame"": 2040, ""note"": ""legacy Appr/frame convention from dat_integrate.py; not a Zircon MonsterImage shape""}, ""current"": null, ""status"": ""current-image-not-in-MonsterLookup""}"	legacy-atlas-unverified	True
97	骨鬼将	"{""index"": 97, ""name"": ""骨鬼将"", ""level"": ""75"", ""hp"": ""5500"", ""dc"": ""44-66"", ""exp"": ""2250"", ""tag"": ""unverified"", ""note"": ""unverified 未做全量名映射，有无 Zircon 对应待查""}"	"{""Index"": 97, ""Name"": ""骨鬼将"", ""Appr"": 97, ""Race"": 19, ""RaceImg"": 140, ""Level"": 75, ""HP"": 5500, ""Exp"": 2250, ""ACMin"": 13, ""ACMax"": 13, ""MAC"": 50, ""DCMin"": 44, ""DCMax"": 66, ""DropTable"": 10, ""tag"": ""unverified"", ""tag_note"": ""未做全量名映射，有无 Zircon 对应待查""}"			"{""legacy"": {""appr"": 97, ""race"": 19, ""race_img"": 140, ""library_file"": ""Mon-9.wil"", ""frame"": 7040, ""note"": ""legacy Appr/frame convention from dat_integrate.py; not a Zircon MonsterImage shape""}, ""current"": null, ""status"": ""current-image-not-in-MonsterLookup""}"	legacy-atlas-unverified	True
98	海神将领	"{""index"": 98, ""name"": ""海神将领"", ""level"": ""55"", ""hp"": ""8200"", ""dc"": ""107-140"", ""exp"": ""2400"", ""tag"": ""unverified"", ""note"": ""unverified 未做全量名映射，有无 Zircon 对应待查""}"	"{""Index"": 98, ""Name"": ""海神将领"", ""Appr"": 201, ""Race"": 19, ""RaceImg"": 9, ""Level"": 55, ""HP"": 8200, ""Exp"": 2400, ""ACMin"": 26, ""ACMax"": 26, ""MAC"": 69, ""DCMin"": 107, ""DCMax"": 140, ""DropTable"": 6, ""tag"": ""unverified"", ""tag_note"": ""未做全量名映射，有无 Zircon 对应待查""}"			"{""legacy"": {""appr"": 201, ""race"": 19, ""race_img"": 9, ""library_file"": ""Mon-20.wil"", ""frame"": 1040, ""note"": ""legacy Appr/frame convention from dat_integrate.py; not a Zircon MonsterImage shape""}, ""current"": null, ""status"": ""current-image-not-in-MonsterLookup""}"	legacy-atlas-unverified	True
99	褐色马	"{""index"": 99, ""name"": ""褐色马"", ""level"": ""100"", ""hp"": ""5"", ""dc"": ""0-0"", ""exp"": ""500"", ""tag"": ""unverified"", ""note"": ""unverified 未做全量名映射，有无 Zircon 对应待查""}"	"{""Index"": 99, ""Name"": ""褐色马"", ""Appr"": 150, ""Race"": 19, ""RaceImg"": 116, ""Level"": 100, ""HP"": 5, ""Exp"": 500, ""ACMin"": 0, ""ACMax"": 0, ""MAC"": 0, ""DCMin"": 0, ""DCMax"": 0, ""DropTable"": 0, ""tag"": ""unverified"", ""tag_note"": ""未做全量名映射，有无 Zircon 对应待查""}"			"{""legacy"": {""appr"": 150, ""race"": 19, ""race_img"": 116, ""library_file"": ""Mon-15.wil"", ""frame"": 40, ""note"": ""legacy Appr/frame convention from dat_integrate.py; not a Zircon MonsterImage shape""}, ""current"": null, ""status"": ""current-image-not-in-MonsterLookup""}"	legacy-atlas-unverified	True
100	黑角蜘蛛	"{""index"": 100, ""name"": ""黑角蜘蛛"", ""level"": ""35"", ""hp"": ""1530"", ""dc"": ""29-50"", ""exp"": ""370"", ""tag"": ""unverified"", ""note"": ""unverified 未做全量名映射，有无 Zircon 对应待查""}"	"{""Index"": 100, ""Name"": ""黑角蜘蛛"", ""Appr"": 81, ""Race"": 19, ""RaceImg"": 112, ""Level"": 35, ""HP"": 1530, ""Exp"": 370, ""ACMin"": 3, ""ACMax"": 3, ""MAC"": 8, ""DCMin"": 29, ""DCMax"": 50, ""DropTable"": 0, ""tag"": ""unverified"", ""tag_note"": ""未做全量名映射，有无 Zircon 对应待查""}"			"{""legacy"": {""appr"": 81, ""race"": 19, ""race_img"": 112, ""library_file"": ""Mon-8.wil"", ""frame"": 1040, ""note"": ""legacy Appr/frame convention from dat_integrate.py; not a Zircon MonsterImage shape""}, ""current"": null, ""status"": ""current-image-not-in-MonsterLookup""}"	legacy-atlas-unverified	True
101	黑角蜘蛛0	"{""index"": 101, ""name"": ""黑角蜘蛛0"", ""level"": ""35"", ""hp"": ""1530"", ""dc"": ""29-50"", ""exp"": ""370"", ""tag"": ""old-only"", ""note"": ""old-only 老版变体（数值微调/活动/强化版），Zircon 无对应""}"	"{""Index"": 101, ""Name"": ""黑角蜘蛛0"", ""Appr"": 81, ""Race"": 19, ""RaceImg"": 112, ""Level"": 35, ""HP"": 1530, ""Exp"": 370, ""ACMin"": 3, ""ACMax"": 3, ""MAC"": 8, ""DCMin"": 29, ""DCMax"": 50, ""DropTable"": 0, ""tag"": ""old-only"", ""tag_note"": ""老版变体（数值微调/活动/强化版），Zircon 无对应""}"			"{""legacy"": {""appr"": 81, ""race"": 19, ""race_img"": 112, ""library_file"": ""Mon-8.wil"", ""frame"": 1040, ""note"": ""legacy Appr/frame convention from dat_integrate.py; not a Zircon MonsterImage shape""}, ""current"": null, ""status"": ""current-image-not-in-MonsterLookup""}"	legacy-atlas-old-only-no-automatic-map	True
102	黑马	"{""index"": 102, ""name"": ""黑马"", ""level"": ""120"", ""hp"": ""5"", ""dc"": ""0-0"", ""exp"": ""800"", ""tag"": ""unverified"", ""note"": ""unverified 未做全量名映射，有无 Zircon 对应待查""}"	"{""Index"": 102, ""Name"": ""黑马"", ""Appr"": 150, ""Race"": 19, ""RaceImg"": 118, ""Level"": 120, ""HP"": 5, ""Exp"": 800, ""ACMin"": 0, ""ACMax"": 0, ""MAC"": 0, ""DCMin"": 0, ""DCMax"": 0, ""DropTable"": 0, ""tag"": ""unverified"", ""tag_note"": ""未做全量名映射，有无 Zircon 对应待查""}"			"{""legacy"": {""appr"": 150, ""race"": 19, ""race_img"": 118, ""library_file"": ""Mon-15.wil"", ""frame"": 40, ""note"": ""legacy Appr/frame convention from dat_integrate.py; not a Zircon MonsterImage shape""}, ""current"": null, ""status"": ""current-image-not-in-MonsterLookup""}"	legacy-atlas-unverified	True
103	黑色恶蛆	"{""index"": 103, ""name"": ""黑色恶蛆"", ""level"": ""50"", ""hp"": ""1500"", ""dc"": ""24-38"", ""exp"": ""540"", ""tag"": ""unverified"", ""note"": ""unverified 未做全量名映射，有无 Zircon 对应待查""}"	"{""Index"": 103, ""Name"": ""黑色恶蛆"", ""Appr"": 81, ""Race"": 19, ""RaceImg"": 68, ""Level"": 50, ""HP"": 1500, ""Exp"": 540, ""ACMin"": 0, ""ACMax"": 0, ""MAC"": 120, ""DCMin"": 24, ""DCMax"": 38, ""DropTable"": 0, ""tag"": ""unverified"", ""tag_note"": ""未做全量名映射，有无 Zircon 对应待查""}"			"{""legacy"": {""appr"": 81, ""race"": 19, ""race_img"": 68, ""library_file"": ""Mon-8.wil"", ""frame"": 1040, ""note"": ""legacy Appr/frame convention from dat_integrate.py; not a Zircon MonsterImage shape""}, ""current"": null, ""status"": ""current-image-not-in-MonsterLookup""}"	legacy-atlas-unverified	True
104	黑色恶蛆0	"{""index"": 104, ""name"": ""黑色恶蛆0"", ""level"": ""50"", ""hp"": ""1500"", ""dc"": ""24-38"", ""exp"": ""540"", ""tag"": ""old-only"", ""note"": ""old-only 老版变体（数值微调/活动/强化版），Zircon 无对应""}"	"{""Index"": 104, ""Name"": ""黑色恶蛆0"", ""Appr"": 81, ""Race"": 19, ""RaceImg"": 68, ""Level"": 50, ""HP"": 1500, ""Exp"": 540, ""ACMin"": 0, ""ACMax"": 0, ""MAC"": 120, ""DCMin"": 24, ""DCMax"": 38, ""DropTable"": 0, ""tag"": ""old-only"", ""tag_note"": ""老版变体（数值微调/活动/强化版），Zircon 无对应""}"			"{""legacy"": {""appr"": 81, ""race"": 19, ""race_img"": 68, ""library_file"": ""Mon-8.wil"", ""frame"": 1040, ""note"": ""legacy Appr/frame convention from dat_integrate.py; not a Zircon MonsterImage shape""}, ""current"": null, ""status"": ""current-image-not-in-MonsterLookup""}"	legacy-atlas-old-only-no-automatic-map	True
105	黑色恶蛆61	"{""index"": 105, ""name"": ""黑色恶蛆61"", ""level"": ""60"", ""hp"": ""1600"", ""dc"": ""24-38"", ""exp"": ""540"", ""tag"": ""old-only"", ""note"": ""old-only 老版变体（数值微调/活动/强化版），Zircon 无对应""}"	"{""Index"": 105, ""Name"": ""黑色恶蛆61"", ""Appr"": 81, ""Race"": 19, ""RaceImg"": 68, ""Level"": 60, ""HP"": 1600, ""Exp"": 540, ""ACMin"": 6, ""ACMax"": 6, ""MAC"": 120, ""DCMin"": 24, ""DCMax"": 38, ""DropTable"": 0, ""tag"": ""old-only"", ""tag_note"": ""老版变体（数值微调/活动/强化版），Zircon 无对应""}"			"{""legacy"": {""appr"": 81, ""race"": 19, ""race_img"": 68, ""library_file"": ""Mon-8.wil"", ""frame"": 1040, ""note"": ""legacy Appr/frame convention from dat_integrate.py; not a Zircon MonsterImage shape""}, ""current"": null, ""status"": ""current-image-not-in-MonsterLookup""}"	legacy-atlas-old-only-no-automatic-map	True
106	黑野猪	"{""index"": 106, ""name"": ""黑野猪"", ""level"": ""30"", ""hp"": ""1360"", ""dc"": ""24-36"", ""exp"": ""200"", ""tag"": ""unverified"", ""note"": ""unverified 未做全量名映射，有无 Zircon 对应待查""}"	"{""Index"": 106, ""Name"": ""黑野猪"", ""Appr"": 81, ""Race"": 19, ""RaceImg"": 77, ""Level"": 30, ""HP"": 1360, ""Exp"": 200, ""ACMin"": 0, ""ACMax"": 0, ""MAC"": 11, ""DCMin"": 24, ""DCMax"": 36, ""DropTable"": 0, ""tag"": ""unverified"", ""tag_note"": ""未做全量名映射，有无 Zircon 对应待查""}"			"{""legacy"": {""appr"": 81, ""race"": 19, ""race_img"": 77, ""library_file"": ""Mon-8.wil"", ""frame"": 1040, ""note"": ""legacy Appr/frame convention from dat_integrate.py; not a Zircon MonsterImage shape""}, ""current"": null, ""status"": ""current-image-not-in-MonsterLookup""}"	legacy-atlas-unverified	True
107	黑野猪0	"{""index"": 107, ""name"": ""黑野猪0"", ""level"": ""30"", ""hp"": ""1360"", ""dc"": ""24-36"", ""exp"": ""200"", ""tag"": ""old-only"", ""note"": ""old-only 老版变体（数值微调/活动/强化版），Zircon 无对应""}"	"{""Index"": 107, ""Name"": ""黑野猪0"", ""Appr"": 81, ""Race"": 19, ""RaceImg"": 77, ""Level"": 30, ""HP"": 1360, ""Exp"": 200, ""ACMin"": 0, ""ACMax"": 0, ""MAC"": 11, ""DCMin"": 24, ""DCMax"": 36, ""DropTable"": 0, ""tag"": ""old-only"", ""tag_note"": ""老版变体（数值微调/活动/强化版），Zircon 无对应""}"			"{""legacy"": {""appr"": 81, ""race"": 19, ""race_img"": 77, ""library_file"": ""Mon-8.wil"", ""frame"": 1040, ""note"": ""legacy Appr/frame convention from dat_integrate.py; not a Zircon MonsterImage shape""}, ""current"": null, ""status"": ""current-image-not-in-MonsterLookup""}"	legacy-atlas-old-only-no-automatic-map	True
108	红甲虫	"{""index"": 108, ""name"": ""红甲虫"", ""level"": ""73"", ""hp"": ""1500"", ""dc"": ""33-55"", ""exp"": ""750"", ""tag"": ""unverified"", ""note"": ""unverified 未做全量名映射，有无 Zircon 对应待查""}"	"{""Index"": 108, ""Name"": ""红甲虫"", ""Appr"": 97, ""Race"": 19, ""RaceImg"": 149, ""Level"": 73, ""HP"": 1500, ""Exp"": 750, ""ACMin"": 6, ""ACMax"": 6, ""MAC"": 10, ""DCMin"": 33, ""DCMax"": 55, ""DropTable"": 10, ""tag"": ""unverified"", ""tag_note"": ""未做全量名映射，有无 Zircon 对应待查""}"			"{""legacy"": {""appr"": 97, ""race"": 19, ""race_img"": 149, ""library_file"": ""Mon-9.wil"", ""frame"": 7040, ""note"": ""legacy Appr/frame convention from dat_integrate.py; not a Zircon MonsterImage shape""}, ""current"": null, ""status"": ""current-image-not-in-MonsterLookup""}"	legacy-atlas-unverified	True
109	红蛇	"{""index"": 109, ""name"": ""红蛇"", ""level"": ""15"", ""hp"": ""70"", ""dc"": ""6-12"", ""exp"": ""70"", ""tag"": ""unverified"", ""note"": ""unverified 未做全量名映射，有无 Zircon 对应待查""}"	"{""Index"": 109, ""Name"": ""红蛇"", ""Appr"": 81, ""Race"": 19, ""RaceImg"": 54, ""Level"": 15, ""HP"": 70, ""Exp"": 70, ""ACMin"": 0, ""ACMax"": 0, ""MAC"": 2, ""DCMin"": 6, ""DCMax"": 12, ""DropTable"": 0, ""tag"": ""unverified"", ""tag_note"": ""未做全量名映射，有无 Zircon 对应待查""}"			"{""legacy"": {""appr"": 81, ""race"": 19, ""race_img"": 54, ""library_file"": ""Mon-8.wil"", ""frame"": 1040, ""note"": ""legacy Appr/frame convention from dat_integrate.py; not a Zircon MonsterImage shape""}, ""current"": null, ""status"": ""current-image-not-in-MonsterLookup""}"	legacy-atlas-unverified	True
110	红蛇0	"{""index"": 110, ""name"": ""红蛇0"", ""level"": ""15"", ""hp"": ""70"", ""dc"": ""6-12"", ""exp"": ""70"", ""tag"": ""old-only"", ""note"": ""old-only 老版变体（数值微调/活动/强化版），Zircon 无对应""}"	"{""Index"": 110, ""Name"": ""红蛇0"", ""Appr"": 81, ""Race"": 19, ""RaceImg"": 54, ""Level"": 15, ""HP"": 70, ""Exp"": 70, ""ACMin"": 0, ""ACMax"": 0, ""MAC"": 2, ""DCMin"": 6, ""DCMax"": 12, ""DropTable"": 0, ""tag"": ""old-only"", ""tag_note"": ""老版变体（数值微调/活动/强化版），Zircon 无对应""}"			"{""legacy"": {""appr"": 81, ""race"": 19, ""race_img"": 54, ""library_file"": ""Mon-8.wil"", ""frame"": 1040, ""note"": ""legacy Appr/frame convention from dat_integrate.py; not a Zircon MonsterImage shape""}, ""current"": null, ""status"": ""current-image-not-in-MonsterLookup""}"	legacy-atlas-old-only-no-automatic-map	True
111	红野猪	"{""index"": 111, ""name"": ""红野猪"", ""level"": ""30"", ""hp"": ""1360"", ""dc"": ""24-36"", ""exp"": ""200"", ""tag"": ""unverified"", ""note"": ""unverified 未做全量名映射，有无 Zircon 对应待查""}"	"{""Index"": 111, ""Name"": ""红野猪"", ""Appr"": 81, ""Race"": 19, ""RaceImg"": 76, ""Level"": 30, ""HP"": 1360, ""Exp"": 200, ""ACMin"": 4, ""ACMax"": 4, ""MAC"": 5, ""DCMin"": 24, ""DCMax"": 36, ""DropTable"": 0, ""tag"": ""unverified"", ""tag_note"": ""未做全量名映射，有无 Zircon 对应待查""}"			"{""legacy"": {""appr"": 81, ""race"": 19, ""race_img"": 76, ""library_file"": ""Mon-8.wil"", ""frame"": 1040, ""note"": ""legacy Appr/frame convention from dat_integrate.py; not a Zircon MonsterImage shape""}, ""current"": null, ""status"": ""current-image-not-in-MonsterLookup""}"	legacy-atlas-unverified	True
112	红野猪0	"{""index"": 112, ""name"": ""红野猪0"", ""level"": ""30"", ""hp"": ""1360"", ""dc"": ""24-36"", ""exp"": ""200"", ""tag"": ""old-only"", ""note"": ""old-only 老版变体（数值微调/活动/强化版），Zircon 无对应""}"	"{""Index"": 112, ""Name"": ""红野猪0"", ""Appr"": 81, ""Race"": 19, ""RaceImg"": 76, ""Level"": 30, ""HP"": 1360, ""Exp"": 200, ""ACMin"": 4, ""ACMax"": 4, ""MAC"": 5, ""DCMin"": 24, ""DCMax"": 36, ""DropTable"": 0, ""tag"": ""old-only"", ""tag_note"": ""老版变体（数值微调/活动/强化版），Zircon 无对应""}"			"{""legacy"": {""appr"": 81, ""race"": 19, ""race_img"": 76, ""library_file"": ""Mon-8.wil"", ""frame"": 1040, ""note"": ""legacy Appr/frame convention from dat_integrate.py; not a Zircon MonsterImage shape""}, ""current"": null, ""status"": ""current-image-not-in-MonsterLookup""}"	legacy-atlas-old-only-no-automatic-map	True
113	红衣法师	"{""index"": 113, ""name"": ""红衣法师"", ""level"": ""55"", ""hp"": ""8800"", ""dc"": ""115-148"", ""exp"": ""2800"", ""tag"": ""unverified"", ""note"": ""unverified 未做全量名映射，有无 Zircon 对应待查""}"	"{""Index"": 113, ""Name"": ""红衣法师"", ""Appr"": 229, ""Race"": 19, ""RaceImg"": 19, ""Level"": 55, ""HP"": 8800, ""Exp"": 2800, ""ACMin"": 17, ""ACMax"": 17, ""MAC"": 53, ""DCMin"": 115, ""DCMax"": 148, ""DropTable"": 10, ""tag"": ""unverified"", ""tag_note"": ""未做全量名映射，有无 Zircon 对应待查""}"			"{""legacy"": {""appr"": 229, ""race"": 19, ""race_img"": 19, ""library_file"": ""Mon-22.wil"", ""frame"": 9040, ""note"": ""legacy Appr/frame convention from dat_integrate.py; not a Zircon MonsterImage shape""}, ""current"": null, ""status"": ""current-image-not-in-MonsterLookup""}"	legacy-atlas-unverified	True
114	蝴蝶虫	"{""index"": 114, ""name"": ""蝴蝶虫"", ""level"": ""50"", ""hp"": ""1200"", ""dc"": ""24-41"", ""exp"": ""560"", ""tag"": ""unverified"", ""note"": ""unverified 未做全量名映射，有无 Zircon 对应待查""}"	"{""Index"": 114, ""Name"": ""蝴蝶虫"", ""Appr"": 81, ""Race"": 19, ""RaceImg"": 72, ""Level"": 50, ""HP"": 1200, ""Exp"": 560, ""ACMin"": 0, ""ACMax"": 0, ""MAC"": 120, ""DCMin"": 24, ""DCMax"": 41, ""DropTable"": 0, ""tag"": ""unverified"", ""tag_note"": ""未做全量名映射，有无 Zircon 对应待查""}"			"{""legacy"": {""appr"": 81, ""race"": 19, ""race_img"": 72, ""library_file"": ""Mon-8.wil"", ""frame"": 1040, ""note"": ""legacy Appr/frame convention from dat_integrate.py; not a Zircon MonsterImage shape""}, ""current"": null, ""status"": ""current-image-not-in-MonsterLookup""}"	legacy-atlas-unverified	True
115	蝴蝶虫0	"{""index"": 115, ""name"": ""蝴蝶虫0"", ""level"": ""50"", ""hp"": ""1200"", ""dc"": ""24-37"", ""exp"": ""560"", ""tag"": ""old-only"", ""note"": ""old-only 老版变体（数值微调/活动/强化版），Zircon 无对应""}"	"{""Index"": 115, ""Name"": ""蝴蝶虫0"", ""Appr"": 81, ""Race"": 19, ""RaceImg"": 72, ""Level"": 50, ""HP"": 1200, ""Exp"": 560, ""ACMin"": 0, ""ACMax"": 0, ""MAC"": 70, ""DCMin"": 24, ""DCMax"": 37, ""DropTable"": 0, ""tag"": ""old-only"", ""tag_note"": ""老版变体（数值微调/活动/强化版），Zircon 无对应""}"			"{""legacy"": {""appr"": 81, ""race"": 19, ""race_img"": 72, ""library_file"": ""Mon-8.wil"", ""frame"": 1040, ""note"": ""legacy Appr/frame convention from dat_integrate.py; not a Zircon MonsterImage shape""}, ""current"": null, ""status"": ""current-image-not-in-MonsterLookup""}"	legacy-atlas-old-only-no-automatic-map	True
116	蝴蝶虫61	"{""index"": 116, ""name"": ""蝴蝶虫61"", ""level"": ""60"", ""hp"": ""1200"", ""dc"": ""24-41"", ""exp"": ""560"", ""tag"": ""old-only"", ""note"": ""old-only 老版变体（数值微调/活动/强化版），Zircon 无对应""}"	"{""Index"": 116, ""Name"": ""蝴蝶虫61"", ""Appr"": 81, ""Race"": 19, ""RaceImg"": 72, ""Level"": 60, ""HP"": 1200, ""Exp"": 560, ""ACMin"": 0, ""ACMax"": 0, ""MAC"": 120, ""DCMin"": 24, ""DCMax"": 41, ""DropTable"": 0, ""tag"": ""old-only"", ""tag_note"": ""老版变体（数值微调/活动/强化版），Zircon 无对应""}"			"{""legacy"": {""appr"": 81, ""race"": 19, ""race_img"": 72, ""library_file"": ""Mon-8.wil"", ""frame"": 1040, ""note"": ""legacy Appr/frame convention from dat_integrate.py; not a Zircon MonsterImage shape""}, ""current"": null, ""status"": ""current-image-not-in-MonsterLookup""}"	legacy-atlas-old-only-no-automatic-map	True
117	虎蛇	"{""index"": 117, ""name"": ""虎蛇"", ""level"": ""15"", ""hp"": ""70"", ""dc"": ""6-12"", ""exp"": ""70"", ""tag"": ""unverified"", ""note"": ""unverified 未做全量名映射，有无 Zircon 对应待查""}"	"{""Index"": 117, ""Name"": ""虎蛇"", ""Appr"": 81, ""Race"": 19, ""RaceImg"": 57, ""Level"": 15, ""HP"": 70, ""Exp"": 70, ""ACMin"": 0, ""ACMax"": 0, ""MAC"": 2, ""DCMin"": 6, ""DCMax"": 12, ""DropTable"": 0, ""tag"": ""unverified"", ""tag_note"": ""未做全量名映射，有无 Zircon 对应待查""}"			"{""legacy"": {""appr"": 81, ""race"": 19, ""race_img"": 57, ""library_file"": ""Mon-8.wil"", ""frame"": 1040, ""note"": ""legacy Appr/frame convention from dat_integrate.py; not a Zircon MonsterImage shape""}, ""current"": null, ""status"": ""current-image-not-in-MonsterLookup""}"	legacy-atlas-unverified	True
118	虎蛇0	"{""index"": 118, ""name"": ""虎蛇0"", ""level"": ""15"", ""hp"": ""70"", ""dc"": ""6-12"", ""exp"": ""70"", ""tag"": ""old-only"", ""note"": ""old-only 老版变体（数值微调/活动/强化版），Zircon 无对应""}"	"{""Index"": 118, ""Name"": ""虎蛇0"", ""Appr"": 81, ""Race"": 19, ""RaceImg"": 57, ""Level"": 15, ""HP"": 70, ""Exp"": 70, ""ACMin"": 0, ""ACMax"": 0, ""MAC"": 2, ""DCMin"": 6, ""DCMax"": 12, ""DropTable"": 0, ""tag"": ""old-only"", ""tag_note"": ""老版变体（数值微调/活动/强化版），Zircon 无对应""}"			"{""legacy"": {""appr"": 81, ""race"": 19, ""race_img"": 57, ""library_file"": ""Mon-8.wil"", ""frame"": 1040, ""note"": ""legacy Appr/frame convention from dat_integrate.py; not a Zircon MonsterImage shape""}, ""current"": null, ""status"": ""current-image-not-in-MonsterLookup""}"	legacy-atlas-old-only-no-automatic-map	True
119	护法天	"{""index"": 119, ""name"": ""护法天"", ""level"": ""78"", ""hp"": ""4000"", ""dc"": ""60-99"", ""exp"": ""2000"", ""tag"": ""unverified"", ""note"": ""unverified 未做全量名映射，有无 Zircon 对应待查""}"	"{""Index"": 119, ""Name"": ""护法天"", ""Appr"": 101, ""Race"": 47, ""RaceImg"": 84, ""Level"": 78, ""HP"": 4000, ""Exp"": 2000, ""ACMin"": 22, ""ACMax"": 22, ""MAC"": 50, ""DCMin"": 60, ""DCMax"": 99, ""DropTable"": 10, ""tag"": ""unverified"", ""tag_note"": ""未做全量名映射，有无 Zircon 对应待查""}"			"{""legacy"": {""appr"": 101, ""race"": 47, ""race_img"": 84, ""library_file"": ""Mon-10.wil"", ""frame"": 1040, ""note"": ""legacy Appr/frame convention from dat_integrate.py; not a Zircon MonsterImage shape""}, ""current"": null, ""status"": ""current-image-not-in-MonsterLookup""}"	legacy-atlas-unverified	True
120	护卫武士	"{""index"": 120, ""name"": ""护卫武士"", ""level"": ""100"", ""hp"": ""1"", ""dc"": ""19-35"", ""exp"": ""500"", ""tag"": ""unverified"", ""note"": ""unverified 未做全量名映射，有无 Zircon 对应待查""}"	"{""Index"": 120, ""Name"": ""护卫武士"", ""Appr"": 212, ""Race"": 19, ""RaceImg"": 55, ""Level"": 100, ""HP"": 1, ""Exp"": 500, ""ACMin"": 11, ""ACMax"": 11, ""MAC"": 16, ""DCMin"": 19, ""DCMax"": 35, ""DropTable"": 0, ""tag"": ""unverified"", ""tag_note"": ""未做全量名映射，有无 Zircon 对应待查""}"			"{""legacy"": {""appr"": 212, ""race"": 19, ""race_img"": 55, ""library_file"": ""Mon-21.wil"", ""frame"": 2040, ""note"": ""legacy Appr/frame convention from dat_integrate.py; not a Zircon MonsterImage shape""}, ""current"": null, ""status"": ""current-image-not-in-MonsterLookup""}"	legacy-atlas-unverified	True
121	花色蜘蛛	"{""index"": 121, ""name"": ""花色蜘蛛"", ""level"": ""35"", ""hp"": ""1510"", ""dc"": ""29-47"", ""exp"": ""350"", ""tag"": ""unverified"", ""note"": ""unverified 未做全量名映射，有无 Zircon 对应待查""}"	"{""Index"": 121, ""Name"": ""花色蜘蛛"", ""Appr"": 119, ""Race"": 19, ""RaceImg"": 111, ""Level"": 35, ""HP"": 1510, ""Exp"": 350, ""ACMin"": 3, ""ACMax"": 3, ""MAC"": 8, ""DCMin"": 29, ""DCMax"": 47, ""DropTable"": 0, ""tag"": ""unverified"", ""tag_note"": ""未做全量名映射，有无 Zircon 对应待查""}"			"{""legacy"": {""appr"": 119, ""race"": 19, ""race_img"": 111, ""library_file"": ""Mon-11.wil"", ""frame"": 9040, ""note"": ""legacy Appr/frame convention from dat_integrate.py; not a Zircon MonsterImage shape""}, ""current"": null, ""status"": ""current-image-not-in-MonsterLookup""}"	legacy-atlas-unverified	True
122	花色蜘蛛0	"{""index"": 122, ""name"": ""花色蜘蛛0"", ""level"": ""35"", ""hp"": ""1510"", ""dc"": ""29-47"", ""exp"": ""350"", ""tag"": ""old-only"", ""note"": ""old-only 老版变体（数值微调/活动/强化版），Zircon 无对应""}"	"{""Index"": 122, ""Name"": ""花色蜘蛛0"", ""Appr"": 119, ""Race"": 19, ""RaceImg"": 111, ""Level"": 35, ""HP"": 1510, ""Exp"": 350, ""ACMin"": 3, ""ACMax"": 3, ""MAC"": 8, ""DCMin"": 29, ""DCMax"": 47, ""DropTable"": 0, ""tag"": ""old-only"", ""tag_note"": ""老版变体（数值微调/活动/强化版），Zircon 无对应""}"			"{""legacy"": {""appr"": 119, ""race"": 19, ""race_img"": 111, ""library_file"": ""Mon-11.wil"", ""frame"": 9040, ""note"": ""legacy Appr/frame convention from dat_integrate.py; not a Zircon MonsterImage shape""}, ""current"": null, ""status"": ""current-image-not-in-MonsterLookup""}"	legacy-atlas-old-only-no-automatic-map	True
123	幻影蜘蛛	"{""index"": 123, ""name"": ""幻影蜘蛛"", ""level"": ""35"", ""hp"": ""1500"", ""dc"": ""0-0"", ""exp"": ""340"", ""tag"": ""unverified"", ""note"": ""unverified 未做全量名映射，有无 Zircon 对应待查""}"	"{""Index"": 123, ""Name"": ""幻影蜘蛛"", ""Appr"": 116, ""Race"": 35, ""RaceImg"": 106, ""Level"": 35, ""HP"": 1500, ""Exp"": 340, ""ACMin"": 3, ""ACMax"": 3, ""MAC"": 8, ""DCMin"": 0, ""DCMax"": 0, ""DropTable"": 0, ""tag"": ""unverified"", ""tag_note"": ""未做全量名映射，有无 Zircon 对应待查""}"			"{""legacy"": {""appr"": 116, ""race"": 35, ""race_img"": 106, ""library_file"": ""Mon-11.wil"", ""frame"": 6040, ""note"": ""legacy Appr/frame convention from dat_integrate.py; not a Zircon MonsterImage shape""}, ""current"": null, ""status"": ""current-image-not-in-MonsterLookup""}"	legacy-atlas-unverified	True
124	灰血恶魔	"{""index"": 124, ""name"": ""灰血恶魔"", ""level"": ""40"", ""hp"": ""1620"", ""dc"": ""33-48"", ""exp"": ""460"", ""tag"": ""unverified"", ""note"": ""unverified 未做全量名映射，有无 Zircon 对应待查""}"	"{""Index"": 124, ""Name"": ""灰血恶魔"", ""Appr"": 97, ""Race"": 19, ""RaceImg"": 110, ""Level"": 40, ""HP"": 1620, ""Exp"": 460, ""ACMin"": 5, ""ACMax"": 5, ""MAC"": 10, ""DCMin"": 33, ""DCMax"": 48, ""DropTable"": 0, ""tag"": ""unverified"", ""tag_note"": ""未做全量名映射，有无 Zircon 对应待查""}"			"{""legacy"": {""appr"": 97, ""race"": 19, ""race_img"": 110, ""library_file"": ""Mon-9.wil"", ""frame"": 7040, ""note"": ""legacy Appr/frame convention from dat_integrate.py; not a Zircon MonsterImage shape""}, ""current"": null, ""status"": ""current-image-not-in-MonsterLookup""}"	legacy-atlas-unverified	True
125	灰血恶魔0	"{""index"": 125, ""name"": ""灰血恶魔0"", ""level"": ""40"", ""hp"": ""1620"", ""dc"": ""33-48"", ""exp"": ""460"", ""tag"": ""old-only"", ""note"": ""old-only 老版变体（数值微调/活动/强化版），Zircon 无对应""}"	"{""Index"": 125, ""Name"": ""灰血恶魔0"", ""Appr"": 97, ""Race"": 19, ""RaceImg"": 110, ""Level"": 40, ""HP"": 1620, ""Exp"": 460, ""ACMin"": 5, ""ACMax"": 5, ""MAC"": 10, ""DCMin"": 33, ""DCMax"": 48, ""DropTable"": 0, ""tag"": ""old-only"", ""tag_note"": ""老版变体（数值微调/活动/强化版），Zircon 无对应""}"			"{""legacy"": {""appr"": 97, ""race"": 19, ""race_img"": 110, ""library_file"": ""Mon-9.wil"", ""frame"": 7040, ""note"": ""legacy Appr/frame convention from dat_integrate.py; not a Zircon MonsterImage shape""}, ""current"": null, ""status"": ""current-image-not-in-MonsterLookup""}"	legacy-atlas-old-only-no-automatic-map	True
126	灰血恶魔60	"{""index"": 126, ""name"": ""灰血恶魔60"", ""level"": ""40"", ""hp"": ""1620"", ""dc"": ""80-120"", ""exp"": ""460"", ""tag"": ""old-only"", ""note"": ""old-only 老版变体（数值微调/活动/强化版），Zircon 无对应""}"	"{""Index"": 126, ""Name"": ""灰血恶魔60"", ""Appr"": 97, ""Race"": 19, ""RaceImg"": 110, ""Level"": 40, ""HP"": 1620, ""Exp"": 460, ""ACMin"": 35, ""ACMax"": 35, ""MAC"": 55, ""DCMin"": 80, ""DCMax"": 120, ""DropTable"": 0, ""tag"": ""old-only"", ""tag_note"": ""老版变体（数值微调/活动/强化版），Zircon 无对应""}"			"{""legacy"": {""appr"": 97, ""race"": 19, ""race_img"": 110, ""library_file"": ""Mon-9.wil"", ""frame"": 7040, ""note"": ""legacy Appr/frame convention from dat_integrate.py; not a Zircon MonsterImage shape""}, ""current"": null, ""status"": ""current-image-not-in-MonsterLookup""}"	legacy-atlas-old-only-no-automatic-map	True
127	火焰狮子0	"{""index"": 127, ""name"": ""火焰狮子0"", ""level"": ""48"", ""hp"": ""3600"", ""dc"": ""50-60"", ""exp"": ""1600"", ""tag"": ""old-only"", ""note"": ""old-only 老版变体（数值微调/活动/强化版），Zircon 无对应""}"	"{""Index"": 127, ""Name"": ""火焰狮子0"", ""Appr"": 224, ""Race"": 19, ""RaceImg"": 159, ""Level"": 48, ""HP"": 3600, ""Exp"": 1600, ""ACMin"": 11, ""ACMax"": 11, ""MAC"": 13, ""DCMin"": 50, ""DCMax"": 60, ""DropTable"": 0, ""tag"": ""old-only"", ""tag_note"": ""老版变体（数值微调/活动/强化版），Zircon 无对应""}"			"{""legacy"": {""appr"": 224, ""race"": 19, ""race_img"": 159, ""library_file"": ""Mon-22.wil"", ""frame"": 4040, ""note"": ""legacy Appr/frame convention from dat_integrate.py; not a Zircon MonsterImage shape""}, ""current"": null, ""status"": ""current-image-not-in-MonsterLookup""}"	legacy-atlas-old-only-no-automatic-map	True
128	火焰狮子97	"{""index"": 128, ""name"": ""火焰狮子97"", ""level"": ""48"", ""hp"": ""3600"", ""dc"": ""50-60"", ""exp"": ""1600"", ""tag"": ""old-only"", ""note"": ""old-only 老版变体（数值微调/活动/强化版），Zircon 无对应""}"	"{""Index"": 128, ""Name"": ""火焰狮子97"", ""Appr"": 224, ""Race"": 19, ""RaceImg"": 159, ""Level"": 48, ""HP"": 3600, ""Exp"": 1600, ""ACMin"": 14, ""ACMax"": 14, ""MAC"": 27, ""DCMin"": 50, ""DCMax"": 60, ""DropTable"": 0, ""tag"": ""old-only"", ""tag_note"": ""老版变体（数值微调/活动/强化版），Zircon 无对应""}"			"{""legacy"": {""appr"": 224, ""race"": 19, ""race_img"": 159, ""library_file"": ""Mon-22.wil"", ""frame"": 4040, ""note"": ""legacy Appr/frame convention from dat_integrate.py; not a Zircon MonsterImage shape""}, ""current"": null, ""status"": ""current-image-not-in-MonsterLookup""}"	legacy-atlas-old-only-no-automatic-map	True
129	火焰沃玛0	"{""index"": 129, ""name"": ""火焰沃玛0"", ""level"": ""25"", ""hp"": ""340"", ""dc"": ""15-31"", ""exp"": ""260"", ""tag"": ""old-only"", ""note"": ""old-only 老版变体（数值微调/活动/强化版），Zircon 无对应""}"	"{""Index"": 129, ""Name"": ""火焰沃玛0"", ""Appr"": 91, ""Race"": 20, ""RaceImg"": 43, ""Level"": 25, ""HP"": 340, ""Exp"": 260, ""ACMin"": 0, ""ACMax"": 0, ""MAC"": 6, ""DCMin"": 15, ""DCMax"": 31, ""DropTable"": 0, ""tag"": ""old-only"", ""tag_note"": ""老版变体（数值微调/活动/强化版），Zircon 无对应""}"			"{""legacy"": {""appr"": 91, ""race"": 20, ""race_img"": 43, ""library_file"": ""Mon-9.wil"", ""frame"": 1040, ""note"": ""legacy Appr/frame convention from dat_integrate.py; not a Zircon MonsterImage shape""}, ""current"": null, ""status"": ""current-image-not-in-MonsterLookup""}"	legacy-atlas-old-only-no-automatic-map	True
130	火焰沃玛30	"{""index"": 130, ""name"": ""火焰沃玛30"", ""level"": ""25"", ""hp"": ""340"", ""dc"": ""15-100"", ""exp"": ""260"", ""tag"": ""old-only"", ""note"": ""old-only 老版变体（数值微调/活动/强化版），Zircon 无对应""}"	"{""Index"": 130, ""Name"": ""火焰沃玛30"", ""Appr"": 91, ""Race"": 20, ""RaceImg"": 43, ""Level"": 25, ""HP"": 340, ""Exp"": 260, ""ACMin"": 4, ""ACMax"": 4, ""MAC"": 13, ""DCMin"": 15, ""DCMax"": 100, ""DropTable"": 0, ""tag"": ""old-only"", ""tag_note"": ""老版变体（数值微调/活动/强化版），Zircon 无对应""}"			"{""legacy"": {""appr"": 91, ""race"": 20, ""race_img"": 43, ""library_file"": ""Mon-9.wil"", ""frame"": 1040, ""note"": ""legacy Appr/frame convention from dat_integrate.py; not a Zircon MonsterImage shape""}, ""current"": null, ""status"": ""current-image-not-in-MonsterLookup""}"	legacy-atlas-old-only-no-automatic-map	True
131	火焰沃玛62	"{""index"": 131, ""name"": ""火焰沃玛62"", ""level"": ""25"", ""hp"": ""1"", ""dc"": ""15-31"", ""exp"": ""280"", ""tag"": ""old-only"", ""note"": ""old-only 老版变体（数值微调/活动/强化版），Zircon 无对应""}"	"{""Index"": 131, ""Name"": ""火焰沃玛62"", ""Appr"": 91, ""Race"": 20, ""RaceImg"": 43, ""Level"": 25, ""HP"": 1, ""Exp"": 280, ""ACMin"": 4, ""ACMax"": 4, ""MAC"": 6, ""DCMin"": 15, ""DCMax"": 31, ""DropTable"": 0, ""tag"": ""old-only"", ""tag_note"": ""老版变体（数值微调/活动/强化版），Zircon 无对应""}"			"{""legacy"": {""appr"": 91, ""race"": 20, ""race_img"": 43, ""library_file"": ""Mon-9.wil"", ""frame"": 1040, ""note"": ""legacy Appr/frame convention from dat_integrate.py; not a Zircon MonsterImage shape""}, ""current"": null, ""status"": ""current-image-not-in-MonsterLookup""}"	legacy-atlas-old-only-no-automatic-map	True
132	鸡	"{""index"": 132, ""name"": ""鸡"", ""level"": ""2"", ""hp"": ""5"", ""dc"": ""0-1"", ""exp"": ""10"", ""tag"": ""unverified"", ""note"": ""unverified 未做全量名映射，有无 Zircon 对应待查""}"	"{""Index"": 132, ""Name"": ""鸡"", ""Appr"": 31, ""Race"": 11, ""RaceImg"": 20, ""Level"": 2, ""HP"": 5, ""Exp"": 10, ""ACMin"": 0, ""ACMax"": 0, ""MAC"": 0, ""DCMin"": 0, ""DCMax"": 1, ""DropTable"": 0, ""tag"": ""unverified"", ""tag_note"": ""未做全量名映射，有无 Zircon 对应待查""}"			"{""legacy"": {""appr"": 31, ""race"": 11, ""race_img"": 20, ""library_file"": ""Mon-3.wil"", ""frame"": 1040, ""note"": ""legacy Appr/frame convention from dat_integrate.py; not a Zircon MonsterImage shape""}, ""current"": null, ""status"": ""current-image-not-in-MonsterLookup""}"	legacy-atlas-unverified	True
133	记事本1	"{""index"": 133, ""name"": ""记事本1"", ""level"": ""50"", ""hp"": ""2000"", ""dc"": ""0-0"", ""exp"": ""20"", ""tag"": ""old-only"", ""note"": ""old-only 老版变体（数值微调/活动/强化版），Zircon 无对应""}"	"{""Index"": 133, ""Name"": ""记事本1"", ""Appr"": 209, ""Race"": 19, ""RaceImg"": 534, ""Level"": 50, ""HP"": 2000, ""Exp"": 20, ""ACMin"": 0, ""ACMax"": 0, ""MAC"": 110, ""DCMin"": 0, ""DCMax"": 0, ""DropTable"": 0, ""tag"": ""old-only"", ""tag_note"": ""老版变体（数值微调/活动/强化版），Zircon 无对应""}"			"{""legacy"": {""appr"": 209, ""race"": 19, ""race_img"": 534, ""library_file"": ""Mon-20.wil"", ""frame"": 9040, ""note"": ""legacy Appr/frame convention from dat_integrate.py; not a Zircon MonsterImage shape""}, ""current"": null, ""status"": ""current-image-not-in-MonsterLookup""}"	legacy-atlas-old-only-no-automatic-map	True
134	记事本2	"{""index"": 134, ""name"": ""记事本2"", ""level"": ""50"", ""hp"": ""3000"", ""dc"": ""0-0"", ""exp"": ""30"", ""tag"": ""old-only"", ""note"": ""old-only 老版变体（数值微调/活动/强化版），Zircon 无对应""}"	"{""Index"": 134, ""Name"": ""记事本2"", ""Appr"": 209, ""Race"": 19, ""RaceImg"": 535, ""Level"": 50, ""HP"": 3000, ""Exp"": 30, ""ACMin"": 0, ""ACMax"": 0, ""MAC"": 110, ""DCMin"": 0, ""DCMax"": 0, ""DropTable"": 0, ""tag"": ""old-only"", ""tag_note"": ""老版变体（数值微调/活动/强化版），Zircon 无对应""}"			"{""legacy"": {""appr"": 209, ""race"": 19, ""race_img"": 535, ""library_file"": ""Mon-20.wil"", ""frame"": 9040, ""note"": ""legacy Appr/frame convention from dat_integrate.py; not a Zircon MonsterImage shape""}, ""current"": null, ""status"": ""current-image-not-in-MonsterLookup""}"	legacy-atlas-old-only-no-automatic-map	True
135	记事本3	"{""index"": 135, ""name"": ""记事本3"", ""level"": ""50"", ""hp"": ""4000"", ""dc"": ""0-0"", ""exp"": ""40"", ""tag"": ""old-only"", ""note"": ""old-only 老版变体（数值微调/活动/强化版），Zircon 无对应""}"	"{""Index"": 135, ""Name"": ""记事本3"", ""Appr"": 209, ""Race"": 19, ""RaceImg"": 536, ""Level"": 50, ""HP"": 4000, ""Exp"": 40, ""ACMin"": 0, ""ACMax"": 0, ""MAC"": 110, ""DCMin"": 0, ""DCMax"": 0, ""DropTable"": 0, ""tag"": ""old-only"", ""tag_note"": ""老版变体（数值微调/活动/强化版），Zircon 无对应""}"			"{""legacy"": {""appr"": 209, ""race"": 19, ""race_img"": 536, ""library_file"": ""Mon-20.wil"", ""frame"": 9040, ""note"": ""legacy Appr/frame convention from dat_integrate.py; not a Zircon MonsterImage shape""}, ""current"": null, ""status"": ""current-image-not-in-MonsterLookup""}"	legacy-atlas-old-only-no-automatic-map	True
136	记事本4	"{""index"": 136, ""name"": ""记事本4"", ""level"": ""50"", ""hp"": ""5000"", ""dc"": ""0-0"", ""exp"": ""50"", ""tag"": ""old-only"", ""note"": ""old-only 老版变体（数值微调/活动/强化版），Zircon 无对应""}"	"{""Index"": 136, ""Name"": ""记事本4"", ""Appr"": 209, ""Race"": 19, ""RaceImg"": 537, ""Level"": 50, ""HP"": 5000, ""Exp"": 50, ""ACMin"": 0, ""ACMax"": 0, ""MAC"": 110, ""DCMin"": 0, ""DCMax"": 0, ""DropTable"": 0, ""tag"": ""old-only"", ""tag_note"": ""老版变体（数值微调/活动/强化版），Zircon 无对应""}"			"{""legacy"": {""appr"": 209, ""race"": 19, ""race_img"": 537, ""library_file"": ""Mon-20.wil"", ""frame"": 9040, ""note"": ""legacy Appr/frame convention from dat_integrate.py; not a Zircon MonsterImage shape""}, ""current"": null, ""status"": ""current-image-not-in-MonsterLookup""}"	legacy-atlas-old-only-no-automatic-map	True
137	僵尸1	"{""index"": 137, ""name"": ""僵尸1"", ""level"": ""20"", ""hp"": ""240"", ""dc"": ""10-22"", ""exp"": ""160"", ""tag"": ""old-only"", ""note"": ""old-only 老版变体（数值微调/活动/强化版），Zircon 无对应""}"	"{""Index"": 137, ""Name"": ""僵尸1"", ""Appr"": 94, ""Race"": 40, ""RaceImg"": 48, ""Level"": 20, ""HP"": 240, ""Exp"": 160, ""ACMin"": 0, ""ACMax"": 0, ""MAC"": 5, ""DCMin"": 10, ""DCMax"": 22, ""DropTable"": 0, ""tag"": ""old-only"", ""tag_note"": ""老版变体（数值微调/活动/强化版），Zircon 无对应""}"			"{""legacy"": {""appr"": 94, ""race"": 40, ""race_img"": 48, ""library_file"": ""Mon-9.wil"", ""frame"": 4040, ""note"": ""legacy Appr/frame convention from dat_integrate.py; not a Zircon MonsterImage shape""}, ""current"": null, ""status"": ""current-image-not-in-MonsterLookup""}"	legacy-atlas-old-only-no-automatic-map	True
138	僵尸10	"{""index"": 138, ""name"": ""僵尸10"", ""level"": ""20"", ""hp"": ""240"", ""dc"": ""10-22"", ""exp"": ""160"", ""tag"": ""old-only"", ""note"": ""old-only 老版变体（数值微调/活动/强化版），Zircon 无对应""}"	"{""Index"": 138, ""Name"": ""僵尸10"", ""Appr"": 94, ""Race"": 40, ""RaceImg"": 48, ""Level"": 20, ""HP"": 240, ""Exp"": 160, ""ACMin"": 0, ""ACMax"": 0, ""MAC"": 5, ""DCMin"": 10, ""DCMax"": 22, ""DropTable"": 0, ""tag"": ""old-only"", ""tag_note"": ""老版变体（数值微调/活动/强化版），Zircon 无对应""}"			"{""legacy"": {""appr"": 94, ""race"": 40, ""race_img"": 48, ""library_file"": ""Mon-9.wil"", ""frame"": 4040, ""note"": ""legacy Appr/frame convention from dat_integrate.py; not a Zircon MonsterImage shape""}, ""current"": null, ""status"": ""current-image-not-in-MonsterLookup""}"	legacy-atlas-old-only-no-automatic-map	True
139	僵尸2	"{""index"": 139, ""name"": ""僵尸2"", ""level"": ""20"", ""hp"": ""220"", ""dc"": ""11-22"", ""exp"": ""140"", ""tag"": ""old-only"", ""note"": ""old-only 老版变体（数值微调/活动/强化版），Zircon 无对应""}"	"{""Index"": 139, ""Name"": ""僵尸2"", ""Appr"": 95, ""Race"": 41, ""RaceImg"": 49, ""Level"": 20, ""HP"": 220, ""Exp"": 140, ""ACMin"": 0, ""ACMax"": 0, ""MAC"": 5, ""DCMin"": 11, ""DCMax"": 22, ""DropTable"": 0, ""tag"": ""old-only"", ""tag_note"": ""老版变体（数值微调/活动/强化版），Zircon 无对应""}"			"{""legacy"": {""appr"": 95, ""race"": 41, ""race_img"": 49, ""library_file"": ""Mon-9.wil"", ""frame"": 5040, ""note"": ""legacy Appr/frame convention from dat_integrate.py; not a Zircon MonsterImage shape""}, ""current"": null, ""status"": ""current-image-not-in-MonsterLookup""}"	legacy-atlas-old-only-no-automatic-map	True
140	僵尸20	"{""index"": 140, ""name"": ""僵尸20"", ""level"": ""20"", ""hp"": ""220"", ""dc"": ""11-22"", ""exp"": ""140"", ""tag"": ""old-only"", ""note"": ""old-only 老版变体（数值微调/活动/强化版），Zircon 无对应""}"	"{""Index"": 140, ""Name"": ""僵尸20"", ""Appr"": 95, ""Race"": 41, ""RaceImg"": 49, ""Level"": 20, ""HP"": 220, ""Exp"": 140, ""ACMin"": 0, ""ACMax"": 0, ""MAC"": 5, ""DCMin"": 11, ""DCMax"": 22, ""DropTable"": 0, ""tag"": ""old-only"", ""tag_note"": ""老版变体（数值微调/活动/强化版），Zircon 无对应""}"			"{""legacy"": {""appr"": 95, ""race"": 41, ""race_img"": 49, ""library_file"": ""Mon-9.wil"", ""frame"": 5040, ""note"": ""legacy Appr/frame convention from dat_integrate.py; not a Zircon MonsterImage shape""}, ""current"": null, ""status"": ""current-image-not-in-MonsterLookup""}"	legacy-atlas-old-only-no-automatic-map	True
141	僵尸261	"{""index"": 141, ""name"": ""僵尸261"", ""level"": ""20"", ""hp"": ""1"", ""dc"": ""11-22"", ""exp"": ""180"", ""tag"": ""old-only"", ""note"": ""old-only 老版变体（数值微调/活动/强化版），Zircon 无对应""}"	"{""Index"": 141, ""Name"": ""僵尸261"", ""Appr"": 95, ""Race"": 41, ""RaceImg"": 49, ""Level"": 20, ""HP"": 1, ""Exp"": 180, ""ACMin"": 3, ""ACMax"": 3, ""MAC"": 5, ""DCMin"": 11, ""DCMax"": 22, ""DropTable"": 0, ""tag"": ""old-only"", ""tag_note"": ""老版变体（数值微调/活动/强化版），Zircon 无对应""}"			"{""legacy"": {""appr"": 95, ""race"": 41, ""race_img"": 49, ""library_file"": ""Mon-9.wil"", ""frame"": 5040, ""note"": ""legacy Appr/frame convention from dat_integrate.py; not a Zircon MonsterImage shape""}, ""current"": null, ""status"": ""current-image-not-in-MonsterLookup""}"	legacy-atlas-old-only-no-automatic-map	True
142	僵尸3	"{""index"": 142, ""name"": ""僵尸3"", ""level"": ""20"", ""hp"": ""200"", ""dc"": ""11-21"", ""exp"": ""120"", ""tag"": ""old-only"", ""note"": ""old-only 老版变体（数值微调/活动/强化版），Zircon 无对应""}"	"{""Index"": 142, ""Name"": ""僵尸3"", ""Appr"": 96, ""Race"": 42, ""RaceImg"": 50, ""Level"": 20, ""HP"": 200, ""Exp"": 120, ""ACMin"": 0, ""ACMax"": 0, ""MAC"": 5, ""DCMin"": 11, ""DCMax"": 21, ""DropTable"": 0, ""tag"": ""old-only"", ""tag_note"": ""老版变体（数值微调/活动/强化版），Zircon 无对应""}"			"{""legacy"": {""appr"": 96, ""race"": 42, ""race_img"": 50, ""library_file"": ""Mon-9.wil"", ""frame"": 6040, ""note"": ""legacy Appr/frame convention from dat_integrate.py; not a Zircon MonsterImage shape""}, ""current"": null, ""status"": ""current-image-not-in-MonsterLookup""}"	legacy-atlas-old-only-no-automatic-map	True
143	僵尸30	"{""index"": 143, ""name"": ""僵尸30"", ""level"": ""20"", ""hp"": ""200"", ""dc"": ""11-21"", ""exp"": ""120"", ""tag"": ""old-only"", ""note"": ""old-only 老版变体（数值微调/活动/强化版），Zircon 无对应""}"	"{""Index"": 143, ""Name"": ""僵尸30"", ""Appr"": 96, ""Race"": 42, ""RaceImg"": 50, ""Level"": 20, ""HP"": 200, ""Exp"": 120, ""ACMin"": 0, ""ACMax"": 0, ""MAC"": 5, ""DCMin"": 11, ""DCMax"": 21, ""DropTable"": 0, ""tag"": ""old-only"", ""tag_note"": ""老版变体（数值微调/活动/强化版），Zircon 无对应""}"			"{""legacy"": {""appr"": 96, ""race"": 42, ""race_img"": 50, ""library_file"": ""Mon-9.wil"", ""frame"": 6040, ""note"": ""legacy Appr/frame convention from dat_integrate.py; not a Zircon MonsterImage shape""}, ""current"": null, ""status"": ""current-image-not-in-MonsterLookup""}"	legacy-atlas-old-only-no-automatic-map	True
144	僵尸4	"{""index"": 144, ""name"": ""僵尸4"", ""level"": ""20"", ""hp"": ""200"", ""dc"": ""11-21"", ""exp"": ""120"", ""tag"": ""old-only"", ""note"": ""old-only 老版变体（数值微调/活动/强化版），Zircon 无对应""}"	"{""Index"": 144, ""Name"": ""僵尸4"", ""Appr"": 96, ""Race"": 42, ""RaceImg"": 51, ""Level"": 20, ""HP"": 200, ""Exp"": 120, ""ACMin"": 0, ""ACMax"": 0, ""MAC"": 5, ""DCMin"": 11, ""DCMax"": 21, ""DropTable"": 0, ""tag"": ""old-only"", ""tag_note"": ""老版变体（数值微调/活动/强化版），Zircon 无对应""}"			"{""legacy"": {""appr"": 96, ""race"": 42, ""race_img"": 51, ""library_file"": ""Mon-9.wil"", ""frame"": 6040, ""note"": ""legacy Appr/frame convention from dat_integrate.py; not a Zircon MonsterImage shape""}, ""current"": null, ""status"": ""current-image-not-in-MonsterLookup""}"	legacy-atlas-old-only-no-automatic-map	True
145	僵尸40	"{""index"": 145, ""name"": ""僵尸40"", ""level"": ""20"", ""hp"": ""200"", ""dc"": ""11-21"", ""exp"": ""120"", ""tag"": ""old-only"", ""note"": ""old-only 老版变体（数值微调/活动/强化版），Zircon 无对应""}"	"{""Index"": 145, ""Name"": ""僵尸40"", ""Appr"": 96, ""Race"": 42, ""RaceImg"": 51, ""Level"": 20, ""HP"": 200, ""Exp"": 120, ""ACMin"": 0, ""ACMax"": 0, ""MAC"": 5, ""DCMin"": 11, ""DCMax"": 21, ""DropTable"": 0, ""tag"": ""old-only"", ""tag_note"": ""老版变体（数值微调/活动/强化版），Zircon 无对应""}"			"{""legacy"": {""appr"": 96, ""race"": 42, ""race_img"": 51, ""library_file"": ""Mon-9.wil"", ""frame"": 6040, ""note"": ""legacy Appr/frame convention from dat_integrate.py; not a Zircon MonsterImage shape""}, ""current"": null, ""status"": ""current-image-not-in-MonsterLookup""}"	legacy-atlas-old-only-no-automatic-map	True
146	僵尸461	"{""index"": 146, ""name"": ""僵尸461"", ""level"": ""20"", ""hp"": ""1"", ""dc"": ""11-21"", ""exp"": ""120"", ""tag"": ""old-only"", ""note"": ""old-only 老版变体（数值微调/活动/强化版），Zircon 无对应""}"	"{""Index"": 146, ""Name"": ""僵尸461"", ""Appr"": 96, ""Race"": 42, ""RaceImg"": 51, ""Level"": 20, ""HP"": 1, ""Exp"": 120, ""ACMin"": 3, ""ACMax"": 3, ""MAC"": 5, ""DCMin"": 11, ""DCMax"": 21, ""DropTable"": 0, ""tag"": ""old-only"", ""tag_note"": ""老版变体（数值微调/活动/强化版），Zircon 无对应""}"			"{""legacy"": {""appr"": 96, ""race"": 42, ""race_img"": 51, ""library_file"": ""Mon-9.wil"", ""frame"": 6040, ""note"": ""legacy Appr/frame convention from dat_integrate.py; not a Zircon MonsterImage shape""}, ""current"": null, ""status"": ""current-image-not-in-MonsterLookup""}"	legacy-atlas-old-only-no-automatic-map	True
147	僵尸5	"{""index"": 147, ""name"": ""僵尸5"", ""level"": ""20"", ""hp"": ""180"", ""dc"": ""11-20"", ""exp"": ""100"", ""tag"": ""old-only"", ""note"": ""old-only 老版变体（数值微调/活动/强化版），Zircon 无对应""}"	"{""Index"": 147, ""Name"": ""僵尸5"", ""Appr"": 96, ""Race"": 42, ""RaceImg"": 52, ""Level"": 20, ""HP"": 180, ""Exp"": 100, ""ACMin"": 0, ""ACMax"": 0, ""MAC"": 5, ""DCMin"": 11, ""DCMax"": 20, ""DropTable"": 0, ""tag"": ""old-only"", ""tag_note"": ""老版变体（数值微调/活动/强化版），Zircon 无对应""}"			"{""legacy"": {""appr"": 96, ""race"": 42, ""race_img"": 52, ""library_file"": ""Mon-9.wil"", ""frame"": 6040, ""note"": ""legacy Appr/frame convention from dat_integrate.py; not a Zircon MonsterImage shape""}, ""current"": null, ""status"": ""current-image-not-in-MonsterLookup""}"	legacy-atlas-old-only-no-automatic-map	True
148	僵尸50	"{""index"": 148, ""name"": ""僵尸50"", ""level"": ""20"", ""hp"": ""180"", ""dc"": ""11-20"", ""exp"": ""100"", ""tag"": ""old-only"", ""note"": ""old-only 老版变体（数值微调/活动/强化版），Zircon 无对应""}"	"{""Index"": 148, ""Name"": ""僵尸50"", ""Appr"": 96, ""Race"": 42, ""RaceImg"": 52, ""Level"": 20, ""HP"": 180, ""Exp"": 100, ""ACMin"": 0, ""ACMax"": 0, ""MAC"": 5, ""DCMin"": 11, ""DCMax"": 20, ""DropTable"": 0, ""tag"": ""old-only"", ""tag_note"": ""老版变体（数值微调/活动/强化版），Zircon 无对应""}"			"{""legacy"": {""appr"": 96, ""race"": 42, ""race_img"": 52, ""library_file"": ""Mon-9.wil"", ""frame"": 6040, ""note"": ""legacy Appr/frame convention from dat_integrate.py; not a Zircon MonsterImage shape""}, ""current"": null, ""status"": ""current-image-not-in-MonsterLookup""}"	legacy-atlas-old-only-no-automatic-map	True
149	僵尸王	"{""index"": 149, ""name"": ""僵尸王"", ""level"": ""73"", ""hp"": ""1"", ""dc"": ""8-30"", ""exp"": ""750"", ""tag"": ""unverified"", ""note"": ""unverified 未做全量名映射，有无 Zircon 对应待查""}"	"{""Index"": 149, ""Name"": ""僵尸王"", ""Appr"": 81, ""Race"": 19, ""RaceImg"": 53, ""Level"": 73, ""HP"": 1, ""Exp"": 750, ""ACMin"": 4, ""ACMax"": 4, ""MAC"": 9, ""DCMin"": 8, ""DCMax"": 30, ""DropTable"": 0, ""tag"": ""unverified"", ""tag_note"": ""未做全量名映射，有无 Zircon 对应待查""}"			"{""legacy"": {""appr"": 81, ""race"": 19, ""race_img"": 53, ""library_file"": ""Mon-8.wil"", ""frame"": 1040, ""note"": ""legacy Appr/frame convention from dat_integrate.py; not a Zircon MonsterImage shape""}, ""current"": null, ""status"": ""current-image-not-in-MonsterLookup""}"	legacy-atlas-unverified	True
150	角蝇	"{""index"": 150, ""name"": ""角蝇"", ""level"": ""30"", ""hp"": ""1400"", ""dc"": ""4-4"", ""exp"": ""240"", ""tag"": ""unverified"", ""note"": ""unverified 未做全量名映射，有无 Zircon 对应待查""}"	"{""Index"": 150, ""Name"": ""角蝇"", ""Appr"": 103, ""Race"": 43, ""RaceImg"": 73, ""Level"": 30, ""HP"": 1400, ""Exp"": 240, ""ACMin"": 0, ""ACMax"": 0, ""MAC"": 8, ""DCMin"": 4, ""DCMax"": 4, ""DropTable"": 0, ""tag"": ""unverified"", ""tag_note"": ""未做全量名映射，有无 Zircon 对应待查""}"			"{""legacy"": {""appr"": 103, ""race"": 43, ""race_img"": 73, ""library_file"": ""Mon-10.wil"", ""frame"": 3040, ""note"": ""legacy Appr/frame convention from dat_integrate.py; not a Zircon MonsterImage shape""}, ""current"": null, ""status"": ""current-image-not-in-MonsterLookup""}"	legacy-atlas-unverified	True
151	角蝇80	"{""index"": 151, ""name"": ""角蝇80"", ""level"": ""30"", ""hp"": ""400"", ""dc"": ""6-6"", ""exp"": ""240"", ""tag"": ""old-only"", ""note"": ""old-only 老版变体（数值微调/活动/强化版），Zircon 无对应""}"	"{""Index"": 151, ""Name"": ""角蝇80"", ""Appr"": 103, ""Race"": 43, ""RaceImg"": 73, ""Level"": 30, ""HP"": 400, ""Exp"": 240, ""ACMin"": 4, ""ACMax"": 4, ""MAC"": 16, ""DCMin"": 6, ""DCMax"": 6, ""DropTable"": 0, ""tag"": ""old-only"", ""tag_note"": ""老版变体（数值微调/活动/强化版），Zircon 无对应""}"			"{""legacy"": {""appr"": 103, ""race"": 43, ""race_img"": 73, ""library_file"": ""Mon-10.wil"", ""frame"": 3040, ""note"": ""legacy Appr/frame convention from dat_integrate.py; not a Zircon MonsterImage shape""}, ""current"": null, ""status"": ""current-image-not-in-MonsterLookup""}"	legacy-atlas-old-only-no-automatic-map	True
152	巨象兽0	"{""index"": 152, ""name"": ""巨象兽0"", ""level"": ""52"", ""hp"": ""2760"", ""dc"": ""43-54"", ""exp"": ""1100"", ""tag"": ""old-only"", ""note"": ""old-only 老版变体（数值微调/活动/强化版），Zircon 无对应""}"	"{""Index"": 152, ""Name"": ""巨象兽0"", ""Appr"": 220, ""Race"": 19, ""RaceImg"": 158, ""Level"": 52, ""HP"": 2760, ""Exp"": 1100, ""ACMin"": 8, ""ACMax"": 8, ""MAC"": 13, ""DCMin"": 43, ""DCMax"": 54, ""DropTable"": 0, ""tag"": ""old-only"", ""tag_note"": ""老版变体（数值微调/活动/强化版），Zircon 无对应""}"			"{""legacy"": {""appr"": 220, ""race"": 19, ""race_img"": 158, ""library_file"": ""Mon-22.wil"", ""frame"": 40, ""note"": ""legacy Appr/frame convention from dat_integrate.py; not a Zircon MonsterImage shape""}, ""current"": null, ""status"": ""current-image-not-in-MonsterLookup""}"	legacy-atlas-old-only-no-automatic-map	True
153	巨型多角虫	"{""index"": 153, ""name"": ""巨型多角虫"", ""level"": ""70"", ""hp"": ""400"", ""dc"": ""16-55"", ""exp"": ""200"", ""tag"": ""unverified"", ""note"": ""unverified 未做全量名映射，有无 Zircon 对应待查""}"	"{""Index"": 153, ""Name"": ""巨型多角虫"", ""Appr"": 97, ""Race"": 19, ""RaceImg"": 64, ""Level"": 70, ""HP"": 400, ""Exp"": 200, ""ACMin"": 3, ""ACMax"": 3, ""MAC"": 7, ""DCMin"": 16, ""DCMax"": 55, ""DropTable"": 10, ""tag"": ""unverified"", ""tag_note"": ""未做全量名映射，有无 Zircon 对应待查""}"			"{""legacy"": {""appr"": 97, ""race"": 19, ""race_img"": 64, ""library_file"": ""Mon-9.wil"", ""frame"": 7040, ""note"": ""legacy Appr/frame convention from dat_integrate.py; not a Zircon MonsterImage shape""}, ""current"": null, ""status"": ""current-image-not-in-MonsterLookup""}"	legacy-atlas-unverified	True
154	聚宝箱1	"{""index"": 154, ""name"": ""聚宝箱1"", ""level"": ""99"", ""hp"": ""1"", ""dc"": ""0-0"", ""exp"": ""20"", ""tag"": ""old-only"", ""note"": ""old-only 老版变体（数值微调/活动/强化版），Zircon 无对应""}"	"{""Index"": 154, ""Name"": ""聚宝箱1"", ""Appr"": 209, ""Race"": 19, ""RaceImg"": 188, ""Level"": 99, ""HP"": 1, ""Exp"": 20, ""ACMin"": 0, ""ACMax"": 0, ""MAC"": 220, ""DCMin"": 0, ""DCMax"": 0, ""DropTable"": 0, ""tag"": ""old-only"", ""tag_note"": ""老版变体（数值微调/活动/强化版），Zircon 无对应""}"			"{""legacy"": {""appr"": 209, ""race"": 19, ""race_img"": 188, ""library_file"": ""Mon-20.wil"", ""frame"": 9040, ""note"": ""legacy Appr/frame convention from dat_integrate.py; not a Zircon MonsterImage shape""}, ""current"": null, ""status"": ""current-image-not-in-MonsterLookup""}"	legacy-atlas-old-only-no-automatic-map	True
155	聚宝箱2	"{""index"": 155, ""name"": ""聚宝箱2"", ""level"": ""99"", ""hp"": ""1"", ""dc"": ""0-0"", ""exp"": ""30"", ""tag"": ""old-only"", ""note"": ""old-only 老版变体（数值微调/活动/强化版），Zircon 无对应""}"	"{""Index"": 155, ""Name"": ""聚宝箱2"", ""Appr"": 199, ""Race"": 19, ""RaceImg"": 188, ""Level"": 99, ""HP"": 1, ""Exp"": 30, ""ACMin"": 0, ""ACMax"": 0, ""MAC"": 220, ""DCMin"": 0, ""DCMax"": 0, ""DropTable"": 0, ""tag"": ""old-only"", ""tag_note"": ""老版变体（数值微调/活动/强化版），Zircon 无对应""}"			"{""legacy"": {""appr"": 199, ""race"": 19, ""race_img"": 188, ""library_file"": ""Mon-19.wil"", ""frame"": 9040, ""note"": ""legacy Appr/frame convention from dat_integrate.py; not a Zircon MonsterImage shape""}, ""current"": null, ""status"": ""current-image-not-in-MonsterLookup""}"	legacy-atlas-old-only-no-automatic-map	True
156	聚宝箱3	"{""index"": 156, ""name"": ""聚宝箱3"", ""level"": ""99"", ""hp"": ""1"", ""dc"": ""0-0"", ""exp"": ""50"", ""tag"": ""old-only"", ""note"": ""old-only 老版变体（数值微调/活动/强化版），Zircon 无对应""}"	"{""Index"": 156, ""Name"": ""聚宝箱3"", ""Appr"": 199, ""Race"": 19, ""RaceImg"": 188, ""Level"": 99, ""HP"": 1, ""Exp"": 50, ""ACMin"": 0, ""ACMax"": 0, ""MAC"": 220, ""DCMin"": 0, ""DCMax"": 0, ""DropTable"": 0, ""tag"": ""old-only"", ""tag_note"": ""老版变体（数值微调/活动/强化版），Zircon 无对应""}"			"{""legacy"": {""appr"": 199, ""race"": 19, ""race_img"": 188, ""library_file"": ""Mon-19.wil"", ""frame"": 9040, ""note"": ""legacy Appr/frame convention from dat_integrate.py; not a Zircon MonsterImage shape""}, ""current"": null, ""status"": ""current-image-not-in-MonsterLookup""}"	legacy-atlas-old-only-no-automatic-map	True
157	聚宝箱4	"{""index"": 157, ""name"": ""聚宝箱4"", ""level"": ""99"", ""hp"": ""1"", ""dc"": ""0-0"", ""exp"": ""100"", ""tag"": ""old-only"", ""note"": ""old-only 老版变体（数值微调/活动/强化版），Zircon 无对应""}"	"{""Index"": 157, ""Name"": ""聚宝箱4"", ""Appr"": 199, ""Race"": 19, ""RaceImg"": 188, ""Level"": 99, ""HP"": 1, ""Exp"": 100, ""ACMin"": 0, ""ACMax"": 0, ""MAC"": 220, ""DCMin"": 0, ""DCMax"": 0, ""DropTable"": 0, ""tag"": ""old-only"", ""tag_note"": ""老版变体（数值微调/活动/强化版），Zircon 无对应""}"			"{""legacy"": {""appr"": 199, ""race"": 19, ""race_img"": 188, ""library_file"": ""Mon-19.wil"", ""frame"": 9040, ""note"": ""legacy Appr/frame convention from dat_integrate.py; not a Zircon MonsterImage shape""}, ""current"": null, ""status"": ""current-image-not-in-MonsterLookup""}"	legacy-atlas-old-only-no-automatic-map	True
158	聚宝箱5	"{""index"": 158, ""name"": ""聚宝箱5"", ""level"": ""99"", ""hp"": ""1"", ""dc"": ""0-0"", ""exp"": ""100"", ""tag"": ""old-only"", ""note"": ""old-only 老版变体（数值微调/活动/强化版），Zircon 无对应""}"	"{""Index"": 158, ""Name"": ""聚宝箱5"", ""Appr"": 199, ""Race"": 19, ""RaceImg"": 188, ""Level"": 99, ""HP"": 1, ""Exp"": 100, ""ACMin"": 0, ""ACMax"": 0, ""MAC"": 220, ""DCMin"": 0, ""DCMax"": 0, ""DropTable"": 0, ""tag"": ""old-only"", ""tag_note"": ""老版变体（数值微调/活动/强化版），Zircon 无对应""}"			"{""legacy"": {""appr"": 199, ""race"": 19, ""race_img"": 188, ""library_file"": ""Mon-19.wil"", ""frame"": 9040, ""note"": ""legacy Appr/frame convention from dat_integrate.py; not a Zircon MonsterImage shape""}, ""current"": null, ""status"": ""current-image-not-in-MonsterLookup""}"	legacy-atlas-old-only-no-automatic-map	True
159	骷髅	"{""index"": 159, ""name"": ""骷髅"", ""level"": ""18"", ""hp"": ""100"", ""dc"": ""8-16"", ""exp"": ""100"", ""tag"": ""old-only"", ""note"": ""old-only 老版 lvl=18/HP 100；Zircon Skeleton 系重排为高等级模板""}"	"{""Index"": 159, ""Name"": ""骷髅"", ""Appr"": 86, ""Race"": 14, ""RaceImg"": 32, ""Level"": 18, ""HP"": 100, ""Exp"": 100, ""ACMin"": 0, ""ACMax"": 0, ""MAC"": 3, ""DCMin"": 8, ""DCMax"": 16, ""DropTable"": 0, ""tag"": ""old-only"", ""tag_note"": ""老版 lvl=18/HP 100；Zircon Skeleton 系重排为高等级模板""}"			"{""legacy"": {""appr"": 86, ""race"": 14, ""race_img"": 32, ""library_file"": ""Mon-8.wil"", ""frame"": 6040, ""note"": ""legacy Appr/frame convention from dat_integrate.py; not a Zircon MonsterImage shape""}, ""current"": null, ""status"": ""current-image-not-in-MonsterLookup""}"	legacy-atlas-old-only-no-automatic-map	True
160	骷髅0	"{""index"": 160, ""name"": ""骷髅0"", ""level"": ""18"", ""hp"": ""100"", ""dc"": ""8-16"", ""exp"": ""100"", ""tag"": ""old-only"", ""note"": ""old-only 老版变体（数值微调/活动/强化版），Zircon 无对应""}"	"{""Index"": 160, ""Name"": ""骷髅0"", ""Appr"": 86, ""Race"": 14, ""RaceImg"": 32, ""Level"": 18, ""HP"": 100, ""Exp"": 100, ""ACMin"": 0, ""ACMax"": 0, ""MAC"": 3, ""DCMin"": 8, ""DCMax"": 16, ""DropTable"": 0, ""tag"": ""old-only"", ""tag_note"": ""老版变体（数值微调/活动/强化版），Zircon 无对应""}"			"{""legacy"": {""appr"": 86, ""race"": 14, ""race_img"": 32, ""library_file"": ""Mon-8.wil"", ""frame"": 6040, ""note"": ""legacy Appr/frame convention from dat_integrate.py; not a Zircon MonsterImage shape""}, ""current"": null, ""status"": ""current-image-not-in-MonsterLookup""}"	legacy-atlas-old-only-no-automatic-map	True
161	骷髅61	"{""index"": 161, ""name"": ""骷髅61"", ""level"": ""18"", ""hp"": ""1"", ""dc"": ""8-16"", ""exp"": ""100"", ""tag"": ""old-only"", ""note"": ""old-only 老版变体（数值微调/活动/强化版），Zircon 无对应""}"	"{""Index"": 161, ""Name"": ""骷髅61"", ""Appr"": 86, ""Race"": 14, ""RaceImg"": 32, ""Level"": 18, ""HP"": 1, ""Exp"": 100, ""ACMin"": 1, ""ACMax"": 1, ""MAC"": 3, ""DCMin"": 8, ""DCMax"": 16, ""DropTable"": 0, ""tag"": ""old-only"", ""tag_note"": ""老版变体（数值微调/活动/强化版），Zircon 无对应""}"			"{""legacy"": {""appr"": 86, ""race"": 14, ""race_img"": 32, ""library_file"": ""Mon-8.wil"", ""frame"": 6040, ""note"": ""legacy Appr/frame convention from dat_integrate.py; not a Zircon MonsterImage shape""}, ""current"": null, ""status"": ""current-image-not-in-MonsterLookup""}"	legacy-atlas-old-only-no-automatic-map	True
162	骷髅9	"{""index"": 162, ""name"": ""骷髅9"", ""level"": ""99"", ""hp"": ""100"", ""dc"": ""44-88"", ""exp"": ""1000"", ""tag"": ""old-only"", ""note"": ""old-only 老版变体（数值微调/活动/强化版），Zircon 无对应""}"	"{""Index"": 162, ""Name"": ""骷髅9"", ""Appr"": 86, ""Race"": 14, ""RaceImg"": 32, ""Level"": 99, ""HP"": 100, ""Exp"": 1000, ""ACMin"": 2, ""ACMax"": 2, ""MAC"": 4, ""DCMin"": 44, ""DCMax"": 88, ""DropTable"": 0, ""tag"": ""old-only"", ""tag_note"": ""老版变体（数值微调/活动/强化版），Zircon 无对应""}"			"{""legacy"": {""appr"": 86, ""race"": 14, ""race_img"": 32, ""library_file"": ""Mon-8.wil"", ""frame"": 6040, ""note"": ""legacy Appr/frame convention from dat_integrate.py; not a Zircon MonsterImage shape""}, ""current"": null, ""status"": ""current-image-not-in-MonsterLookup""}"	legacy-atlas-old-only-no-automatic-map	True
163	骷髅弓箭手	"{""index"": 163, ""name"": ""骷髅弓箭手"", ""level"": ""30"", ""hp"": ""1410"", ""dc"": ""25-36"", ""exp"": ""250"", ""tag"": ""old-only"", ""note"": ""old-only 老版 lvl=18/HP 100；Zircon Skeleton 系重排为高等级模板""}"	"{""Index"": 163, ""Name"": ""骷髅弓箭手"", ""Appr"": 104, ""Race"": 45, ""RaceImg"": 144, ""Level"": 30, ""HP"": 1410, ""Exp"": 250, ""ACMin"": 0, ""ACMax"": 0, ""MAC"": 7, ""DCMin"": 25, ""DCMax"": 36, ""DropTable"": 0, ""tag"": ""old-only"", ""tag_note"": ""老版 lvl=18/HP 100；Zircon Skeleton 系重排为高等级模板""}"			"{""legacy"": {""appr"": 104, ""race"": 45, ""race_img"": 144, ""library_file"": ""Mon-10.wil"", ""frame"": 4040, ""note"": ""legacy Appr/frame convention from dat_integrate.py; not a Zircon MonsterImage shape""}, ""current"": null, ""status"": ""current-image-not-in-MonsterLookup""}"	legacy-atlas-old-only-no-automatic-map	True
164	骷髅弓箭手0	"{""index"": 164, ""name"": ""骷髅弓箭手0"", ""level"": ""30"", ""hp"": ""1410"", ""dc"": ""25-36"", ""exp"": ""250"", ""tag"": ""old-only"", ""note"": ""old-only 老版变体（数值微调/活动/强化版），Zircon 无对应""}"	"{""Index"": 164, ""Name"": ""骷髅弓箭手0"", ""Appr"": 104, ""Race"": 45, ""RaceImg"": 144, ""Level"": 30, ""HP"": 1410, ""Exp"": 250, ""ACMin"": 0, ""ACMax"": 0, ""MAC"": 7, ""DCMin"": 25, ""DCMax"": 36, ""DropTable"": 0, ""tag"": ""old-only"", ""tag_note"": ""老版变体（数值微调/活动/强化版），Zircon 无对应""}"			"{""legacy"": {""appr"": 104, ""race"": 45, ""race_img"": 144, ""library_file"": ""Mon-10.wil"", ""frame"": 4040, ""note"": ""legacy Appr/frame convention from dat_integrate.py; not a Zircon MonsterImage shape""}, ""current"": null, ""status"": ""current-image-not-in-MonsterLookup""}"	legacy-atlas-old-only-no-automatic-map	True
165	骷髅教主	"{""index"": 165, ""name"": ""骷髅教主"", ""level"": ""91"", ""hp"": ""10000"", ""dc"": ""121-187"", ""exp"": ""7500"", ""tag"": ""changed"", ""note"": ""changed → Arch Lich Taedu (id=121)""}"	"{""Index"": 165, ""Name"": ""骷髅教主"", ""Appr"": 225, ""Race"": 19, ""RaceImg"": 141, ""Level"": 91, ""HP"": 10000, ""Exp"": 7500, ""ACMin"": 44, ""ACMax"": 44, ""MAC"": 100, ""DCMin"": 121, ""DCMax"": 187, ""DropTable"": 10, ""tag"": ""changed"", ""tag_note"": ""→ Arch Lich Taedu (id=121)""}"	"{""index"": 121, ""name"": ""Arch Lich Taedu"", ""image"": ""ArchLichTaedu"", ""level"": 250, ""is_boss"": true, ""stats"": {""Health"": 15000, ""MinAC"": 48, ""MaxAC"": 48, ""MinMR"": 55, ""MaxMR"": 55, ""MinDC"": 225, ""MaxDC"": 330, ""Accuracy"": 40, ""Agility"": 48}}"	"{""id"": 121, ""name"": ""Arch Lich Taedu"", ""level"": 250, ""stats"": ""性：生命 +15000 · 物防 48-48 · 魔防 55-55 · 物攻 225-330 · 命中 +40 · 敏捷 +48 · 火抗 +2 · 冰抗 +5 · 雷抗 +4 · 风抗 +3 · 神圣抗性 +5 · 暗黑抗性 +5 · 幻影抗性 +2 · 火亲和 +1"", ""feat"": ""征：Boss、亡灵、可推动 · 视野 10 · 攻击间隔 900ms · 经验 370500""}"	"{""legacy"": {""appr"": 225, ""race"": 19, ""race_img"": 141, ""library_file"": ""Mon-22.wil"", ""frame"": 5040, ""note"": ""legacy Appr/frame convention from dat_integrate.py; not a Zircon MonsterImage shape""}, ""current"": {""monster_image"": ""ArchLichTaedu"", ""enum_value"": 151, ""library_file"": ""Mon_15"", ""shape"": 1}, ""status"": ""resolved""}"	legacy-atlas-changed-confirmed	True
166	骷髅精灵	"{""index"": 166, ""name"": ""骷髅精灵"", ""level"": ""72"", ""hp"": ""1000"", ""dc"": ""27-55"", ""exp"": ""500"", ""tag"": ""old-only"", ""note"": ""old-only 老版 lvl=18/HP 100；Zircon Skeleton 系重排为高等级模板""}"	"{""Index"": 166, ""Name"": ""骷髅精灵"", ""Appr"": 97, ""Race"": 14, ""RaceImg"": 36, ""Level"": 72, ""HP"": 1000, ""Exp"": 500, ""ACMin"": 5, ""ACMax"": 5, ""MAC"": 9, ""DCMin"": 27, ""DCMax"": 55, ""DropTable"": 10, ""tag"": ""old-only"", ""tag_note"": ""老版 lvl=18/HP 100；Zircon Skeleton 系重排为高等级模板""}"			"{""legacy"": {""appr"": 97, ""race"": 14, ""race_img"": 36, ""library_file"": ""Mon-9.wil"", ""frame"": 7040, ""note"": ""legacy Appr/frame convention from dat_integrate.py; not a Zircon MonsterImage shape""}, ""current"": null, ""status"": ""current-image-not-in-MonsterLookup""}"	legacy-atlas-old-only-no-automatic-map	True
167	骷髅精灵61	"{""index"": 167, ""name"": ""骷髅精灵61"", ""level"": ""72"", ""hp"": ""1"", ""dc"": ""6-27"", ""exp"": ""500"", ""tag"": ""old-only"", ""note"": ""old-only 老版变体（数值微调/活动/强化版），Zircon 无对应""}"	"{""Index"": 167, ""Name"": ""骷髅精灵61"", ""Appr"": 89, ""Race"": 14, ""RaceImg"": 36, ""Level"": 72, ""HP"": 1, ""Exp"": 500, ""ACMin"": 5, ""ACMax"": 5, ""MAC"": 9, ""DCMin"": 6, ""DCMax"": 27, ""DropTable"": 0, ""tag"": ""old-only"", ""tag_note"": ""老版变体（数值微调/活动/强化版），Zircon 无对应""}"			"{""legacy"": {""appr"": 89, ""race"": 14, ""race_img"": 36, ""library_file"": ""Mon-8.wil"", ""frame"": 9040, ""note"": ""legacy Appr/frame convention from dat_integrate.py; not a Zircon MonsterImage shape""}, ""current"": null, ""status"": ""current-image-not-in-MonsterLookup""}"	legacy-atlas-old-only-no-automatic-map	True
168	骷髅精灵62	"{""index"": 168, ""name"": ""骷髅精灵62"", ""level"": ""72"", ""hp"": ""1"", ""dc"": ""6-27"", ""exp"": ""500"", ""tag"": ""old-only"", ""note"": ""old-only 老版变体（数值微调/活动/强化版），Zircon 无对应""}"	"{""Index"": 168, ""Name"": ""骷髅精灵62"", ""Appr"": 89, ""Race"": 14, ""RaceImg"": 36, ""Level"": 72, ""HP"": 1, ""Exp"": 500, ""ACMin"": 5, ""ACMax"": 5, ""MAC"": 9, ""DCMin"": 6, ""DCMax"": 27, ""DropTable"": 0, ""tag"": ""old-only"", ""tag_note"": ""老版变体（数值微调/活动/强化版），Zircon 无对应""}"			"{""legacy"": {""appr"": 89, ""race"": 14, ""race_img"": 36, ""library_file"": ""Mon-8.wil"", ""frame"": 9040, ""note"": ""legacy Appr/frame convention from dat_integrate.py; not a Zircon MonsterImage shape""}, ""current"": null, ""status"": ""current-image-not-in-MonsterLookup""}"	legacy-atlas-old-only-no-automatic-map	True
169	骷髅精灵9	"{""index"": 169, ""name"": ""骷髅精灵9"", ""level"": ""99"", ""hp"": ""1000"", ""dc"": ""82-165"", ""exp"": ""5000"", ""tag"": ""old-only"", ""note"": ""old-only 老版变体（数值微调/活动/强化版），Zircon 无对应""}"	"{""Index"": 169, ""Name"": ""骷髅精灵9"", ""Appr"": 97, ""Race"": 14, ""RaceImg"": 36, ""Level"": 99, ""HP"": 1000, ""Exp"": 5000, ""ACMin"": 5, ""ACMax"": 5, ""MAC"": 9, ""DCMin"": 82, ""DCMax"": 165, ""DropTable"": 10, ""tag"": ""old-only"", ""tag_note"": ""老版变体（数值微调/活动/强化版），Zircon 无对应""}"			"{""legacy"": {""appr"": 97, ""race"": 14, ""race_img"": 36, ""library_file"": ""Mon-9.wil"", ""frame"": 7040, ""note"": ""legacy Appr/frame convention from dat_integrate.py; not a Zircon MonsterImage shape""}, ""current"": null, ""status"": ""current-image-not-in-MonsterLookup""}"	legacy-atlas-old-only-no-automatic-map	True
170	骷髅士兵	"{""index"": 170, ""name"": ""骷髅士兵"", ""level"": ""30"", ""hp"": ""1390"", ""dc"": ""24-37"", ""exp"": ""230"", ""tag"": ""old-only"", ""note"": ""old-only 老版 lvl=18/HP 100；Zircon Skeleton 系重排为高等级模板""}"	"{""Index"": 170, ""Name"": ""骷髅士兵"", ""Appr"": 118, ""Race"": 19, ""RaceImg"": 142, ""Level"": 30, ""HP"": 1390, ""Exp"": 230, ""ACMin"": 0, ""ACMax"": 0, ""MAC"": 7, ""DCMin"": 24, ""DCMax"": 37, ""DropTable"": 0, ""tag"": ""old-only"", ""tag_note"": ""老版 lvl=18/HP 100；Zircon Skeleton 系重排为高等级模板""}"			"{""legacy"": {""appr"": 118, ""race"": 19, ""race_img"": 142, ""library_file"": ""Mon-11.wil"", ""frame"": 8040, ""note"": ""legacy Appr/frame convention from dat_integrate.py; not a Zircon MonsterImage shape""}, ""current"": null, ""status"": ""current-image-not-in-MonsterLookup""}"	legacy-atlas-old-only-no-automatic-map	True
171	骷髅士兵0	"{""index"": 171, ""name"": ""骷髅士兵0"", ""level"": ""30"", ""hp"": ""1390"", ""dc"": ""24-37"", ""exp"": ""230"", ""tag"": ""old-only"", ""note"": ""old-only 老版变体（数值微调/活动/强化版），Zircon 无对应""}"	"{""Index"": 171, ""Name"": ""骷髅士兵0"", ""Appr"": 118, ""Race"": 19, ""RaceImg"": 142, ""Level"": 30, ""HP"": 1390, ""Exp"": 230, ""ACMin"": 0, ""ACMax"": 0, ""MAC"": 7, ""DCMin"": 24, ""DCMax"": 37, ""DropTable"": 0, ""tag"": ""old-only"", ""tag_note"": ""老版变体（数值微调/活动/强化版），Zircon 无对应""}"			"{""legacy"": {""appr"": 118, ""race"": 19, ""race_img"": 142, ""library_file"": ""Mon-11.wil"", ""frame"": 8040, ""note"": ""legacy Appr/frame convention from dat_integrate.py; not a Zircon MonsterImage shape""}, ""current"": null, ""status"": ""current-image-not-in-MonsterLookup""}"	legacy-atlas-old-only-no-automatic-map	True
172	骷髅武将	"{""index"": 172, ""name"": ""骷髅武将"", ""level"": ""30"", ""hp"": ""1730"", ""dc"": ""24-42"", ""exp"": ""270"", ""tag"": ""old-only"", ""note"": ""old-only 老版 lvl=18/HP 100；Zircon Skeleton 系重排为高等级模板""}"	"{""Index"": 172, ""Name"": ""骷髅武将"", ""Appr"": 81, ""Race"": 19, ""RaceImg"": 140, ""Level"": 30, ""HP"": 1730, ""Exp"": 270, ""ACMin"": 0, ""ACMax"": 0, ""MAC"": 7, ""DCMin"": 24, ""DCMax"": 42, ""DropTable"": 0, ""tag"": ""old-only"", ""tag_note"": ""老版 lvl=18/HP 100；Zircon Skeleton 系重排为高等级模板""}"			"{""legacy"": {""appr"": 81, ""race"": 19, ""race_img"": 140, ""library_file"": ""Mon-8.wil"", ""frame"": 1040, ""note"": ""legacy Appr/frame convention from dat_integrate.py; not a Zircon MonsterImage shape""}, ""current"": null, ""status"": ""current-image-not-in-MonsterLookup""}"	legacy-atlas-old-only-no-automatic-map	True
173	骷髅武将0	"{""index"": 173, ""name"": ""骷髅武将0"", ""level"": ""30"", ""hp"": ""1730"", ""dc"": ""24-42"", ""exp"": ""270"", ""tag"": ""old-only"", ""note"": ""old-only 老版变体（数值微调/活动/强化版），Zircon 无对应""}"	"{""Index"": 173, ""Name"": ""骷髅武将0"", ""Appr"": 81, ""Race"": 19, ""RaceImg"": 140, ""Level"": 30, ""HP"": 1730, ""Exp"": 270, ""ACMin"": 0, ""ACMax"": 0, ""MAC"": 7, ""DCMin"": 24, ""DCMax"": 42, ""DropTable"": 0, ""tag"": ""old-only"", ""tag_note"": ""老版变体（数值微调/活动/强化版），Zircon 无对应""}"			"{""legacy"": {""appr"": 81, ""race"": 19, ""race_img"": 140, ""library_file"": ""Mon-8.wil"", ""frame"": 1040, ""note"": ""legacy Appr/frame convention from dat_integrate.py; not a Zircon MonsterImage shape""}, ""current"": null, ""status"": ""current-image-not-in-MonsterLookup""}"	legacy-atlas-old-only-no-automatic-map	True
174	骷髅武士	"{""index"": 174, ""name"": ""骷髅武士"", ""level"": ""30"", ""hp"": ""1370"", ""dc"": ""24-37"", ""exp"": ""210"", ""tag"": ""old-only"", ""note"": ""old-only 老版 lvl=18/HP 100；Zircon Skeleton 系重排为高等级模板""}"	"{""Index"": 174, ""Name"": ""骷髅武士"", ""Appr"": 81, ""Race"": 19, ""RaceImg"": 143, ""Level"": 30, ""HP"": 1370, ""Exp"": 210, ""ACMin"": 0, ""ACMax"": 0, ""MAC"": 7, ""DCMin"": 24, ""DCMax"": 37, ""DropTable"": 0, ""tag"": ""old-only"", ""tag_note"": ""老版 lvl=18/HP 100；Zircon Skeleton 系重排为高等级模板""}"			"{""legacy"": {""appr"": 81, ""race"": 19, ""race_img"": 143, ""library_file"": ""Mon-8.wil"", ""frame"": 1040, ""note"": ""legacy Appr/frame convention from dat_integrate.py; not a Zircon MonsterImage shape""}, ""current"": null, ""status"": ""current-image-not-in-MonsterLookup""}"	legacy-atlas-old-only-no-automatic-map	True
175	骷髅武士0	"{""index"": 175, ""name"": ""骷髅武士0"", ""level"": ""30"", ""hp"": ""1370"", ""dc"": ""24-37"", ""exp"": ""210"", ""tag"": ""old-only"", ""note"": ""old-only 老版变体（数值微调/活动/强化版），Zircon 无对应""}"	"{""Index"": 175, ""Name"": ""骷髅武士0"", ""Appr"": 81, ""Race"": 19, ""RaceImg"": 143, ""Level"": 30, ""HP"": 1370, ""Exp"": 210, ""ACMin"": 0, ""ACMax"": 0, ""MAC"": 7, ""DCMin"": 24, ""DCMax"": 37, ""DropTable"": 0, ""tag"": ""old-only"", ""tag_note"": ""老版变体（数值微调/活动/强化版），Zircon 无对应""}"			"{""legacy"": {""appr"": 81, ""race"": 19, ""race_img"": 143, ""library_file"": ""Mon-8.wil"", ""frame"": 1040, ""note"": ""legacy Appr/frame convention from dat_integrate.py; not a Zircon MonsterImage shape""}, ""current"": null, ""status"": ""current-image-not-in-MonsterLookup""}"	legacy-atlas-old-only-no-automatic-map	True
176	骷髅战将	"{""index"": 176, ""name"": ""骷髅战将"", ""level"": ""18"", ""hp"": ""110"", ""dc"": ""8-18"", ""exp"": ""110"", ""tag"": ""old-only"", ""note"": ""old-only 老版 lvl=18/HP 100；Zircon Skeleton 系重排为高等级模板""}"	"{""Index"": 176, ""Name"": ""骷髅战将"", ""Appr"": 89, ""Race"": 14, ""RaceImg"": 35, ""Level"": 18, ""HP"": 110, ""Exp"": 110, ""ACMin"": 0, ""ACMax"": 0, ""MAC"": 3, ""DCMin"": 8, ""DCMax"": 18, ""DropTable"": 0, ""tag"": ""old-only"", ""tag_note"": ""老版 lvl=18/HP 100；Zircon Skeleton 系重排为高等级模板""}"			"{""legacy"": {""appr"": 89, ""race"": 14, ""race_img"": 35, ""library_file"": ""Mon-8.wil"", ""frame"": 9040, ""note"": ""legacy Appr/frame convention from dat_integrate.py; not a Zircon MonsterImage shape""}, ""current"": null, ""status"": ""current-image-not-in-MonsterLookup""}"	legacy-atlas-old-only-no-automatic-map	True
177	骷髅战将0	"{""index"": 177, ""name"": ""骷髅战将0"", ""level"": ""18"", ""hp"": ""110"", ""dc"": ""8-18"", ""exp"": ""110"", ""tag"": ""old-only"", ""note"": ""old-only 老版变体（数值微调/活动/强化版），Zircon 无对应""}"	"{""Index"": 177, ""Name"": ""骷髅战将0"", ""Appr"": 89, ""Race"": 14, ""RaceImg"": 35, ""Level"": 18, ""HP"": 110, ""Exp"": 110, ""ACMin"": 0, ""ACMax"": 0, ""MAC"": 3, ""DCMin"": 8, ""DCMax"": 18, ""DropTable"": 0, ""tag"": ""old-only"", ""tag_note"": ""老版变体（数值微调/活动/强化版），Zircon 无对应""}"			"{""legacy"": {""appr"": 89, ""race"": 14, ""race_img"": 35, ""library_file"": ""Mon-8.wil"", ""frame"": 9040, ""note"": ""legacy Appr/frame convention from dat_integrate.py; not a Zircon MonsterImage shape""}, ""current"": null, ""status"": ""current-image-not-in-MonsterLookup""}"	legacy-atlas-old-only-no-automatic-map	True
178	骷髅战将61	"{""index"": 178, ""name"": ""骷髅战将61"", ""level"": ""18"", ""hp"": ""1"", ""dc"": ""8-18"", ""exp"": ""110"", ""tag"": ""old-only"", ""note"": ""old-only 老版变体（数值微调/活动/强化版），Zircon 无对应""}"	"{""Index"": 178, ""Name"": ""骷髅战将61"", ""Appr"": 89, ""Race"": 14, ""RaceImg"": 35, ""Level"": 18, ""HP"": 1, ""Exp"": 110, ""ACMin"": 1, ""ACMax"": 1, ""MAC"": 3, ""DCMin"": 8, ""DCMax"": 18, ""DropTable"": 0, ""tag"": ""old-only"", ""tag_note"": ""老版变体（数值微调/活动/强化版），Zircon 无对应""}"			"{""legacy"": {""appr"": 89, ""race"": 14, ""race_img"": 35, ""library_file"": ""Mon-8.wil"", ""frame"": 9040, ""note"": ""legacy Appr/frame convention from dat_integrate.py; not a Zircon MonsterImage shape""}, ""current"": null, ""status"": ""current-image-not-in-MonsterLookup""}"	legacy-atlas-old-only-no-automatic-map	True
179	骷髅战将9	"{""index"": 179, ""name"": ""骷髅战将9"", ""level"": ""99"", ""hp"": ""110"", ""dc"": ""44-99"", ""exp"": ""1100"", ""tag"": ""old-only"", ""note"": ""old-only 老版变体（数值微调/活动/强化版），Zircon 无对应""}"	"{""Index"": 179, ""Name"": ""骷髅战将9"", ""Appr"": 89, ""Race"": 14, ""RaceImg"": 35, ""Level"": 99, ""HP"": 110, ""Exp"": 1100, ""ACMin"": 2, ""ACMax"": 2, ""MAC"": 4, ""DCMin"": 44, ""DCMax"": 99, ""DropTable"": 0, ""tag"": ""old-only"", ""tag_note"": ""老版变体（数值微调/活动/强化版），Zircon 无对应""}"			"{""legacy"": {""appr"": 89, ""race"": 14, ""race_img"": 35, ""library_file"": ""Mon-8.wil"", ""frame"": 9040, ""note"": ""legacy Appr/frame convention from dat_integrate.py; not a Zircon MonsterImage shape""}, ""current"": null, ""status"": ""current-image-not-in-MonsterLookup""}"	legacy-atlas-old-only-no-automatic-map	True
180	骷髅战士	"{""index"": 180, ""name"": ""骷髅战士"", ""level"": ""18"", ""hp"": ""105"", ""dc"": ""8-17"", ""exp"": ""105"", ""tag"": ""old-only"", ""note"": ""old-only 老版 lvl=18/HP 100；Zircon Skeleton 系重排为高等级模板""}"	"{""Index"": 180, ""Name"": ""骷髅战士"", ""Appr"": 88, ""Race"": 14, ""RaceImg"": 34, ""Level"": 18, ""HP"": 105, ""Exp"": 105, ""ACMin"": 0, ""ACMax"": 0, ""MAC"": 3, ""DCMin"": 8, ""DCMax"": 17, ""DropTable"": 0, ""tag"": ""old-only"", ""tag_note"": ""老版 lvl=18/HP 100；Zircon Skeleton 系重排为高等级模板""}"			"{""legacy"": {""appr"": 88, ""race"": 14, ""race_img"": 34, ""library_file"": ""Mon-8.wil"", ""frame"": 8040, ""note"": ""legacy Appr/frame convention from dat_integrate.py; not a Zircon MonsterImage shape""}, ""current"": null, ""status"": ""current-image-not-in-MonsterLookup""}"	legacy-atlas-old-only-no-automatic-map	True
181	骷髅战士0	"{""index"": 181, ""name"": ""骷髅战士0"", ""level"": ""18"", ""hp"": ""105"", ""dc"": ""8-17"", ""exp"": ""105"", ""tag"": ""old-only"", ""note"": ""old-only 老版变体（数值微调/活动/强化版），Zircon 无对应""}"	"{""Index"": 181, ""Name"": ""骷髅战士0"", ""Appr"": 88, ""Race"": 14, ""RaceImg"": 34, ""Level"": 18, ""HP"": 105, ""Exp"": 105, ""ACMin"": 0, ""ACMax"": 0, ""MAC"": 3, ""DCMin"": 8, ""DCMax"": 17, ""DropTable"": 0, ""tag"": ""old-only"", ""tag_note"": ""老版变体（数值微调/活动/强化版），Zircon 无对应""}"			"{""legacy"": {""appr"": 88, ""race"": 14, ""race_img"": 34, ""library_file"": ""Mon-8.wil"", ""frame"": 8040, ""note"": ""legacy Appr/frame convention from dat_integrate.py; not a Zircon MonsterImage shape""}, ""current"": null, ""status"": ""current-image-not-in-MonsterLookup""}"	legacy-atlas-old-only-no-automatic-map	True
182	骷髅战士61	"{""index"": 182, ""name"": ""骷髅战士61"", ""level"": ""18"", ""hp"": ""1"", ""dc"": ""8-17"", ""exp"": ""105"", ""tag"": ""old-only"", ""note"": ""old-only 老版变体（数值微调/活动/强化版），Zircon 无对应""}"	"{""Index"": 182, ""Name"": ""骷髅战士61"", ""Appr"": 88, ""Race"": 14, ""RaceImg"": 34, ""Level"": 18, ""HP"": 1, ""Exp"": 105, ""ACMin"": 1, ""ACMax"": 1, ""MAC"": 3, ""DCMin"": 8, ""DCMax"": 17, ""DropTable"": 0, ""tag"": ""old-only"", ""tag_note"": ""老版变体（数值微调/活动/强化版），Zircon 无对应""}"			"{""legacy"": {""appr"": 88, ""race"": 14, ""race_img"": 34, ""library_file"": ""Mon-8.wil"", ""frame"": 8040, ""note"": ""legacy Appr/frame convention from dat_integrate.py; not a Zircon MonsterImage shape""}, ""current"": null, ""status"": ""current-image-not-in-MonsterLookup""}"	legacy-atlas-old-only-no-automatic-map	True
183	盔甲虫	"{""index"": 183, ""name"": ""盔甲虫"", ""level"": ""13"", ""hp"": ""35"", ""dc"": ""4-9"", ""exp"": ""35"", ""tag"": ""unverified"", ""note"": ""unverified 未做全量名映射，有无 Zircon 对应待查""}"	"{""Index"": 183, ""Name"": ""盔甲虫"", ""Appr"": 81, ""Race"": 19, ""RaceImg"": 60, ""Level"": 13, ""HP"": 35, ""Exp"": 35, ""ACMin"": 0, ""ACMax"": 0, ""MAC"": 1, ""DCMin"": 4, ""DCMax"": 9, ""DropTable"": 0, ""tag"": ""unverified"", ""tag_note"": ""未做全量名映射，有无 Zircon 对应待查""}"			"{""legacy"": {""appr"": 81, ""race"": 19, ""race_img"": 60, ""library_file"": ""Mon-8.wil"", ""frame"": 1040, ""note"": ""legacy Appr/frame convention from dat_integrate.py; not a Zircon MonsterImage shape""}, ""current"": null, ""status"": ""current-image-not-in-MonsterLookup""}"	legacy-atlas-unverified	True
184	盔甲虫0	"{""index"": 184, ""name"": ""盔甲虫0"", ""level"": ""13"", ""hp"": ""35"", ""dc"": ""4-9"", ""exp"": ""35"", ""tag"": ""old-only"", ""note"": ""old-only 老版变体（数值微调/活动/强化版），Zircon 无对应""}"	"{""Index"": 184, ""Name"": ""盔甲虫0"", ""Appr"": 81, ""Race"": 19, ""RaceImg"": 60, ""Level"": 13, ""HP"": 35, ""Exp"": 35, ""ACMin"": 0, ""ACMax"": 0, ""MAC"": 1, ""DCMin"": 4, ""DCMax"": 9, ""DropTable"": 0, ""tag"": ""old-only"", ""tag_note"": ""老版变体（数值微调/活动/强化版），Zircon 无对应""}"			"{""legacy"": {""appr"": 81, ""race"": 19, ""race_img"": 60, ""library_file"": ""Mon-8.wil"", ""frame"": 1040, ""note"": ""legacy Appr/frame convention from dat_integrate.py; not a Zircon MonsterImage shape""}, ""current"": null, ""status"": ""current-image-not-in-MonsterLookup""}"	legacy-atlas-old-only-no-automatic-map	True
185	盔甲蚂蚁	"{""index"": 185, ""name"": ""盔甲蚂蚁"", ""level"": ""25"", ""hp"": ""340"", ""dc"": ""15-29"", ""exp"": ""260"", ""tag"": ""unverified"", ""note"": ""unverified 未做全量名映射，有无 Zircon 对应待查""}"	"{""Index"": 185, ""Name"": ""盔甲蚂蚁"", ""Appr"": 81, ""Race"": 19, ""RaceImg"": 8, ""Level"": 25, ""HP"": 340, ""Exp"": 260, ""ACMin"": 0, ""ACMax"": 0, ""MAC"": 6, ""DCMin"": 15, ""DCMax"": 29, ""DropTable"": 0, ""tag"": ""unverified"", ""tag_note"": ""未做全量名映射，有无 Zircon 对应待查""}"			"{""legacy"": {""appr"": 81, ""race"": 19, ""race_img"": 8, ""library_file"": ""Mon-8.wil"", ""frame"": 1040, ""note"": ""legacy Appr/frame convention from dat_integrate.py; not a Zircon MonsterImage shape""}, ""current"": null, ""status"": ""current-image-not-in-MonsterLookup""}"	legacy-atlas-unverified	True
186	夜行鬼09	"{""index"": 186, ""name"": ""夜行鬼09"", ""level"": ""10"", ""hp"": ""20"", ""dc"": ""2-7"", ""exp"": ""20"", ""tag"": ""old-only"", ""note"": ""old-only 老版变体（数值微调/活动/强化版），Zircon 无对应""}"	"{""Index"": 186, ""Name"": ""夜行鬼09"", ""Appr"": 81, ""Race"": 19, ""RaceImg"": 1, ""Level"": 10, ""HP"": 20, ""Exp"": 20, ""ACMin"": 0, ""ACMax"": 0, ""MAC"": 0, ""DCMin"": 2, ""DCMax"": 7, ""DropTable"": 0, ""tag"": ""old-only"", ""tag_note"": ""老版变体（数值微调/活动/强化版），Zircon 无对应""}"			"{""legacy"": {""appr"": 81, ""race"": 19, ""race_img"": 1, ""library_file"": ""Mon-8.wil"", ""frame"": 1040, ""note"": ""legacy Appr/frame convention from dat_integrate.py; not a Zircon MonsterImage shape""}, ""current"": null, ""status"": ""current-image-not-in-MonsterLookup""}"	legacy-atlas-old-only-no-automatic-map	True
187	异界之门	"{""index"": 187, ""name"": ""异界之门"", ""level"": ""100"", ""hp"": ""0"", ""dc"": ""0-0"", ""exp"": ""9999"", ""tag"": ""unverified"", ""note"": ""unverified 未做全量名映射，有无 Zircon 对应待查""}"	"{""Index"": 187, ""Name"": ""异界之门"", ""Appr"": 227, ""Race"": 19, ""RaceImg"": 5, ""Level"": 100, ""HP"": 0, ""Exp"": 9999, ""ACMin"": 999, ""ACMax"": 999, ""MAC"": 999, ""DCMin"": 0, ""DCMax"": 0, ""DropTable"": 0, ""tag"": ""unverified"", ""tag_note"": ""未做全量名映射，有无 Zircon 对应待查""}"			"{""legacy"": {""appr"": 227, ""race"": 19, ""race_img"": 5, ""library_file"": ""Mon-22.wil"", ""frame"": 7040, ""note"": ""legacy Appr/frame convention from dat_integrate.py; not a Zircon MonsterImage shape""}, ""current"": null, ""status"": ""current-image-not-in-MonsterLookup""}"	legacy-atlas-unverified	True
188	猿猴战将	"{""index"": 188, ""name"": ""猿猴战将"", ""level"": ""45"", ""hp"": ""2210"", ""dc"": ""32-48"", ""exp"": ""700"", ""tag"": ""unverified"", ""note"": ""unverified 未做全量名映射，有无 Zircon 对应待查""}"	"{""Index"": 188, ""Name"": ""猿猴战将"", ""Appr"": 218, ""Race"": 19, ""RaceImg"": 155, ""Level"": 45, ""HP"": 2210, ""Exp"": 700, ""ACMin"": 4, ""ACMax"": 4, ""MAC"": 10, ""DCMin"": 32, ""DCMax"": 48, ""DropTable"": 0, ""tag"": ""unverified"", ""tag_note"": ""未做全量名映射，有无 Zircon 对应待查""}"			"{""legacy"": {""appr"": 218, ""race"": 19, ""race_img"": 155, ""library_file"": ""Mon-21.wil"", ""frame"": 8040, ""note"": ""legacy Appr/frame convention from dat_integrate.py; not a Zircon MonsterImage shape""}, ""current"": null, ""status"": ""current-image-not-in-MonsterLookup""}"	legacy-atlas-unverified	True
189	猿猴战将0	"{""index"": 189, ""name"": ""猿猴战将0"", ""level"": ""45"", ""hp"": ""2210"", ""dc"": ""32-48"", ""exp"": ""700"", ""tag"": ""old-only"", ""note"": ""old-only 老版变体（数值微调/活动/强化版），Zircon 无对应""}"	"{""Index"": 189, ""Name"": ""猿猴战将0"", ""Appr"": 218, ""Race"": 19, ""RaceImg"": 155, ""Level"": 45, ""HP"": 2210, ""Exp"": 700, ""ACMin"": 4, ""ACMax"": 4, ""MAC"": 10, ""DCMin"": 32, ""DCMax"": 48, ""DropTable"": 0, ""tag"": ""old-only"", ""tag_note"": ""老版变体（数值微调/活动/强化版），Zircon 无对应""}"			"{""legacy"": {""appr"": 218, ""race"": 19, ""race_img"": 155, ""library_file"": ""Mon-21.wil"", ""frame"": 8040, ""note"": ""legacy Appr/frame convention from dat_integrate.py; not a Zircon MonsterImage shape""}, ""current"": null, ""status"": ""current-image-not-in-MonsterLookup""}"	legacy-atlas-old-only-no-automatic-map	True
190	猿猴战士	"{""index"": 190, ""name"": ""猿猴战士"", ""level"": ""45"", ""hp"": ""2210"", ""dc"": ""32-48"", ""exp"": ""700"", ""tag"": ""unverified"", ""note"": ""unverified 未做全量名映射，有无 Zircon 对应待查""}"	"{""Index"": 190, ""Name"": ""猿猴战士"", ""Appr"": 217, ""Race"": 19, ""RaceImg"": 154, ""Level"": 45, ""HP"": 2210, ""Exp"": 700, ""ACMin"": 4, ""ACMax"": 4, ""MAC"": 10, ""DCMin"": 32, ""DCMax"": 48, ""DropTable"": 0, ""tag"": ""unverified"", ""tag_note"": ""未做全量名映射，有无 Zircon 对应待查""}"			"{""legacy"": {""appr"": 217, ""race"": 19, ""race_img"": 154, ""library_file"": ""Mon-21.wil"", ""frame"": 7040, ""note"": ""legacy Appr/frame convention from dat_integrate.py; not a Zircon MonsterImage shape""}, ""current"": null, ""status"": ""current-image-not-in-MonsterLookup""}"	legacy-atlas-unverified	True
191	猿猴战士0	"{""index"": 191, ""name"": ""猿猴战士0"", ""level"": ""45"", ""hp"": ""2210"", ""dc"": ""32-48"", ""exp"": ""700"", ""tag"": ""old-only"", ""note"": ""old-only 老版变体（数值微调/活动/强化版），Zircon 无对应""}"	"{""Index"": 191, ""Name"": ""猿猴战士0"", ""Appr"": 217, ""Race"": 19, ""RaceImg"": 154, ""Level"": 45, ""HP"": 2210, ""Exp"": 700, ""ACMin"": 4, ""ACMax"": 4, ""MAC"": 10, ""DCMin"": 32, ""DCMax"": 48, ""DropTable"": 0, ""tag"": ""old-only"", ""tag_note"": ""老版变体（数值微调/活动/强化版），Zircon 无对应""}"			"{""legacy"": {""appr"": 217, ""race"": 19, ""race_img"": 154, ""library_file"": ""Mon-21.wil"", ""frame"": 7040, ""note"": ""legacy Appr/frame convention from dat_integrate.py; not a Zircon MonsterImage shape""}, ""current"": null, ""status"": ""current-image-not-in-MonsterLookup""}"	legacy-atlas-old-only-no-automatic-map	True
192	月魔蜘蛛	"{""index"": 192, ""name"": ""月魔蜘蛛"", ""level"": ""35"", ""hp"": ""1500"", ""dc"": ""29-29"", ""exp"": ""340"", ""tag"": ""unverified"", ""note"": ""unverified 未做全量名映射，有无 Zircon 对应待查""}"	"{""Index"": 192, ""Name"": ""月魔蜘蛛"", ""Appr"": 105, ""Race"": 37, ""RaceImg"": 101, ""Level"": 35, ""HP"": 1500, ""Exp"": 340, ""ACMin"": 3, ""ACMax"": 3, ""MAC"": 8, ""DCMin"": 29, ""DCMax"": 29, ""DropTable"": 0, ""tag"": ""unverified"", ""tag_note"": ""未做全量名映射，有无 Zircon 对应待查""}"			"{""legacy"": {""appr"": 105, ""race"": 37, ""race_img"": 101, ""library_file"": ""Mon-10.wil"", ""frame"": 5040, ""note"": ""legacy Appr/frame convention from dat_integrate.py; not a Zircon MonsterImage shape""}, ""current"": null, ""status"": ""current-image-not-in-MonsterLookup""}"	legacy-atlas-unverified	True
193	震天魔神	"{""index"": 193, ""name"": ""震天魔神"", ""level"": ""95"", ""hp"": ""15000"", ""dc"": ""140-235"", ""exp"": ""11250"", ""tag"": ""unverified"", ""note"": ""unverified 未做全量名映射，有无 Zircon 对应待查""}"	"{""Index"": 193, ""Name"": ""震天魔神"", ""Appr"": 223, ""Race"": 19, ""RaceImg"": 164, ""Level"": 95, ""HP"": 15000, ""Exp"": 11250, ""ACMin"": 60, ""ACMax"": 60, ""MAC"": 108, ""DCMin"": 140, ""DCMax"": 235, ""DropTable"": 10, ""tag"": ""unverified"", ""tag_note"": ""未做全量名映射，有无 Zircon 对应待查""}"			"{""legacy"": {""appr"": 223, ""race"": 19, ""race_img"": 164, ""library_file"": ""Mon-22.wil"", ""frame"": 3040, ""note"": ""legacy Appr/frame convention from dat_integrate.py; not a Zircon MonsterImage shape""}, ""current"": null, ""status"": ""current-image-not-in-MonsterLookup""}"	legacy-atlas-unverified	True
194	震天神兵	"{""index"": 194, ""name"": ""震天神兵"", ""level"": ""95"", ""hp"": ""100000"", ""dc"": ""220-275"", ""exp"": ""11250"", ""tag"": ""unverified"", ""note"": ""unverified 未做全量名映射，有无 Zircon 对应待查""}"	"{""Index"": 194, ""Name"": ""震天神兵"", ""Appr"": 223, ""Race"": 19, ""RaceImg"": 164, ""Level"": 95, ""HP"": 100000, ""Exp"": 11250, ""ACMin"": 60, ""ACMax"": 60, ""MAC"": 97, ""DCMin"": 220, ""DCMax"": 275, ""DropTable"": 10, ""tag"": ""unverified"", ""tag_note"": ""未做全量名映射，有无 Zircon 对应待查""}"			"{""legacy"": {""appr"": 223, ""race"": 19, ""race_img"": 164, ""library_file"": ""Mon-22.wil"", ""frame"": 3040, ""note"": ""legacy Appr/frame convention from dat_integrate.py; not a Zircon MonsterImage shape""}, ""current"": null, ""status"": ""current-image-not-in-MonsterLookup""}"	legacy-atlas-unverified	True
195	震天首将	"{""index"": 195, ""name"": ""震天首将"", ""level"": ""79"", ""hp"": ""4500"", ""dc"": ""100-110"", ""exp"": ""2250"", ""tag"": ""unverified"", ""note"": ""unverified 未做全量名映射，有无 Zircon 对应待查""}"	"{""Index"": 195, ""Name"": ""震天首将"", ""Appr"": 222, ""Race"": 19, ""RaceImg"": 161, ""Level"": 79, ""HP"": 4500, ""Exp"": 2250, ""ACMin"": 27, ""ACMax"": 27, ""MAC"": 50, ""DCMin"": 100, ""DCMax"": 110, ""DropTable"": 10, ""tag"": ""unverified"", ""tag_note"": ""未做全量名映射，有无 Zircon 对应待查""}"			"{""legacy"": {""appr"": 222, ""race"": 19, ""race_img"": 161, ""library_file"": ""Mon-22.wil"", ""frame"": 2040, ""note"": ""legacy Appr/frame convention from dat_integrate.py; not a Zircon MonsterImage shape""}, ""current"": null, ""status"": ""current-image-not-in-MonsterLookup""}"	legacy-atlas-unverified	True
196	蜘蛛娃	"{""index"": 196, ""name"": ""蜘蛛娃"", ""level"": ""20"", ""hp"": ""240"", ""dc"": ""11-23"", ""exp"": ""160"", ""tag"": ""unverified"", ""note"": ""unverified 未做全量名映射，有无 Zircon 对应待查""}"	"{""Index"": 196, ""Name"": ""蜘蛛娃"", ""Appr"": 81, ""Race"": 19, ""RaceImg"": 149, ""Level"": 20, ""HP"": 240, ""Exp"": 160, ""ACMin"": 0, ""ACMax"": 0, ""MAC"": 5, ""DCMin"": 11, ""DCMax"": 23, ""DropTable"": 0, ""tag"": ""unverified"", ""tag_note"": ""未做全量名映射，有无 Zircon 对应待查""}"			"{""legacy"": {""appr"": 81, ""race"": 19, ""race_img"": 149, ""library_file"": ""Mon-8.wil"", ""frame"": 1040, ""note"": ""legacy Appr/frame convention from dat_integrate.py; not a Zircon MonsterImage shape""}, ""current"": null, ""status"": ""current-image-not-in-MonsterLookup""}"	legacy-atlas-unverified	True
197	蜘蛛娃0	"{""index"": 197, ""name"": ""蜘蛛娃0"", ""level"": ""20"", ""hp"": ""240"", ""dc"": ""11-23"", ""exp"": ""160"", ""tag"": ""old-only"", ""note"": ""old-only 老版变体（数值微调/活动/强化版），Zircon 无对应""}"	"{""Index"": 197, ""Name"": ""蜘蛛娃0"", ""Appr"": 81, ""Race"": 19, ""RaceImg"": 149, ""Level"": 20, ""HP"": 240, ""Exp"": 160, ""ACMin"": 0, ""ACMax"": 0, ""MAC"": 5, ""DCMin"": 11, ""DCMax"": 23, ""DropTable"": 0, ""tag"": ""old-only"", ""tag_note"": ""老版变体（数值微调/活动/强化版），Zircon 无对应""}"			"{""legacy"": {""appr"": 81, ""race"": 19, ""race_img"": 149, ""library_file"": ""Mon-8.wil"", ""frame"": 1040, ""note"": ""legacy Appr/frame convention from dat_integrate.py; not a Zircon MonsterImage shape""}, ""current"": null, ""status"": ""current-image-not-in-MonsterLookup""}"	legacy-atlas-old-only-no-automatic-map	True
198	掷斧骷髅	"{""index"": 198, ""name"": ""掷斧骷髅"", ""level"": ""18"", ""hp"": ""100"", ""dc"": ""9-13"", ""exp"": ""100"", ""tag"": ""unverified"", ""note"": ""unverified 未做全量名映射，有无 Zircon 对应待查""}"	"{""Index"": 198, ""Name"": ""掷斧骷髅"", ""Appr"": 87, ""Race"": 15, ""RaceImg"": 33, ""Level"": 18, ""HP"": 100, ""Exp"": 100, ""ACMin"": 0, ""ACMax"": 0, ""MAC"": 3, ""DCMin"": 9, ""DCMax"": 13, ""DropTable"": 0, ""tag"": ""unverified"", ""tag_note"": ""未做全量名映射，有无 Zircon 对应待查""}"			"{""legacy"": {""appr"": 87, ""race"": 15, ""race_img"": 33, ""library_file"": ""Mon-8.wil"", ""frame"": 7040, ""note"": ""legacy Appr/frame convention from dat_integrate.py; not a Zircon MonsterImage shape""}, ""current"": null, ""status"": ""current-image-not-in-MonsterLookup""}"	legacy-atlas-unverified	True
199	掷斧骷髅0	"{""index"": 199, ""name"": ""掷斧骷髅0"", ""level"": ""18"", ""hp"": ""100"", ""dc"": ""9-13"", ""exp"": ""100"", ""tag"": ""old-only"", ""note"": ""old-only 老版变体（数值微调/活动/强化版），Zircon 无对应""}"	"{""Index"": 199, ""Name"": ""掷斧骷髅0"", ""Appr"": 87, ""Race"": 15, ""RaceImg"": 33, ""Level"": 18, ""HP"": 100, ""Exp"": 100, ""ACMin"": 0, ""ACMax"": 0, ""MAC"": 3, ""DCMin"": 9, ""DCMax"": 13, ""DropTable"": 0, ""tag"": ""old-only"", ""tag_note"": ""老版变体（数值微调/活动/强化版），Zircon 无对应""}"			"{""legacy"": {""appr"": 87, ""race"": 15, ""race_img"": 33, ""library_file"": ""Mon-8.wil"", ""frame"": 7040, ""note"": ""legacy Appr/frame convention from dat_integrate.py; not a Zircon MonsterImage shape""}, ""current"": null, ""status"": ""current-image-not-in-MonsterLookup""}"	legacy-atlas-old-only-no-automatic-map	True
200	掷斧骷髅61	"{""index"": 200, ""name"": ""掷斧骷髅61"", ""level"": ""18"", ""hp"": ""1"", ""dc"": ""9-13"", ""exp"": ""100"", ""tag"": ""old-only"", ""note"": ""old-only 老版变体（数值微调/活动/强化版），Zircon 无对应""}"	"{""Index"": 200, ""Name"": ""掷斧骷髅61"", ""Appr"": 87, ""Race"": 15, ""RaceImg"": 33, ""Level"": 18, ""HP"": 1, ""Exp"": 100, ""ACMin"": 1, ""ACMax"": 1, ""MAC"": 3, ""DCMin"": 9, ""DCMax"": 13, ""DropTable"": 0, ""tag"": ""old-only"", ""tag_note"": ""老版变体（数值微调/活动/强化版），Zircon 无对应""}"			"{""legacy"": {""appr"": 87, ""race"": 15, ""race_img"": 33, ""library_file"": ""Mon-8.wil"", ""frame"": 7040, ""note"": ""legacy Appr/frame convention from dat_integrate.py; not a Zircon MonsterImage shape""}, ""current"": null, ""status"": ""current-image-not-in-MonsterLookup""}"	legacy-atlas-old-only-no-automatic-map	True
201	掷斧骷髅62	"{""index"": 201, ""name"": ""掷斧骷髅62"", ""level"": ""18"", ""hp"": ""1"", ""dc"": ""9-13"", ""exp"": ""100"", ""tag"": ""old-only"", ""note"": ""old-only 老版变体（数值微调/活动/强化版），Zircon 无对应""}"	"{""Index"": 201, ""Name"": ""掷斧骷髅62"", ""Appr"": 87, ""Race"": 15, ""RaceImg"": 33, ""Level"": 18, ""HP"": 1, ""Exp"": 100, ""ACMin"": 1, ""ACMax"": 1, ""MAC"": 3, ""DCMin"": 9, ""DCMax"": 13, ""DropTable"": 0, ""tag"": ""old-only"", ""tag_note"": ""老版变体（数值微调/活动/强化版），Zircon 无对应""}"			"{""legacy"": {""appr"": 87, ""race"": 15, ""race_img"": 33, ""library_file"": ""Mon-8.wil"", ""frame"": 7040, ""note"": ""legacy Appr/frame convention from dat_integrate.py; not a Zircon MonsterImage shape""}, ""current"": null, ""status"": ""current-image-not-in-MonsterLookup""}"	legacy-atlas-old-only-no-automatic-map	True
202	猪	"{""index"": 202, ""name"": ""猪"", ""level"": ""3"", ""hp"": ""8"", ""dc"": ""0-3"", ""exp"": ""20"", ""tag"": ""unverified"", ""note"": ""unverified 未做全量名映射，有无 Zircon 对应待查""}"	"{""Index"": 202, ""Name"": ""猪"", ""Appr"": 52, ""Race"": 11, ""RaceImg"": 119, ""Level"": 3, ""HP"": 8, ""Exp"": 20, ""ACMin"": 0, ""ACMax"": 0, ""MAC"": 0, ""DCMin"": 0, ""DCMax"": 3, ""DropTable"": 0, ""tag"": ""unverified"", ""tag_note"": ""未做全量名映射，有无 Zircon 对应待查""}"			"{""legacy"": {""appr"": 52, ""race"": 11, ""race_img"": 119, ""library_file"": ""Mon-5.wil"", ""frame"": 2040, ""note"": ""legacy Appr/frame convention from dat_integrate.py; not a Zircon MonsterImage shape""}, ""current"": null, ""status"": ""current-image-not-in-MonsterLookup""}"	legacy-atlas-unverified	True
203	祖玛雕像	"{""index"": 203, ""name"": ""祖玛雕像"", ""level"": ""45"", ""hp"": ""2800"", ""dc"": ""37-55"", ""exp"": ""1200"", ""tag"": ""unverified"", ""note"": ""unverified 未做全量名映射，有无 Zircon 对应待查""}"	"{""Index"": 203, ""Name"": ""祖玛雕像"", ""Appr"": 101, ""Race"": 47, ""RaceImg"": 83, ""Level"": 45, ""HP"": 2800, ""Exp"": 1200, ""ACMin"": 5, ""ACMax"": 5, ""MAC"": 12, ""DCMin"": 37, ""DCMax"": 55, ""DropTable"": 0, ""tag"": ""unverified"", ""tag_note"": ""未做全量名映射，有无 Zircon 对应待查""}"			"{""legacy"": {""appr"": 101, ""race"": 47, ""race_img"": 83, ""library_file"": ""Mon-10.wil"", ""frame"": 1040, ""note"": ""legacy Appr/frame convention from dat_integrate.py; not a Zircon MonsterImage shape""}, ""current"": null, ""status"": ""current-image-not-in-MonsterLookup""}"	legacy-atlas-unverified	True
205	祖玛雕像91	"{""index"": 205, ""name"": ""祖玛雕像91"", ""level"": ""45"", ""hp"": ""2800"", ""dc"": ""54-66"", ""exp"": ""1200"", ""tag"": ""old-only"", ""note"": ""old-only 老版变体（数值微调/活动/强化版），Zircon 无对应""}"	"{""Index"": 205, ""Name"": ""祖玛雕像91"", ""Appr"": 101, ""Race"": 47, ""RaceImg"": 83, ""Level"": 45, ""HP"": 2800, ""Exp"": 1200, ""ACMin"": 6, ""ACMax"": 6, ""MAC"": 50, ""DCMin"": 54, ""DCMax"": 66, ""DropTable"": 0, ""tag"": ""old-only"", ""tag_note"": ""老版变体（数值微调/活动/强化版），Zircon 无对应""}"			"{""legacy"": {""appr"": 101, ""race"": 47, ""race_img"": 83, ""library_file"": ""Mon-10.wil"", ""frame"": 1040, ""note"": ""legacy Appr/frame convention from dat_integrate.py; not a Zircon MonsterImage shape""}, ""current"": null, ""status"": ""current-image-not-in-MonsterLookup""}"	legacy-atlas-old-only-no-automatic-map	True
206	祖玛弓箭手0	"{""index"": 206, ""name"": ""祖玛弓箭手0"", ""level"": ""45"", ""hp"": ""3200"", ""dc"": ""40-57"", ""exp"": ""1400"", ""tag"": ""old-only"", ""note"": ""old-only 老版变体（数值微调/活动/强化版），Zircon 无对应""}"	"{""Index"": 206, ""Name"": ""祖玛弓箭手0"", ""Appr"": 104, ""Race"": 45, ""RaceImg"": 82, ""Level"": 45, ""HP"": 3200, ""Exp"": 1400, ""ACMin"": 6, ""ACMax"": 6, ""MAC"": 13, ""DCMin"": 40, ""DCMax"": 57, ""DropTable"": 0, ""tag"": ""old-only"", ""tag_note"": ""老版变体（数值微调/活动/强化版），Zircon 无对应""}"			"{""legacy"": {""appr"": 104, ""race"": 45, ""race_img"": 82, ""library_file"": ""Mon-10.wil"", ""frame"": 4040, ""note"": ""legacy Appr/frame convention from dat_integrate.py; not a Zircon MonsterImage shape""}, ""current"": null, ""status"": ""current-image-not-in-MonsterLookup""}"	legacy-atlas-old-only-no-automatic-map	True
207	祖玛弓箭手92	"{""index"": 207, ""name"": ""祖玛弓箭手92"", ""level"": ""45"", ""hp"": ""3200"", ""dc"": ""64-91"", ""exp"": ""1400"", ""tag"": ""old-only"", ""note"": ""old-only 老版变体（数值微调/活动/强化版），Zircon 无对应""}"	"{""Index"": 207, ""Name"": ""祖玛弓箭手92"", ""Appr"": 104, ""Race"": 45, ""RaceImg"": 82, ""Level"": 45, ""HP"": 3200, ""Exp"": 1400, ""ACMin"": 8, ""ACMax"": 8, ""MAC"": 50, ""DCMin"": 64, ""DCMax"": 91, ""DropTable"": 0, ""tag"": ""old-only"", ""tag_note"": ""老版变体（数值微调/活动/强化版），Zircon 无对应""}"			"{""legacy"": {""appr"": 104, ""race"": 45, ""race_img"": 82, ""library_file"": ""Mon-10.wil"", ""frame"": 4040, ""note"": ""legacy Appr/frame convention from dat_integrate.py; not a Zircon MonsterImage shape""}, ""current"": null, ""status"": ""current-image-not-in-MonsterLookup""}"	legacy-atlas-old-only-no-automatic-map	True
208	祖玛教主62	"{""index"": 208, ""name"": ""祖玛教主62"", ""level"": ""85"", ""hp"": ""1"", ""dc"": ""110-111"", ""exp"": ""10000"", ""tag"": ""old-only"", ""note"": ""old-only 老版变体（数值微调/活动/强化版），Zircon 无对应""}"	"{""Index"": 208, ""Name"": ""祖玛教主62"", ""Appr"": 102, ""Race"": 49, ""RaceImg"": 85, ""Level"": 85, ""HP"": 1, ""Exp"": 10000, ""ACMin"": 55, ""ACMax"": 55, ""MAC"": 66, ""DCMin"": 110, ""DCMax"": 111, ""DropTable"": 0, ""tag"": ""old-only"", ""tag_note"": ""老版变体（数值微调/活动/强化版），Zircon 无对应""}"			"{""legacy"": {""appr"": 102, ""race"": 49, ""race_img"": 85, ""library_file"": ""Mon-10.wil"", ""frame"": 2040, ""note"": ""legacy Appr/frame convention from dat_integrate.py; not a Zircon MonsterImage shape""}, ""current"": null, ""status"": ""current-image-not-in-MonsterLookup""}"	legacy-atlas-old-only-no-automatic-map	True
209	祖玛卫士	"{""index"": 209, ""name"": ""祖玛卫士"", ""level"": ""45"", ""hp"": ""3000"", ""dc"": ""37-57"", ""exp"": ""1300"", ""tag"": ""unverified"", ""note"": ""unverified 未做全量名映射，有无 Zircon 对应待查""}"	"{""Index"": 209, ""Name"": ""祖玛卫士"", ""Appr"": 101, ""Race"": 47, ""RaceImg"": 84, ""Level"": 45, ""HP"": 3000, ""Exp"": 1300, ""ACMin"": 5, ""ACMax"": 5, ""MAC"": 12, ""DCMin"": 37, ""DCMax"": 57, ""DropTable"": 0, ""tag"": ""unverified"", ""tag_note"": ""未做全量名映射，有无 Zircon 对应待查""}"			"{""legacy"": {""appr"": 101, ""race"": 47, ""race_img"": 84, ""library_file"": ""Mon-10.wil"", ""frame"": 1040, ""note"": ""legacy Appr/frame convention from dat_integrate.py; not a Zircon MonsterImage shape""}, ""current"": null, ""status"": ""current-image-not-in-MonsterLookup""}"	legacy-atlas-unverified	True
210	祖玛卫士0	"{""index"": 210, ""name"": ""祖玛卫士0"", ""level"": ""45"", ""hp"": ""3000"", ""dc"": ""37-57"", ""exp"": ""1300"", ""tag"": ""old-only"", ""note"": ""old-only 老版变体（数值微调/活动/强化版），Zircon 无对应""}"	"{""Index"": 210, ""Name"": ""祖玛卫士0"", ""Appr"": 101, ""Race"": 47, ""RaceImg"": 84, ""Level"": 45, ""HP"": 3000, ""Exp"": 1300, ""ACMin"": 5, ""ACMax"": 5, ""MAC"": 12, ""DCMin"": 37, ""DCMax"": 57, ""DropTable"": 0, ""tag"": ""old-only"", ""tag_note"": ""老版变体（数值微调/活动/强化版），Zircon 无对应""}"			"{""legacy"": {""appr"": 101, ""race"": 47, ""race_img"": 84, ""library_file"": ""Mon-10.wil"", ""frame"": 1040, ""note"": ""legacy Appr/frame convention from dat_integrate.py; not a Zircon MonsterImage shape""}, ""current"": null, ""status"": ""current-image-not-in-MonsterLookup""}"	legacy-atlas-old-only-no-automatic-map	True
211	祖玛卫士90	"{""index"": 211, ""name"": ""祖玛卫士90"", ""level"": ""45"", ""hp"": ""3000"", ""dc"": ""59-91"", ""exp"": ""1300"", ""tag"": ""old-only"", ""note"": ""old-only 老版变体（数值微调/活动/强化版），Zircon 无对应""}"	"{""Index"": 211, ""Name"": ""祖玛卫士90"", ""Appr"": 101, ""Race"": 47, ""RaceImg"": 84, ""Level"": 45, ""HP"": 3000, ""Exp"": 1300, ""ACMin"": 6, ""ACMax"": 6, ""MAC"": 50, ""DCMin"": 59, ""DCMax"": 91, ""DropTable"": 0, ""tag"": ""old-only"", ""tag_note"": ""老版变体（数值微调/活动/强化版），Zircon 无对应""}"			"{""legacy"": {""appr"": 101, ""race"": 47, ""race_img"": 84, ""library_file"": ""Mon-10.wil"", ""frame"": 1040, ""note"": ""legacy Appr/frame convention from dat_integrate.py; not a Zircon MonsterImage shape""}, ""current"": null, ""status"": ""current-image-not-in-MonsterLookup""}"	legacy-atlas-old-only-no-automatic-map	True
212	守卫神将	"{""index"": 212, ""name"": ""守卫神将"", ""level"": ""99"", ""hp"": ""1350"", ""dc"": ""119-114"", ""exp"": ""2600"", ""tag"": ""unverified"", ""note"": ""unverified 未做全量名映射，有无 Zircon 对应待查""}"	"{""Index"": 212, ""Name"": ""守卫神将"", ""Appr"": 101, ""Race"": 47, ""RaceImg"": 83, ""Level"": 99, ""HP"": 1350, ""Exp"": 2600, ""ACMin"": 11, ""ACMax"": 11, ""MAC"": 49, ""DCMin"": 119, ""DCMax"": 114, ""DropTable"": 15, ""tag"": ""unverified"", ""tag_note"": ""未做全量名映射，有无 Zircon 对应待查""}"			"{""legacy"": {""appr"": 101, ""race"": 47, ""race_img"": 83, ""library_file"": ""Mon-10.wil"", ""frame"": 1040, ""note"": ""legacy Appr/frame convention from dat_integrate.py; not a Zircon MonsterImage shape""}, ""current"": null, ""status"": ""current-image-not-in-MonsterLookup""}"	legacy-atlas-unverified	True
213	沃玛勇士60	"{""index"": 213, ""name"": ""沃玛勇士60"", ""level"": ""25"", ""hp"": ""300"", ""dc"": ""15-25"", ""exp"": ""220"", ""tag"": ""old-only"", ""note"": ""old-only 老版变体（数值微调/活动/强化版），Zircon 无对应""}"	"{""Index"": 213, ""Name"": ""沃玛勇士60"", ""Appr"": 81, ""Race"": 19, ""RaceImg"": 42, ""Level"": 25, ""HP"": 300, ""Exp"": 220, ""ACMin"": 5, ""ACMax"": 5, ""MAC"": 7, ""DCMin"": 15, ""DCMax"": 25, ""DropTable"": 0, ""tag"": ""old-only"", ""tag_note"": ""老版变体（数值微调/活动/强化版），Zircon 无对应""}"			"{""legacy"": {""appr"": 81, ""race"": 19, ""race_img"": 42, ""library_file"": ""Mon-8.wil"", ""frame"": 1040, ""note"": ""legacy Appr/frame convention from dat_integrate.py; not a Zircon MonsterImage shape""}, ""current"": null, ""status"": ""current-image-not-in-MonsterLookup""}"	legacy-atlas-old-only-no-automatic-map	True
214	火焰沃玛61	"{""index"": 214, ""name"": ""火焰沃玛61"", ""level"": ""25"", ""hp"": ""1"", ""dc"": ""15-31"", ""exp"": ""280"", ""tag"": ""old-only"", ""note"": ""old-only 老版变体（数值微调/活动/强化版），Zircon 无对应""}"	"{""Index"": 214, ""Name"": ""火焰沃玛61"", ""Appr"": 91, ""Race"": 20, ""RaceImg"": 43, ""Level"": 25, ""HP"": 1, ""Exp"": 280, ""ACMin"": 4, ""ACMax"": 4, ""MAC"": 6, ""DCMin"": 15, ""DCMax"": 31, ""DropTable"": 0, ""tag"": ""old-only"", ""tag_note"": ""老版变体（数值微调/活动/强化版），Zircon 无对应""}"			"{""legacy"": {""appr"": 91, ""race"": 20, ""race_img"": 43, ""library_file"": ""Mon-9.wil"", ""frame"": 1040, ""note"": ""legacy Appr/frame convention from dat_integrate.py; not a Zircon MonsterImage shape""}, ""current"": null, ""status"": ""current-image-not-in-MonsterLookup""}"	legacy-atlas-old-only-no-automatic-map	True
215	暗黑战士61	"{""index"": 215, ""name"": ""暗黑战士61"", ""level"": ""25"", ""hp"": ""1"", ""dc"": ""14-28"", ""exp"": ""240"", ""tag"": ""old-only"", ""note"": ""old-only 老版变体（数值微调/活动/强化版），Zircon 无对应""}"	"{""Index"": 215, ""Name"": ""暗黑战士61"", ""Appr"": 93, ""Race"": 22, ""RaceImg"": 46, ""Level"": 25, ""HP"": 1, ""Exp"": 240, ""ACMin"": 4, ""ACMax"": 4, ""MAC"": 6, ""DCMin"": 14, ""DCMax"": 28, ""DropTable"": 0, ""tag"": ""old-only"", ""tag_note"": ""老版变体（数值微调/活动/强化版），Zircon 无对应""}"			"{""legacy"": {""appr"": 93, ""race"": 22, ""race_img"": 46, ""library_file"": ""Mon-9.wil"", ""frame"": 3040, ""note"": ""legacy Appr/frame convention from dat_integrate.py; not a Zircon MonsterImage shape""}, ""current"": null, ""status"": ""current-image-not-in-MonsterLookup""}"	legacy-atlas-old-only-no-automatic-map	True
216	巨象兽	"{""index"": 216, ""name"": ""巨象兽"", ""level"": ""47"", ""hp"": ""2760"", ""dc"": ""43-54"", ""exp"": ""1100"", ""tag"": ""unverified"", ""note"": ""unverified 未做全量名映射，有无 Zircon 对应待查""}"	"{""Index"": 216, ""Name"": ""巨象兽"", ""Appr"": 220, ""Race"": 19, ""RaceImg"": 158, ""Level"": 47, ""HP"": 2760, ""Exp"": 1100, ""ACMin"": 8, ""ACMax"": 8, ""MAC"": 13, ""DCMin"": 43, ""DCMax"": 54, ""DropTable"": 0, ""tag"": ""unverified"", ""tag_note"": ""未做全量名映射，有无 Zircon 对应待查""}"			"{""legacy"": {""appr"": 220, ""race"": 19, ""race_img"": 158, ""library_file"": ""Mon-22.wil"", ""frame"": 40, ""note"": ""legacy Appr/frame convention from dat_integrate.py; not a Zircon MonsterImage shape""}, ""current"": null, ""status"": ""current-image-not-in-MonsterLookup""}"	legacy-atlas-unverified	True
217	魔石狂热者	"{""index"": 217, ""name"": ""魔石狂热者"", ""level"": ""65"", ""hp"": ""10000"", ""dc"": ""200-200"", ""exp"": ""5800"", ""tag"": ""unverified"", ""note"": ""unverified 未做全量名映射，有无 Zircon 对应待查""}"	"{""Index"": 217, ""Name"": ""魔石狂热者"", ""Appr"": 81, ""Race"": 19, ""RaceImg"": 196, ""Level"": 65, ""HP"": 10000, ""Exp"": 5800, ""ACMin"": 40, ""ACMax"": 40, ""MAC"": 90, ""DCMin"": 200, ""DCMax"": 200, ""DropTable"": 10, ""tag"": ""unverified"", ""tag_note"": ""未做全量名映射，有无 Zircon 对应待查""}"			"{""legacy"": {""appr"": 81, ""race"": 19, ""race_img"": 196, ""library_file"": ""Mon-8.wil"", ""frame"": 1040, ""note"": ""legacy Appr/frame convention from dat_integrate.py; not a Zircon MonsterImage shape""}, ""current"": null, ""status"": ""current-image-not-in-MonsterLookup""}"	legacy-atlas-unverified	True
218	火焰狮子99	"{""index"": 218, ""name"": ""火焰狮子99"", ""level"": ""48"", ""hp"": ""3600"", ""dc"": ""50-60"", ""exp"": ""1600"", ""tag"": ""old-only"", ""note"": ""old-only 老版变体（数值微调/活动/强化版），Zircon 无对应""}"	"{""Index"": 218, ""Name"": ""火焰狮子99"", ""Appr"": 224, ""Race"": 19, ""RaceImg"": 159, ""Level"": 48, ""HP"": 3600, ""Exp"": 1600, ""ACMin"": 14, ""ACMax"": 14, ""MAC"": 27, ""DCMin"": 50, ""DCMax"": 60, ""DropTable"": 0, ""tag"": ""old-only"", ""tag_note"": ""老版变体（数值微调/活动/强化版），Zircon 无对应""}"			"{""legacy"": {""appr"": 224, ""race"": 19, ""race_img"": 159, ""library_file"": ""Mon-22.wil"", ""frame"": 4040, ""note"": ""legacy Appr/frame convention from dat_integrate.py; not a Zircon MonsterImage shape""}, ""current"": null, ""status"": ""current-image-not-in-MonsterLookup""}"	legacy-atlas-old-only-no-automatic-map	True
219	火焰沃玛	"{""index"": 219, ""name"": ""火焰沃玛"", ""level"": ""25"", ""hp"": ""340"", ""dc"": ""15-31"", ""exp"": ""260"", ""tag"": ""unverified"", ""note"": ""unverified 未做全量名映射，有无 Zircon 对应待查""}"	"{""Index"": 219, ""Name"": ""火焰沃玛"", ""Appr"": 91, ""Race"": 20, ""RaceImg"": 43, ""Level"": 25, ""HP"": 340, ""Exp"": 260, ""ACMin"": 0, ""ACMax"": 0, ""MAC"": 6, ""DCMin"": 15, ""DCMax"": 31, ""DropTable"": 0, ""tag"": ""unverified"", ""tag_note"": ""未做全量名映射，有无 Zircon 对应待查""}"			"{""legacy"": {""appr"": 91, ""race"": 20, ""race_img"": 43, ""library_file"": ""Mon-9.wil"", ""frame"": 1040, ""note"": ""legacy Appr/frame convention from dat_integrate.py; not a Zircon MonsterImage shape""}, ""current"": null, ""status"": ""current-image-not-in-MonsterLookup""}"	legacy-atlas-unverified	True
220	小诺玛	"{""index"": 220, ""name"": ""小诺玛"", ""level"": ""4"", ""hp"": ""450"", ""dc"": ""0-4"", ""exp"": ""250"", ""tag"": ""unverified"", ""note"": ""unverified 未做全量名映射，有无 Zircon 对应待查""}"	"{""Index"": 220, ""Name"": ""小诺玛"", ""Appr"": 52, ""Race"": 11, ""RaceImg"": 176, ""Level"": 4, ""HP"": 450, ""Exp"": 250, ""ACMin"": 0, ""ACMax"": 5, ""MAC"": 10, ""DCMin"": 0, ""DCMax"": 4, ""DropTable"": 0, ""tag"": ""unverified"", ""tag_note"": ""未做全量名映射，有无 Zircon 对应待查""}"			"{""legacy"": {""appr"": 52, ""race"": 11, ""race_img"": 176, ""library_file"": ""Mon-5.wil"", ""frame"": 2040, ""note"": ""legacy Appr/frame convention from dat_integrate.py; not a Zircon MonsterImage shape""}, ""current"": null, ""status"": ""current-image-not-in-MonsterLookup""}"	legacy-atlas-unverified	True
221	盔甲蚂蚁0	"{""index"": 221, ""name"": ""盔甲蚂蚁0"", ""level"": ""25"", ""hp"": ""340"", ""dc"": ""15-29"", ""exp"": ""260"", ""tag"": ""old-only"", ""note"": ""old-only 老版变体（数值微调/活动/强化版），Zircon 无对应""}"	"{""Index"": 221, ""Name"": ""盔甲蚂蚁0"", ""Appr"": 81, ""Race"": 19, ""RaceImg"": 8, ""Level"": 25, ""HP"": 340, ""Exp"": 260, ""ACMin"": 0, ""ACMax"": 0, ""MAC"": 6, ""DCMin"": 15, ""DCMax"": 29, ""DropTable"": 0, ""tag"": ""old-only"", ""tag_note"": ""老版变体（数值微调/活动/强化版），Zircon 无对应""}"			"{""legacy"": {""appr"": 81, ""race"": 19, ""race_img"": 8, ""library_file"": ""Mon-8.wil"", ""frame"": 1040, ""note"": ""legacy Appr/frame convention from dat_integrate.py; not a Zircon MonsterImage shape""}, ""current"": null, ""status"": ""current-image-not-in-MonsterLookup""}"	legacy-atlas-old-only-no-automatic-map	True
222	狼	"{""index"": 222, ""name"": ""狼"", ""level"": ""15"", ""hp"": ""60"", ""dc"": ""6-11"", ""exp"": ""60"", ""tag"": ""unverified"", ""note"": ""unverified 未做全量名映射，有无 Zircon 对应待查""}"	"{""Index"": 222, ""Name"": ""狼"", ""Appr"": 53, ""Race"": 19, ""RaceImg"": 65, ""Level"": 15, ""HP"": 60, ""Exp"": 60, ""ACMin"": 0, ""ACMax"": 0, ""MAC"": 2, ""DCMin"": 6, ""DCMax"": 11, ""DropTable"": 0, ""tag"": ""unverified"", ""tag_note"": ""未做全量名映射，有无 Zircon 对应待查""}"			"{""legacy"": {""appr"": 53, ""race"": 19, ""race_img"": 65, ""library_file"": ""Mon-5.wil"", ""frame"": 3040, ""note"": ""legacy Appr/frame convention from dat_integrate.py; not a Zircon MonsterImage shape""}, ""current"": null, ""status"": ""current-image-not-in-MonsterLookup""}"	legacy-atlas-unverified	True
223	浪子人鬼	"{""index"": 223, ""name"": ""浪子人鬼"", ""level"": ""25"", ""hp"": ""310"", ""dc"": ""15-29"", ""exp"": ""230"", ""tag"": ""unverified"", ""note"": ""unverified 未做全量名映射，有无 Zircon 对应待查""}"	"{""Index"": 223, ""Name"": ""浪子人鬼"", ""Appr"": 97, ""Race"": 19, ""RaceImg"": 138, ""Level"": 25, ""HP"": 310, ""Exp"": 230, ""ACMin"": 0, ""ACMax"": 0, ""MAC"": 6, ""DCMin"": 15, ""DCMax"": 29, ""DropTable"": 0, ""tag"": ""unverified"", ""tag_note"": ""未做全量名映射，有无 Zircon 对应待查""}"			"{""legacy"": {""appr"": 97, ""race"": 19, ""race_img"": 138, ""library_file"": ""Mon-9.wil"", ""frame"": 7040, ""note"": ""legacy Appr/frame convention from dat_integrate.py; not a Zircon MonsterImage shape""}, ""current"": null, ""status"": ""current-image-not-in-MonsterLookup""}"	legacy-atlas-unverified	True
224	浪子人鬼0	"{""index"": 224, ""name"": ""浪子人鬼0"", ""level"": ""25"", ""hp"": ""310"", ""dc"": ""16-29"", ""exp"": ""230"", ""tag"": ""old-only"", ""note"": ""old-only 老版变体（数值微调/活动/强化版），Zircon 无对应""}"	"{""Index"": 224, ""Name"": ""浪子人鬼0"", ""Appr"": 97, ""Race"": 19, ""RaceImg"": 138, ""Level"": 25, ""HP"": 310, ""Exp"": 230, ""ACMin"": 0, ""ACMax"": 0, ""MAC"": 6, ""DCMin"": 16, ""DCMax"": 29, ""DropTable"": 0, ""tag"": ""old-only"", ""tag_note"": ""老版变体（数值微调/活动/强化版），Zircon 无对应""}"			"{""legacy"": {""appr"": 97, ""race"": 19, ""race_img"": 138, ""library_file"": ""Mon-9.wil"", ""frame"": 7040, ""note"": ""legacy Appr/frame convention from dat_integrate.py; not a Zircon MonsterImage shape""}, ""current"": null, ""status"": ""current-image-not-in-MonsterLookup""}"	legacy-atlas-old-only-no-automatic-map	True
225	劳动蚂蚁	"{""index"": 225, ""name"": ""劳动蚂蚁"", ""level"": ""25"", ""hp"": ""260"", ""dc"": ""16-24"", ""exp"": ""180"", ""tag"": ""unverified"", ""note"": ""unverified 未做全量名映射，有无 Zircon 对应待查""}"	"{""Index"": 225, ""Name"": ""劳动蚂蚁"", ""Appr"": 81, ""Race"": 19, ""RaceImg"": 16, ""Level"": 25, ""HP"": 260, ""Exp"": 180, ""ACMin"": 0, ""ACMax"": 0, ""MAC"": 6, ""DCMin"": 16, ""DCMax"": 24, ""DropTable"": 0, ""tag"": ""unverified"", ""tag_note"": ""未做全量名映射，有无 Zircon 对应待查""}"			"{""legacy"": {""appr"": 81, ""race"": 19, ""race_img"": 16, ""library_file"": ""Mon-8.wil"", ""frame"": 1040, ""note"": ""legacy Appr/frame convention from dat_integrate.py; not a Zircon MonsterImage shape""}, ""current"": null, ""status"": ""current-image-not-in-MonsterLookup""}"	legacy-atlas-unverified	True
226	劳动蚂蚁0	"{""index"": 226, ""name"": ""劳动蚂蚁0"", ""level"": ""25"", ""hp"": ""260"", ""dc"": ""16-24"", ""exp"": ""180"", ""tag"": ""old-only"", ""note"": ""old-only 老版变体（数值微调/活动/强化版），Zircon 无对应""}"	"{""Index"": 226, ""Name"": ""劳动蚂蚁0"", ""Appr"": 81, ""Race"": 19, ""RaceImg"": 16, ""Level"": 25, ""HP"": 260, ""Exp"": 180, ""ACMin"": 0, ""ACMax"": 0, ""MAC"": 6, ""DCMin"": 16, ""DCMax"": 24, ""DropTable"": 0, ""tag"": ""old-only"", ""tag_note"": ""老版变体（数值微调/活动/强化版），Zircon 无对应""}"			"{""legacy"": {""appr"": 81, ""race"": 19, ""race_img"": 16, ""library_file"": ""Mon-8.wil"", ""frame"": 1040, ""note"": ""legacy Appr/frame convention from dat_integrate.py; not a Zircon MonsterImage shape""}, ""current"": null, ""status"": ""current-image-not-in-MonsterLookup""}"	legacy-atlas-old-only-no-automatic-map	True
227	老道僵尸61	"{""index"": 227, ""name"": ""老道僵尸61"", ""level"": ""20"", ""hp"": ""1"", ""dc"": ""12-24"", ""exp"": ""160"", ""tag"": ""old-only"", ""note"": ""old-only 老版变体（数值微调/活动/强化版），Zircon 无对应""}"	"{""Index"": 227, ""Name"": ""老道僵尸61"", ""Appr"": 94, ""Race"": 40, ""RaceImg"": 48, ""Level"": 20, ""HP"": 1, ""Exp"": 160, ""ACMin"": 4, ""ACMax"": 4, ""MAC"": 5, ""DCMin"": 12, ""DCMax"": 24, ""DropTable"": 0, ""tag"": ""old-only"", ""tag_note"": ""老版变体（数值微调/活动/强化版），Zircon 无对应""}"			"{""legacy"": {""appr"": 94, ""race"": 40, ""race_img"": 48, ""library_file"": ""Mon-9.wil"", ""frame"": 4040, ""note"": ""legacy Appr/frame convention from dat_integrate.py; not a Zircon MonsterImage shape""}, ""current"": null, ""status"": ""current-image-not-in-MonsterLookup""}"	legacy-atlas-old-only-no-automatic-map	True
228	雷电僵尸	"{""index"": 228, ""name"": ""雷电僵尸"", ""level"": ""20"", ""hp"": ""240"", ""dc"": ""12-24"", ""exp"": ""160"", ""tag"": ""unverified"", ""note"": ""unverified 未做全量名映射，有无 Zircon 对应待查""}"	"{""Index"": 228, ""Name"": ""雷电僵尸"", ""Appr"": 94, ""Race"": 40, ""RaceImg"": 48, ""Level"": 20, ""HP"": 240, ""Exp"": 160, ""ACMin"": 4, ""ACMax"": 4, ""MAC"": 5, ""DCMin"": 12, ""DCMax"": 24, ""DropTable"": 0, ""tag"": ""unverified"", ""tag_note"": ""未做全量名映射，有无 Zircon 对应待查""}"			"{""legacy"": {""appr"": 94, ""race"": 40, ""race_img"": 48, ""library_file"": ""Mon-9.wil"", ""frame"": 4040, ""note"": ""legacy Appr/frame convention from dat_integrate.py; not a Zircon MonsterImage shape""}, ""current"": null, ""status"": ""current-image-not-in-MonsterLookup""}"	legacy-atlas-unverified	True
229	栗子树	"{""index"": 229, ""name"": ""栗子树"", ""level"": ""10"", ""hp"": ""20"", ""dc"": ""0-0"", ""exp"": ""20"", ""tag"": ""unverified"", ""note"": ""unverified 未做全量名映射，有无 Zircon 对应待查""}"	"{""Index"": 229, ""Name"": ""栗子树"", ""Appr"": 209, ""Race"": 19, ""RaceImg"": 127, ""Level"": 10, ""HP"": 20, ""Exp"": 20, ""ACMin"": 0, ""ACMax"": 0, ""MAC"": 200, ""DCMin"": 0, ""DCMax"": 0, ""DropTable"": 0, ""tag"": ""unverified"", ""tag_note"": ""未做全量名映射，有无 Zircon 对应待查""}"			"{""legacy"": {""appr"": 209, ""race"": 19, ""race_img"": 127, ""library_file"": ""Mon-20.wil"", ""frame"": 9040, ""note"": ""legacy Appr/frame convention from dat_integrate.py; not a Zircon MonsterImage shape""}, ""current"": null, ""status"": ""current-image-not-in-MonsterLookup""}"	legacy-atlas-unverified	True
230	练功师	"{""index"": 230, ""name"": ""练功师"", ""level"": ""150"", ""hp"": ""1"", ""dc"": ""2-2"", ""exp"": ""9999"", ""tag"": ""unverified"", ""note"": ""unverified 未做全量名映射，有无 Zircon 对应待查""}"	"{""Index"": 230, ""Name"": ""练功师"", ""Appr"": 55, ""Race"": 19, ""RaceImg"": 55, ""Level"": 150, ""HP"": 1, ""Exp"": 9999, ""ACMin"": 0, ""ACMax"": 0, ""MAC"": 0, ""DCMin"": 2, ""DCMax"": 2, ""DropTable"": 0, ""tag"": ""unverified"", ""tag_note"": ""未做全量名映射，有无 Zircon 对应待查""}"			"{""legacy"": {""appr"": 55, ""race"": 19, ""race_img"": 55, ""library_file"": ""Mon-5.wil"", ""frame"": 5040, ""note"": ""legacy Appr/frame convention from dat_integrate.py; not a Zircon MonsterImage shape""}, ""current"": null, ""status"": ""current-image-not-in-MonsterLookup""}"	legacy-atlas-unverified	True
231	猎鹰	"{""index"": 231, ""name"": ""猎鹰"", ""level"": ""13"", ""hp"": ""50"", ""dc"": ""4-11"", ""exp"": ""50"", ""tag"": ""unverified"", ""note"": ""unverified 未做全量名映射，有无 Zircon 对应待查""}"	"{""Index"": 231, ""Name"": ""猎鹰"", ""Appr"": 81, ""Race"": 19, ""RaceImg"": 59, ""Level"": 13, ""HP"": 50, ""Exp"": 50, ""ACMin"": 0, ""ACMax"": 0, ""MAC"": 1, ""DCMin"": 4, ""DCMax"": 11, ""DropTable"": 0, ""tag"": ""unverified"", ""tag_note"": ""未做全量名映射，有无 Zircon 对应待查""}"			"{""legacy"": {""appr"": 81, ""race"": 19, ""race_img"": 59, ""library_file"": ""Mon-8.wil"", ""frame"": 1040, ""note"": ""legacy Appr/frame convention from dat_integrate.py; not a Zircon MonsterImage shape""}, ""current"": null, ""status"": ""current-image-not-in-MonsterLookup""}"	legacy-atlas-unverified	True
232	猎鹰0	"{""index"": 232, ""name"": ""猎鹰0"", ""level"": ""13"", ""hp"": ""50"", ""dc"": ""4-11"", ""exp"": ""50"", ""tag"": ""old-only"", ""note"": ""old-only 老版变体（数值微调/活动/强化版），Zircon 无对应""}"	"{""Index"": 232, ""Name"": ""猎鹰0"", ""Appr"": 81, ""Race"": 19, ""RaceImg"": 59, ""Level"": 13, ""HP"": 50, ""Exp"": 50, ""ACMin"": 0, ""ACMax"": 0, ""MAC"": 1, ""DCMin"": 4, ""DCMax"": 11, ""DropTable"": 0, ""tag"": ""old-only"", ""tag_note"": ""老版变体（数值微调/活动/强化版），Zircon 无对应""}"			"{""legacy"": {""appr"": 81, ""race"": 19, ""race_img"": 59, ""library_file"": ""Mon-8.wil"", ""frame"": 1040, ""note"": ""legacy Appr/frame convention from dat_integrate.py; not a Zircon MonsterImage shape""}, ""current"": null, ""status"": ""current-image-not-in-MonsterLookup""}"	legacy-atlas-old-only-no-automatic-map	True
233	玲花	"{""index"": 233, ""name"": ""玲花"", ""level"": ""100"", ""hp"": ""5"", ""dc"": ""0-0"", ""exp"": ""300"", ""tag"": ""unverified"", ""note"": ""unverified 未做全量名映射，有无 Zircon 对应待查""}"	"{""Index"": 233, ""Name"": ""玲花"", ""Appr"": 211, ""Race"": 11, ""RaceImg"": 124, ""Level"": 100, ""HP"": 5, ""Exp"": 300, ""ACMin"": 11, ""ACMax"": 11, ""MAC"": 16, ""DCMin"": 0, ""DCMax"": 0, ""DropTable"": 0, ""tag"": ""unverified"", ""tag_note"": ""未做全量名映射，有无 Zircon 对应待查""}"			"{""legacy"": {""appr"": 211, ""race"": 11, ""race_img"": 124, ""library_file"": ""Mon-21.wil"", ""frame"": 1040, ""note"": ""legacy Appr/frame convention from dat_integrate.py; not a Zircon MonsterImage shape""}, ""current"": null, ""status"": ""current-image-not-in-MonsterLookup""}"	legacy-atlas-unverified	True
234	鹿	"{""index"": 234, ""name"": ""鹿"", ""level"": ""6"", ""hp"": ""17"", ""dc"": ""0-6"", ""exp"": ""50"", ""tag"": ""unverified"", ""note"": ""unverified 未做全量名映射，有无 Zircon 对应待查""}"	"{""Index"": 234, ""Name"": ""鹿"", ""Appr"": 52, ""Race"": 11, ""RaceImg"": 21, ""Level"": 6, ""HP"": 17, ""Exp"": 50, ""ACMin"": 0, ""ACMax"": 0, ""MAC"": 0, ""DCMin"": 0, ""DCMax"": 6, ""DropTable"": 0, ""tag"": ""unverified"", ""tag_note"": ""未做全量名映射，有无 Zircon 对应待查""}"			"{""legacy"": {""appr"": 52, ""race"": 11, ""race_img"": 21, ""library_file"": ""Mon-5.wil"", ""frame"": 2040, ""note"": ""legacy Appr/frame convention from dat_integrate.py; not a Zircon MonsterImage shape""}, ""current"": null, ""status"": ""current-image-not-in-MonsterLookup""}"	legacy-atlas-unverified	True
235	蚂蚁道士	"{""index"": 235, ""name"": ""蚂蚁道士"", ""level"": ""25"", ""hp"": ""300"", ""dc"": ""0-0"", ""exp"": ""220"", ""tag"": ""unverified"", ""note"": ""unverified 未做全量名映射，有无 Zircon 对应待查""}"	"{""Index"": 235, ""Name"": ""蚂蚁道士"", ""Appr"": 207, ""Race"": 19, ""RaceImg"": 7, ""Level"": 25, ""HP"": 300, ""Exp"": 220, ""ACMin"": 0, ""ACMax"": 0, ""MAC"": 6, ""DCMin"": 0, ""DCMax"": 0, ""DropTable"": 0, ""tag"": ""unverified"", ""tag_note"": ""未做全量名映射，有无 Zircon 对应待查""}"			"{""legacy"": {""appr"": 207, ""race"": 19, ""race_img"": 7, ""library_file"": ""Mon-20.wil"", ""frame"": 7040, ""note"": ""legacy Appr/frame convention from dat_integrate.py; not a Zircon MonsterImage shape""}, ""current"": null, ""status"": ""current-image-not-in-MonsterLookup""}"	legacy-atlas-unverified	True
236	蚂蚁道士0	"{""index"": 236, ""name"": ""蚂蚁道士0"", ""level"": ""25"", ""hp"": ""300"", ""dc"": ""0-0"", ""exp"": ""220"", ""tag"": ""old-only"", ""note"": ""old-only 老版变体（数值微调/活动/强化版），Zircon 无对应""}"	"{""Index"": 236, ""Name"": ""蚂蚁道士0"", ""Appr"": 207, ""Race"": 19, ""RaceImg"": 7, ""Level"": 25, ""HP"": 300, ""Exp"": 220, ""ACMin"": 0, ""ACMax"": 0, ""MAC"": 6, ""DCMin"": 0, ""DCMax"": 0, ""DropTable"": 0, ""tag"": ""old-only"", ""tag_note"": ""老版变体（数值微调/活动/强化版），Zircon 无对应""}"			"{""legacy"": {""appr"": 207, ""race"": 19, ""race_img"": 7, ""library_file"": ""Mon-20.wil"", ""frame"": 7040, ""note"": ""legacy Appr/frame convention from dat_integrate.py; not a Zircon MonsterImage shape""}, ""current"": null, ""status"": ""current-image-not-in-MonsterLookup""}"	legacy-atlas-old-only-no-automatic-map	True
237	蚂蚁将军	"{""index"": 237, ""name"": ""蚂蚁将军"", ""level"": ""74"", ""hp"": ""2000"", ""dc"": ""38-55"", ""exp"": ""1000"", ""tag"": ""unverified"", ""note"": ""unverified 未做全量名映射，有无 Zircon 对应待查""}"	"{""Index"": 237, ""Name"": ""蚂蚁将军"", ""Appr"": 97, ""Race"": 19, ""RaceImg"": 8, ""Level"": 74, ""HP"": 2000, ""Exp"": 1000, ""ACMin"": 11, ""ACMax"": 11, ""MAC"": 60, ""DCMin"": 38, ""DCMax"": 55, ""DropTable"": 10, ""tag"": ""unverified"", ""tag_note"": ""未做全量名映射，有无 Zircon 对应待查""}"			"{""legacy"": {""appr"": 97, ""race"": 19, ""race_img"": 8, ""library_file"": ""Mon-9.wil"", ""frame"": 7040, ""note"": ""legacy Appr/frame convention from dat_integrate.py; not a Zircon MonsterImage shape""}, ""current"": null, ""status"": ""current-image-not-in-MonsterLookup""}"	legacy-atlas-unverified	True
238	蚂蚁战士	"{""index"": 238, ""name"": ""蚂蚁战士"", ""level"": ""25"", ""hp"": ""280"", ""dc"": ""15-25"", ""exp"": ""200"", ""tag"": ""unverified"", ""note"": ""unverified 未做全量名映射，有无 Zircon 对应待查""}"	"{""Index"": 238, ""Name"": ""蚂蚁战士"", ""Appr"": 81, ""Race"": 19, ""RaceImg"": 14, ""Level"": 25, ""HP"": 280, ""Exp"": 200, ""ACMin"": 0, ""ACMax"": 0, ""MAC"": 6, ""DCMin"": 15, ""DCMax"": 25, ""DropTable"": 0, ""tag"": ""unverified"", ""tag_note"": ""未做全量名映射，有无 Zircon 对应待查""}"			"{""legacy"": {""appr"": 81, ""race"": 19, ""race_img"": 14, ""library_file"": ""Mon-8.wil"", ""frame"": 1040, ""note"": ""legacy Appr/frame convention from dat_integrate.py; not a Zircon MonsterImage shape""}, ""current"": null, ""status"": ""current-image-not-in-MonsterLookup""}"	legacy-atlas-unverified	True
239	蚂蚁战士0	"{""index"": 239, ""name"": ""蚂蚁战士0"", ""level"": ""25"", ""hp"": ""280"", ""dc"": ""15-25"", ""exp"": ""200"", ""tag"": ""old-only"", ""note"": ""old-only 老版变体（数值微调/活动/强化版），Zircon 无对应""}"	"{""Index"": 239, ""Name"": ""蚂蚁战士0"", ""Appr"": 81, ""Race"": 19, ""RaceImg"": 14, ""Level"": 25, ""HP"": 280, ""Exp"": 200, ""ACMin"": 0, ""ACMax"": 0, ""MAC"": 6, ""DCMin"": 15, ""DCMax"": 25, ""DropTable"": 0, ""tag"": ""old-only"", ""tag_note"": ""老版变体（数值微调/活动/强化版），Zircon 无对应""}"			"{""legacy"": {""appr"": 81, ""race"": 19, ""race_img"": 14, ""library_file"": ""Mon-8.wil"", ""frame"": 1040, ""note"": ""legacy Appr/frame convention from dat_integrate.py; not a Zircon MonsterImage shape""}, ""current"": null, ""status"": ""current-image-not-in-MonsterLookup""}"	legacy-atlas-old-only-no-automatic-map	True
240	魔神怪1	"{""index"": 240, ""name"": ""魔神怪1"", ""level"": ""52"", ""hp"": ""2320"", ""dc"": ""37-48"", ""exp"": ""800"", ""tag"": ""old-only"", ""note"": ""old-only 老版变体（数值微调/活动/强化版），Zircon 无对应""}"	"{""Index"": 240, ""Name"": ""魔神怪1"", ""Appr"": 104, ""Race"": 19, ""RaceImg"": 156, ""Level"": 52, ""HP"": 2320, ""Exp"": 800, ""ACMin"": 5, ""ACMax"": 5, ""MAC"": 12, ""DCMin"": 37, ""DCMax"": 48, ""DropTable"": 0, ""tag"": ""old-only"", ""tag_note"": ""老版变体（数值微调/活动/强化版），Zircon 无对应""}"			"{""legacy"": {""appr"": 104, ""race"": 19, ""race_img"": 156, ""library_file"": ""Mon-10.wil"", ""frame"": 4040, ""note"": ""legacy Appr/frame convention from dat_integrate.py; not a Zircon MonsterImage shape""}, ""current"": null, ""status"": ""current-image-not-in-MonsterLookup""}"	legacy-atlas-old-only-no-automatic-map	True
241	武力神将81	"{""index"": 241, ""name"": ""武力神将81"", ""level"": ""51"", ""hp"": ""4500"", ""dc"": ""60-77"", ""exp"": ""2300"", ""tag"": ""old-only"", ""note"": ""old-only 老版变体（数值微调/活动/强化版），Zircon 无对应""}"	"{""Index"": 241, ""Name"": ""武力神将81"", ""Appr"": 222, ""Race"": 19, ""RaceImg"": 161, ""Level"": 51, ""HP"": 4500, ""Exp"": 2300, ""ACMin"": 22, ""ACMax"": 22, ""MAC"": 38, ""DCMin"": 60, ""DCMax"": 77, ""DropTable"": 0, ""tag"": ""old-only"", ""tag_note"": ""老版变体（数值微调/活动/强化版），Zircon 无对应""}"			"{""legacy"": {""appr"": 222, ""race"": 19, ""race_img"": 161, ""library_file"": ""Mon-22.wil"", ""frame"": 2040, ""note"": ""legacy Appr/frame convention from dat_integrate.py; not a Zircon MonsterImage shape""}, ""current"": null, ""status"": ""current-image-not-in-MonsterLookup""}"	legacy-atlas-old-only-no-automatic-map	True
242	魔神怪10	"{""index"": 242, ""name"": ""魔神怪10"", ""level"": ""52"", ""hp"": ""2320"", ""dc"": ""37-48"", ""exp"": ""800"", ""tag"": ""old-only"", ""note"": ""old-only 老版变体（数值微调/活动/强化版），Zircon 无对应""}"	"{""Index"": 242, ""Name"": ""魔神怪10"", ""Appr"": 104, ""Race"": 19, ""RaceImg"": 156, ""Level"": 52, ""HP"": 2320, ""Exp"": 800, ""ACMin"": 5, ""ACMax"": 5, ""MAC"": 12, ""DCMin"": 37, ""DCMax"": 48, ""DropTable"": 0, ""tag"": ""old-only"", ""tag_note"": ""老版变体（数值微调/活动/强化版），Zircon 无对应""}"			"{""legacy"": {""appr"": 104, ""race"": 19, ""race_img"": 156, ""library_file"": ""Mon-10.wil"", ""frame"": 4040, ""note"": ""legacy Appr/frame convention from dat_integrate.py; not a Zircon MonsterImage shape""}, ""current"": null, ""status"": ""current-image-not-in-MonsterLookup""}"	legacy-atlas-old-only-no-automatic-map	True
243	魔神怪2	"{""index"": 243, ""name"": ""魔神怪2"", ""level"": ""52"", ""hp"": ""2320"", ""dc"": ""21-43"", ""exp"": ""800"", ""tag"": ""old-only"", ""note"": ""old-only 老版变体（数值微调/活动/强化版），Zircon 无对应""}"	"{""Index"": 243, ""Name"": ""魔神怪2"", ""Appr"": 219, ""Race"": 19, ""RaceImg"": 157, ""Level"": 52, ""HP"": 2320, ""Exp"": 800, ""ACMin"": 4, ""ACMax"": 4, ""MAC"": 11, ""DCMin"": 21, ""DCMax"": 43, ""DropTable"": 0, ""tag"": ""old-only"", ""tag_note"": ""老版变体（数值微调/活动/强化版），Zircon 无对应""}"			"{""legacy"": {""appr"": 219, ""race"": 19, ""race_img"": 157, ""library_file"": ""Mon-21.wil"", ""frame"": 9040, ""note"": ""legacy Appr/frame convention from dat_integrate.py; not a Zircon MonsterImage shape""}, ""current"": null, ""status"": ""current-image-not-in-MonsterLookup""}"	legacy-atlas-old-only-no-automatic-map	True
244	魔神怪20	"{""index"": 244, ""name"": ""魔神怪20"", ""level"": ""52"", ""hp"": ""2320"", ""dc"": ""21-43"", ""exp"": ""800"", ""tag"": ""old-only"", ""note"": ""old-only 老版变体（数值微调/活动/强化版），Zircon 无对应""}"	"{""Index"": 244, ""Name"": ""魔神怪20"", ""Appr"": 219, ""Race"": 19, ""RaceImg"": 157, ""Level"": 52, ""HP"": 2320, ""Exp"": 800, ""ACMin"": 4, ""ACMax"": 4, ""MAC"": 11, ""DCMin"": 21, ""DCMax"": 43, ""DropTable"": 0, ""tag"": ""old-only"", ""tag_note"": ""老版变体（数值微调/活动/强化版），Zircon 无对应""}"			"{""legacy"": {""appr"": 219, ""race"": 19, ""race_img"": 157, ""library_file"": ""Mon-21.wil"", ""frame"": 9040, ""note"": ""legacy Appr/frame convention from dat_integrate.py; not a Zircon MonsterImage shape""}, ""current"": null, ""status"": ""current-image-not-in-MonsterLookup""}"	legacy-atlas-old-only-no-automatic-map	True
245	木障	"{""index"": 245, ""name"": ""木障"", ""level"": ""99"", ""hp"": ""0"", ""dc"": ""0-0"", ""exp"": ""10000"", ""tag"": ""unverified"", ""note"": ""unverified 未做全量名映射，有无 Zircon 对应待查""}"	"{""Index"": 245, ""Name"": ""木障"", ""Appr"": 110, ""Race"": 98, ""RaceImg"": 173, ""Level"": 99, ""HP"": 0, ""Exp"": 10000, ""ACMin"": 33, ""ACMax"": 33, ""MAC"": 109, ""DCMin"": 0, ""DCMax"": 0, ""DropTable"": 0, ""tag"": ""unverified"", ""tag_note"": ""未做全量名映射，有无 Zircon 对应待查""}"			"{""legacy"": {""appr"": 110, ""race"": 98, ""race_img"": 173, ""library_file"": ""Mon-11.wil"", ""frame"": 40, ""note"": ""legacy Appr/frame convention from dat_integrate.py; not a Zircon MonsterImage shape""}, ""current"": null, ""status"": ""current-image-not-in-MonsterLookup""}"	legacy-atlas-unverified	True
246	震天兽	"{""index"": 246, ""name"": ""震天兽"", ""level"": ""80"", ""hp"": ""20000"", ""dc"": ""187-253"", ""exp"": ""4000"", ""tag"": ""unverified"", ""note"": ""unverified 未做全量名映射，有无 Zircon 对应待查""}"	"{""Index"": 246, ""Name"": ""震天兽"", ""Appr"": 97, ""Race"": 19, ""RaceImg"": 193, ""Level"": 80, ""HP"": 20000, ""Exp"": 4000, ""ACMin"": 44, ""ACMax"": 44, ""MAC"": 60, ""DCMin"": 187, ""DCMax"": 253, ""DropTable"": 10, ""tag"": ""unverified"", ""tag_note"": ""未做全量名映射，有无 Zircon 对应待查""}"			"{""legacy"": {""appr"": 97, ""race"": 19, ""race_img"": 193, ""library_file"": ""Mon-9.wil"", ""frame"": 7040, ""note"": ""legacy Appr/frame convention from dat_integrate.py; not a Zircon MonsterImage shape""}, ""current"": null, ""status"": ""current-image-not-in-MonsterLookup""}"	legacy-atlas-unverified	True
247	牛老道	"{""index"": 247, ""name"": ""牛老道"", ""level"": ""74"", ""hp"": ""1"", ""dc"": ""22-44"", ""exp"": ""1200"", ""tag"": ""unverified"", ""note"": ""unverified 未做全量名映射，有无 Zircon 对应待查""}"	"{""Index"": 247, ""Name"": ""牛老道"", ""Appr"": 97, ""Race"": 19, ""RaceImg"": 44, ""Level"": 74, ""HP"": 1, ""Exp"": 1200, ""ACMin"": 8, ""ACMax"": 8, ""MAC"": 13, ""DCMin"": 22, ""DCMax"": 44, ""DropTable"": 0, ""tag"": ""unverified"", ""tag_note"": ""未做全量名映射，有无 Zircon 对应待查""}"			"{""legacy"": {""appr"": 97, ""race"": 19, ""race_img"": 44, ""library_file"": ""Mon-9.wil"", ""frame"": 7040, ""note"": ""legacy Appr/frame convention from dat_integrate.py; not a Zircon MonsterImage shape""}, ""current"": null, ""status"": ""current-image-not-in-MonsterLookup""}"	legacy-atlas-unverified	True
248	弩车	"{""index"": 248, ""name"": ""弩车"", ""level"": ""99"", ""hp"": ""1"", ""dc"": ""88-143"", ""exp"": ""1000"", ""tag"": ""unverified"", ""note"": ""unverified 未做全量名映射，有无 Zircon 对应待查""}"	"{""Index"": 248, ""Name"": ""弩车"", ""Appr"": 122, ""Race"": 19, ""RaceImg"": 169, ""Level"": 99, ""HP"": 1, ""Exp"": 1000, ""ACMin"": 0, ""ACMax"": 0, ""MAC"": 0, ""DCMin"": 88, ""DCMax"": 143, ""DropTable"": 0, ""tag"": ""unverified"", ""tag_note"": ""未做全量名映射，有无 Zircon 对应待查""}"			"{""legacy"": {""appr"": 122, ""race"": 19, ""race_img"": 169, ""library_file"": ""Mon-12.wil"", ""frame"": 2040, ""note"": ""legacy Appr/frame convention from dat_integrate.py; not a Zircon MonsterImage shape""}, ""current"": null, ""status"": ""current-image-not-in-MonsterLookup""}"	legacy-atlas-unverified	True
249	怒龙神	"{""index"": 249, ""name"": ""怒龙神"", ""level"": ""82"", ""hp"": ""10000"", ""dc"": ""60-188"", ""exp"": ""3500"", ""tag"": ""unverified"", ""note"": ""unverified 未做全量名映射，有无 Zircon 对应待查""}"	"{""Index"": 249, ""Name"": ""怒龙神"", ""Appr"": 216, ""Race"": 19, ""RaceImg"": 152, ""Level"": 82, ""HP"": 10000, ""Exp"": 3500, ""ACMin"": 50, ""ACMax"": 50, ""MAC"": 60, ""DCMin"": 60, ""DCMax"": 188, ""DropTable"": 0, ""tag"": ""unverified"", ""tag_note"": ""未做全量名映射，有无 Zircon 对应待查""}"			"{""legacy"": {""appr"": 216, ""race"": 19, ""race_img"": 152, ""library_file"": ""Mon-21.wil"", ""frame"": 6040, ""note"": ""legacy Appr/frame convention from dat_integrate.py; not a Zircon MonsterImage shape""}, ""current"": null, ""status"": ""current-image-not-in-MonsterLookup""}"	legacy-atlas-unverified	True
250	诺玛0	"{""index"": 250, ""name"": ""诺玛0"", ""level"": ""35"", ""hp"": ""500"", ""dc"": ""29-46"", ""exp"": ""340"", ""tag"": ""old-only"", ""note"": ""old-only 老版变体（数值微调/活动/强化版），Zircon 无对应""}"	"{""Index"": 250, ""Name"": ""诺玛0"", ""Appr"": 81, ""Race"": 19, ""RaceImg"": 18, ""Level"": 35, ""HP"": 500, ""Exp"": 340, ""ACMin"": 3, ""ACMax"": 3, ""MAC"": 8, ""DCMin"": 29, ""DCMax"": 46, ""DropTable"": 0, ""tag"": ""old-only"", ""tag_note"": ""老版变体（数值微调/活动/强化版），Zircon 无对应""}"			"{""legacy"": {""appr"": 81, ""race"": 19, ""race_img"": 18, ""library_file"": ""Mon-8.wil"", ""frame"": 1040, ""note"": ""legacy Appr/frame convention from dat_integrate.py; not a Zircon MonsterImage shape""}, ""current"": null, ""status"": ""current-image-not-in-MonsterLookup""}"	legacy-atlas-old-only-no-automatic-map	True
251	诺玛将士	"{""index"": 251, ""name"": ""诺玛将士"", ""level"": ""35"", ""hp"": ""540"", ""dc"": ""29-50"", ""exp"": ""380"", ""tag"": ""unverified"", ""note"": ""unverified 未做全量名映射，有无 Zircon 对应待查""}"	"{""Index"": 251, ""Name"": ""诺玛将士"", ""Appr"": 81, ""Race"": 19, ""RaceImg"": 17, ""Level"": 35, ""HP"": 540, ""Exp"": 380, ""ACMin"": 4, ""ACMax"": 4, ""MAC"": 7, ""DCMin"": 29, ""DCMax"": 50, ""DropTable"": 0, ""tag"": ""unverified"", ""tag_note"": ""未做全量名映射，有无 Zircon 对应待查""}"			"{""legacy"": {""appr"": 81, ""race"": 19, ""race_img"": 17, ""library_file"": ""Mon-8.wil"", ""frame"": 1040, ""note"": ""legacy Appr/frame convention from dat_integrate.py; not a Zircon MonsterImage shape""}, ""current"": null, ""status"": ""current-image-not-in-MonsterLookup""}"	legacy-atlas-unverified	True
252	诺玛00	"{""index"": 252, ""name"": ""诺玛00"", ""level"": ""35"", ""hp"": ""500"", ""dc"": ""29-46"", ""exp"": ""340"", ""tag"": ""old-only"", ""note"": ""old-only 老版变体（数值微调/活动/强化版），Zircon 无对应""}"	"{""Index"": 252, ""Name"": ""诺玛00"", ""Appr"": 81, ""Race"": 19, ""RaceImg"": 18, ""Level"": 35, ""HP"": 500, ""Exp"": 340, ""ACMin"": 3, ""ACMax"": 3, ""MAC"": 8, ""DCMin"": 29, ""DCMax"": 46, ""DropTable"": 0, ""tag"": ""old-only"", ""tag_note"": ""老版变体（数值微调/活动/强化版），Zircon 无对应""}"			"{""legacy"": {""appr"": 81, ""race"": 19, ""race_img"": 18, ""library_file"": ""Mon-8.wil"", ""frame"": 1040, ""note"": ""legacy Appr/frame convention from dat_integrate.py; not a Zircon MonsterImage shape""}, ""current"": null, ""status"": ""current-image-not-in-MonsterLookup""}"	legacy-atlas-old-only-no-automatic-map	True
253	诺玛07	"{""index"": 253, ""name"": ""诺玛07"", ""level"": ""42"", ""hp"": ""1900"", ""dc"": ""33-55"", ""exp"": ""900"", ""tag"": ""old-only"", ""note"": ""old-only 老版变体（数值微调/活动/强化版），Zircon 无对应""}"	"{""Index"": 253, ""Name"": ""诺玛07"", ""Appr"": 81, ""Race"": 19, ""RaceImg"": 18, ""Level"": 42, ""HP"": 1900, ""Exp"": 900, ""ACMin"": 6, ""ACMax"": 6, ""MAC"": 13, ""DCMin"": 33, ""DCMax"": 55, ""DropTable"": 0, ""tag"": ""old-only"", ""tag_note"": ""老版变体（数值微调/活动/强化版），Zircon 无对应""}"			"{""legacy"": {""appr"": 81, ""race"": 19, ""race_img"": 18, ""library_file"": ""Mon-8.wil"", ""frame"": 1040, ""note"": ""legacy Appr/frame convention from dat_integrate.py; not a Zircon MonsterImage shape""}, ""current"": null, ""status"": ""current-image-not-in-MonsterLookup""}"	legacy-atlas-old-only-no-automatic-map	True
254	诺玛08	"{""index"": 254, ""name"": ""诺玛08"", ""level"": ""45"", ""hp"": ""3200"", ""dc"": ""44-66"", ""exp"": ""1500"", ""tag"": ""old-only"", ""note"": ""old-only 老版变体（数值微调/活动/强化版），Zircon 无对应""}"	"{""Index"": 254, ""Name"": ""诺玛08"", ""Appr"": 81, ""Race"": 19, ""RaceImg"": 18, ""Level"": 45, ""HP"": 3200, ""Exp"": 1500, ""ACMin"": 7, ""ACMax"": 7, ""MAC"": 15, ""DCMin"": 44, ""DCMax"": 66, ""DropTable"": 0, ""tag"": ""old-only"", ""tag_note"": ""老版变体（数值微调/活动/强化版），Zircon 无对应""}"			"{""legacy"": {""appr"": 81, ""race"": 19, ""race_img"": 18, ""library_file"": ""Mon-8.wil"", ""frame"": 1040, ""note"": ""legacy Appr/frame convention from dat_integrate.py; not a Zircon MonsterImage shape""}, ""current"": null, ""status"": ""current-image-not-in-MonsterLookup""}"	legacy-atlas-old-only-no-automatic-map	True
255	诺玛09	"{""index"": 255, ""name"": ""诺玛09"", ""level"": ""48"", ""hp"": ""5000"", ""dc"": ""55-77"", ""exp"": ""2200"", ""tag"": ""old-only"", ""note"": ""old-only 老版变体（数值微调/活动/强化版），Zircon 无对应""}"	"{""Index"": 255, ""Name"": ""诺玛09"", ""Appr"": 81, ""Race"": 19, ""RaceImg"": 18, ""Level"": 48, ""HP"": 5000, ""Exp"": 2200, ""ACMin"": 10, ""ACMax"": 10, ""MAC"": 17, ""DCMin"": 55, ""DCMax"": 77, ""DropTable"": 0, ""tag"": ""old-only"", ""tag_note"": ""老版变体（数值微调/活动/强化版），Zircon 无对应""}"			"{""legacy"": {""appr"": 81, ""race"": 19, ""race_img"": 18, ""library_file"": ""Mon-8.wil"", ""frame"": 1040, ""note"": ""legacy Appr/frame convention from dat_integrate.py; not a Zircon MonsterImage shape""}, ""current"": null, ""status"": ""current-image-not-in-MonsterLookup""}"	legacy-atlas-old-only-no-automatic-map	True
256	诺玛1	"{""index"": 256, ""name"": ""诺玛1"", ""level"": ""35"", ""hp"": ""500"", ""dc"": ""29-46"", ""exp"": ""340"", ""tag"": ""old-only"", ""note"": ""old-only 老版变体（数值微调/活动/强化版），Zircon 无对应""}"	"{""Index"": 256, ""Name"": ""诺玛1"", ""Appr"": 81, ""Race"": 19, ""RaceImg"": 122, ""Level"": 35, ""HP"": 500, ""Exp"": 340, ""ACMin"": 3, ""ACMax"": 3, ""MAC"": 8, ""DCMin"": 29, ""DCMax"": 46, ""DropTable"": 0, ""tag"": ""old-only"", ""tag_note"": ""老版变体（数值微调/活动/强化版），Zircon 无对应""}"			"{""legacy"": {""appr"": 81, ""race"": 19, ""race_img"": 122, ""library_file"": ""Mon-8.wil"", ""frame"": 1040, ""note"": ""legacy Appr/frame convention from dat_integrate.py; not a Zircon MonsterImage shape""}, ""current"": null, ""status"": ""current-image-not-in-MonsterLookup""}"	legacy-atlas-old-only-no-automatic-map	True
257	诺玛10	"{""index"": 257, ""name"": ""诺玛10"", ""level"": ""35"", ""hp"": ""500"", ""dc"": ""29-46"", ""exp"": ""340"", ""tag"": ""old-only"", ""note"": ""old-only 老版变体（数值微调/活动/强化版），Zircon 无对应""}"	"{""Index"": 257, ""Name"": ""诺玛10"", ""Appr"": 81, ""Race"": 19, ""RaceImg"": 122, ""Level"": 35, ""HP"": 500, ""Exp"": 340, ""ACMin"": 3, ""ACMax"": 3, ""MAC"": 8, ""DCMin"": 29, ""DCMax"": 46, ""DropTable"": 0, ""tag"": ""old-only"", ""tag_note"": ""老版变体（数值微调/活动/强化版），Zircon 无对应""}"			"{""legacy"": {""appr"": 81, ""race"": 19, ""race_img"": 122, ""library_file"": ""Mon-8.wil"", ""frame"": 1040, ""note"": ""legacy Appr/frame convention from dat_integrate.py; not a Zircon MonsterImage shape""}, ""current"": null, ""status"": ""current-image-not-in-MonsterLookup""}"	legacy-atlas-old-only-no-automatic-map	True
258	诺玛17	"{""index"": 258, ""name"": ""诺玛17"", ""level"": ""42"", ""hp"": ""1900"", ""dc"": ""33-55"", ""exp"": ""900"", ""tag"": ""old-only"", ""note"": ""old-only 老版变体（数值微调/活动/强化版），Zircon 无对应""}"	"{""Index"": 258, ""Name"": ""诺玛17"", ""Appr"": 81, ""Race"": 19, ""RaceImg"": 122, ""Level"": 42, ""HP"": 1900, ""Exp"": 900, ""ACMin"": 6, ""ACMax"": 6, ""MAC"": 13, ""DCMin"": 33, ""DCMax"": 55, ""DropTable"": 0, ""tag"": ""old-only"", ""tag_note"": ""老版变体（数值微调/活动/强化版），Zircon 无对应""}"			"{""legacy"": {""appr"": 81, ""race"": 19, ""race_img"": 122, ""library_file"": ""Mon-8.wil"", ""frame"": 1040, ""note"": ""legacy Appr/frame convention from dat_integrate.py; not a Zircon MonsterImage shape""}, ""current"": null, ""status"": ""current-image-not-in-MonsterLookup""}"	legacy-atlas-old-only-no-automatic-map	True
259	诺玛18	"{""index"": 259, ""name"": ""诺玛18"", ""level"": ""45"", ""hp"": ""3200"", ""dc"": ""44-66"", ""exp"": ""1500"", ""tag"": ""old-only"", ""note"": ""old-only 老版变体（数值微调/活动/强化版），Zircon 无对应""}"	"{""Index"": 259, ""Name"": ""诺玛18"", ""Appr"": 81, ""Race"": 19, ""RaceImg"": 122, ""Level"": 45, ""HP"": 3200, ""Exp"": 1500, ""ACMin"": 8, ""ACMax"": 8, ""MAC"": 15, ""DCMin"": 44, ""DCMax"": 66, ""DropTable"": 0, ""tag"": ""old-only"", ""tag_note"": ""老版变体（数值微调/活动/强化版），Zircon 无对应""}"			"{""legacy"": {""appr"": 81, ""race"": 19, ""race_img"": 122, ""library_file"": ""Mon-8.wil"", ""frame"": 1040, ""note"": ""legacy Appr/frame convention from dat_integrate.py; not a Zircon MonsterImage shape""}, ""current"": null, ""status"": ""current-image-not-in-MonsterLookup""}"	legacy-atlas-old-only-no-automatic-map	True
260	诺玛19	"{""index"": 260, ""name"": ""诺玛19"", ""level"": ""48"", ""hp"": ""5000"", ""dc"": ""55-77"", ""exp"": ""2200"", ""tag"": ""old-only"", ""note"": ""old-only 老版变体（数值微调/活动/强化版），Zircon 无对应""}"	"{""Index"": 260, ""Name"": ""诺玛19"", ""Appr"": 81, ""Race"": 19, ""RaceImg"": 122, ""Level"": 48, ""HP"": 5000, ""Exp"": 2200, ""ACMin"": 10, ""ACMax"": 10, ""MAC"": 17, ""DCMin"": 55, ""DCMax"": 77, ""DropTable"": 0, ""tag"": ""old-only"", ""tag_note"": ""老版变体（数值微调/活动/强化版），Zircon 无对应""}"			"{""legacy"": {""appr"": 81, ""race"": 19, ""race_img"": 122, ""library_file"": ""Mon-8.wil"", ""frame"": 1040, ""note"": ""legacy Appr/frame convention from dat_integrate.py; not a Zircon MonsterImage shape""}, ""current"": null, ""status"": ""current-image-not-in-MonsterLookup""}"	legacy-atlas-old-only-no-automatic-map	True
261	诺玛2	"{""index"": 261, ""name"": ""诺玛2"", ""level"": ""35"", ""hp"": ""500"", ""dc"": ""29-46"", ""exp"": ""340"", ""tag"": ""old-only"", ""note"": ""old-only 老版变体（数值微调/活动/强化版），Zircon 无对应""}"	"{""Index"": 261, ""Name"": ""诺玛2"", ""Appr"": 81, ""Race"": 19, ""RaceImg"": 128, ""Level"": 35, ""HP"": 500, ""Exp"": 340, ""ACMin"": 3, ""ACMax"": 3, ""MAC"": 8, ""DCMin"": 29, ""DCMax"": 46, ""DropTable"": 0, ""tag"": ""old-only"", ""tag_note"": ""老版变体（数值微调/活动/强化版），Zircon 无对应""}"			"{""legacy"": {""appr"": 81, ""race"": 19, ""race_img"": 128, ""library_file"": ""Mon-8.wil"", ""frame"": 1040, ""note"": ""legacy Appr/frame convention from dat_integrate.py; not a Zircon MonsterImage shape""}, ""current"": null, ""status"": ""current-image-not-in-MonsterLookup""}"	legacy-atlas-old-only-no-automatic-map	True
262	诺玛20	"{""index"": 262, ""name"": ""诺玛20"", ""level"": ""35"", ""hp"": ""500"", ""dc"": ""29-46"", ""exp"": ""340"", ""tag"": ""old-only"", ""note"": ""old-only 老版变体（数值微调/活动/强化版），Zircon 无对应""}"	"{""Index"": 262, ""Name"": ""诺玛20"", ""Appr"": 81, ""Race"": 19, ""RaceImg"": 128, ""Level"": 35, ""HP"": 500, ""Exp"": 340, ""ACMin"": 3, ""ACMax"": 3, ""MAC"": 8, ""DCMin"": 29, ""DCMax"": 46, ""DropTable"": 0, ""tag"": ""old-only"", ""tag_note"": ""老版变体（数值微调/活动/强化版），Zircon 无对应""}"			"{""legacy"": {""appr"": 81, ""race"": 19, ""race_img"": 128, ""library_file"": ""Mon-8.wil"", ""frame"": 1040, ""note"": ""legacy Appr/frame convention from dat_integrate.py; not a Zircon MonsterImage shape""}, ""current"": null, ""status"": ""current-image-not-in-MonsterLookup""}"	legacy-atlas-old-only-no-automatic-map	True
263	诺玛27	"{""index"": 263, ""name"": ""诺玛27"", ""level"": ""60"", ""hp"": ""4900"", ""dc"": ""33-55"", ""exp"": ""1600"", ""tag"": ""old-only"", ""note"": ""old-only 老版变体（数值微调/活动/强化版），Zircon 无对应""}"	"{""Index"": 263, ""Name"": ""诺玛27"", ""Appr"": 81, ""Race"": 19, ""RaceImg"": 128, ""Level"": 60, ""HP"": 4900, ""Exp"": 1600, ""ACMin"": 6, ""ACMax"": 6, ""MAC"": 13, ""DCMin"": 33, ""DCMax"": 55, ""DropTable"": 0, ""tag"": ""old-only"", ""tag_note"": ""老版变体（数值微调/活动/强化版），Zircon 无对应""}"			"{""legacy"": {""appr"": 81, ""race"": 19, ""race_img"": 128, ""library_file"": ""Mon-8.wil"", ""frame"": 1040, ""note"": ""legacy Appr/frame convention from dat_integrate.py; not a Zircon MonsterImage shape""}, ""current"": null, ""status"": ""current-image-not-in-MonsterLookup""}"	legacy-atlas-old-only-no-automatic-map	True
264	诺玛28	"{""index"": 264, ""name"": ""诺玛28"", ""level"": ""60"", ""hp"": ""5000"", ""dc"": ""44-66"", ""exp"": ""1900"", ""tag"": ""old-only"", ""note"": ""old-only 老版变体（数值微调/活动/强化版），Zircon 无对应""}"	"{""Index"": 264, ""Name"": ""诺玛28"", ""Appr"": 81, ""Race"": 19, ""RaceImg"": 128, ""Level"": 60, ""HP"": 5000, ""Exp"": 1900, ""ACMin"": 8, ""ACMax"": 8, ""MAC"": 15, ""DCMin"": 44, ""DCMax"": 66, ""DropTable"": 0, ""tag"": ""old-only"", ""tag_note"": ""老版变体（数值微调/活动/强化版），Zircon 无对应""}"			"{""legacy"": {""appr"": 81, ""race"": 19, ""race_img"": 128, ""library_file"": ""Mon-8.wil"", ""frame"": 1040, ""note"": ""legacy Appr/frame convention from dat_integrate.py; not a Zircon MonsterImage shape""}, ""current"": null, ""status"": ""current-image-not-in-MonsterLookup""}"	legacy-atlas-old-only-no-automatic-map	True
265	诺玛29	"{""index"": 265, ""name"": ""诺玛29"", ""level"": ""50"", ""hp"": ""6000"", ""dc"": ""55-77"", ""exp"": ""2200"", ""tag"": ""old-only"", ""note"": ""old-only 老版变体（数值微调/活动/强化版），Zircon 无对应""}"	"{""Index"": 265, ""Name"": ""诺玛29"", ""Appr"": 81, ""Race"": 19, ""RaceImg"": 128, ""Level"": 50, ""HP"": 6000, ""Exp"": 2200, ""ACMin"": 10, ""ACMax"": 10, ""MAC"": 17, ""DCMin"": 55, ""DCMax"": 77, ""DropTable"": 0, ""tag"": ""old-only"", ""tag_note"": ""老版变体（数值微调/活动/强化版），Zircon 无对应""}"			"{""legacy"": {""appr"": 81, ""race"": 19, ""race_img"": 128, ""library_file"": ""Mon-8.wil"", ""frame"": 1040, ""note"": ""legacy Appr/frame convention from dat_integrate.py; not a Zircon MonsterImage shape""}, ""current"": null, ""status"": ""current-image-not-in-MonsterLookup""}"	legacy-atlas-old-only-no-automatic-map	True
266	诺玛3	"{""index"": 266, ""name"": ""诺玛3"", ""level"": ""35"", ""hp"": ""500"", ""dc"": ""29-46"", ""exp"": ""340"", ""tag"": ""old-only"", ""note"": ""old-only 老版变体（数值微调/活动/强化版），Zircon 无对应""}"	"{""Index"": 266, ""Name"": ""诺玛3"", ""Appr"": 81, ""Race"": 19, ""RaceImg"": 129, ""Level"": 35, ""HP"": 500, ""Exp"": 340, ""ACMin"": 3, ""ACMax"": 3, ""MAC"": 8, ""DCMin"": 29, ""DCMax"": 46, ""DropTable"": 0, ""tag"": ""old-only"", ""tag_note"": ""老版变体（数值微调/活动/强化版），Zircon 无对应""}"			"{""legacy"": {""appr"": 81, ""race"": 19, ""race_img"": 129, ""library_file"": ""Mon-8.wil"", ""frame"": 1040, ""note"": ""legacy Appr/frame convention from dat_integrate.py; not a Zircon MonsterImage shape""}, ""current"": null, ""status"": ""current-image-not-in-MonsterLookup""}"	legacy-atlas-old-only-no-automatic-map	True
267	诺玛30	"{""index"": 267, ""name"": ""诺玛30"", ""level"": ""35"", ""hp"": ""500"", ""dc"": ""29-46"", ""exp"": ""340"", ""tag"": ""old-only"", ""note"": ""old-only 老版变体（数值微调/活动/强化版），Zircon 无对应""}"	"{""Index"": 267, ""Name"": ""诺玛30"", ""Appr"": 81, ""Race"": 19, ""RaceImg"": 129, ""Level"": 35, ""HP"": 500, ""Exp"": 340, ""ACMin"": 3, ""ACMax"": 3, ""MAC"": 8, ""DCMin"": 29, ""DCMax"": 46, ""DropTable"": 0, ""tag"": ""old-only"", ""tag_note"": ""老版变体（数值微调/活动/强化版），Zircon 无对应""}"			"{""legacy"": {""appr"": 81, ""race"": 19, ""race_img"": 129, ""library_file"": ""Mon-8.wil"", ""frame"": 1040, ""note"": ""legacy Appr/frame convention from dat_integrate.py; not a Zircon MonsterImage shape""}, ""current"": null, ""status"": ""current-image-not-in-MonsterLookup""}"	legacy-atlas-old-only-no-automatic-map	True
268	诺玛37	"{""index"": 268, ""name"": ""诺玛37"", ""level"": ""42"", ""hp"": ""1900"", ""dc"": ""33-55"", ""exp"": ""900"", ""tag"": ""old-only"", ""note"": ""old-only 老版变体（数值微调/活动/强化版），Zircon 无对应""}"	"{""Index"": 268, ""Name"": ""诺玛37"", ""Appr"": 81, ""Race"": 19, ""RaceImg"": 129, ""Level"": 42, ""HP"": 1900, ""Exp"": 900, ""ACMin"": 6, ""ACMax"": 6, ""MAC"": 13, ""DCMin"": 33, ""DCMax"": 55, ""DropTable"": 0, ""tag"": ""old-only"", ""tag_note"": ""老版变体（数值微调/活动/强化版），Zircon 无对应""}"			"{""legacy"": {""appr"": 81, ""race"": 19, ""race_img"": 129, ""library_file"": ""Mon-8.wil"", ""frame"": 1040, ""note"": ""legacy Appr/frame convention from dat_integrate.py; not a Zircon MonsterImage shape""}, ""current"": null, ""status"": ""current-image-not-in-MonsterLookup""}"	legacy-atlas-old-only-no-automatic-map	True
269	诺玛38	"{""index"": 269, ""name"": ""诺玛38"", ""level"": ""60"", ""hp"": ""5000"", ""dc"": ""44-66"", ""exp"": ""2500"", ""tag"": ""old-only"", ""note"": ""old-only 老版变体（数值微调/活动/强化版），Zircon 无对应""}"	"{""Index"": 269, ""Name"": ""诺玛38"", ""Appr"": 81, ""Race"": 19, ""RaceImg"": 129, ""Level"": 60, ""HP"": 5000, ""Exp"": 2500, ""ACMin"": 8, ""ACMax"": 8, ""MAC"": 15, ""DCMin"": 44, ""DCMax"": 66, ""DropTable"": 0, ""tag"": ""old-only"", ""tag_note"": ""老版变体（数值微调/活动/强化版），Zircon 无对应""}"			"{""legacy"": {""appr"": 81, ""race"": 19, ""race_img"": 129, ""library_file"": ""Mon-8.wil"", ""frame"": 1040, ""note"": ""legacy Appr/frame convention from dat_integrate.py; not a Zircon MonsterImage shape""}, ""current"": null, ""status"": ""current-image-not-in-MonsterLookup""}"	legacy-atlas-old-only-no-automatic-map	True
270	诺玛39	"{""index"": 270, ""name"": ""诺玛39"", ""level"": ""60"", ""hp"": ""5000"", ""dc"": ""55-77"", ""exp"": ""2200"", ""tag"": ""old-only"", ""note"": ""old-only 老版变体（数值微调/活动/强化版），Zircon 无对应""}"	"{""Index"": 270, ""Name"": ""诺玛39"", ""Appr"": 81, ""Race"": 19, ""RaceImg"": 129, ""Level"": 60, ""HP"": 5000, ""Exp"": 2200, ""ACMin"": 10, ""ACMax"": 10, ""MAC"": 17, ""DCMin"": 55, ""DCMax"": 77, ""DropTable"": 0, ""tag"": ""old-only"", ""tag_note"": ""老版变体（数值微调/活动/强化版），Zircon 无对应""}"			"{""legacy"": {""appr"": 81, ""race"": 19, ""race_img"": 129, ""library_file"": ""Mon-8.wil"", ""frame"": 1040, ""note"": ""legacy Appr/frame convention from dat_integrate.py; not a Zircon MonsterImage shape""}, ""current"": null, ""status"": ""current-image-not-in-MonsterLookup""}"	legacy-atlas-old-only-no-automatic-map	True
271	诺玛城门	"{""index"": 271, ""name"": ""诺玛城门"", ""level"": ""100"", ""hp"": ""1"", ""dc"": ""0-0"", ""exp"": ""20000"", ""tag"": ""unverified"", ""note"": ""unverified 未做全量名映射，有无 Zircon 对应待查""}"	"{""Index"": 271, ""Name"": ""诺玛城门"", ""Appr"": 111, ""Race"": 98, ""RaceImg"": 538, ""Level"": 100, ""HP"": 1, ""Exp"": 20000, ""ACMin"": 50, ""ACMax"": 50, ""MAC"": 150, ""DCMin"": 0, ""DCMax"": 0, ""DropTable"": 0, ""tag"": ""unverified"", ""tag_note"": ""未做全量名映射，有无 Zircon 对应待查""}"			"{""legacy"": {""appr"": 111, ""race"": 98, ""race_img"": 538, ""library_file"": ""Mon-11.wil"", ""frame"": 1040, ""note"": ""legacy Appr/frame convention from dat_integrate.py; not a Zircon MonsterImage shape""}, ""current"": null, ""status"": ""current-image-not-in-MonsterLookup""}"	legacy-atlas-unverified	True
272	诺玛法老	"{""index"": 272, ""name"": ""诺玛法老"", ""level"": ""35"", ""hp"": ""490"", ""dc"": ""30-42"", ""exp"": ""330"", ""tag"": ""unverified"", ""note"": ""unverified 未做全量名映射，有无 Zircon 对应待查""}"	"{""Index"": 272, ""Name"": ""诺玛法老"", ""Appr"": 204, ""Race"": 19, ""RaceImg"": 13, ""Level"": 35, ""HP"": 490, ""Exp"": 330, ""ACMin"": 2, ""ACMax"": 2, ""MAC"": 9, ""DCMin"": 30, ""DCMax"": 42, ""DropTable"": 0, ""tag"": ""unverified"", ""tag_note"": ""未做全量名映射，有无 Zircon 对应待查""}"			"{""legacy"": {""appr"": 204, ""race"": 19, ""race_img"": 13, ""library_file"": ""Mon-20.wil"", ""frame"": 4040, ""note"": ""legacy Appr/frame convention from dat_integrate.py; not a Zircon MonsterImage shape""}, ""current"": null, ""status"": ""current-image-not-in-MonsterLookup""}"	legacy-atlas-unverified	True
273	诺玛法老0	"{""index"": 273, ""name"": ""诺玛法老0"", ""level"": ""35"", ""hp"": ""490"", ""dc"": ""30-42"", ""exp"": ""330"", ""tag"": ""old-only"", ""note"": ""old-only 老版变体（数值微调/活动/强化版），Zircon 无对应""}"	"{""Index"": 273, ""Name"": ""诺玛法老0"", ""Appr"": 204, ""Race"": 19, ""RaceImg"": 13, ""Level"": 35, ""HP"": 490, ""Exp"": 330, ""ACMin"": 2, ""ACMax"": 2, ""MAC"": 9, ""DCMin"": 30, ""DCMax"": 42, ""DropTable"": 0, ""tag"": ""old-only"", ""tag_note"": ""老版变体（数值微调/活动/强化版），Zircon 无对应""}"			"{""legacy"": {""appr"": 204, ""race"": 19, ""race_img"": 13, ""library_file"": ""Mon-20.wil"", ""frame"": 4040, ""note"": ""legacy Appr/frame convention from dat_integrate.py; not a Zircon MonsterImage shape""}, ""current"": null, ""status"": ""current-image-not-in-MonsterLookup""}"	legacy-atlas-old-only-no-automatic-map	True
274	诺玛法老7	"{""index"": 274, ""name"": ""诺玛法老7"", ""level"": ""44"", ""hp"": ""2400"", ""dc"": ""38-60"", ""exp"": ""1100"", ""tag"": ""old-only"", ""note"": ""old-only 老版变体（数值微调/活动/强化版），Zircon 无对应""}"	"{""Index"": 274, ""Name"": ""诺玛法老7"", ""Appr"": 204, ""Race"": 19, ""RaceImg"": 13, ""Level"": 44, ""HP"": 2400, ""Exp"": 1100, ""ACMin"": 9, ""ACMax"": 9, ""MAC"": 16, ""DCMin"": 38, ""DCMax"": 60, ""DropTable"": 0, ""tag"": ""old-only"", ""tag_note"": ""老版变体（数值微调/活动/强化版），Zircon 无对应""}"			"{""legacy"": {""appr"": 204, ""race"": 19, ""race_img"": 13, ""library_file"": ""Mon-20.wil"", ""frame"": 4040, ""note"": ""legacy Appr/frame convention from dat_integrate.py; not a Zircon MonsterImage shape""}, ""current"": null, ""status"": ""current-image-not-in-MonsterLookup""}"	legacy-atlas-old-only-no-automatic-map	True
275	诺玛法老8	"{""index"": 275, ""name"": ""诺玛法老8"", ""level"": ""47"", ""hp"": ""3700"", ""dc"": ""49-71"", ""exp"": ""1700"", ""tag"": ""old-only"", ""note"": ""old-only 老版变体（数值微调/活动/强化版），Zircon 无对应""}"	"{""Index"": 275, ""Name"": ""诺玛法老8"", ""Appr"": 204, ""Race"": 19, ""RaceImg"": 13, ""Level"": 47, ""HP"": 3700, ""Exp"": 1700, ""ACMin"": 11, ""ACMax"": 11, ""MAC"": 19, ""DCMin"": 49, ""DCMax"": 71, ""DropTable"": 0, ""tag"": ""old-only"", ""tag_note"": ""老版变体（数值微调/活动/强化版），Zircon 无对应""}"			"{""legacy"": {""appr"": 204, ""race"": 19, ""race_img"": 13, ""library_file"": ""Mon-20.wil"", ""frame"": 4040, ""note"": ""legacy Appr/frame convention from dat_integrate.py; not a Zircon MonsterImage shape""}, ""current"": null, ""status"": ""current-image-not-in-MonsterLookup""}"	legacy-atlas-old-only-no-automatic-map	True
276	诺玛法老9	"{""index"": 276, ""name"": ""诺玛法老9"", ""level"": ""60"", ""hp"": ""6000"", ""dc"": ""60-82"", ""exp"": ""2400"", ""tag"": ""old-only"", ""note"": ""old-only 老版变体（数值微调/活动/强化版），Zircon 无对应""}"	"{""Index"": 276, ""Name"": ""诺玛法老9"", ""Appr"": 204, ""Race"": 19, ""RaceImg"": 13, ""Level"": 60, ""HP"": 6000, ""Exp"": 2400, ""ACMin"": 13, ""ACMax"": 13, ""MAC"": 21, ""DCMin"": 60, ""DCMax"": 82, ""DropTable"": 0, ""tag"": ""old-only"", ""tag_note"": ""老版变体（数值微调/活动/强化版），Zircon 无对应""}"			"{""legacy"": {""appr"": 204, ""race"": 19, ""race_img"": 13, ""library_file"": ""Mon-20.wil"", ""frame"": 4040, ""note"": ""legacy Appr/frame convention from dat_integrate.py; not a Zircon MonsterImage shape""}, ""current"": null, ""status"": ""current-image-not-in-MonsterLookup""}"	legacy-atlas-old-only-no-automatic-map	True
277	诺玛斧兵	"{""index"": 277, ""name"": ""诺玛斧兵"", ""level"": ""60"", ""hp"": ""8800"", ""dc"": ""120-220"", ""exp"": ""2500"", ""tag"": ""unverified"", ""note"": ""unverified 未做全量名映射，有无 Zircon 对应待查""}"	"{""Index"": 277, ""Name"": ""诺玛斧兵"", ""Appr"": 128, ""Race"": 19, ""RaceImg"": 185, ""Level"": 60, ""HP"": 8800, ""Exp"": 2500, ""ACMin"": 39, ""ACMax"": 39, ""MAC"": 86, ""DCMin"": 120, ""DCMax"": 220, ""DropTable"": 10, ""tag"": ""unverified"", ""tag_note"": ""未做全量名映射，有无 Zircon 对应待查""}"			"{""legacy"": {""appr"": 128, ""race"": 19, ""race_img"": 185, ""library_file"": ""Mon-12.wil"", ""frame"": 8040, ""note"": ""legacy Appr/frame convention from dat_integrate.py; not a Zircon MonsterImage shape""}, ""current"": null, ""status"": ""current-image-not-in-MonsterLookup""}"	legacy-atlas-unverified	True
278	诺玛将士0	"{""index"": 278, ""name"": ""诺玛将士0"", ""level"": ""35"", ""hp"": ""540"", ""dc"": ""29-50"", ""exp"": ""380"", ""tag"": ""old-only"", ""note"": ""old-only 老版变体（数值微调/活动/强化版），Zircon 无对应""}"	"{""Index"": 278, ""Name"": ""诺玛将士0"", ""Appr"": 81, ""Race"": 19, ""RaceImg"": 17, ""Level"": 35, ""HP"": 540, ""Exp"": 380, ""ACMin"": 4, ""ACMax"": 4, ""MAC"": 7, ""DCMin"": 29, ""DCMax"": 50, ""DropTable"": 0, ""tag"": ""old-only"", ""tag_note"": ""老版变体（数值微调/活动/强化版），Zircon 无对应""}"			"{""legacy"": {""appr"": 81, ""race"": 19, ""race_img"": 17, ""library_file"": ""Mon-8.wil"", ""frame"": 1040, ""note"": ""legacy Appr/frame convention from dat_integrate.py; not a Zircon MonsterImage shape""}, ""current"": null, ""status"": ""current-image-not-in-MonsterLookup""}"	legacy-atlas-old-only-no-automatic-map	True
279	诺玛将士7	"{""index"": 279, ""name"": ""诺玛将士7"", ""level"": ""44"", ""hp"": ""2700"", ""dc"": ""38-66"", ""exp"": ""1300"", ""tag"": ""old-only"", ""note"": ""old-only 老版变体（数值微调/活动/强化版），Zircon 无对应""}"	"{""Index"": 279, ""Name"": ""诺玛将士7"", ""Appr"": 81, ""Race"": 19, ""RaceImg"": 17, ""Level"": 44, ""HP"": 2700, ""Exp"": 1300, ""ACMin"": 10, ""ACMax"": 10, ""MAC"": 17, ""DCMin"": 38, ""DCMax"": 66, ""DropTable"": 0, ""tag"": ""old-only"", ""tag_note"": ""老版变体（数值微调/活动/强化版），Zircon 无对应""}"			"{""legacy"": {""appr"": 81, ""race"": 19, ""race_img"": 17, ""library_file"": ""Mon-8.wil"", ""frame"": 1040, ""note"": ""legacy Appr/frame convention from dat_integrate.py; not a Zircon MonsterImage shape""}, ""current"": null, ""status"": ""current-image-not-in-MonsterLookup""}"	legacy-atlas-old-only-no-automatic-map	True
280	诺玛将士8	"{""index"": 280, ""name"": ""诺玛将士8"", ""level"": ""47"", ""hp"": ""4000"", ""dc"": ""45-70"", ""exp"": ""1900"", ""tag"": ""old-only"", ""note"": ""old-only 老版变体（数值微调/活动/强化版），Zircon 无对应""}"	"{""Index"": 280, ""Name"": ""诺玛将士8"", ""Appr"": 81, ""Race"": 19, ""RaceImg"": 17, ""Level"": 47, ""HP"": 4000, ""Exp"": 1900, ""ACMin"": 12, ""ACMax"": 12, ""MAC"": 19, ""DCMin"": 45, ""DCMax"": 70, ""DropTable"": 0, ""tag"": ""old-only"", ""tag_note"": ""老版变体（数值微调/活动/强化版），Zircon 无对应""}"			"{""legacy"": {""appr"": 81, ""race"": 19, ""race_img"": 17, ""library_file"": ""Mon-8.wil"", ""frame"": 1040, ""note"": ""legacy Appr/frame convention from dat_integrate.py; not a Zircon MonsterImage shape""}, ""current"": null, ""status"": ""current-image-not-in-MonsterLookup""}"	legacy-atlas-old-only-no-automatic-map	True
281	诺玛将士9	"{""index"": 281, ""name"": ""诺玛将士9"", ""level"": ""60"", ""hp"": ""5000"", ""dc"": ""60-88"", ""exp"": ""2600"", ""tag"": ""old-only"", ""note"": ""old-only 老版变体（数值微调/活动/强化版），Zircon 无对应""}"	"{""Index"": 281, ""Name"": ""诺玛将士9"", ""Appr"": 81, ""Race"": 19, ""RaceImg"": 17, ""Level"": 60, ""HP"": 5000, ""Exp"": 2600, ""ACMin"": 14, ""ACMax"": 14, ""MAC"": 22, ""DCMin"": 60, ""DCMax"": 88, ""DropTable"": 0, ""tag"": ""old-only"", ""tag_note"": ""老版变体（数值微调/活动/强化版），Zircon 无对应""}"			"{""legacy"": {""appr"": 81, ""race"": 19, ""race_img"": 17, ""library_file"": ""Mon-8.wil"", ""frame"": 1040, ""note"": ""legacy Appr/frame convention from dat_integrate.py; not a Zircon MonsterImage shape""}, ""current"": null, ""status"": ""current-image-not-in-MonsterLookup""}"	legacy-atlas-old-only-no-automatic-map	True
282	诺玛教主	"{""index"": 282, ""name"": ""诺玛教主"", ""level"": ""99"", ""hp"": ""12000"", ""dc"": ""235-245"", ""exp"": ""12000"", ""tag"": ""unverified"", ""note"": ""unverified 未做全量名映射，有无 Zircon 对应待查""}"	"{""Index"": 282, ""Name"": ""诺玛教主"", ""Appr"": 226, ""Race"": 19, ""RaceImg"": 186, ""Level"": 99, ""HP"": 12000, ""Exp"": 12000, ""ACMin"": 48, ""ACMax"": 48, ""MAC"": 76, ""DCMin"": 235, ""DCMax"": 245, ""DropTable"": 10, ""tag"": ""unverified"", ""tag_note"": ""未做全量名映射，有无 Zircon 对应待查""}"			"{""legacy"": {""appr"": 226, ""race"": 19, ""race_img"": 186, ""library_file"": ""Mon-22.wil"", ""frame"": 6040, ""note"": ""legacy Appr/frame convention from dat_integrate.py; not a Zircon MonsterImage shape""}, ""current"": null, ""status"": ""current-image-not-in-MonsterLookup""}"	legacy-atlas-unverified	True
283	诺玛王	"{""index"": 283, ""name"": ""诺玛王"", ""level"": ""92"", ""hp"": ""12000"", ""dc"": ""230-250"", ""exp"": ""15000"", ""tag"": ""unverified"", ""note"": ""unverified 未做全量名映射，有无 Zircon 对应待查""}"	"{""Index"": 283, ""Name"": ""诺玛王"", ""Appr"": 226, ""Race"": 19, ""RaceImg"": 98, ""Level"": 92, ""HP"": 12000, ""Exp"": 15000, ""ACMin"": 60, ""ACMax"": 60, ""MAC"": 80, ""DCMin"": 230, ""DCMax"": 250, ""DropTable"": 10, ""tag"": ""unverified"", ""tag_note"": ""未做全量名映射，有无 Zircon 对应待查""}"			"{""legacy"": {""appr"": 226, ""race"": 19, ""race_img"": 98, ""library_file"": ""Mon-22.wil"", ""frame"": 6040, ""note"": ""legacy Appr/frame convention from dat_integrate.py; not a Zircon MonsterImage shape""}, ""current"": null, ""status"": ""current-image-not-in-MonsterLookup""}"	legacy-atlas-unverified	True
284	诺玛抛石兵	"{""index"": 284, ""name"": ""诺玛抛石兵"", ""level"": ""60"", ""hp"": ""8000"", ""dc"": ""108-168"", ""exp"": ""2400"", ""tag"": ""unverified"", ""note"": ""unverified 未做全量名映射，有无 Zircon 对应待查""}"	"{""Index"": 284, ""Name"": ""诺玛抛石兵"", ""Appr"": 126, ""Race"": 19, ""RaceImg"": 183, ""Level"": 60, ""HP"": 8000, ""Exp"": 2400, ""ACMin"": 26, ""ACMax"": 26, ""MAC"": 85, ""DCMin"": 108, ""DCMax"": 168, ""DropTable"": 10, ""tag"": ""unverified"", ""tag_note"": ""未做全量名映射，有无 Zircon 对应待查""}"			"{""legacy"": {""appr"": 126, ""race"": 19, ""race_img"": 183, ""library_file"": ""Mon-12.wil"", ""frame"": 6040, ""note"": ""legacy Appr/frame convention from dat_integrate.py; not a Zircon MonsterImage shape""}, ""current"": null, ""status"": ""current-image-not-in-MonsterLookup""}"	legacy-atlas-unverified	True
285	诺玛骑兵	"{""index"": 285, ""name"": ""诺玛骑兵"", ""level"": ""60"", ""hp"": ""8200"", ""dc"": ""72-216"", ""exp"": ""2500"", ""tag"": ""unverified"", ""note"": ""unverified 未做全量名映射，有无 Zircon 对应待查""}"	"{""Index"": 285, ""Name"": ""诺玛骑兵"", ""Appr"": 125, ""Race"": 19, ""RaceImg"": 180, ""Level"": 60, ""HP"": 8200, ""Exp"": 2500, ""ACMin"": 26, ""ACMax"": 26, ""MAC"": 78, ""DCMin"": 72, ""DCMax"": 216, ""DropTable"": 10, ""tag"": ""unverified"", ""tag_note"": ""未做全量名映射，有无 Zircon 对应待查""}"			"{""legacy"": {""appr"": 125, ""race"": 19, ""race_img"": 180, ""library_file"": ""Mon-12.wil"", ""frame"": 5040, ""note"": ""legacy Appr/frame convention from dat_integrate.py; not a Zircon MonsterImage shape""}, ""current"": null, ""status"": ""current-image-not-in-MonsterLookup""}"	legacy-atlas-unverified	True
286	诺玛司令	"{""index"": 286, ""name"": ""诺玛司令"", ""level"": ""60"", ""hp"": ""8500"", ""dc"": ""140-160"", ""exp"": ""2600"", ""tag"": ""unverified"", ""note"": ""unverified 未做全量名映射，有无 Zircon 对应待查""}"	"{""Index"": 286, ""Name"": ""诺玛司令"", ""Appr"": 127, ""Race"": 19, ""RaceImg"": 184, ""Level"": 60, ""HP"": 8500, ""Exp"": 2600, ""ACMin"": 32, ""ACMax"": 32, ""MAC"": 91, ""DCMin"": 140, ""DCMax"": 160, ""DropTable"": 10, ""tag"": ""unverified"", ""tag_note"": ""未做全量名映射，有无 Zircon 对应待查""}"			"{""legacy"": {""appr"": 127, ""race"": 19, ""race_img"": 184, ""library_file"": ""Mon-12.wil"", ""frame"": 7040, ""note"": ""legacy Appr/frame convention from dat_integrate.py; not a Zircon MonsterImage shape""}, ""current"": null, ""status"": ""current-image-not-in-MonsterLookup""}"	legacy-atlas-unverified	True
287	诺玛突击队长	"{""index"": 287, ""name"": ""诺玛突击队长"", ""level"": ""79"", ""hp"": ""10000"", ""dc"": ""220-250"", ""exp"": ""4200"", ""tag"": ""unverified"", ""note"": ""unverified 未做全量名映射，有无 Zircon 对应待查""}"	"{""Index"": 287, ""Name"": ""诺玛突击队长"", ""Appr"": 128, ""Race"": 19, ""RaceImg"": 185, ""Level"": 79, ""HP"": 10000, ""Exp"": 4200, ""ACMin"": 59, ""ACMax"": 59, ""MAC"": 104, ""DCMin"": 220, ""DCMax"": 250, ""DropTable"": 12, ""tag"": ""unverified"", ""tag_note"": ""未做全量名映射，有无 Zircon 对应待查""}"			"{""legacy"": {""appr"": 128, ""race"": 19, ""race_img"": 185, ""library_file"": ""Mon-12.wil"", ""frame"": 8040, ""note"": ""legacy Appr/frame convention from dat_integrate.py; not a Zircon MonsterImage shape""}, ""current"": null, ""status"": ""current-image-not-in-MonsterLookup""}"	legacy-atlas-unverified	True
288	诺玛卫士	"{""index"": 288, ""name"": ""诺玛卫士"", ""level"": ""150"", ""hp"": ""1"", ""dc"": ""165-165"", ""exp"": ""9999"", ""tag"": ""unverified"", ""note"": ""unverified 未做全量名映射，有无 Zircon 对应待查""}"	"{""Index"": 288, ""Name"": ""诺玛卫士"", ""Appr"": 11, ""Race"": 19, ""RaceImg"": 179, ""Level"": 150, ""HP"": 1, ""Exp"": 9999, ""ACMin"": 220, ""ACMax"": 220, ""MAC"": 220, ""DCMin"": 165, ""DCMax"": 165, ""DropTable"": 0, ""tag"": ""unverified"", ""tag_note"": ""未做全量名映射，有无 Zircon 对应待查""}"			"{""legacy"": {""appr"": 11, ""race"": 19, ""race_img"": 179, ""library_file"": ""Mon-1.wil"", ""frame"": 1040, ""note"": ""legacy Appr/frame convention from dat_integrate.py; not a Zircon MonsterImage shape""}, ""current"": null, ""status"": ""current-image-not-in-MonsterLookup""}"	legacy-atlas-unverified	True
289	诺玛巡逻队长	"{""index"": 289, ""name"": ""诺玛巡逻队长"", ""level"": ""80"", ""hp"": ""8000"", ""dc"": ""150-200"", ""exp"": ""3500"", ""tag"": ""unverified"", ""note"": ""unverified 未做全量名映射，有无 Zircon 对应待查""}"	"{""Index"": 289, ""Name"": ""诺玛巡逻队长"", ""Appr"": 81, ""Race"": 19, ""RaceImg"": 15, ""Level"": 80, ""HP"": 8000, ""Exp"": 3500, ""ACMin"": 33, ""ACMax"": 33, ""MAC"": 80, ""DCMin"": 150, ""DCMax"": 200, ""DropTable"": 0, ""tag"": ""unverified"", ""tag_note"": ""未做全量名映射，有无 Zircon 对应待查""}"			"{""legacy"": {""appr"": 81, ""race"": 19, ""race_img"": 15, ""library_file"": ""Mon-8.wil"", ""frame"": 1040, ""note"": ""legacy Appr/frame convention from dat_integrate.py; not a Zircon MonsterImage shape""}, ""current"": null, ""status"": ""current-image-not-in-MonsterLookup""}"	legacy-atlas-unverified	True
290	诺玛装甲兵	"{""index"": 290, ""name"": ""诺玛装甲兵"", ""level"": ""60"", ""hp"": ""8800"", ""dc"": ""100-200"", ""exp"": ""2700"", ""tag"": ""unverified"", ""note"": ""unverified 未做全量名映射，有无 Zircon 对应待查""}"	"{""Index"": 290, ""Name"": ""诺玛装甲兵"", ""Appr"": 81, ""Race"": 19, ""RaceImg"": 181, ""Level"": 60, ""HP"": 8800, ""Exp"": 2700, ""ACMin"": 42, ""ACMax"": 42, ""MAC"": 78, ""DCMin"": 100, ""DCMax"": 200, ""DropTable"": 10, ""tag"": ""unverified"", ""tag_note"": ""未做全量名映射，有无 Zircon 对应待查""}"			"{""legacy"": {""appr"": 81, ""race"": 19, ""race_img"": 181, ""library_file"": ""Mon-8.wil"", ""frame"": 1040, ""note"": ""legacy Appr/frame convention from dat_integrate.py; not a Zircon MonsterImage shape""}, ""current"": null, ""status"": ""current-image-not-in-MonsterLookup""}"	legacy-atlas-unverified	True
291	诺玛阻力军1	"{""index"": 291, ""name"": ""诺玛阻力军1"", ""level"": ""40"", ""hp"": ""1"", ""dc"": ""33-50"", ""exp"": ""900"", ""tag"": ""old-only"", ""note"": ""old-only 老版变体（数值微调/活动/强化版），Zircon 无对应""}"	"{""Index"": 291, ""Name"": ""诺玛阻力军1"", ""Appr"": 81, ""Race"": 19, ""RaceImg"": 122, ""Level"": 40, ""HP"": 1, ""Exp"": 900, ""ACMin"": 6, ""ACMax"": 6, ""MAC"": 13, ""DCMin"": 33, ""DCMax"": 50, ""DropTable"": 0, ""tag"": ""old-only"", ""tag_note"": ""老版变体（数值微调/活动/强化版），Zircon 无对应""}"			"{""legacy"": {""appr"": 81, ""race"": 19, ""race_img"": 122, ""library_file"": ""Mon-8.wil"", ""frame"": 1040, ""note"": ""legacy Appr/frame convention from dat_integrate.py; not a Zircon MonsterImage shape""}, ""current"": null, ""status"": ""current-image-not-in-MonsterLookup""}"	legacy-atlas-old-only-no-automatic-map	True
292	潘夜冰魔	"{""index"": 292, ""name"": ""潘夜冰魔"", ""level"": ""45"", ""hp"": ""2600"", ""dc"": ""37-56"", ""exp"": ""1200"", ""tag"": ""unverified"", ""note"": ""unverified 未做全量名映射，有无 Zircon 对应待查""}"	"{""Index"": 292, ""Name"": ""潘夜冰魔"", ""Appr"": 216, ""Race"": 19, ""RaceImg"": 133, ""Level"": 45, ""HP"": 2600, ""Exp"": 1200, ""ACMin"": 5, ""ACMax"": 5, ""MAC"": 11, ""DCMin"": 37, ""DCMax"": 56, ""DropTable"": 0, ""tag"": ""unverified"", ""tag_note"": ""未做全量名映射，有无 Zircon 对应待查""}"			"{""legacy"": {""appr"": 216, ""race"": 19, ""race_img"": 133, ""library_file"": ""Mon-21.wil"", ""frame"": 6040, ""note"": ""legacy Appr/frame convention from dat_integrate.py; not a Zircon MonsterImage shape""}, ""current"": null, ""status"": ""current-image-not-in-MonsterLookup""}"	legacy-atlas-unverified	True
293	潘夜冰魔0	"{""index"": 293, ""name"": ""潘夜冰魔0"", ""level"": ""45"", ""hp"": ""2600"", ""dc"": ""37-56"", ""exp"": ""1200"", ""tag"": ""old-only"", ""note"": ""old-only 老版变体（数值微调/活动/强化版），Zircon 无对应""}"	"{""Index"": 293, ""Name"": ""潘夜冰魔0"", ""Appr"": 216, ""Race"": 19, ""RaceImg"": 133, ""Level"": 45, ""HP"": 2600, ""Exp"": 1200, ""ACMin"": 5, ""ACMax"": 5, ""MAC"": 11, ""DCMin"": 37, ""DCMax"": 56, ""DropTable"": 0, ""tag"": ""old-only"", ""tag_note"": ""老版变体（数值微调/活动/强化版），Zircon 无对应""}"			"{""legacy"": {""appr"": 216, ""race"": 19, ""race_img"": 133, ""library_file"": ""Mon-21.wil"", ""frame"": 6040, ""note"": ""legacy Appr/frame convention from dat_integrate.py; not a Zircon MonsterImage shape""}, ""current"": null, ""status"": ""current-image-not-in-MonsterLookup""}"	legacy-atlas-old-only-no-automatic-map	True
294	潘夜风魔	"{""index"": 294, ""name"": ""潘夜风魔"", ""level"": ""45"", ""hp"": ""2600"", ""dc"": ""37-56"", ""exp"": ""1200"", ""tag"": ""unverified"", ""note"": ""unverified 未做全量名映射，有无 Zircon 对应待查""}"	"{""Index"": 294, ""Name"": ""潘夜风魔"", ""Appr"": 216, ""Race"": 19, ""RaceImg"": 135, ""Level"": 45, ""HP"": 2600, ""Exp"": 1200, ""ACMin"": 5, ""ACMax"": 5, ""MAC"": 11, ""DCMin"": 37, ""DCMax"": 56, ""DropTable"": 0, ""tag"": ""unverified"", ""tag_note"": ""未做全量名映射，有无 Zircon 对应待查""}"			"{""legacy"": {""appr"": 216, ""race"": 19, ""race_img"": 135, ""library_file"": ""Mon-21.wil"", ""frame"": 6040, ""note"": ""legacy Appr/frame convention from dat_integrate.py; not a Zircon MonsterImage shape""}, ""current"": null, ""status"": ""current-image-not-in-MonsterLookup""}"	legacy-atlas-unverified	True
295	潘夜风魔0	"{""index"": 295, ""name"": ""潘夜风魔0"", ""level"": ""45"", ""hp"": ""2600"", ""dc"": ""37-56"", ""exp"": ""1200"", ""tag"": ""old-only"", ""note"": ""old-only 老版变体（数值微调/活动/强化版），Zircon 无对应""}"	"{""Index"": 295, ""Name"": ""潘夜风魔0"", ""Appr"": 216, ""Race"": 19, ""RaceImg"": 135, ""Level"": 45, ""HP"": 2600, ""Exp"": 1200, ""ACMin"": 5, ""ACMax"": 5, ""MAC"": 11, ""DCMin"": 37, ""DCMax"": 56, ""DropTable"": 0, ""tag"": ""old-only"", ""tag_note"": ""老版变体（数值微调/活动/强化版），Zircon 无对应""}"			"{""legacy"": {""appr"": 216, ""race"": 19, ""race_img"": 135, ""library_file"": ""Mon-21.wil"", ""frame"": 6040, ""note"": ""legacy Appr/frame convention from dat_integrate.py; not a Zircon MonsterImage shape""}, ""current"": null, ""status"": ""current-image-not-in-MonsterLookup""}"	legacy-atlas-old-only-no-automatic-map	True
296	潘夜鬼将	"{""index"": 296, ""name"": ""潘夜鬼将"", ""level"": ""78"", ""hp"": ""4000"", ""dc"": ""60-99"", ""exp"": ""2000"", ""tag"": ""unverified"", ""note"": ""unverified 未做全量名映射，有无 Zircon 对应待查""}"	"{""Index"": 296, ""Name"": ""潘夜鬼将"", ""Appr"": 97, ""Race"": 19, ""RaceImg"": 137, ""Level"": 78, ""HP"": 4000, ""Exp"": 2000, ""ACMin"": 22, ""ACMax"": 22, ""MAC"": 40, ""DCMin"": 60, ""DCMax"": 99, ""DropTable"": 10, ""tag"": ""unverified"", ""tag_note"": ""未做全量名映射，有无 Zircon 对应待查""}"			"{""legacy"": {""appr"": 97, ""race"": 19, ""race_img"": 137, ""library_file"": ""Mon-9.wil"", ""frame"": 7040, ""note"": ""legacy Appr/frame convention from dat_integrate.py; not a Zircon MonsterImage shape""}, ""current"": null, ""status"": ""current-image-not-in-MonsterLookup""}"	legacy-atlas-unverified	True
297	潘夜火魔	"{""index"": 297, ""name"": ""潘夜火魔"", ""level"": ""45"", ""hp"": ""2600"", ""dc"": ""37-56"", ""exp"": ""1200"", ""tag"": ""unverified"", ""note"": ""unverified 未做全量名映射，有无 Zircon 对应待查""}"	"{""Index"": 297, ""Name"": ""潘夜火魔"", ""Appr"": 216, ""Race"": 19, ""RaceImg"": 136, ""Level"": 45, ""HP"": 2600, ""Exp"": 1200, ""ACMin"": 5, ""ACMax"": 5, ""MAC"": 11, ""DCMin"": 37, ""DCMax"": 56, ""DropTable"": 0, ""tag"": ""unverified"", ""tag_note"": ""未做全量名映射，有无 Zircon 对应待查""}"			"{""legacy"": {""appr"": 216, ""race"": 19, ""race_img"": 136, ""library_file"": ""Mon-21.wil"", ""frame"": 6040, ""note"": ""legacy Appr/frame convention from dat_integrate.py; not a Zircon MonsterImage shape""}, ""current"": null, ""status"": ""current-image-not-in-MonsterLookup""}"	legacy-atlas-unverified	True
298	潘夜火魔0	"{""index"": 298, ""name"": ""潘夜火魔0"", ""level"": ""45"", ""hp"": ""2600"", ""dc"": ""37-56"", ""exp"": ""1200"", ""tag"": ""old-only"", ""note"": ""old-only 老版变体（数值微调/活动/强化版），Zircon 无对应""}"	"{""Index"": 298, ""Name"": ""潘夜火魔0"", ""Appr"": 216, ""Race"": 19, ""RaceImg"": 136, ""Level"": 45, ""HP"": 2600, ""Exp"": 1200, ""ACMin"": 5, ""ACMax"": 5, ""MAC"": 11, ""DCMin"": 37, ""DCMax"": 56, ""DropTable"": 0, ""tag"": ""old-only"", ""tag_note"": ""老版变体（数值微调/活动/强化版），Zircon 无对应""}"			"{""legacy"": {""appr"": 216, ""race"": 19, ""race_img"": 136, ""library_file"": ""Mon-21.wil"", ""frame"": 6040, ""note"": ""legacy Appr/frame convention from dat_integrate.py; not a Zircon MonsterImage shape""}, ""current"": null, ""status"": ""current-image-not-in-MonsterLookup""}"	legacy-atlas-old-only-no-automatic-map	True
299	潘夜牛魔王	"{""index"": 299, ""name"": ""潘夜牛魔王"", ""level"": ""94"", ""hp"": ""14000"", ""dc"": ""243-250"", ""exp"": ""10500"", ""tag"": ""unverified"", ""note"": ""unverified 未做全量名映射，有无 Zircon 对应待查""}"	"{""Index"": 299, ""Name"": ""潘夜牛魔王"", ""Appr"": 215, ""Race"": 19, ""RaceImg"": 139, ""Level"": 94, ""HP"": 14000, ""Exp"": 10500, ""ACMin"": 56, ""ACMax"": 56, ""MAC"": 120, ""DCMin"": 243, ""DCMax"": 250, ""DropTable"": 10, ""tag"": ""unverified"", ""tag_note"": ""未做全量名映射，有无 Zircon 对应待查""}"			"{""legacy"": {""appr"": 215, ""race"": 19, ""race_img"": 139, ""library_file"": ""Mon-21.wil"", ""frame"": 5040, ""note"": ""legacy Appr/frame convention from dat_integrate.py; not a Zircon MonsterImage shape""}, ""current"": null, ""status"": ""current-image-not-in-MonsterLookup""}"	legacy-atlas-unverified	True
300	潘夜右护卫	"{""index"": 300, ""name"": ""潘夜右护卫"", ""level"": ""45"", ""hp"": ""2800"", ""dc"": ""38-55"", ""exp"": ""1400"", ""tag"": ""unverified"", ""note"": ""unverified 未做全量名映射，有无 Zircon 对应待查""}"	"{""Index"": 300, ""Name"": ""潘夜右护卫"", ""Appr"": 214, ""Race"": 19, ""RaceImg"": 130, ""Level"": 45, ""HP"": 2800, ""Exp"": 1400, ""ACMin"": 6, ""ACMax"": 6, ""MAC"": 11, ""DCMin"": 38, ""DCMax"": 55, ""DropTable"": 0, ""tag"": ""unverified"", ""tag_note"": ""未做全量名映射，有无 Zircon 对应待查""}"			"{""legacy"": {""appr"": 214, ""race"": 19, ""race_img"": 130, ""library_file"": ""Mon-21.wil"", ""frame"": 4040, ""note"": ""legacy Appr/frame convention from dat_integrate.py; not a Zircon MonsterImage shape""}, ""current"": null, ""status"": ""current-image-not-in-MonsterLookup""}"	legacy-atlas-unverified	True
301	潘夜右护卫0	"{""index"": 301, ""name"": ""潘夜右护卫0"", ""level"": ""45"", ""hp"": ""2800"", ""dc"": ""38-55"", ""exp"": ""1400"", ""tag"": ""old-only"", ""note"": ""old-only 老版变体（数值微调/活动/强化版），Zircon 无对应""}"	"{""Index"": 301, ""Name"": ""潘夜右护卫0"", ""Appr"": 214, ""Race"": 19, ""RaceImg"": 130, ""Level"": 45, ""HP"": 2800, ""Exp"": 1400, ""ACMin"": 6, ""ACMax"": 6, ""MAC"": 11, ""DCMin"": 38, ""DCMax"": 55, ""DropTable"": 0, ""tag"": ""old-only"", ""tag_note"": ""老版变体（数值微调/活动/强化版），Zircon 无对应""}"			"{""legacy"": {""appr"": 214, ""race"": 19, ""race_img"": 130, ""library_file"": ""Mon-21.wil"", ""frame"": 4040, ""note"": ""legacy Appr/frame convention from dat_integrate.py; not a Zircon MonsterImage shape""}, ""current"": null, ""status"": ""current-image-not-in-MonsterLookup""}"	legacy-atlas-old-only-no-automatic-map	True
302	潘夜右护卫95	"{""index"": 302, ""name"": ""潘夜右护卫95"", ""level"": ""45"", ""hp"": ""2800"", ""dc"": ""62-88"", ""exp"": ""1400"", ""tag"": ""old-only"", ""note"": ""old-only 老版变体（数值微调/活动/强化版），Zircon 无对应""}"	"{""Index"": 302, ""Name"": ""潘夜右护卫95"", ""Appr"": 214, ""Race"": 19, ""RaceImg"": 130, ""Level"": 45, ""HP"": 2800, ""Exp"": 1400, ""ACMin"": 8, ""ACMax"": 8, ""MAC"": 24, ""DCMin"": 62, ""DCMax"": 88, ""DropTable"": 0, ""tag"": ""old-only"", ""tag_note"": ""老版变体（数值微调/活动/强化版），Zircon 无对应""}"			"{""legacy"": {""appr"": 214, ""race"": 19, ""race_img"": 130, ""library_file"": ""Mon-21.wil"", ""frame"": 4040, ""note"": ""legacy Appr/frame convention from dat_integrate.py; not a Zircon MonsterImage shape""}, ""current"": null, ""status"": ""current-image-not-in-MonsterLookup""}"	legacy-atlas-old-only-no-automatic-map	True
303	潘夜云魔0	"{""index"": 303, ""name"": ""潘夜云魔0"", ""level"": ""45"", ""hp"": ""2600"", ""dc"": ""37-56"", ""exp"": ""1200"", ""tag"": ""old-only"", ""note"": ""old-only 老版变体（数值微调/活动/强化版），Zircon 无对应""}"	"{""Index"": 303, ""Name"": ""潘夜云魔0"", ""Appr"": 216, ""Race"": 19, ""RaceImg"": 134, ""Level"": 45, ""HP"": 2600, ""Exp"": 1200, ""ACMin"": 5, ""ACMax"": 5, ""MAC"": 11, ""DCMin"": 37, ""DCMax"": 56, ""DropTable"": 0, ""tag"": ""old-only"", ""tag_note"": ""老版变体（数值微调/活动/强化版），Zircon 无对应""}"			"{""legacy"": {""appr"": 216, ""race"": 19, ""race_img"": 134, ""library_file"": ""Mon-21.wil"", ""frame"": 6040, ""note"": ""legacy Appr/frame convention from dat_integrate.py; not a Zircon MonsterImage shape""}, ""current"": null, ""status"": ""current-image-not-in-MonsterLookup""}"	legacy-atlas-old-only-no-automatic-map	True
304	潘夜战士	"{""index"": 304, ""name"": ""潘夜战士"", ""level"": ""45"", ""hp"": ""2200"", ""dc"": ""37-53"", ""exp"": ""1100"", ""tag"": ""unverified"", ""note"": ""unverified 未做全量名映射，有无 Zircon 对应待查""}"	"{""Index"": 304, ""Name"": ""潘夜战士"", ""Appr"": 97, ""Race"": 19, ""RaceImg"": 137, ""Level"": 45, ""HP"": 2200, ""Exp"": 1100, ""ACMin"": 4, ""ACMax"": 4, ""MAC"": 11, ""DCMin"": 37, ""DCMax"": 53, ""DropTable"": 0, ""tag"": ""unverified"", ""tag_note"": ""未做全量名映射，有无 Zircon 对应待查""}"			"{""legacy"": {""appr"": 97, ""race"": 19, ""race_img"": 137, ""library_file"": ""Mon-9.wil"", ""frame"": 7040, ""note"": ""legacy Appr/frame convention from dat_integrate.py; not a Zircon MonsterImage shape""}, ""current"": null, ""status"": ""current-image-not-in-MonsterLookup""}"	legacy-atlas-unverified	True
305	潘夜战士0	"{""index"": 305, ""name"": ""潘夜战士0"", ""level"": ""45"", ""hp"": ""2200"", ""dc"": ""37-53"", ""exp"": ""1100"", ""tag"": ""old-only"", ""note"": ""old-only 老版变体（数值微调/活动/强化版），Zircon 无对应""}"	"{""Index"": 305, ""Name"": ""潘夜战士0"", ""Appr"": 97, ""Race"": 19, ""RaceImg"": 137, ""Level"": 45, ""HP"": 2200, ""Exp"": 1100, ""ACMin"": 4, ""ACMax"": 4, ""MAC"": 11, ""DCMin"": 37, ""DCMax"": 53, ""DropTable"": 0, ""tag"": ""old-only"", ""tag_note"": ""老版变体（数值微调/活动/强化版），Zircon 无对应""}"			"{""legacy"": {""appr"": 97, ""race"": 19, ""race_img"": 137, ""library_file"": ""Mon-9.wil"", ""frame"": 7040, ""note"": ""legacy Appr/frame convention from dat_integrate.py; not a Zircon MonsterImage shape""}, ""current"": null, ""status"": ""current-image-not-in-MonsterLookup""}"	legacy-atlas-old-only-no-automatic-map	True
306	潘夜左护卫	"{""index"": 306, ""name"": ""潘夜左护卫"", ""level"": ""45"", ""hp"": ""2800"", ""dc"": ""38-55"", ""exp"": ""1400"", ""tag"": ""unverified"", ""note"": ""unverified 未做全量名映射，有无 Zircon 对应待查""}"	"{""Index"": 306, ""Name"": ""潘夜左护卫"", ""Appr"": 213, ""Race"": 19, ""RaceImg"": 131, ""Level"": 45, ""HP"": 2800, ""Exp"": 1400, ""ACMin"": 6, ""ACMax"": 6, ""MAC"": 11, ""DCMin"": 38, ""DCMax"": 55, ""DropTable"": 0, ""tag"": ""unverified"", ""tag_note"": ""未做全量名映射，有无 Zircon 对应待查""}"			"{""legacy"": {""appr"": 213, ""race"": 19, ""race_img"": 131, ""library_file"": ""Mon-21.wil"", ""frame"": 3040, ""note"": ""legacy Appr/frame convention from dat_integrate.py; not a Zircon MonsterImage shape""}, ""current"": null, ""status"": ""current-image-not-in-MonsterLookup""}"	legacy-atlas-unverified	True
307	潘夜左护卫0	"{""index"": 307, ""name"": ""潘夜左护卫0"", ""level"": ""45"", ""hp"": ""2800"", ""dc"": ""38-55"", ""exp"": ""1400"", ""tag"": ""old-only"", ""note"": ""old-only 老版变体（数值微调/活动/强化版），Zircon 无对应""}"	"{""Index"": 307, ""Name"": ""潘夜左护卫0"", ""Appr"": 213, ""Race"": 19, ""RaceImg"": 131, ""Level"": 45, ""HP"": 2800, ""Exp"": 1400, ""ACMin"": 6, ""ACMax"": 6, ""MAC"": 11, ""DCMin"": 38, ""DCMax"": 55, ""DropTable"": 0, ""tag"": ""old-only"", ""tag_note"": ""老版变体（数值微调/活动/强化版），Zircon 无对应""}"			"{""legacy"": {""appr"": 213, ""race"": 19, ""race_img"": 131, ""library_file"": ""Mon-21.wil"", ""frame"": 3040, ""note"": ""legacy Appr/frame convention from dat_integrate.py; not a Zircon MonsterImage shape""}, ""current"": null, ""status"": ""current-image-not-in-MonsterLookup""}"	legacy-atlas-old-only-no-automatic-map	True
308	潘夜左护卫94	"{""index"": 308, ""name"": ""潘夜左护卫94"", ""level"": ""45"", ""hp"": ""2800"", ""dc"": ""62-88"", ""exp"": ""1400"", ""tag"": ""old-only"", ""note"": ""old-only 老版变体（数值微调/活动/强化版），Zircon 无对应""}"	"{""Index"": 308, ""Name"": ""潘夜左护卫94"", ""Appr"": 213, ""Race"": 19, ""RaceImg"": 131, ""Level"": 45, ""HP"": 2800, ""Exp"": 1400, ""ACMin"": 8, ""ACMax"": 8, ""MAC"": 24, ""DCMin"": 62, ""DCMax"": 88, ""DropTable"": 0, ""tag"": ""old-only"", ""tag_note"": ""老版变体（数值微调/活动/强化版），Zircon 无对应""}"			"{""legacy"": {""appr"": 213, ""race"": 19, ""race_img"": 131, ""library_file"": ""Mon-21.wil"", ""frame"": 3040, ""note"": ""legacy Appr/frame convention from dat_integrate.py; not a Zircon MonsterImage shape""}, ""current"": null, ""status"": ""current-image-not-in-MonsterLookup""}"	legacy-atlas-old-only-no-automatic-map	True
309	千年毒蛇	"{""index"": 309, ""name"": ""千年毒蛇"", ""level"": ""15"", ""hp"": ""80"", ""dc"": ""6-13"", ""exp"": ""80"", ""tag"": ""unverified"", ""note"": ""unverified 未做全量名映射，有无 Zircon 对应待查""}"	"{""Index"": 309, ""Name"": ""千年毒蛇"", ""Appr"": 81, ""Race"": 19, ""RaceImg"": 126, ""Level"": 15, ""HP"": 80, ""Exp"": 80, ""ACMin"": 0, ""ACMax"": 0, ""MAC"": 3, ""DCMin"": 6, ""DCMax"": 13, ""DropTable"": 0, ""tag"": ""unverified"", ""tag_note"": ""未做全量名映射，有无 Zircon 对应待查""}"			"{""legacy"": {""appr"": 81, ""race"": 19, ""race_img"": 126, ""library_file"": ""Mon-8.wil"", ""frame"": 1040, ""note"": ""legacy Appr/frame convention from dat_integrate.py; not a Zircon MonsterImage shape""}, ""current"": null, ""status"": ""current-image-not-in-MonsterLookup""}"	legacy-atlas-unverified	True
310	千年毒蛇0	"{""index"": 310, ""name"": ""千年毒蛇0"", ""level"": ""15"", ""hp"": ""80"", ""dc"": ""6-13"", ""exp"": ""80"", ""tag"": ""old-only"", ""note"": ""old-only 老版变体（数值微调/活动/强化版），Zircon 无对应""}"	"{""Index"": 310, ""Name"": ""千年毒蛇0"", ""Appr"": 81, ""Race"": 19, ""RaceImg"": 126, ""Level"": 15, ""HP"": 80, ""Exp"": 80, ""ACMin"": 0, ""ACMax"": 0, ""MAC"": 3, ""DCMin"": 6, ""DCMax"": 13, ""DropTable"": 0, ""tag"": ""old-only"", ""tag_note"": ""老版变体（数值微调/活动/强化版），Zircon 无对应""}"			"{""legacy"": {""appr"": 81, ""race"": 19, ""race_img"": 126, ""library_file"": ""Mon-8.wil"", ""frame"": 1040, ""note"": ""legacy Appr/frame convention from dat_integrate.py; not a Zircon MonsterImage shape""}, ""current"": null, ""status"": ""current-image-not-in-MonsterLookup""}"	legacy-atlas-old-only-no-automatic-map	True
311	钳虫	"{""index"": 311, ""name"": ""钳虫"", ""level"": ""50"", ""hp"": ""2040"", ""dc"": ""24-36"", ""exp"": ""580"", ""tag"": ""unverified"", ""note"": ""unverified 未做全量名映射，有无 Zircon 对应待查""}"	"{""Index"": 311, ""Name"": ""钳虫"", ""Appr"": 81, ""Race"": 19, ""RaceImg"": 69, ""Level"": 50, ""HP"": 2040, ""Exp"": 580, ""ACMin"": 0, ""ACMax"": 0, ""MAC"": 120, ""DCMin"": 24, ""DCMax"": 36, ""DropTable"": 0, ""tag"": ""unverified"", ""tag_note"": ""未做全量名映射，有无 Zircon 对应待查""}"			"{""legacy"": {""appr"": 81, ""race"": 19, ""race_img"": 69, ""library_file"": ""Mon-8.wil"", ""frame"": 1040, ""note"": ""legacy Appr/frame convention from dat_integrate.py; not a Zircon MonsterImage shape""}, ""current"": null, ""status"": ""current-image-not-in-MonsterLookup""}"	legacy-atlas-unverified	True
312	钳虫0	"{""index"": 312, ""name"": ""钳虫0"", ""level"": ""50"", ""hp"": ""2040"", ""dc"": ""24-36"", ""exp"": ""580"", ""tag"": ""old-only"", ""note"": ""old-only 老版变体（数值微调/活动/强化版），Zircon 无对应""}"	"{""Index"": 312, ""Name"": ""钳虫0"", ""Appr"": 81, ""Race"": 19, ""RaceImg"": 69, ""Level"": 50, ""HP"": 2040, ""Exp"": 580, ""ACMin"": 0, ""ACMax"": 0, ""MAC"": 120, ""DCMin"": 24, ""DCMax"": 36, ""DropTable"": 0, ""tag"": ""old-only"", ""tag_note"": ""老版变体（数值微调/活动/强化版），Zircon 无对应""}"			"{""legacy"": {""appr"": 81, ""race"": 19, ""race_img"": 69, ""library_file"": ""Mon-8.wil"", ""frame"": 1040, ""note"": ""legacy Appr/frame convention from dat_integrate.py; not a Zircon MonsterImage shape""}, ""current"": null, ""status"": ""current-image-not-in-MonsterLookup""}"	legacy-atlas-old-only-no-automatic-map	True
313	轻甲守卫	"{""index"": 313, ""name"": ""轻甲守卫"", ""level"": ""55"", ""hp"": ""7700"", ""dc"": ""50-165"", ""exp"": ""2150"", ""tag"": ""unverified"", ""note"": ""unverified 未做全量名映射，有无 Zircon 对应待查""}"	"{""Index"": 313, ""Name"": ""轻甲守卫"", ""Appr"": 97, ""Race"": 19, ""RaceImg"": 6, ""Level"": 55, ""HP"": 7700, ""Exp"": 2150, ""ACMin"": 25, ""ACMax"": 25, ""MAC"": 53, ""DCMin"": 50, ""DCMax"": 165, ""DropTable"": 0, ""tag"": ""unverified"", ""tag_note"": ""未做全量名映射，有无 Zircon 对应待查""}"			"{""legacy"": {""appr"": 97, ""race"": 19, ""race_img"": 6, ""library_file"": ""Mon-9.wil"", ""frame"": 7040, ""note"": ""legacy Appr/frame convention from dat_integrate.py; not a Zircon MonsterImage shape""}, ""current"": null, ""status"": ""current-image-not-in-MonsterLookup""}"	legacy-atlas-unverified	True
314	犬猴魔	"{""index"": 314, ""name"": ""犬猴魔"", ""level"": ""55"", ""hp"": ""7500"", ""dc"": ""107-124"", ""exp"": ""2300"", ""tag"": ""unverified"", ""note"": ""unverified 未做全量名映射，有无 Zircon 对应待查""}"	"{""Index"": 314, ""Name"": ""犬猴魔"", ""Appr"": 97, ""Race"": 19, ""RaceImg"": 12, ""Level"": 55, ""HP"": 7500, ""Exp"": 2300, ""ACMin"": 25, ""ACMax"": 25, ""MAC"": 53, ""DCMin"": 107, ""DCMax"": 124, ""DropTable"": 8, ""tag"": ""unverified"", ""tag_note"": ""未做全量名映射，有无 Zircon 对应待查""}"			"{""legacy"": {""appr"": 97, ""race"": 19, ""race_img"": 12, ""library_file"": ""Mon-9.wil"", ""frame"": 7040, ""note"": ""legacy Appr/frame convention from dat_integrate.py; not a Zircon MonsterImage shape""}, ""current"": null, ""status"": ""current-image-not-in-MonsterLookup""}"	legacy-atlas-unverified	True
315	森林雪人	"{""index"": 315, ""name"": ""森林雪人"", ""level"": ""13"", ""hp"": ""40"", ""dc"": ""4-10"", ""exp"": ""40"", ""tag"": ""unverified"", ""note"": ""unverified 未做全量名映射，有无 Zircon 对应待查""}"	"{""Index"": 315, ""Name"": ""森林雪人"", ""Appr"": 83, ""Race"": 10, ""RaceImg"": 30, ""Level"": 13, ""HP"": 40, ""Exp"": 40, ""ACMin"": 0, ""ACMax"": 0, ""MAC"": 1, ""DCMin"": 4, ""DCMax"": 10, ""DropTable"": 0, ""tag"": ""unverified"", ""tag_note"": ""未做全量名映射，有无 Zircon 对应待查""}"			"{""legacy"": {""appr"": 83, ""race"": 10, ""race_img"": 30, ""library_file"": ""Mon-8.wil"", ""frame"": 3040, ""note"": ""legacy Appr/frame convention from dat_integrate.py; not a Zircon MonsterImage shape""}, ""current"": null, ""status"": ""current-image-not-in-MonsterLookup""}"	legacy-atlas-unverified	True
316	森林雪人0	"{""index"": 316, ""name"": ""森林雪人0"", ""level"": ""13"", ""hp"": ""40"", ""dc"": ""4-10"", ""exp"": ""40"", ""tag"": ""old-only"", ""note"": ""old-only 老版变体（数值微调/活动/强化版），Zircon 无对应""}"	"{""Index"": 316, ""Name"": ""森林雪人0"", ""Appr"": 83, ""Race"": 10, ""RaceImg"": 30, ""Level"": 13, ""HP"": 40, ""Exp"": 40, ""ACMin"": 0, ""ACMax"": 0, ""MAC"": 1, ""DCMin"": 4, ""DCMax"": 10, ""DropTable"": 0, ""tag"": ""old-only"", ""tag_note"": ""老版变体（数值微调/活动/强化版），Zircon 无对应""}"			"{""legacy"": {""appr"": 83, ""race"": 10, ""race_img"": 30, ""library_file"": ""Mon-8.wil"", ""frame"": 3040, ""note"": ""legacy Appr/frame convention from dat_integrate.py; not a Zircon MonsterImage shape""}, ""current"": null, ""status"": ""current-image-not-in-MonsterLookup""}"	legacy-atlas-old-only-no-automatic-map	True
317	僧侣僵尸	"{""index"": 317, ""name"": ""僧侣僵尸"", ""level"": ""20"", ""hp"": ""220"", ""dc"": ""13-24"", ""exp"": ""140"", ""tag"": ""unverified"", ""note"": ""unverified 未做全量名映射，有无 Zircon 对应待查""}"	"{""Index"": 317, ""Name"": ""僧侣僵尸"", ""Appr"": 95, ""Race"": 41, ""RaceImg"": 49, ""Level"": 20, ""HP"": 220, ""Exp"": 140, ""ACMin"": 4, ""ACMax"": 4, ""MAC"": 5, ""DCMin"": 13, ""DCMax"": 24, ""DropTable"": 0, ""tag"": ""unverified"", ""tag_note"": ""未做全量名映射，有无 Zircon 对应待查""}"			"{""legacy"": {""appr"": 95, ""race"": 41, ""race_img"": 49, ""library_file"": ""Mon-9.wil"", ""frame"": 5040, ""note"": ""legacy Appr/frame convention from dat_integrate.py; not a Zircon MonsterImage shape""}, ""current"": null, ""status"": ""current-image-not-in-MonsterLookup""}"	legacy-atlas-unverified	True
318	僧侣僵尸61	"{""index"": 318, ""name"": ""僧侣僵尸61"", ""level"": ""20"", ""hp"": ""1"", ""dc"": ""13-24"", ""exp"": ""140"", ""tag"": ""old-only"", ""note"": ""old-only 老版变体（数值微调/活动/强化版），Zircon 无对应""}"	"{""Index"": 318, ""Name"": ""僧侣僵尸61"", ""Appr"": 95, ""Race"": 41, ""RaceImg"": 49, ""Level"": 20, ""HP"": 1, ""Exp"": 140, ""ACMin"": 4, ""ACMax"": 4, ""MAC"": 5, ""DCMin"": 13, ""DCMax"": 24, ""DropTable"": 0, ""tag"": ""old-only"", ""tag_note"": ""老版变体（数值微调/活动/强化版），Zircon 无对应""}"			"{""legacy"": {""appr"": 95, ""race"": 41, ""race_img"": 49, ""library_file"": ""Mon-9.wil"", ""frame"": 5040, ""note"": ""legacy Appr/frame convention from dat_integrate.py; not a Zircon MonsterImage shape""}, ""current"": null, ""status"": ""current-image-not-in-MonsterLookup""}"	legacy-atlas-old-only-no-automatic-map	True
319	沙巴克城门1	"{""index"": 319, ""name"": ""沙巴克城门1"", ""level"": ""100"", ""hp"": ""1"", ""dc"": ""0-0"", ""exp"": ""20000"", ""tag"": ""old-only"", ""note"": ""old-only 老版变体（数值微调/活动/强化版），Zircon 无对应""}"	"{""Index"": 319, ""Name"": ""沙巴克城门1"", ""Appr"": 110, ""Race"": 98, ""RaceImg"": 530, ""Level"": 100, ""HP"": 1, ""Exp"": 20000, ""ACMin"": 77, ""ACMax"": 77, ""MAC"": 110, ""DCMin"": 0, ""DCMax"": 0, ""DropTable"": 0, ""tag"": ""old-only"", ""tag_note"": ""老版变体（数值微调/活动/强化版），Zircon 无对应""}"			"{""legacy"": {""appr"": 110, ""race"": 98, ""race_img"": 530, ""library_file"": ""Mon-11.wil"", ""frame"": 40, ""note"": ""legacy Appr/frame convention from dat_integrate.py; not a Zircon MonsterImage shape""}, ""current"": null, ""status"": ""current-image-not-in-MonsterLookup""}"	legacy-atlas-old-only-no-automatic-map	True
320	沙巴克城门2	"{""index"": 320, ""name"": ""沙巴克城门2"", ""level"": ""100"", ""hp"": ""1"", ""dc"": ""0-0"", ""exp"": ""20000"", ""tag"": ""old-only"", ""note"": ""old-only 老版变体（数值微调/活动/强化版），Zircon 无对应""}"	"{""Index"": 320, ""Name"": ""沙巴克城门2"", ""Appr"": 110, ""Race"": 98, ""RaceImg"": 531, ""Level"": 100, ""HP"": 1, ""Exp"": 20000, ""ACMin"": 77, ""ACMax"": 77, ""MAC"": 110, ""DCMin"": 0, ""DCMax"": 0, ""DropTable"": 0, ""tag"": ""old-only"", ""tag_note"": ""老版变体（数值微调/活动/强化版），Zircon 无对应""}"			"{""legacy"": {""appr"": 110, ""race"": 98, ""race_img"": 531, ""library_file"": ""Mon-11.wil"", ""frame"": 40, ""note"": ""legacy Appr/frame convention from dat_integrate.py; not a Zircon MonsterImage shape""}, ""current"": null, ""status"": ""current-image-not-in-MonsterLookup""}"	legacy-atlas-old-only-no-automatic-map	True
321	沙巴克城门3	"{""index"": 321, ""name"": ""沙巴克城门3"", ""level"": ""100"", ""hp"": ""1"", ""dc"": ""0-0"", ""exp"": ""20000"", ""tag"": ""old-only"", ""note"": ""old-only 老版变体（数值微调/活动/强化版），Zircon 无对应""}"	"{""Index"": 321, ""Name"": ""沙巴克城门3"", ""Appr"": 111, ""Race"": 98, ""RaceImg"": 532, ""Level"": 100, ""HP"": 1, ""Exp"": 20000, ""ACMin"": 77, ""ACMax"": 77, ""MAC"": 110, ""DCMin"": 0, ""DCMax"": 0, ""DropTable"": 0, ""tag"": ""old-only"", ""tag_note"": ""老版变体（数值微调/活动/强化版），Zircon 无对应""}"			"{""legacy"": {""appr"": 111, ""race"": 98, ""race_img"": 532, ""library_file"": ""Mon-11.wil"", ""frame"": 1040, ""note"": ""legacy Appr/frame convention from dat_integrate.py; not a Zircon MonsterImage shape""}, ""current"": null, ""status"": ""current-image-not-in-MonsterLookup""}"	legacy-atlas-old-only-no-automatic-map	True
322	沙巴克城门4	"{""index"": 322, ""name"": ""沙巴克城门4"", ""level"": ""100"", ""hp"": ""1"", ""dc"": ""0-0"", ""exp"": ""20000"", ""tag"": ""old-only"", ""note"": ""old-only 老版变体（数值微调/活动/强化版），Zircon 无对应""}"	"{""Index"": 322, ""Name"": ""沙巴克城门4"", ""Appr"": 111, ""Race"": 98, ""RaceImg"": 533, ""Level"": 100, ""HP"": 1, ""Exp"": 20000, ""ACMin"": 77, ""ACMax"": 77, ""MAC"": 110, ""DCMin"": 0, ""DCMax"": 0, ""DropTable"": 0, ""tag"": ""old-only"", ""tag_note"": ""老版变体（数值微调/活动/强化版），Zircon 无对应""}"			"{""legacy"": {""appr"": 111, ""race"": 98, ""race_img"": 533, ""library_file"": ""Mon-11.wil"", ""frame"": 1040, ""note"": ""legacy Appr/frame convention from dat_integrate.py; not a Zircon MonsterImage shape""}, ""current"": null, ""status"": ""current-image-not-in-MonsterLookup""}"	legacy-atlas-old-only-no-automatic-map	True
323	沙鬼	"{""index"": 323, ""name"": ""沙鬼"", ""level"": ""35"", ""hp"": ""1530"", ""dc"": ""29-48"", ""exp"": ""370"", ""tag"": ""unverified"", ""note"": ""unverified 未做全量名映射，有无 Zircon 对应待查""}"	"{""Index"": 323, ""Name"": ""沙鬼"", ""Appr"": 202, ""Race"": 19, ""RaceImg"": 3, ""Level"": 35, ""HP"": 1530, ""Exp"": 370, ""ACMin"": 2, ""ACMax"": 2, ""MAC"": 9, ""DCMin"": 29, ""DCMax"": 48, ""DropTable"": 0, ""tag"": ""unverified"", ""tag_note"": ""未做全量名映射，有无 Zircon 对应待查""}"			"{""legacy"": {""appr"": 202, ""race"": 19, ""race_img"": 3, ""library_file"": ""Mon-20.wil"", ""frame"": 2040, ""note"": ""legacy Appr/frame convention from dat_integrate.py; not a Zircon MonsterImage shape""}, ""current"": null, ""status"": ""current-image-not-in-MonsterLookup""}"	legacy-atlas-unverified	True
324	沙鬼0	"{""index"": 324, ""name"": ""沙鬼0"", ""level"": ""35"", ""hp"": ""1530"", ""dc"": ""29-48"", ""exp"": ""370"", ""tag"": ""old-only"", ""note"": ""old-only 老版变体（数值微调/活动/强化版），Zircon 无对应""}"	"{""Index"": 324, ""Name"": ""沙鬼0"", ""Appr"": 202, ""Race"": 19, ""RaceImg"": 3, ""Level"": 35, ""HP"": 1530, ""Exp"": 370, ""ACMin"": 2, ""ACMax"": 2, ""MAC"": 9, ""DCMin"": 29, ""DCMax"": 48, ""DropTable"": 0, ""tag"": ""old-only"", ""tag_note"": ""老版变体（数值微调/活动/强化版），Zircon 无对应""}"			"{""legacy"": {""appr"": 202, ""race"": 19, ""race_img"": 3, ""library_file"": ""Mon-20.wil"", ""frame"": 2040, ""note"": ""legacy Appr/frame convention from dat_integrate.py; not a Zircon MonsterImage shape""}, ""current"": null, ""status"": ""current-image-not-in-MonsterLookup""}"	legacy-atlas-old-only-no-automatic-map	True
325	沙魔树魔0	"{""index"": 325, ""name"": ""沙魔树魔0"", ""level"": ""35"", ""hp"": ""500"", ""dc"": ""29-48"", ""exp"": ""1340"", ""tag"": ""old-only"", ""note"": ""old-only 老版变体（数值微调/活动/强化版），Zircon 无对应""}"	"{""Index"": 325, ""Name"": ""沙魔树魔0"", ""Appr"": 206, ""Race"": 19, ""RaceImg"": 95, ""Level"": 35, ""HP"": 500, ""Exp"": 1340, ""ACMin"": 2, ""ACMax"": 2, ""MAC"": 9, ""DCMin"": 29, ""DCMax"": 48, ""DropTable"": 0, ""tag"": ""old-only"", ""tag_note"": ""老版变体（数值微调/活动/强化版），Zircon 无对应""}"			"{""legacy"": {""appr"": 206, ""race"": 19, ""race_img"": 95, ""library_file"": ""Mon-20.wil"", ""frame"": 6040, ""note"": ""legacy Appr/frame convention from dat_integrate.py; not a Zircon MonsterImage shape""}, ""current"": null, ""status"": ""current-image-not-in-MonsterLookup""}"	legacy-atlas-old-only-no-automatic-map	True
326	沙魔鱼魔0	"{""index"": 326, ""name"": ""沙魔鱼魔0"", ""level"": ""35"", ""hp"": ""470"", ""dc"": ""29-42"", ""exp"": ""1310"", ""tag"": ""old-only"", ""note"": ""old-only 老版变体（数值微调/活动/强化版），Zircon 无对应""}"	"{""Index"": 326, ""Name"": ""沙魔鱼魔0"", ""Appr"": 203, ""Race"": 19, ""RaceImg"": 94, ""Level"": 35, ""HP"": 470, ""Exp"": 1310, ""ACMin"": 3, ""ACMax"": 3, ""MAC"": 8, ""DCMin"": 29, ""DCMax"": 42, ""DropTable"": 0, ""tag"": ""old-only"", ""tag_note"": ""老版变体（数值微调/活动/强化版），Zircon 无对应""}"			"{""legacy"": {""appr"": 203, ""race"": 19, ""race_img"": 94, ""library_file"": ""Mon-20.wil"", ""frame"": 3040, ""note"": ""legacy Appr/frame convention from dat_integrate.py; not a Zircon MonsterImage shape""}, ""current"": null, ""status"": ""current-image-not-in-MonsterLookup""}"	legacy-atlas-old-only-no-automatic-map	True
327	沙漠风魔	"{""index"": 327, ""name"": ""沙漠风魔"", ""level"": ""35"", ""hp"": ""520"", ""dc"": ""29-48"", ""exp"": ""1360"", ""tag"": ""unverified"", ""note"": ""unverified 未做全量名映射，有无 Zircon 对应待查""}"	"{""Index"": 327, ""Name"": ""沙漠风魔"", ""Appr"": 205, ""Race"": 19, ""RaceImg"": 97, ""Level"": 35, ""HP"": 520, ""Exp"": 1360, ""ACMin"": 4, ""ACMax"": 4, ""MAC"": 7, ""DCMin"": 29, ""DCMax"": 48, ""DropTable"": 0, ""tag"": ""unverified"", ""tag_note"": ""未做全量名映射，有无 Zircon 对应待查""}"			"{""legacy"": {""appr"": 205, ""race"": 19, ""race_img"": 97, ""library_file"": ""Mon-20.wil"", ""frame"": 5040, ""note"": ""legacy Appr/frame convention from dat_integrate.py; not a Zircon MonsterImage shape""}, ""current"": null, ""status"": ""current-image-not-in-MonsterLookup""}"	legacy-atlas-unverified	True
328	沙漠风魔0	"{""index"": 328, ""name"": ""沙漠风魔0"", ""level"": ""35"", ""hp"": ""520"", ""dc"": ""29-48"", ""exp"": ""1360"", ""tag"": ""old-only"", ""note"": ""old-only 老版变体（数值微调/活动/强化版），Zircon 无对应""}"	"{""Index"": 328, ""Name"": ""沙漠风魔0"", ""Appr"": 205, ""Race"": 19, ""RaceImg"": 97, ""Level"": 35, ""HP"": 520, ""Exp"": 1360, ""ACMin"": 4, ""ACMax"": 4, ""MAC"": 7, ""DCMin"": 29, ""DCMax"": 48, ""DropTable"": 0, ""tag"": ""old-only"", ""tag_note"": ""老版变体（数值微调/活动/强化版），Zircon 无对应""}"			"{""legacy"": {""appr"": 205, ""race"": 19, ""race_img"": 97, ""library_file"": ""Mon-20.wil"", ""frame"": 5040, ""note"": ""legacy Appr/frame convention from dat_integrate.py; not a Zircon MonsterImage shape""}, ""current"": null, ""status"": ""current-image-not-in-MonsterLookup""}"	legacy-atlas-old-only-no-automatic-map	True
329	沙漠石人	"{""index"": 329, ""name"": ""沙漠石人"", ""level"": ""35"", ""hp"": ""1480"", ""dc"": ""29-48"", ""exp"": ""320"", ""tag"": ""unverified"", ""note"": ""unverified 未做全量名映射，有无 Zircon 对应待查""}"	"{""Index"": 329, ""Name"": ""沙漠石人"", ""Appr"": 200, ""Race"": 19, ""RaceImg"": 4, ""Level"": 35, ""HP"": 1480, ""Exp"": 320, ""ACMin"": 4, ""ACMax"": 4, ""MAC"": 7, ""DCMin"": 29, ""DCMax"": 48, ""DropTable"": 0, ""tag"": ""unverified"", ""tag_note"": ""未做全量名映射，有无 Zircon 对应待查""}"			"{""legacy"": {""appr"": 200, ""race"": 19, ""race_img"": 4, ""library_file"": ""Mon-20.wil"", ""frame"": 40, ""note"": ""legacy Appr/frame convention from dat_integrate.py; not a Zircon MonsterImage shape""}, ""current"": null, ""status"": ""current-image-not-in-MonsterLookup""}"	legacy-atlas-unverified	True
330	沙漠石人0	"{""index"": 330, ""name"": ""沙漠石人0"", ""level"": ""35"", ""hp"": ""1480"", ""dc"": ""29-48"", ""exp"": ""320"", ""tag"": ""old-only"", ""note"": ""old-only 老版变体（数值微调/活动/强化版），Zircon 无对应""}"	"{""Index"": 330, ""Name"": ""沙漠石人0"", ""Appr"": 200, ""Race"": 19, ""RaceImg"": 4, ""Level"": 35, ""HP"": 1480, ""Exp"": 320, ""ACMin"": 4, ""ACMax"": 4, ""MAC"": 7, ""DCMin"": 29, ""DCMax"": 48, ""DropTable"": 0, ""tag"": ""old-only"", ""tag_note"": ""老版变体（数值微调/活动/强化版），Zircon 无对应""}"			"{""legacy"": {""appr"": 200, ""race"": 19, ""race_img"": 4, ""library_file"": ""Mon-20.wil"", ""frame"": 40, ""note"": ""legacy Appr/frame convention from dat_integrate.py; not a Zircon MonsterImage shape""}, ""current"": null, ""status"": ""current-image-not-in-MonsterLookup""}"	legacy-atlas-old-only-no-automatic-map	True
331	沙漠树魔	"{""index"": 331, ""name"": ""沙漠树魔"", ""level"": ""35"", ""hp"": ""1500"", ""dc"": ""30-43"", ""exp"": ""340"", ""tag"": ""unverified"", ""note"": ""unverified 未做全量名映射，有无 Zircon 对应待查""}"	"{""Index"": 331, ""Name"": ""沙漠树魔"", ""Appr"": 206, ""Race"": 19, ""RaceImg"": 95, ""Level"": 35, ""HP"": 1500, ""Exp"": 340, ""ACMin"": 2, ""ACMax"": 2, ""MAC"": 9, ""DCMin"": 30, ""DCMax"": 43, ""DropTable"": 0, ""tag"": ""unverified"", ""tag_note"": ""未做全量名映射，有无 Zircon 对应待查""}"			"{""legacy"": {""appr"": 206, ""race"": 19, ""race_img"": 95, ""library_file"": ""Mon-20.wil"", ""frame"": 6040, ""note"": ""legacy Appr/frame convention from dat_integrate.py; not a Zircon MonsterImage shape""}, ""current"": null, ""status"": ""current-image-not-in-MonsterLookup""}"	legacy-atlas-unverified	True
332	沙漠树魔61	"{""index"": 332, ""name"": ""沙漠树魔61"", ""level"": ""35"", ""hp"": ""1"", ""dc"": ""14-20"", ""exp"": ""340"", ""tag"": ""old-only"", ""note"": ""old-only 老版变体（数值微调/活动/强化版），Zircon 无对应""}"	"{""Index"": 332, ""Name"": ""沙漠树魔61"", ""Appr"": 206, ""Race"": 19, ""RaceImg"": 95, ""Level"": 35, ""HP"": 1, ""Exp"": 340, ""ACMin"": 5, ""ACMax"": 5, ""MAC"": 8, ""DCMin"": 14, ""DCMax"": 20, ""DropTable"": 0, ""tag"": ""old-only"", ""tag_note"": ""老版变体（数值微调/活动/强化版），Zircon 无对应""}"			"{""legacy"": {""appr"": 206, ""race"": 19, ""race_img"": 95, ""library_file"": ""Mon-20.wil"", ""frame"": 6040, ""note"": ""legacy Appr/frame convention from dat_integrate.py; not a Zircon MonsterImage shape""}, ""current"": null, ""status"": ""current-image-not-in-MonsterLookup""}"	legacy-atlas-old-only-no-automatic-map	True
333	沙漠树魔62	"{""index"": 333, ""name"": ""沙漠树魔62"", ""level"": ""35"", ""hp"": ""1"", ""dc"": ""14-20"", ""exp"": ""340"", ""tag"": ""old-only"", ""note"": ""old-only 老版变体（数值微调/活动/强化版），Zircon 无对应""}"	"{""Index"": 333, ""Name"": ""沙漠树魔62"", ""Appr"": 206, ""Race"": 19, ""RaceImg"": 95, ""Level"": 35, ""HP"": 1, ""Exp"": 340, ""ACMin"": 5, ""ACMax"": 5, ""MAC"": 8, ""DCMin"": 14, ""DCMax"": 20, ""DropTable"": 0, ""tag"": ""old-only"", ""tag_note"": ""老版变体（数值微调/活动/强化版），Zircon 无对应""}"			"{""legacy"": {""appr"": 206, ""race"": 19, ""race_img"": 95, ""library_file"": ""Mon-20.wil"", ""frame"": 6040, ""note"": ""legacy Appr/frame convention from dat_integrate.py; not a Zircon MonsterImage shape""}, ""current"": null, ""status"": ""current-image-not-in-MonsterLookup""}"	legacy-atlas-old-only-no-automatic-map	True
334	沙漠威思而小虫	"{""index"": 334, ""name"": ""沙漠威思而小虫"", ""level"": ""13"", ""hp"": ""45"", ""dc"": ""4-11"", ""exp"": ""45"", ""tag"": ""unverified"", ""note"": ""unverified 未做全量名映射，有无 Zircon 对应待查""}"	"{""Index"": 334, ""Name"": ""沙漠威思而小虫"", ""Appr"": 82, ""Race"": 19, ""RaceImg"": 61, ""Level"": 13, ""HP"": 45, ""Exp"": 45, ""ACMin"": 0, ""ACMax"": 0, ""MAC"": 1, ""DCMin"": 4, ""DCMax"": 11, ""DropTable"": 0, ""tag"": ""unverified"", ""tag_note"": ""未做全量名映射，有无 Zircon 对应待查""}"			"{""legacy"": {""appr"": 82, ""race"": 19, ""race_img"": 61, ""library_file"": ""Mon-8.wil"", ""frame"": 2040, ""note"": ""legacy Appr/frame convention from dat_integrate.py; not a Zircon MonsterImage shape""}, ""current"": null, ""status"": ""current-image-not-in-MonsterLookup""}"	legacy-atlas-unverified	True
335	沙漠蜥蜴	"{""index"": 335, ""name"": ""沙漠蜥蜴"", ""level"": ""35"", ""hp"": ""1460"", ""dc"": ""29-42"", ""exp"": ""300"", ""tag"": ""unverified"", ""note"": ""unverified 未做全量名映射，有无 Zircon 对应待查""}"	"{""Index"": 335, ""Name"": ""沙漠蜥蜴"", ""Appr"": 81, ""Race"": 19, ""RaceImg"": 0, ""Level"": 35, ""HP"": 1460, ""Exp"": 300, ""ACMin"": 3, ""ACMax"": 3, ""MAC"": 8, ""DCMin"": 29, ""DCMax"": 42, ""DropTable"": 0, ""tag"": ""unverified"", ""tag_note"": ""未做全量名映射，有无 Zircon 对应待查""}"			"{""legacy"": {""appr"": 81, ""race"": 19, ""race_img"": 0, ""library_file"": ""Mon-8.wil"", ""frame"": 1040, ""note"": ""legacy Appr/frame convention from dat_integrate.py; not a Zircon MonsterImage shape""}, ""current"": null, ""status"": ""current-image-not-in-MonsterLookup""}"	legacy-atlas-unverified	True
336	沙漠蜥蜴0	"{""index"": 336, ""name"": ""沙漠蜥蜴0"", ""level"": ""35"", ""hp"": ""1460"", ""dc"": ""29-42"", ""exp"": ""300"", ""tag"": ""old-only"", ""note"": ""old-only 老版变体（数值微调/活动/强化版），Zircon 无对应""}"	"{""Index"": 336, ""Name"": ""沙漠蜥蜴0"", ""Appr"": 81, ""Race"": 19, ""RaceImg"": 0, ""Level"": 35, ""HP"": 1460, ""Exp"": 300, ""ACMin"": 3, ""ACMax"": 3, ""MAC"": 8, ""DCMin"": 29, ""DCMax"": 42, ""DropTable"": 0, ""tag"": ""old-only"", ""tag_note"": ""老版变体（数值微调/活动/强化版），Zircon 无对应""}"			"{""legacy"": {""appr"": 81, ""race"": 19, ""race_img"": 0, ""library_file"": ""Mon-8.wil"", ""frame"": 1040, ""note"": ""legacy Appr/frame convention from dat_integrate.py; not a Zircon MonsterImage shape""}, ""current"": null, ""status"": ""current-image-not-in-MonsterLookup""}"	legacy-atlas-old-only-no-automatic-map	True
337	沙漠鱼魔	"{""index"": 337, ""name"": ""沙漠鱼魔"", ""level"": ""35"", ""hp"": ""1470"", ""dc"": ""29-42"", ""exp"": ""310"", ""tag"": ""unverified"", ""note"": ""unverified 未做全量名映射，有无 Zircon 对应待查""}"	"{""Index"": 337, ""Name"": ""沙漠鱼魔"", ""Appr"": 203, ""Race"": 19, ""RaceImg"": 94, ""Level"": 35, ""HP"": 1470, ""Exp"": 310, ""ACMin"": 3, ""ACMax"": 3, ""MAC"": 8, ""DCMin"": 29, ""DCMax"": 42, ""DropTable"": 0, ""tag"": ""unverified"", ""tag_note"": ""未做全量名映射，有无 Zircon 对应待查""}"			"{""legacy"": {""appr"": 203, ""race"": 19, ""race_img"": 94, ""library_file"": ""Mon-20.wil"", ""frame"": 3040, ""note"": ""legacy Appr/frame convention from dat_integrate.py; not a Zircon MonsterImage shape""}, ""current"": null, ""status"": ""current-image-not-in-MonsterLookup""}"	legacy-atlas-unverified	True
338	沙漠战士	"{""index"": 338, ""name"": ""沙漠战士"", ""level"": ""150"", ""hp"": ""1"", ""dc"": ""165-165"", ""exp"": ""9999"", ""tag"": ""unverified"", ""note"": ""unverified 未做全量名映射，有无 Zircon 对应待查""}"	"{""Index"": 338, ""Name"": ""沙漠战士"", ""Appr"": 11, ""Race"": 24, ""RaceImg"": 115, ""Level"": 150, ""HP"": 1, ""Exp"": 9999, ""ACMin"": 220, ""ACMax"": 220, ""MAC"": 220, ""DCMin"": 165, ""DCMax"": 165, ""DropTable"": 0, ""tag"": ""unverified"", ""tag_note"": ""未做全量名映射，有无 Zircon 对应待查""}"			"{""legacy"": {""appr"": 11, ""race"": 24, ""race_img"": 115, ""library_file"": ""Mon-1.wil"", ""frame"": 1040, ""note"": ""legacy Appr/frame convention from dat_integrate.py; not a Zircon MonsterImage shape""}, ""current"": null, ""status"": ""current-image-not-in-MonsterLookup""}"	legacy-atlas-unverified	True
339	山洞蝙蝠	"{""index"": 339, ""name"": ""山洞蝙蝠"", ""level"": ""18"", ""hp"": ""90"", ""dc"": ""8-14"", ""exp"": ""90"", ""tag"": ""unverified"", ""note"": ""unverified 未做全量名映射，有无 Zircon 对应待查""}"	"{""Index"": 339, ""Name"": ""山洞蝙蝠"", ""Appr"": 81, ""Race"": 19, ""RaceImg"": 29, ""Level"": 18, ""HP"": 90, ""Exp"": 90, ""ACMin"": 0, ""ACMax"": 0, ""MAC"": 3, ""DCMin"": 8, ""DCMax"": 14, ""DropTable"": 0, ""tag"": ""unverified"", ""tag_note"": ""未做全量名映射，有无 Zircon 对应待查""}"			"{""legacy"": {""appr"": 81, ""race"": 19, ""race_img"": 29, ""library_file"": ""Mon-8.wil"", ""frame"": 1040, ""note"": ""legacy Appr/frame convention from dat_integrate.py; not a Zircon MonsterImage shape""}, ""current"": null, ""status"": ""current-image-not-in-MonsterLookup""}"	legacy-atlas-unverified	True
340	山洞蝙蝠0	"{""index"": 340, ""name"": ""山洞蝙蝠0"", ""level"": ""18"", ""hp"": ""90"", ""dc"": ""8-14"", ""exp"": ""90"", ""tag"": ""old-only"", ""note"": ""old-only 老版变体（数值微调/活动/强化版），Zircon 无对应""}"	"{""Index"": 340, ""Name"": ""山洞蝙蝠0"", ""Appr"": 81, ""Race"": 19, ""RaceImg"": 29, ""Level"": 18, ""HP"": 90, ""Exp"": 90, ""ACMin"": 0, ""ACMax"": 0, ""MAC"": 3, ""DCMin"": 8, ""DCMax"": 14, ""DropTable"": 0, ""tag"": ""old-only"", ""tag_note"": ""老版变体（数值微调/活动/强化版），Zircon 无对应""}"			"{""legacy"": {""appr"": 81, ""race"": 19, ""race_img"": 29, ""library_file"": ""Mon-8.wil"", ""frame"": 1040, ""note"": ""legacy Appr/frame convention from dat_integrate.py; not a Zircon MonsterImage shape""}, ""current"": null, ""status"": ""current-image-not-in-MonsterLookup""}"	legacy-atlas-old-only-no-automatic-map	True
341	山洞蝙蝠61	"{""index"": 341, ""name"": ""山洞蝙蝠61"", ""level"": ""18"", ""hp"": ""1"", ""dc"": ""8-14"", ""exp"": ""90"", ""tag"": ""old-only"", ""note"": ""old-only 老版变体（数值微调/活动/强化版），Zircon 无对应""}"	"{""Index"": 341, ""Name"": ""山洞蝙蝠61"", ""Appr"": 81, ""Race"": 19, ""RaceImg"": 29, ""Level"": 18, ""HP"": 1, ""Exp"": 90, ""ACMin"": 2, ""ACMax"": 2, ""MAC"": 3, ""DCMin"": 8, ""DCMax"": 14, ""DropTable"": 0, ""tag"": ""old-only"", ""tag_note"": ""老版变体（数值微调/活动/强化版），Zircon 无对应""}"			"{""legacy"": {""appr"": 81, ""race"": 19, ""race_img"": 29, ""library_file"": ""Mon-8.wil"", ""frame"": 1040, ""note"": ""legacy Appr/frame convention from dat_integrate.py; not a Zircon MonsterImage shape""}, ""current"": null, ""status"": ""current-image-not-in-MonsterLookup""}"	legacy-atlas-old-only-no-automatic-map	True
342	神鬼王	"{""index"": 342, ""name"": ""神鬼王"", ""level"": ""77"", ""hp"": ""5500"", ""dc"": ""55-88"", ""exp"": ""2000"", ""tag"": ""unverified"", ""note"": ""unverified 未做全量名映射，有无 Zircon 对应待查""}"	"{""Index"": 342, ""Name"": ""神鬼王"", ""Appr"": 97, ""Race"": 19, ""RaceImg"": 108, ""Level"": 77, ""HP"": 5500, ""Exp"": 2000, ""ACMin"": 18, ""ACMax"": 18, ""MAC"": 50, ""DCMin"": 55, ""DCMax"": 88, ""DropTable"": 10, ""tag"": ""unverified"", ""tag_note"": ""未做全量名映射，有无 Zircon 对应待查""}"			"{""legacy"": {""appr"": 97, ""race"": 19, ""race_img"": 108, ""library_file"": ""Mon-9.wil"", ""frame"": 7040, ""note"": ""legacy Appr/frame convention from dat_integrate.py; not a Zircon MonsterImage shape""}, ""current"": null, ""status"": ""current-image-not-in-MonsterLookup""}"	legacy-atlas-unverified	True
343	神舰守卫	"{""index"": 343, ""name"": ""神舰守卫"", ""level"": ""55"", ""hp"": ""8700"", ""dc"": ""165-247"", ""exp"": ""3000"", ""tag"": ""unverified"", ""note"": ""unverified 未做全量名映射，有无 Zircon 对应待查""}"	"{""Index"": 343, ""Name"": ""神舰守卫"", ""Appr"": 97, ""Race"": 19, ""RaceImg"": 99, ""Level"": 55, ""HP"": 8700, ""Exp"": 3000, ""ACMin"": 37, ""ACMax"": 37, ""MAC"": 79, ""DCMin"": 165, ""DCMax"": 247, ""DropTable"": 0, ""tag"": ""unverified"", ""tag_note"": ""未做全量名映射，有无 Zircon 对应待查""}"			"{""legacy"": {""appr"": 97, ""race"": 19, ""race_img"": 99, ""library_file"": ""Mon-9.wil"", ""frame"": 7040, ""note"": ""legacy Appr/frame convention from dat_integrate.py; not a Zircon MonsterImage shape""}, ""current"": null, ""status"": ""current-image-not-in-MonsterLookup""}"	legacy-atlas-unverified	True
344	神兽	"{""index"": 344, ""name"": ""神兽"", ""level"": ""160"", ""hp"": ""1"", ""dc"": ""6-21"", ""exp"": ""1200"", ""tag"": ""unverified"", ""note"": ""unverified 未做全量名映射，有无 Zircon 对应待查""}"	"{""Index"": 344, ""Name"": ""神兽"", ""Appr"": 113, ""Race"": 54, ""RaceImg"": 89, ""Level"": 160, ""HP"": 1, ""Exp"": 1200, ""ACMin"": 9, ""ACMax"": 9, ""MAC"": 16, ""DCMin"": 6, ""DCMax"": 21, ""DropTable"": 0, ""tag"": ""unverified"", ""tag_note"": ""未做全量名映射，有无 Zircon 对应待查""}"			"{""legacy"": {""appr"": 113, ""race"": 54, ""race_img"": 89, ""library_file"": ""Mon-11.wil"", ""frame"": 3040, ""note"": ""legacy Appr/frame convention from dat_integrate.py; not a Zircon MonsterImage shape""}, ""current"": null, ""status"": ""current-image-not-in-MonsterLookup""}"	legacy-atlas-unverified	True
345	神兽1	"{""index"": 345, ""name"": ""神兽1"", ""level"": ""160"", ""hp"": ""1"", ""dc"": ""6-21"", ""exp"": ""1800"", ""tag"": ""old-only"", ""note"": ""old-only 老版变体（数值微调/活动/强化版），Zircon 无对应""}"	"{""Index"": 345, ""Name"": ""神兽1"", ""Appr"": 114, ""Race"": 55, ""RaceImg"": 90, ""Level"": 160, ""HP"": 1, ""Exp"": 1800, ""ACMin"": 9, ""ACMax"": 9, ""MAC"": 16, ""DCMin"": 6, ""DCMax"": 21, ""DropTable"": 0, ""tag"": ""old-only"", ""tag_note"": ""老版变体（数值微调/活动/强化版），Zircon 无对应""}"			"{""legacy"": {""appr"": 114, ""race"": 55, ""race_img"": 90, ""library_file"": ""Mon-11.wil"", ""frame"": 4040, ""note"": ""legacy Appr/frame convention from dat_integrate.py; not a Zircon MonsterImage shape""}, ""current"": null, ""status"": ""current-image-not-in-MonsterLookup""}"	legacy-atlas-old-only-no-automatic-map	True
346	圣诞树	"{""index"": 346, ""name"": ""圣诞树"", ""level"": ""120"", ""hp"": ""10"", ""dc"": ""0-0"", ""exp"": ""30"", ""tag"": ""unverified"", ""note"": ""unverified 未做全量名映射，有无 Zircon 对应待查""}"	"{""Index"": 346, ""Name"": ""圣诞树"", ""Appr"": 209, ""Race"": 19, ""RaceImg"": 153, ""Level"": 120, ""HP"": 10, ""Exp"": 30, ""ACMin"": 0, ""ACMax"": 0, ""MAC"": 0, ""DCMin"": 0, ""DCMax"": 0, ""DropTable"": 0, ""tag"": ""unverified"", ""tag_note"": ""未做全量名映射，有无 Zircon 对应待查""}"			"{""legacy"": {""appr"": 209, ""race"": 19, ""race_img"": 153, ""library_file"": ""Mon-20.wil"", ""frame"": 9040, ""note"": ""legacy Appr/frame convention from dat_integrate.py; not a Zircon MonsterImage shape""}, ""current"": null, ""status"": ""current-image-not-in-MonsterLookup""}"	legacy-atlas-unverified	True
347	尸王	"{""index"": 347, ""name"": ""尸王"", ""level"": ""73"", ""hp"": ""1500"", ""dc"": ""33-55"", ""exp"": ""750"", ""tag"": ""unverified"", ""note"": ""unverified 未做全量名映射，有无 Zircon 对应待查""}"	"{""Index"": 347, ""Name"": ""尸王"", ""Appr"": 97, ""Race"": 19, ""RaceImg"": 53, ""Level"": 73, ""HP"": 1500, ""Exp"": 750, ""ACMin"": 6, ""ACMax"": 6, ""MAC"": 10, ""DCMin"": 33, ""DCMax"": 55, ""DropTable"": 10, ""tag"": ""unverified"", ""tag_note"": ""未做全量名映射，有无 Zircon 对应待查""}"			"{""legacy"": {""appr"": 97, ""race"": 19, ""race_img"": 53, ""library_file"": ""Mon-9.wil"", ""frame"": 7040, ""note"": ""legacy Appr/frame convention from dat_integrate.py; not a Zircon MonsterImage shape""}, ""current"": null, ""status"": ""current-image-not-in-MonsterLookup""}"	legacy-atlas-unverified	True
348	尸王2	"{""index"": 348, ""name"": ""尸王2"", ""level"": ""73"", ""hp"": ""1500"", ""dc"": ""38-82"", ""exp"": ""750"", ""tag"": ""old-only"", ""note"": ""old-only 老版变体（数值微调/活动/强化版），Zircon 无对应""}"	"{""Index"": 348, ""Name"": ""尸王2"", ""Appr"": 81, ""Race"": 19, ""RaceImg"": 53, ""Level"": 73, ""HP"": 1500, ""Exp"": 750, ""ACMin"": 6, ""ACMax"": 6, ""MAC"": 10, ""DCMin"": 38, ""DCMax"": 82, ""DropTable"": 0, ""tag"": ""old-only"", ""tag_note"": ""老版变体（数值微调/活动/强化版），Zircon 无对应""}"			"{""legacy"": {""appr"": 81, ""race"": 19, ""race_img"": 53, ""library_file"": ""Mon-8.wil"", ""frame"": 1040, ""note"": ""legacy Appr/frame convention from dat_integrate.py; not a Zircon MonsterImage shape""}, ""current"": null, ""status"": ""current-image-not-in-MonsterLookup""}"	legacy-atlas-old-only-no-automatic-map	True
349	尸王61	"{""index"": 349, ""name"": ""尸王61"", ""level"": ""73"", ""hp"": ""1"", ""dc"": ""8-29"", ""exp"": ""750"", ""tag"": ""old-only"", ""note"": ""old-only 老版变体（数值微调/活动/强化版），Zircon 无对应""}"	"{""Index"": 349, ""Name"": ""尸王61"", ""Appr"": 81, ""Race"": 19, ""RaceImg"": 53, ""Level"": 73, ""HP"": 1, ""Exp"": 750, ""ACMin"": 6, ""ACMax"": 6, ""MAC"": 10, ""DCMin"": 8, ""DCMax"": 29, ""DropTable"": 0, ""tag"": ""old-only"", ""tag_note"": ""老版变体（数值微调/活动/强化版），Zircon 无对应""}"			"{""legacy"": {""appr"": 81, ""race"": 19, ""race_img"": 53, ""library_file"": ""Mon-8.wil"", ""frame"": 1040, ""note"": ""legacy Appr/frame convention from dat_integrate.py; not a Zircon MonsterImage shape""}, ""current"": null, ""status"": ""current-image-not-in-MonsterLookup""}"	legacy-atlas-old-only-no-automatic-map	True
350	石像狮子	"{""index"": 350, ""name"": ""石像狮子"", ""level"": ""49"", ""hp"": ""3800"", ""dc"": ""50-60"", ""exp"": ""1300"", ""tag"": ""unverified"", ""note"": ""unverified 未做全量名映射，有无 Zircon 对应待查""}"	"{""Index"": 350, ""Name"": ""石像狮子"", ""Appr"": 221, ""Race"": 19, ""RaceImg"": 160, ""Level"": 49, ""HP"": 3800, ""Exp"": 1300, ""ACMin"": 11, ""ACMax"": 11, ""MAC"": 13, ""DCMin"": 50, ""DCMax"": 60, ""DropTable"": 0, ""tag"": ""unverified"", ""tag_note"": ""未做全量名映射，有无 Zircon 对应待查""}"			"{""legacy"": {""appr"": 221, ""race"": 19, ""race_img"": 160, ""library_file"": ""Mon-22.wil"", ""frame"": 1040, ""note"": ""legacy Appr/frame convention from dat_integrate.py; not a Zircon MonsterImage shape""}, ""current"": null, ""status"": ""current-image-not-in-MonsterLookup""}"	legacy-atlas-unverified	True
351	石像狮子0	"{""index"": 351, ""name"": ""石像狮子0"", ""level"": ""49"", ""hp"": ""3800"", ""dc"": ""50-60"", ""exp"": ""1300"", ""tag"": ""old-only"", ""note"": ""old-only 老版变体（数值微调/活动/强化版），Zircon 无对应""}"	"{""Index"": 351, ""Name"": ""石像狮子0"", ""Appr"": 221, ""Race"": 19, ""RaceImg"": 160, ""Level"": 49, ""HP"": 3800, ""Exp"": 1300, ""ACMin"": 11, ""ACMax"": 11, ""MAC"": 13, ""DCMin"": 50, ""DCMax"": 60, ""DropTable"": 0, ""tag"": ""old-only"", ""tag_note"": ""老版变体（数值微调/活动/强化版），Zircon 无对应""}"			"{""legacy"": {""appr"": 221, ""race"": 19, ""race_img"": 160, ""library_file"": ""Mon-22.wil"", ""frame"": 1040, ""note"": ""legacy Appr/frame convention from dat_integrate.py; not a Zircon MonsterImage shape""}, ""current"": null, ""status"": ""current-image-not-in-MonsterLookup""}"	legacy-atlas-old-only-no-automatic-map	True
352	石像狮子96	"{""index"": 352, ""name"": ""石像狮子96"", ""level"": ""49"", ""hp"": ""3800"", ""dc"": ""50-60"", ""exp"": ""1300"", ""tag"": ""old-only"", ""note"": ""old-only 老版变体（数值微调/活动/强化版），Zircon 无对应""}"	"{""Index"": 352, ""Name"": ""石像狮子96"", ""Appr"": 221, ""Race"": 19, ""RaceImg"": 160, ""Level"": 49, ""HP"": 3800, ""Exp"": 1300, ""ACMin"": 14, ""ACMax"": 14, ""MAC"": 27, ""DCMin"": 50, ""DCMax"": 60, ""DropTable"": 0, ""tag"": ""old-only"", ""tag_note"": ""老版变体（数值微调/活动/强化版），Zircon 无对应""}"			"{""legacy"": {""appr"": 221, ""race"": 19, ""race_img"": 160, ""library_file"": ""Mon-22.wil"", ""frame"": 1040, ""note"": ""legacy Appr/frame convention from dat_integrate.py; not a Zircon MonsterImage shape""}, ""current"": null, ""status"": ""current-image-not-in-MonsterLookup""}"	legacy-atlas-old-only-no-automatic-map	True
353	食人花61	"{""index"": 353, ""name"": ""食人花61"", ""level"": ""10"", ""hp"": ""1"", ""dc"": ""2-8"", ""exp"": ""21"", ""tag"": ""old-only"", ""note"": ""old-only 老版变体（数值微调/活动/强化版），Zircon 无对应""}"	"{""Index"": 353, ""Name"": ""食人花61"", ""Appr"": 85, ""Race"": 13, ""RaceImg"": 31, ""Level"": 10, ""HP"": 1, ""Exp"": 21, ""ACMin"": 0, ""ACMax"": 0, ""MAC"": 0, ""DCMin"": 2, ""DCMax"": 8, ""DropTable"": 0, ""tag"": ""old-only"", ""tag_note"": ""老版变体（数值微调/活动/强化版），Zircon 无对应""}"			"{""legacy"": {""appr"": 85, ""race"": 13, ""race_img"": 31, ""library_file"": ""Mon-8.wil"", ""frame"": 5040, ""note"": ""legacy Appr/frame convention from dat_integrate.py; not a Zircon MonsterImage shape""}, ""current"": null, ""status"": ""current-image-not-in-MonsterLookup""}"	legacy-atlas-old-only-no-automatic-map	True
354	守卫虫	"{""index"": 354, ""name"": ""守卫虫"", ""level"": ""99"", ""hp"": ""220"", ""dc"": ""77-86"", ""exp"": ""560"", ""tag"": ""unverified"", ""note"": ""unverified 未做全量名映射，有无 Zircon 对应待查""}"	"{""Index"": 354, ""Name"": ""守卫虫"", ""Appr"": 81, ""Race"": 19, ""RaceImg"": 69, ""Level"": 99, ""HP"": 220, ""Exp"": 560, ""ACMin"": 6, ""ACMax"": 6, ""MAC"": 28, ""DCMin"": 77, ""DCMax"": 86, ""DropTable"": 15, ""tag"": ""unverified"", ""tag_note"": ""未做全量名映射，有无 Zircon 对应待查""}"			"{""legacy"": {""appr"": 81, ""race"": 19, ""race_img"": 69, ""library_file"": ""Mon-8.wil"", ""frame"": 1040, ""note"": ""legacy Appr/frame convention from dat_integrate.py; not a Zircon MonsterImage shape""}, ""current"": null, ""status"": ""current-image-not-in-MonsterLookup""}"	legacy-atlas-unverified	True
355	天狼蜘蛛	"{""index"": 355, ""name"": ""天狼蜘蛛"", ""level"": ""35"", ""hp"": ""1470"", ""dc"": ""29-43"", ""exp"": ""310"", ""tag"": ""unverified"", ""note"": ""unverified 未做全量名映射，有无 Zircon 对应待查""}"	"{""Index"": 355, ""Name"": ""天狼蜘蛛"", ""Appr"": 118, ""Race"": 19, ""RaceImg"": 103, ""Level"": 35, ""HP"": 1470, ""Exp"": 310, ""ACMin"": 3, ""ACMax"": 3, ""MAC"": 8, ""DCMin"": 29, ""DCMax"": 43, ""DropTable"": 0, ""tag"": ""unverified"", ""tag_note"": ""未做全量名映射，有无 Zircon 对应待查""}"			"{""legacy"": {""appr"": 118, ""race"": 19, ""race_img"": 103, ""library_file"": ""Mon-11.wil"", ""frame"": 8040, ""note"": ""legacy Appr/frame convention from dat_integrate.py; not a Zircon MonsterImage shape""}, ""current"": null, ""status"": ""current-image-not-in-MonsterLookup""}"	legacy-atlas-unverified	True
356	天狼蜘蛛0	"{""index"": 356, ""name"": ""天狼蜘蛛0"", ""level"": ""35"", ""hp"": ""1470"", ""dc"": ""29-43"", ""exp"": ""310"", ""tag"": ""old-only"", ""note"": ""old-only 老版变体（数值微调/活动/强化版），Zircon 无对应""}"	"{""Index"": 356, ""Name"": ""天狼蜘蛛0"", ""Appr"": 118, ""Race"": 19, ""RaceImg"": 103, ""Level"": 35, ""HP"": 1470, ""Exp"": 310, ""ACMin"": 3, ""ACMax"": 3, ""MAC"": 8, ""DCMin"": 29, ""DCMax"": 43, ""DropTable"": 0, ""tag"": ""old-only"", ""tag_note"": ""老版变体（数值微调/活动/强化版），Zircon 无对应""}"			"{""legacy"": {""appr"": 118, ""race"": 19, ""race_img"": 103, ""library_file"": ""Mon-11.wil"", ""frame"": 8040, ""note"": ""legacy Appr/frame convention from dat_integrate.py; not a Zircon MonsterImage shape""}, ""current"": null, ""status"": ""current-image-not-in-MonsterLookup""}"	legacy-atlas-old-only-no-automatic-map	True
357	跳跳蜂	"{""index"": 357, ""name"": ""跳跳蜂"", ""level"": ""50"", ""hp"": ""2000"", ""dc"": ""24-36"", ""exp"": ""520"", ""tag"": ""unverified"", ""note"": ""unverified 未做全量名映射，有无 Zircon 对应待查""}"	"{""Index"": 357, ""Name"": ""跳跳蜂"", ""Appr"": 81, ""Race"": 19, ""RaceImg"": 71, ""Level"": 50, ""HP"": 2000, ""Exp"": 520, ""ACMin"": 0, ""ACMax"": 0, ""MAC"": 120, ""DCMin"": 24, ""DCMax"": 36, ""DropTable"": 0, ""tag"": ""unverified"", ""tag_note"": ""未做全量名映射，有无 Zircon 对应待查""}"			"{""legacy"": {""appr"": 81, ""race"": 19, ""race_img"": 71, ""library_file"": ""Mon-8.wil"", ""frame"": 1040, ""note"": ""legacy Appr/frame convention from dat_integrate.py; not a Zircon MonsterImage shape""}, ""current"": null, ""status"": ""current-image-not-in-MonsterLookup""}"	legacy-atlas-unverified	True
358	跳跳蜂0	"{""index"": 358, ""name"": ""跳跳蜂0"", ""level"": ""50"", ""hp"": ""2000"", ""dc"": ""24-36"", ""exp"": ""520"", ""tag"": ""old-only"", ""note"": ""old-only 老版变体（数值微调/活动/强化版），Zircon 无对应""}"	"{""Index"": 358, ""Name"": ""跳跳蜂0"", ""Appr"": 81, ""Race"": 19, ""RaceImg"": 71, ""Level"": 50, ""HP"": 2000, ""Exp"": 520, ""ACMin"": 0, ""ACMax"": 0, ""MAC"": 120, ""DCMin"": 24, ""DCMax"": 36, ""DropTable"": 0, ""tag"": ""old-only"", ""tag_note"": ""老版变体（数值微调/活动/强化版），Zircon 无对应""}"			"{""legacy"": {""appr"": 81, ""race"": 19, ""race_img"": 71, ""library_file"": ""Mon-8.wil"", ""frame"": 1040, ""note"": ""legacy Appr/frame convention from dat_integrate.py; not a Zircon MonsterImage shape""}, ""current"": null, ""status"": ""current-image-not-in-MonsterLookup""}"	legacy-atlas-old-only-no-automatic-map	True
359	跳跳蜂61	"{""index"": 359, ""name"": ""跳跳蜂61"", ""level"": ""50"", ""hp"": ""1500"", ""dc"": ""24-36"", ""exp"": ""520"", ""tag"": ""old-only"", ""note"": ""old-only 老版变体（数值微调/活动/强化版），Zircon 无对应""}"	"{""Index"": 359, ""Name"": ""跳跳蜂61"", ""Appr"": 81, ""Race"": 19, ""RaceImg"": 71, ""Level"": 50, ""HP"": 1500, ""Exp"": 520, ""ACMin"": 5, ""ACMax"": 5, ""MAC"": 120, ""DCMin"": 24, ""DCMax"": 36, ""DropTable"": 0, ""tag"": ""old-only"", ""tag_note"": ""老版变体（数值微调/活动/强化版），Zircon 无对应""}"			"{""legacy"": {""appr"": 81, ""race"": 19, ""race_img"": 71, ""library_file"": ""Mon-8.wil"", ""frame"": 1040, ""note"": ""legacy Appr/frame convention from dat_integrate.py; not a Zircon MonsterImage shape""}, ""current"": null, ""status"": ""current-image-not-in-MonsterLookup""}"	legacy-atlas-old-only-no-automatic-map	True
360	投石车	"{""index"": 360, ""name"": ""投石车"", ""level"": ""99"", ""hp"": ""1"", ""dc"": ""165-220"", ""exp"": ""1000"", ""tag"": ""unverified"", ""note"": ""unverified 未做全量名映射，有无 Zircon 对应待查""}"	"{""Index"": 360, ""Name"": ""投石车"", ""Appr"": 121, ""Race"": 19, ""RaceImg"": 167, ""Level"": 99, ""HP"": 1, ""Exp"": 1000, ""ACMin"": 0, ""ACMax"": 0, ""MAC"": 0, ""DCMin"": 165, ""DCMax"": 220, ""DropTable"": 0, ""tag"": ""unverified"", ""tag_note"": ""未做全量名映射，有无 Zircon 对应待查""}"			"{""legacy"": {""appr"": 121, ""race"": 19, ""race_img"": 167, ""library_file"": ""Mon-12.wil"", ""frame"": 1040, ""note"": ""legacy Appr/frame convention from dat_integrate.py; not a Zircon MonsterImage shape""}, ""current"": null, ""status"": ""current-image-not-in-MonsterLookup""}"	legacy-atlas-unverified	True
361	图书馆护卫	"{""index"": 361, ""name"": ""图书馆护卫"", ""level"": ""150"", ""hp"": ""1"", ""dc"": ""165-165"", ""exp"": ""9999"", ""tag"": ""unverified"", ""note"": ""unverified 未做全量名映射，有无 Zircon 对应待查""}"	"{""Index"": 361, ""Name"": ""图书馆护卫"", ""Appr"": 11, ""Race"": 24, ""RaceImg"": 114, ""Level"": 150, ""HP"": 1, ""Exp"": 9999, ""ACMin"": 220, ""ACMax"": 220, ""MAC"": 220, ""DCMin"": 165, ""DCMax"": 165, ""DropTable"": 0, ""tag"": ""unverified"", ""tag_note"": ""未做全量名映射，有无 Zircon 对应待查""}"			"{""legacy"": {""appr"": 11, ""race"": 24, ""race_img"": 114, ""library_file"": ""Mon-1.wil"", ""frame"": 1040, ""note"": ""legacy Appr/frame convention from dat_integrate.py; not a Zircon MonsterImage shape""}, ""current"": null, ""status"": ""current-image-not-in-MonsterLookup""}"	legacy-atlas-unverified	True
362	陀大怪	"{""index"": 362, ""name"": ""陀大怪"", ""level"": ""97"", ""hp"": ""20000"", ""dc"": ""204-254"", ""exp"": ""12750"", ""tag"": ""unverified"", ""note"": ""unverified 未做全量名映射，有无 Zircon 对应待查""}"	"{""Index"": 362, ""Name"": ""陀大怪"", ""Appr"": 226, ""Race"": 19, ""RaceImg"": 186, ""Level"": 97, ""HP"": 20000, ""Exp"": 12750, ""ACMin"": 66, ""ACMax"": 66, ""MAC"": 114, ""DCMin"": 204, ""DCMax"": 254, ""DropTable"": 12, ""tag"": ""unverified"", ""tag_note"": ""未做全量名映射，有无 Zircon 对应待查""}"			"{""legacy"": {""appr"": 226, ""race"": 19, ""race_img"": 186, ""library_file"": ""Mon-22.wil"", ""frame"": 6040, ""note"": ""legacy Appr/frame convention from dat_integrate.py; not a Zircon MonsterImage shape""}, ""current"": null, ""status"": ""current-image-not-in-MonsterLookup""}"	legacy-atlas-unverified	True
363	威思而小虫	"{""index"": 363, ""name"": ""威思而小虫"", ""level"": ""13"", ""hp"": ""40"", ""dc"": ""4-10"", ""exp"": ""40"", ""tag"": ""unverified"", ""note"": ""unverified 未做全量名映射，有无 Zircon 对应待查""}"	"{""Index"": 363, ""Name"": ""威思而小虫"", ""Appr"": 82, ""Race"": 19, ""RaceImg"": 62, ""Level"": 13, ""HP"": 40, ""Exp"": 40, ""ACMin"": 0, ""ACMax"": 0, ""MAC"": 1, ""DCMin"": 4, ""DCMax"": 10, ""DropTable"": 0, ""tag"": ""unverified"", ""tag_note"": ""未做全量名映射，有无 Zircon 对应待查""}"			"{""legacy"": {""appr"": 82, ""race"": 19, ""race_img"": 62, ""library_file"": ""Mon-8.wil"", ""frame"": 2040, ""note"": ""legacy Appr/frame convention from dat_integrate.py; not a Zircon MonsterImage shape""}, ""current"": null, ""status"": ""current-image-not-in-MonsterLookup""}"	legacy-atlas-unverified	True
364	卫士	"{""index"": 364, ""name"": ""卫士"", ""level"": ""150"", ""hp"": ""1"", ""dc"": ""220-220"", ""exp"": ""9999"", ""tag"": ""unverified"", ""note"": ""unverified 未做全量名映射，有无 Zircon 对应待查""}"	"{""Index"": 364, ""Name"": ""卫士"", ""Appr"": 11, ""Race"": 12, ""RaceImg"": 26, ""Level"": 150, ""HP"": 1, ""Exp"": 9999, ""ACMin"": 110, ""ACMax"": 110, ""MAC"": 110, ""DCMin"": 220, ""DCMax"": 220, ""DropTable"": 0, ""tag"": ""unverified"", ""tag_note"": ""未做全量名映射，有无 Zircon 对应待查""}"			"{""legacy"": {""appr"": 11, ""race"": 12, ""race_img"": 26, ""library_file"": ""Mon-1.wil"", ""frame"": 1040, ""note"": ""legacy Appr/frame convention from dat_integrate.py; not a Zircon MonsterImage shape""}, ""current"": null, ""status"": ""current-image-not-in-MonsterLookup""}"	legacy-atlas-unverified	True
365	卫士1	"{""index"": 365, ""name"": ""卫士1"", ""level"": ""150"", ""hp"": ""1"", ""dc"": ""165-165"", ""exp"": ""9999"", ""tag"": ""old-only"", ""note"": ""old-only 老版变体（数值微调/活动/强化版），Zircon 无对应""}"	"{""Index"": 365, ""Name"": ""卫士1"", ""Appr"": 11, ""Race"": 24, ""RaceImg"": 113, ""Level"": 150, ""HP"": 1, ""Exp"": 9999, ""ACMin"": 220, ""ACMax"": 220, ""MAC"": 220, ""DCMin"": 165, ""DCMax"": 165, ""DropTable"": 0, ""tag"": ""old-only"", ""tag_note"": ""老版变体（数值微调/活动/强化版），Zircon 无对应""}"			"{""legacy"": {""appr"": 11, ""race"": 24, ""race_img"": 113, ""library_file"": ""Mon-1.wil"", ""frame"": 1040, ""note"": ""legacy Appr/frame convention from dat_integrate.py; not a Zircon MonsterImage shape""}, ""current"": null, ""status"": ""current-image-not-in-MonsterLookup""}"	legacy-atlas-old-only-no-automatic-map	True
366	沃毒蜈蚣61	"{""index"": 366, ""name"": ""沃毒蜈蚣61"", ""level"": ""30"", ""hp"": ""1"", ""dc"": ""24-36"", ""exp"": ""200"", ""tag"": ""old-only"", ""note"": ""old-only 老版变体（数值微调/活动/强化版），Zircon 无对应""}"	"{""Index"": 366, ""Name"": ""沃毒蜈蚣61"", ""Appr"": 81, ""Race"": 19, ""RaceImg"": 2045, ""Level"": 30, ""HP"": 1, ""Exp"": 200, ""ACMin"": 6, ""ACMax"": 6, ""MAC"": 7, ""DCMin"": 24, ""DCMax"": 36, ""DropTable"": 0, ""tag"": ""old-only"", ""tag_note"": ""老版变体（数值微调/活动/强化版），Zircon 无对应""}"			"{""legacy"": {""appr"": 81, ""race"": 19, ""race_img"": 2045, ""library_file"": ""Mon-8.wil"", ""frame"": 1040, ""note"": ""legacy Appr/frame convention from dat_integrate.py; not a Zircon MonsterImage shape""}, ""current"": null, ""status"": ""current-image-not-in-MonsterLookup""}"	legacy-atlas-old-only-no-automatic-map	True
367	沃毒蜈蚣62	"{""index"": 367, ""name"": ""沃毒蜈蚣62"", ""level"": ""30"", ""hp"": ""1"", ""dc"": ""24-36"", ""exp"": ""200"", ""tag"": ""old-only"", ""note"": ""old-only 老版变体（数值微调/活动/强化版），Zircon 无对应""}"	"{""Index"": 367, ""Name"": ""沃毒蜈蚣62"", ""Appr"": 81, ""Race"": 19, ""RaceImg"": 2045, ""Level"": 30, ""HP"": 1, ""Exp"": 200, ""ACMin"": 6, ""ACMax"": 6, ""MAC"": 7, ""DCMin"": 24, ""DCMax"": 36, ""DropTable"": 0, ""tag"": ""old-only"", ""tag_note"": ""老版变体（数值微调/活动/强化版），Zircon 无对应""}"			"{""legacy"": {""appr"": 81, ""race"": 19, ""race_img"": 2045, ""library_file"": ""Mon-8.wil"", ""frame"": 1040, ""note"": ""legacy Appr/frame convention from dat_integrate.py; not a Zircon MonsterImage shape""}, ""current"": null, ""status"": ""current-image-not-in-MonsterLookup""}"	legacy-atlas-old-only-no-automatic-map	True
368	沃玛护卫	"{""index"": 368, ""name"": ""沃玛护卫"", ""level"": ""73"", ""hp"": ""1000"", ""dc"": ""19-40"", ""exp"": ""1000"", ""tag"": ""unverified"", ""note"": ""unverified 未做全量名映射，有无 Zircon 对应待查""}"	"{""Index"": 368, ""Name"": ""沃玛护卫"", ""Appr"": 97, ""Race"": 19, ""RaceImg"": 44, ""Level"": 73, ""HP"": 1000, ""Exp"": 1000, ""ACMin"": 7, ""ACMax"": 7, ""MAC"": 12, ""DCMin"": 19, ""DCMax"": 40, ""DropTable"": 0, ""tag"": ""unverified"", ""tag_note"": ""未做全量名映射，有无 Zircon 对应待查""}"			"{""legacy"": {""appr"": 97, ""race"": 19, ""race_img"": 44, ""library_file"": ""Mon-9.wil"", ""frame"": 7040, ""note"": ""legacy Appr/frame convention from dat_integrate.py; not a Zircon MonsterImage shape""}, ""current"": null, ""status"": ""current-image-not-in-MonsterLookup""}"	legacy-atlas-unverified	True
369	沃玛护卫61	"{""index"": 369, ""name"": ""沃玛护卫61"", ""level"": ""73"", ""hp"": ""1"", ""dc"": ""19-40"", ""exp"": ""1000"", ""tag"": ""old-only"", ""note"": ""old-only 老版变体（数值微调/活动/强化版），Zircon 无对应""}"	"{""Index"": 369, ""Name"": ""沃玛护卫61"", ""Appr"": 97, ""Race"": 19, ""RaceImg"": 44, ""Level"": 73, ""HP"": 1, ""Exp"": 1000, ""ACMin"": 7, ""ACMax"": 7, ""MAC"": 12, ""DCMin"": 19, ""DCMax"": 40, ""DropTable"": 0, ""tag"": ""old-only"", ""tag_note"": ""老版变体（数值微调/活动/强化版），Zircon 无对应""}"			"{""legacy"": {""appr"": 97, ""race"": 19, ""race_img"": 44, ""library_file"": ""Mon-9.wil"", ""frame"": 7040, ""note"": ""legacy Appr/frame convention from dat_integrate.py; not a Zircon MonsterImage shape""}, ""current"": null, ""status"": ""current-image-not-in-MonsterLookup""}"	legacy-atlas-old-only-no-automatic-map	True
370	沃玛教主	"{""index"": 370, ""name"": ""沃玛教主"", ""level"": ""90"", ""hp"": ""8000"", ""dc"": ""99-143"", ""exp"": ""6000"", ""tag"": ""changed"", ""note"": ""changed → Uma King (id=65)""}"	"{""Index"": 370, ""Name"": ""沃玛教主"", ""Appr"": 92, ""Race"": 21, ""RaceImg"": 45, ""Level"": 90, ""HP"": 8000, ""Exp"": 6000, ""ACMin"": 39, ""ACMax"": 39, ""MAC"": 62, ""DCMin"": 99, ""DCMax"": 143, ""DropTable"": 10, ""tag"": ""changed"", ""tag_note"": ""→ Uma King (id=65)""}"	"{""index"": 65, ""name"": ""Uma King"", ""image"": ""UmaKing"", ""level"": 250, ""is_boss"": true, ""stats"": {""Health"": 13500, ""MinAC"": 45, ""MaxAC"": 45, ""MinMR"": 52, ""MaxMR"": 52, ""MinDC"": 210, ""MaxDC"": 315, ""Accuracy"": 40, ""Agility"": 48}}"	"{""id"": 65, ""name"": ""Uma King"", ""level"": 250, ""stats"": ""性：生命 +13500 · 物防 45-45 · 魔防 52-52 · 物攻 210-315 · 命中 +40 · 敏捷 +48 · 火抗 +5 · 冰抗 +4 · 雷抗 +2 · 风抗 +3 · 神圣抗性 +2 · 暗黑抗性 +3 · 幻影抗性 +5 · 雷亲和 +1"", ""feat"": ""征：Boss、可推动 · 视野 11 · 攻击间隔 800ms · 经验 195000""}"	"{""legacy"": {""appr"": 92, ""race"": 21, ""race_img"": 45, ""library_file"": ""Mon-9.wil"", ""frame"": 2040, ""note"": ""legacy Appr/frame convention from dat_integrate.py; not a Zircon MonsterImage shape""}, ""current"": {""monster_image"": ""UmaKing"", ""enum_value"": 55, ""library_file"": ""Mon_5"", ""shape"": 5}, ""status"": ""resolved""}"	legacy-atlas-changed-confirmed	True
371	沃玛教主62	"{""index"": 371, ""name"": ""沃玛教主62"", ""level"": ""80"", ""hp"": ""1"", ""dc"": ""77-121"", ""exp"": ""2500"", ""tag"": ""old-only"", ""note"": ""old-only 老版变体（数值微调/活动/强化版），Zircon 无对应""}"	"{""Index"": 371, ""Name"": ""沃玛教主62"", ""Appr"": 92, ""Race"": 21, ""RaceImg"": 45, ""Level"": 80, ""HP"": 1, ""Exp"": 2500, ""ACMin"": 14, ""ACMax"": 14, ""MAC"": 20, ""DCMin"": 77, ""DCMax"": 121, ""DropTable"": 0, ""tag"": ""old-only"", ""tag_note"": ""老版变体（数值微调/活动/强化版），Zircon 无对应""}"			"{""legacy"": {""appr"": 92, ""race"": 21, ""race_img"": 45, ""library_file"": ""Mon-9.wil"", ""frame"": 2040, ""note"": ""legacy Appr/frame convention from dat_integrate.py; not a Zircon MonsterImage shape""}, ""current"": null, ""status"": ""current-image-not-in-MonsterLookup""}"	legacy-atlas-old-only-no-automatic-map	True
372	沃玛卫士	"{""index"": 372, ""name"": ""沃玛卫士"", ""level"": ""74"", ""hp"": ""2000"", ""dc"": ""38-55"", ""exp"": ""1000"", ""tag"": ""unverified"", ""note"": ""unverified 未做全量名映射，有无 Zircon 对应待查""}"	"{""Index"": 372, ""Name"": ""沃玛卫士"", ""Appr"": 97, ""Race"": 19, ""RaceImg"": 44, ""Level"": 74, ""HP"": 2000, ""Exp"": 1000, ""ACMin"": 11, ""ACMax"": 11, ""MAC"": 11, ""DCMin"": 38, ""DCMax"": 55, ""DropTable"": 10, ""tag"": ""unverified"", ""tag_note"": ""未做全量名映射，有无 Zircon 对应待查""}"			"{""legacy"": {""appr"": 97, ""race"": 19, ""race_img"": 44, ""library_file"": ""Mon-9.wil"", ""frame"": 7040, ""note"": ""legacy Appr/frame convention from dat_integrate.py; not a Zircon MonsterImage shape""}, ""current"": null, ""status"": ""current-image-not-in-MonsterLookup""}"	legacy-atlas-unverified	True
373	沃玛勇士	"{""index"": 373, ""name"": ""沃玛勇士"", ""level"": ""25"", ""hp"": ""300"", ""dc"": ""15-25"", ""exp"": ""220"", ""tag"": ""unverified"", ""note"": ""unverified 未做全量名映射，有无 Zircon 对应待查""}"	"{""Index"": 373, ""Name"": ""沃玛勇士"", ""Appr"": 81, ""Race"": 19, ""RaceImg"": 42, ""Level"": 25, ""HP"": 300, ""Exp"": 220, ""ACMin"": 0, ""ACMax"": 0, ""MAC"": 7, ""DCMin"": 15, ""DCMax"": 25, ""DropTable"": 0, ""tag"": ""unverified"", ""tag_note"": ""未做全量名映射，有无 Zircon 对应待查""}"			"{""legacy"": {""appr"": 81, ""race"": 19, ""race_img"": 42, ""library_file"": ""Mon-8.wil"", ""frame"": 1040, ""note"": ""legacy Appr/frame convention from dat_integrate.py; not a Zircon MonsterImage shape""}, ""current"": null, ""status"": ""current-image-not-in-MonsterLookup""}"	legacy-atlas-unverified	True
374	沃玛勇士0	"{""index"": 374, ""name"": ""沃玛勇士0"", ""level"": ""25"", ""hp"": ""300"", ""dc"": ""15-25"", ""exp"": ""220"", ""tag"": ""old-only"", ""note"": ""old-only 老版变体（数值微调/活动/强化版），Zircon 无对应""}"	"{""Index"": 374, ""Name"": ""沃玛勇士0"", ""Appr"": 81, ""Race"": 19, ""RaceImg"": 42, ""Level"": 25, ""HP"": 300, ""Exp"": 220, ""ACMin"": 0, ""ACMax"": 0, ""MAC"": 7, ""DCMin"": 15, ""DCMax"": 25, ""DropTable"": 0, ""tag"": ""old-only"", ""tag_note"": ""老版变体（数值微调/活动/强化版），Zircon 无对应""}"			"{""legacy"": {""appr"": 81, ""race"": 19, ""race_img"": 42, ""library_file"": ""Mon-8.wil"", ""frame"": 1040, ""note"": ""legacy Appr/frame convention from dat_integrate.py; not a Zircon MonsterImage shape""}, ""current"": null, ""status"": ""current-image-not-in-MonsterLookup""}"	legacy-atlas-old-only-no-automatic-map	True
375	沃玛勇士10	"{""index"": 375, ""name"": ""沃玛勇士10"", ""level"": ""25"", ""hp"": ""300"", ""dc"": ""50-50"", ""exp"": ""220"", ""tag"": ""old-only"", ""note"": ""old-only 老版变体（数值微调/活动/强化版），Zircon 无对应""}"	"{""Index"": 375, ""Name"": ""沃玛勇士10"", ""Appr"": 81, ""Race"": 19, ""RaceImg"": 42, ""Level"": 25, ""HP"": 300, ""Exp"": 220, ""ACMin"": 4, ""ACMax"": 4, ""MAC"": 12, ""DCMin"": 50, ""DCMax"": 50, ""DropTable"": 0, ""tag"": ""old-only"", ""tag_note"": ""老版变体（数值微调/活动/强化版），Zircon 无对应""}"			"{""legacy"": {""appr"": 81, ""race"": 19, ""race_img"": 42, ""library_file"": ""Mon-8.wil"", ""frame"": 1040, ""note"": ""legacy Appr/frame convention from dat_integrate.py; not a Zircon MonsterImage shape""}, ""current"": null, ""status"": ""current-image-not-in-MonsterLookup""}"	legacy-atlas-old-only-no-automatic-map	True
376	沃玛勇士61	"{""index"": 376, ""name"": ""沃玛勇士61"", ""level"": ""25"", ""hp"": ""1"", ""dc"": ""15-25"", ""exp"": ""220"", ""tag"": ""old-only"", ""note"": ""old-only 老版变体（数值微调/活动/强化版），Zircon 无对应""}"	"{""Index"": 376, ""Name"": ""沃玛勇士61"", ""Appr"": 81, ""Race"": 19, ""RaceImg"": 42, ""Level"": 25, ""HP"": 1, ""Exp"": 220, ""ACMin"": 5, ""ACMax"": 5, ""MAC"": 7, ""DCMin"": 15, ""DCMax"": 25, ""DropTable"": 0, ""tag"": ""old-only"", ""tag_note"": ""老版变体（数值微调/活动/强化版），Zircon 无对应""}"			"{""legacy"": {""appr"": 81, ""race"": 19, ""race_img"": 42, ""library_file"": ""Mon-8.wil"", ""frame"": 1040, ""note"": ""legacy Appr/frame convention from dat_integrate.py; not a Zircon MonsterImage shape""}, ""current"": null, ""status"": ""current-image-not-in-MonsterLookup""}"	legacy-atlas-old-only-no-automatic-map	True
377	沃玛战将	"{""index"": 377, ""name"": ""沃玛战将"", ""level"": ""25"", ""hp"": ""300"", ""dc"": ""15-25"", ""exp"": ""220"", ""tag"": ""unverified"", ""note"": ""unverified 未做全量名映射，有无 Zircon 对应待查""}"	"{""Index"": 377, ""Name"": ""沃玛战将"", ""Appr"": 81, ""Race"": 19, ""RaceImg"": 91, ""Level"": 25, ""HP"": 300, ""Exp"": 220, ""ACMin"": 0, ""ACMax"": 0, ""MAC"": 7, ""DCMin"": 15, ""DCMax"": 25, ""DropTable"": 0, ""tag"": ""unverified"", ""tag_note"": ""未做全量名映射，有无 Zircon 对应待查""}"			"{""legacy"": {""appr"": 81, ""race"": 19, ""race_img"": 91, ""library_file"": ""Mon-8.wil"", ""frame"": 1040, ""note"": ""legacy Appr/frame convention from dat_integrate.py; not a Zircon MonsterImage shape""}, ""current"": null, ""status"": ""current-image-not-in-MonsterLookup""}"	legacy-atlas-unverified	True
378	沃玛战将0	"{""index"": 378, ""name"": ""沃玛战将0"", ""level"": ""25"", ""hp"": ""300"", ""dc"": ""15-25"", ""exp"": ""220"", ""tag"": ""old-only"", ""note"": ""old-only 老版变体（数值微调/活动/强化版），Zircon 无对应""}"	"{""Index"": 378, ""Name"": ""沃玛战将0"", ""Appr"": 81, ""Race"": 19, ""RaceImg"": 91, ""Level"": 25, ""HP"": 300, ""Exp"": 220, ""ACMin"": 0, ""ACMax"": 0, ""MAC"": 7, ""DCMin"": 15, ""DCMax"": 25, ""DropTable"": 0, ""tag"": ""old-only"", ""tag_note"": ""老版变体（数值微调/活动/强化版），Zircon 无对应""}"			"{""legacy"": {""appr"": 81, ""race"": 19, ""race_img"": 91, ""library_file"": ""Mon-8.wil"", ""frame"": 1040, ""note"": ""legacy Appr/frame convention from dat_integrate.py; not a Zircon MonsterImage shape""}, ""current"": null, ""status"": ""current-image-not-in-MonsterLookup""}"	legacy-atlas-old-only-no-automatic-map	True
379	沃玛战将20	"{""index"": 379, ""name"": ""沃玛战将20"", ""level"": ""25"", ""hp"": ""300"", ""dc"": ""50-50"", ""exp"": ""220"", ""tag"": ""old-only"", ""note"": ""old-only 老版变体（数值微调/活动/强化版），Zircon 无对应""}"	"{""Index"": 379, ""Name"": ""沃玛战将20"", ""Appr"": 81, ""Race"": 19, ""RaceImg"": 91, ""Level"": 25, ""HP"": 300, ""Exp"": 220, ""ACMin"": 4, ""ACMax"": 4, ""MAC"": 13, ""DCMin"": 50, ""DCMax"": 50, ""DropTable"": 0, ""tag"": ""old-only"", ""tag_note"": ""老版变体（数值微调/活动/强化版），Zircon 无对应""}"			"{""legacy"": {""appr"": 81, ""race"": 19, ""race_img"": 91, ""library_file"": ""Mon-8.wil"", ""frame"": 1040, ""note"": ""legacy Appr/frame convention from dat_integrate.py; not a Zircon MonsterImage shape""}, ""current"": null, ""status"": ""current-image-not-in-MonsterLookup""}"	legacy-atlas-old-only-no-automatic-map	True
380	沃玛战士	"{""index"": 380, ""name"": ""沃玛战士"", ""level"": ""25"", ""hp"": ""280"", ""dc"": ""15-25"", ""exp"": ""200"", ""tag"": ""unverified"", ""note"": ""unverified 未做全量名映射，有无 Zircon 对应待查""}"	"{""Index"": 380, ""Name"": ""沃玛战士"", ""Appr"": 81, ""Race"": 19, ""RaceImg"": 41, ""Level"": 25, ""HP"": 280, ""Exp"": 200, ""ACMin"": 0, ""ACMax"": 0, ""MAC"": 7, ""DCMin"": 15, ""DCMax"": 25, ""DropTable"": 0, ""tag"": ""unverified"", ""tag_note"": ""未做全量名映射，有无 Zircon 对应待查""}"			"{""legacy"": {""appr"": 81, ""race"": 19, ""race_img"": 41, ""library_file"": ""Mon-8.wil"", ""frame"": 1040, ""note"": ""legacy Appr/frame convention from dat_integrate.py; not a Zircon MonsterImage shape""}, ""current"": null, ""status"": ""current-image-not-in-MonsterLookup""}"	legacy-atlas-unverified	True
381	沃玛战士0	"{""index"": 381, ""name"": ""沃玛战士0"", ""level"": ""25"", ""hp"": ""280"", ""dc"": ""15-25"", ""exp"": ""200"", ""tag"": ""old-only"", ""note"": ""old-only 老版变体（数值微调/活动/强化版），Zircon 无对应""}"	"{""Index"": 381, ""Name"": ""沃玛战士0"", ""Appr"": 81, ""Race"": 19, ""RaceImg"": 41, ""Level"": 25, ""HP"": 280, ""Exp"": 200, ""ACMin"": 0, ""ACMax"": 0, ""MAC"": 7, ""DCMin"": 15, ""DCMax"": 25, ""DropTable"": 0, ""tag"": ""old-only"", ""tag_note"": ""老版变体（数值微调/活动/强化版），Zircon 无对应""}"			"{""legacy"": {""appr"": 81, ""race"": 19, ""race_img"": 41, ""library_file"": ""Mon-8.wil"", ""frame"": 1040, ""note"": ""legacy Appr/frame convention from dat_integrate.py; not a Zircon MonsterImage shape""}, ""current"": null, ""status"": ""current-image-not-in-MonsterLookup""}"	legacy-atlas-old-only-no-automatic-map	True
382	沃玛战士61	"{""index"": 382, ""name"": ""沃玛战士61"", ""level"": ""25"", ""hp"": ""1"", ""dc"": ""15-25"", ""exp"": ""200"", ""tag"": ""old-only"", ""note"": ""old-only 老版变体（数值微调/活动/强化版），Zircon 无对应""}"	"{""Index"": 382, ""Name"": ""沃玛战士61"", ""Appr"": 81, ""Race"": 19, ""RaceImg"": 41, ""Level"": 25, ""HP"": 1, ""Exp"": 200, ""ACMin"": 5, ""ACMax"": 5, ""MAC"": 7, ""DCMin"": 15, ""DCMax"": 25, ""DropTable"": 0, ""tag"": ""old-only"", ""tag_note"": ""老版变体（数值微调/活动/强化版），Zircon 无对应""}"			"{""legacy"": {""appr"": 81, ""race"": 19, ""race_img"": 41, ""library_file"": ""Mon-8.wil"", ""frame"": 1040, ""note"": ""legacy Appr/frame convention from dat_integrate.py; not a Zircon MonsterImage shape""}, ""current"": null, ""status"": ""current-image-not-in-MonsterLookup""}"	legacy-atlas-old-only-no-automatic-map	True
383	蜈蚣	"{""index"": 383, ""name"": ""蜈蚣"", ""level"": ""50"", ""hp"": ""2000"", ""dc"": ""24-36"", ""exp"": ""500"", ""tag"": ""unverified"", ""note"": ""unverified 未做全量名映射，有无 Zircon 对应待查""}"	"{""Index"": 383, ""Name"": ""蜈蚣"", ""Appr"": 81, ""Race"": 19, ""RaceImg"": 66, ""Level"": 50, ""HP"": 2000, ""Exp"": 500, ""ACMin"": 0, ""ACMax"": 0, ""MAC"": 120, ""DCMin"": 24, ""DCMax"": 36, ""DropTable"": 0, ""tag"": ""unverified"", ""tag_note"": ""未做全量名映射，有无 Zircon 对应待查""}"			"{""legacy"": {""appr"": 81, ""race"": 19, ""race_img"": 66, ""library_file"": ""Mon-8.wil"", ""frame"": 1040, ""note"": ""legacy Appr/frame convention from dat_integrate.py; not a Zircon MonsterImage shape""}, ""current"": null, ""status"": ""current-image-not-in-MonsterLookup""}"	legacy-atlas-unverified	True
384	蜈蚣0	"{""index"": 384, ""name"": ""蜈蚣0"", ""level"": ""50"", ""hp"": ""2000"", ""dc"": ""24-36"", ""exp"": ""500"", ""tag"": ""old-only"", ""note"": ""old-only 老版变体（数值微调/活动/强化版），Zircon 无对应""}"	"{""Index"": 384, ""Name"": ""蜈蚣0"", ""Appr"": 81, ""Race"": 19, ""RaceImg"": 66, ""Level"": 50, ""HP"": 2000, ""Exp"": 500, ""ACMin"": 0, ""ACMax"": 0, ""MAC"": 120, ""DCMin"": 24, ""DCMax"": 36, ""DropTable"": 0, ""tag"": ""old-only"", ""tag_note"": ""老版变体（数值微调/活动/强化版），Zircon 无对应""}"			"{""legacy"": {""appr"": 81, ""race"": 19, ""race_img"": 66, ""library_file"": ""Mon-8.wil"", ""frame"": 1040, ""note"": ""legacy Appr/frame convention from dat_integrate.py; not a Zircon MonsterImage shape""}, ""current"": null, ""status"": ""current-image-not-in-MonsterLookup""}"	legacy-atlas-old-only-no-automatic-map	True
385	蜈蚣61	"{""index"": 385, ""name"": ""蜈蚣61"", ""level"": ""60"", ""hp"": ""2000"", ""dc"": ""24-36"", ""exp"": ""500"", ""tag"": ""old-only"", ""note"": ""old-only 老版变体（数值微调/活动/强化版），Zircon 无对应""}"	"{""Index"": 385, ""Name"": ""蜈蚣61"", ""Appr"": 81, ""Race"": 19, ""RaceImg"": 66, ""Level"": 60, ""HP"": 2000, ""Exp"": 500, ""ACMin"": 5, ""ACMax"": 5, ""MAC"": 70, ""DCMin"": 24, ""DCMax"": 36, ""DropTable"": 0, ""tag"": ""old-only"", ""tag_note"": ""老版变体（数值微调/活动/强化版），Zircon 无对应""}"			"{""legacy"": {""appr"": 81, ""race"": 19, ""race_img"": 66, ""library_file"": ""Mon-8.wil"", ""frame"": 1040, ""note"": ""legacy Appr/frame convention from dat_integrate.py; not a Zircon MonsterImage shape""}, ""current"": null, ""status"": ""current-image-not-in-MonsterLookup""}"	legacy-atlas-old-only-no-automatic-map	True
386	武力神将	"{""index"": 386, ""name"": ""武力神将"", ""level"": ""51"", ""hp"": ""4500"", ""dc"": ""60-77"", ""exp"": ""2300"", ""tag"": ""unverified"", ""note"": ""unverified 未做全量名映射，有无 Zircon 对应待查""}"	"{""Index"": 386, ""Name"": ""武力神将"", ""Appr"": 222, ""Race"": 19, ""RaceImg"": 161, ""Level"": 51, ""HP"": 4500, ""Exp"": 2300, ""ACMin"": 16, ""ACMax"": 16, ""MAC"": 17, ""DCMin"": 60, ""DCMax"": 77, ""DropTable"": 0, ""tag"": ""unverified"", ""tag_note"": ""未做全量名映射，有无 Zircon 对应待查""}"			"{""legacy"": {""appr"": 222, ""race"": 19, ""race_img"": 161, ""library_file"": ""Mon-22.wil"", ""frame"": 2040, ""note"": ""legacy Appr/frame convention from dat_integrate.py; not a Zircon MonsterImage shape""}, ""current"": null, ""status"": ""current-image-not-in-MonsterLookup""}"	legacy-atlas-unverified	True
387	武力神将0	"{""index"": 387, ""name"": ""武力神将0"", ""level"": ""51"", ""hp"": ""4500"", ""dc"": ""60-77"", ""exp"": ""2300"", ""tag"": ""old-only"", ""note"": ""old-only 老版变体（数值微调/活动/强化版），Zircon 无对应""}"	"{""Index"": 387, ""Name"": ""武力神将0"", ""Appr"": 222, ""Race"": 19, ""RaceImg"": 161, ""Level"": 51, ""HP"": 4500, ""Exp"": 2300, ""ACMin"": 16, ""ACMax"": 16, ""MAC"": 17, ""DCMin"": 60, ""DCMax"": 77, ""DropTable"": 0, ""tag"": ""old-only"", ""tag_note"": ""老版变体（数值微调/活动/强化版），Zircon 无对应""}"			"{""legacy"": {""appr"": 222, ""race"": 19, ""race_img"": 161, ""library_file"": ""Mon-22.wil"", ""frame"": 2040, ""note"": ""legacy Appr/frame convention from dat_integrate.py; not a Zircon MonsterImage shape""}, ""current"": null, ""status"": ""current-image-not-in-MonsterLookup""}"	legacy-atlas-old-only-no-automatic-map	True
388	楔蛾	"{""index"": 388, ""name"": ""楔蛾"", ""level"": ""30"", ""hp"": ""400"", ""dc"": ""22-22"", ""exp"": ""240"", ""tag"": ""unverified"", ""note"": ""unverified 未做全量名映射，有无 Zircon 对应待查""}"	"{""Index"": 388, ""Name"": ""楔蛾"", ""Appr"": 105, ""Race"": 52, ""RaceImg"": 75, ""Level"": 30, ""HP"": 400, ""Exp"": 240, ""ACMin"": 0, ""ACMax"": 0, ""MAC"": 8, ""DCMin"": 22, ""DCMax"": 22, ""DropTable"": 0, ""tag"": ""unverified"", ""tag_note"": ""未做全量名映射，有无 Zircon 对应待查""}"			"{""legacy"": {""appr"": 105, ""race"": 52, ""race_img"": 75, ""library_file"": ""Mon-10.wil"", ""frame"": 5040, ""note"": ""legacy Appr/frame convention from dat_integrate.py; not a Zircon MonsterImage shape""}, ""current"": null, ""status"": ""current-image-not-in-MonsterLookup""}"	legacy-atlas-unverified	True
389	楔蛾93	"{""index"": 389, ""name"": ""楔蛾93"", ""level"": ""30"", ""hp"": ""400"", ""dc"": ""39-39"", ""exp"": ""240"", ""tag"": ""old-only"", ""note"": ""old-only 老版变体（数值微调/活动/强化版），Zircon 无对应""}"	"{""Index"": 389, ""Name"": ""楔蛾93"", ""Appr"": 105, ""Race"": 52, ""RaceImg"": 75, ""Level"": 30, ""HP"": 400, ""Exp"": 240, ""ACMin"": 4, ""ACMax"": 4, ""MAC"": 17, ""DCMin"": 39, ""DCMax"": 39, ""DropTable"": 0, ""tag"": ""old-only"", ""tag_note"": ""老版变体（数值微调/活动/强化版），Zircon 无对应""}"			"{""legacy"": {""appr"": 105, ""race"": 52, ""race_img"": 75, ""library_file"": ""Mon-10.wil"", ""frame"": 5040, ""note"": ""legacy Appr/frame convention from dat_integrate.py; not a Zircon MonsterImage shape""}, ""current"": null, ""status"": ""current-image-not-in-MonsterLookup""}"	legacy-atlas-old-only-no-automatic-map	True
390	蝎蛇0	"{""index"": 390, ""name"": ""蝎蛇0"", ""level"": ""30"", ""hp"": ""1440"", ""dc"": ""24-36"", ""exp"": ""280"", ""tag"": ""old-only"", ""note"": ""old-only 老版变体（数值微调/活动/强化版），Zircon 无对应""}"	"{""Index"": 390, ""Name"": ""蝎蛇0"", ""Appr"": 81, ""Race"": 19, ""RaceImg"": 79, ""Level"": 30, ""HP"": 1440, ""Exp"": 280, ""ACMin"": 0, ""ACMax"": 0, ""MAC"": 8, ""DCMin"": 24, ""DCMax"": 36, ""DropTable"": 0, ""tag"": ""old-only"", ""tag_note"": ""老版变体（数值微调/活动/强化版），Zircon 无对应""}"			"{""legacy"": {""appr"": 81, ""race"": 19, ""race_img"": 79, ""library_file"": ""Mon-8.wil"", ""frame"": 1040, ""note"": ""legacy Appr/frame convention from dat_integrate.py; not a Zircon MonsterImage shape""}, ""current"": null, ""status"": ""current-image-not-in-MonsterLookup""}"	legacy-atlas-old-only-no-automatic-map	True
391	蝎子	"{""index"": 391, ""name"": ""蝎子"", ""level"": ""18"", ""hp"": ""95"", ""dc"": ""8-15"", ""exp"": ""95"", ""tag"": ""unverified"", ""note"": ""unverified 未做全量名映射，有无 Zircon 对应待查""}"	"{""Index"": 391, ""Name"": ""蝎子"", ""Appr"": 84, ""Race"": 32, ""RaceImg"": 28, ""Level"": 18, ""HP"": 95, ""Exp"": 95, ""ACMin"": 0, ""ACMax"": 0, ""MAC"": 3, ""DCMin"": 8, ""DCMax"": 15, ""DropTable"": 0, ""tag"": ""unverified"", ""tag_note"": ""未做全量名映射，有无 Zircon 对应待查""}"			"{""legacy"": {""appr"": 84, ""race"": 32, ""race_img"": 28, ""library_file"": ""Mon-8.wil"", ""frame"": 4040, ""note"": ""legacy Appr/frame convention from dat_integrate.py; not a Zircon MonsterImage shape""}, ""current"": null, ""status"": ""current-image-not-in-MonsterLookup""}"	legacy-atlas-unverified	True
392	蝎子61	"{""index"": 392, ""name"": ""蝎子61"", ""level"": ""18"", ""hp"": ""1"", ""dc"": ""8-15"", ""exp"": ""95"", ""tag"": ""old-only"", ""note"": ""old-only 老版变体（数值微调/活动/强化版），Zircon 无对应""}"	"{""Index"": 392, ""Name"": ""蝎子61"", ""Appr"": 84, ""Race"": 32, ""RaceImg"": 28, ""Level"": 18, ""HP"": 1, ""Exp"": 95, ""ACMin"": 1, ""ACMax"": 1, ""MAC"": 3, ""DCMin"": 8, ""DCMax"": 15, ""DropTable"": 0, ""tag"": ""old-only"", ""tag_note"": ""老版变体（数值微调/活动/强化版），Zircon 无对应""}"			"{""legacy"": {""appr"": 84, ""race"": 32, ""race_img"": 28, ""library_file"": ""Mon-8.wil"", ""frame"": 4040, ""note"": ""legacy Appr/frame convention from dat_integrate.py; not a Zircon MonsterImage shape""}, ""current"": null, ""status"": ""current-image-not-in-MonsterLookup""}"	legacy-atlas-old-only-no-automatic-map	True
393	邪恶毒蛇	"{""index"": 393, ""name"": ""邪恶毒蛇"", ""level"": ""91"", ""hp"": ""19000"", ""dc"": ""76-147"", ""exp"": ""4500"", ""tag"": ""unverified"", ""note"": ""unverified 未做全量名映射，有无 Zircon 对应待查""}"	"{""Index"": 393, ""Name"": ""邪恶毒蛇"", ""Appr"": 97, ""Race"": 19, ""RaceImg"": 80, ""Level"": 91, ""HP"": 19000, ""Exp"": 4500, ""ACMin"": 60, ""ACMax"": 60, ""MAC"": 100, ""DCMin"": 76, ""DCMax"": 147, ""DropTable"": 10, ""tag"": ""unverified"", ""tag_note"": ""未做全量名映射，有无 Zircon 对应待查""}"			"{""legacy"": {""appr"": 97, ""race"": 19, ""race_img"": 80, ""library_file"": ""Mon-9.wil"", ""frame"": 7040, ""note"": ""legacy Appr/frame convention from dat_integrate.py; not a Zircon MonsterImage shape""}, ""current"": null, ""status"": ""current-image-not-in-MonsterLookup""}"	legacy-atlas-unverified	True
394	邪恶钳虫	"{""index"": 394, ""name"": ""邪恶钳虫"", ""level"": ""75"", ""hp"": ""4500"", ""dc"": ""50-100"", ""exp"": ""1250"", ""tag"": ""unverified"", ""note"": ""unverified 未做全量名映射，有无 Zircon 对应待查""}"	"{""Index"": 394, ""Name"": ""邪恶钳虫"", ""Appr"": 97, ""Race"": 19, ""RaceImg"": 70, ""Level"": 75, ""HP"": 4500, ""Exp"": 1250, ""ACMin"": 13, ""ACMax"": 13, ""MAC"": 100, ""DCMin"": 50, ""DCMax"": 100, ""DropTable"": 10, ""tag"": ""unverified"", ""tag_note"": ""未做全量名映射，有无 Zircon 对应待查""}"			"{""legacy"": {""appr"": 97, ""race"": 19, ""race_img"": 70, ""library_file"": ""Mon-9.wil"", ""frame"": 7040, ""note"": ""legacy Appr/frame convention from dat_integrate.py; not a Zircon MonsterImage shape""}, ""current"": null, ""status"": ""current-image-not-in-MonsterLookup""}"	legacy-atlas-unverified	True
395	邪恶钳虫62	"{""index"": 395, ""name"": ""邪恶钳虫62"", ""level"": ""75"", ""hp"": ""1"", ""dc"": ""27-78"", ""exp"": ""2500"", ""tag"": ""old-only"", ""note"": ""old-only 老版变体（数值微调/活动/强化版），Zircon 无对应""}"	"{""Index"": 395, ""Name"": ""邪恶钳虫62"", ""Appr"": 81, ""Race"": 19, ""RaceImg"": 70, ""Level"": 75, ""HP"": 1, ""Exp"": 2500, ""ACMin"": 13, ""ACMax"": 13, ""MAC"": 24, ""DCMin"": 27, ""DCMax"": 78, ""DropTable"": 0, ""tag"": ""old-only"", ""tag_note"": ""老版变体（数值微调/活动/强化版），Zircon 无对应""}"			"{""legacy"": {""appr"": 81, ""race"": 19, ""race_img"": 70, ""library_file"": ""Mon-8.wil"", ""frame"": 1040, ""note"": ""legacy Appr/frame convention from dat_integrate.py; not a Zircon MonsterImage shape""}, ""current"": null, ""status"": ""current-image-not-in-MonsterLookup""}"	legacy-atlas-old-only-no-automatic-map	True
396	邪恶蜈蚣61	"{""index"": 396, ""name"": ""邪恶蜈蚣61"", ""level"": ""30"", ""hp"": ""1"", ""dc"": ""24-36"", ""exp"": ""200"", ""tag"": ""old-only"", ""note"": ""old-only 老版变体（数值微调/活动/强化版），Zircon 无对应""}"	"{""Index"": 396, ""Name"": ""邪恶蜈蚣61"", ""Appr"": 81, ""Race"": 19, ""RaceImg"": 2046, ""Level"": 30, ""HP"": 1, ""Exp"": 200, ""ACMin"": 22, ""ACMax"": 22, ""MAC"": 7, ""DCMin"": 24, ""DCMax"": 36, ""DropTable"": 0, ""tag"": ""old-only"", ""tag_note"": ""老版变体（数值微调/活动/强化版），Zircon 无对应""}"			"{""legacy"": {""appr"": 81, ""race"": 19, ""race_img"": 2046, ""library_file"": ""Mon-8.wil"", ""frame"": 1040, ""note"": ""legacy Appr/frame convention from dat_integrate.py; not a Zircon MonsterImage shape""}, ""current"": null, ""status"": ""current-image-not-in-MonsterLookup""}"	legacy-atlas-old-only-no-automatic-map	True
397	雄诺玛	"{""index"": 397, ""name"": ""雄诺玛"", ""level"": ""4"", ""hp"": ""450"", ""dc"": ""0-4"", ""exp"": ""250"", ""tag"": ""unverified"", ""note"": ""unverified 未做全量名映射，有无 Zircon 对应待查""}"	"{""Index"": 397, ""Name"": ""雄诺玛"", ""Appr"": 52, ""Race"": 11, ""RaceImg"": 174, ""Level"": 4, ""HP"": 450, ""Exp"": 250, ""ACMin"": 0, ""ACMax"": 5, ""MAC"": 10, ""DCMin"": 0, ""DCMax"": 4, ""DropTable"": 0, ""tag"": ""unverified"", ""tag_note"": ""未做全量名映射，有无 Zircon 对应待查""}"			"{""legacy"": {""appr"": 52, ""race"": 11, ""race_img"": 174, ""library_file"": ""Mon-5.wil"", ""frame"": 2040, ""note"": ""legacy Appr/frame convention from dat_integrate.py; not a Zircon MonsterImage shape""}, ""current"": null, ""status"": ""current-image-not-in-MonsterLookup""}"	legacy-atlas-unverified	True
398	雪人	"{""index"": 398, ""name"": ""雪人"", ""level"": ""99"", ""hp"": ""1"", ""dc"": ""0-0"", ""exp"": ""20"", ""tag"": ""unverified"", ""note"": ""unverified 未做全量名映射，有无 Zircon 对应待查""}"	"{""Index"": 398, ""Name"": ""雪人"", ""Appr"": 199, ""Race"": 19, ""RaceImg"": 190, ""Level"": 99, ""HP"": 1, ""Exp"": 20, ""ACMin"": 0, ""ACMax"": 0, ""MAC"": 220, ""DCMin"": 0, ""DCMax"": 0, ""DropTable"": 0, ""tag"": ""unverified"", ""tag_note"": ""未做全量名映射，有无 Zircon 对应待查""}"			"{""legacy"": {""appr"": 199, ""race"": 19, ""race_img"": 190, ""library_file"": ""Mon-19.wil"", ""frame"": 9040, ""note"": ""legacy Appr/frame convention from dat_integrate.py; not a Zircon MonsterImage shape""}, ""current"": null, ""status"": ""current-image-not-in-MonsterLookup""}"	legacy-atlas-unverified	True
399	血金刚0	"{""index"": 399, ""name"": ""血金刚0"", ""level"": ""40"", ""hp"": ""1620"", ""dc"": ""33-48"", ""exp"": ""460"", ""tag"": ""old-only"", ""note"": ""old-only 老版变体（数值微调/活动/强化版），Zircon 无对应""}"	"{""Index"": 399, ""Name"": ""血金刚0"", ""Appr"": 97, ""Race"": 19, ""RaceImg"": 108, ""Level"": 40, ""HP"": 1620, ""Exp"": 460, ""ACMin"": 0, ""ACMax"": 0, ""MAC"": 12, ""DCMin"": 33, ""DCMax"": 48, ""DropTable"": 0, ""tag"": ""old-only"", ""tag_note"": ""老版变体（数值微调/活动/强化版），Zircon 无对应""}"			"{""legacy"": {""appr"": 97, ""race"": 19, ""race_img"": 108, ""library_file"": ""Mon-9.wil"", ""frame"": 7040, ""note"": ""legacy Appr/frame convention from dat_integrate.py; not a Zircon MonsterImage shape""}, ""current"": null, ""status"": ""current-image-not-in-MonsterLookup""}"	legacy-atlas-old-only-no-automatic-map	True
400	血金刚70	"{""index"": 400, ""name"": ""血金刚70"", ""level"": ""40"", ""hp"": ""1620"", ""dc"": ""100-120"", ""exp"": ""460"", ""tag"": ""old-only"", ""note"": ""old-only 老版变体（数值微调/活动/强化版），Zircon 无对应""}"	"{""Index"": 400, ""Name"": ""血金刚70"", ""Appr"": 97, ""Race"": 19, ""RaceImg"": 108, ""Level"": 40, ""HP"": 1620, ""Exp"": 460, ""ACMin"": 40, ""ACMax"": 40, ""MAC"": 65, ""DCMin"": 100, ""DCMax"": 120, ""DropTable"": 0, ""tag"": ""old-only"", ""tag_note"": ""老版变体（数值微调/活动/强化版），Zircon 无对应""}"			"{""legacy"": {""appr"": 97, ""race"": 19, ""race_img"": 108, ""library_file"": ""Mon-9.wil"", ""frame"": 7040, ""note"": ""legacy Appr/frame convention from dat_integrate.py; not a Zircon MonsterImage shape""}, ""current"": null, ""status"": ""current-image-not-in-MonsterLookup""}"	legacy-atlas-old-only-no-automatic-map	True
401	血巨人0	"{""index"": 401, ""name"": ""血巨人0"", ""level"": ""40"", ""hp"": ""1580"", ""dc"": ""33-47"", ""exp"": ""420"", ""tag"": ""old-only"", ""note"": ""old-only 老版变体（数值微调/活动/强化版），Zircon 无对应""}"	"{""Index"": 401, ""Name"": ""血巨人0"", ""Appr"": 97, ""Race"": 19, ""RaceImg"": 107, ""Level"": 40, ""HP"": 1580, ""Exp"": 420, ""ACMin"": 4, ""ACMax"": 4, ""MAC"": 11, ""DCMin"": 33, ""DCMax"": 47, ""DropTable"": 0, ""tag"": ""old-only"", ""tag_note"": ""老版变体（数值微调/活动/强化版），Zircon 无对应""}"			"{""legacy"": {""appr"": 97, ""race"": 19, ""race_img"": 107, ""library_file"": ""Mon-9.wil"", ""frame"": 7040, ""note"": ""legacy Appr/frame convention from dat_integrate.py; not a Zircon MonsterImage shape""}, ""current"": null, ""status"": ""current-image-not-in-MonsterLookup""}"	legacy-atlas-old-only-no-automatic-map	True
402	羊	"{""index"": 402, ""name"": ""羊"", ""level"": ""5"", ""hp"": ""14"", ""dc"": ""0-5"", ""exp"": ""40"", ""tag"": ""unverified"", ""note"": ""unverified 未做全量名映射，有无 Zircon 对应待查""}"	"{""Index"": 402, ""Name"": ""羊"", ""Appr"": 52, ""Race"": 19, ""RaceImg"": 58, ""Level"": 5, ""HP"": 14, ""Exp"": 40, ""ACMin"": 0, ""ACMax"": 0, ""MAC"": 0, ""DCMin"": 0, ""DCMax"": 5, ""DropTable"": 0, ""tag"": ""unverified"", ""tag_note"": ""未做全量名映射，有无 Zircon 对应待查""}"			"{""legacy"": {""appr"": 52, ""race"": 19, ""race_img"": 58, ""library_file"": ""Mon-5.wil"", ""frame"": 2040, ""note"": ""legacy Appr/frame convention from dat_integrate.py; not a Zircon MonsterImage shape""}, ""current"": null, ""status"": ""current-image-not-in-MonsterLookup""}"	legacy-atlas-unverified	True
403	夜行鬼	"{""index"": 403, ""name"": ""夜行鬼"", ""level"": ""35"", ""hp"": ""510"", ""dc"": ""29-47"", ""exp"": ""350"", ""tag"": ""unverified"", ""note"": ""unverified 未做全量名映射，有无 Zircon 对应待查""}"	"{""Index"": 403, ""Name"": ""夜行鬼"", ""Appr"": 81, ""Race"": 19, ""RaceImg"": 1, ""Level"": 35, ""HP"": 510, ""Exp"": 350, ""ACMin"": 3, ""ACMax"": 3, ""MAC"": 8, ""DCMin"": 29, ""DCMax"": 47, ""DropTable"": 0, ""tag"": ""unverified"", ""tag_note"": ""未做全量名映射，有无 Zircon 对应待查""}"			"{""legacy"": {""appr"": 81, ""race"": 19, ""race_img"": 1, ""library_file"": ""Mon-8.wil"", ""frame"": 1040, ""note"": ""legacy Appr/frame convention from dat_integrate.py; not a Zircon MonsterImage shape""}, ""current"": null, ""status"": ""current-image-not-in-MonsterLookup""}"	legacy-atlas-unverified	True
404	夜行鬼0	"{""index"": 404, ""name"": ""夜行鬼0"", ""level"": ""35"", ""hp"": ""510"", ""dc"": ""29-47"", ""exp"": ""350"", ""tag"": ""old-only"", ""note"": ""old-only 老版变体（数值微调/活动/强化版），Zircon 无对应""}"	"{""Index"": 404, ""Name"": ""夜行鬼0"", ""Appr"": 81, ""Race"": 19, ""RaceImg"": 1, ""Level"": 35, ""HP"": 510, ""Exp"": 350, ""ACMin"": 3, ""ACMax"": 3, ""MAC"": 8, ""DCMin"": 29, ""DCMax"": 47, ""DropTable"": 0, ""tag"": ""old-only"", ""tag_note"": ""老版变体（数值微调/活动/强化版），Zircon 无对应""}"			"{""legacy"": {""appr"": 81, ""race"": 19, ""race_img"": 1, ""library_file"": ""Mon-8.wil"", ""frame"": 1040, ""note"": ""legacy Appr/frame convention from dat_integrate.py; not a Zircon MonsterImage shape""}, ""current"": null, ""status"": ""current-image-not-in-MonsterLookup""}"	legacy-atlas-old-only-no-automatic-map	True
405	祖玛弓箭手	"{""index"": 405, ""name"": ""祖玛弓箭手"", ""level"": ""45"", ""hp"": ""3200"", ""dc"": ""40-57"", ""exp"": ""1400"", ""tag"": ""unverified"", ""note"": ""unverified 未做全量名映射，有无 Zircon 对应待查""}"	"{""Index"": 405, ""Name"": ""祖玛弓箭手"", ""Appr"": 104, ""Race"": 45, ""RaceImg"": 82, ""Level"": 45, ""HP"": 3200, ""Exp"": 1400, ""ACMin"": 6, ""ACMax"": 6, ""MAC"": 13, ""DCMin"": 40, ""DCMax"": 57, ""DropTable"": 0, ""tag"": ""unverified"", ""tag_note"": ""未做全量名映射，有无 Zircon 对应待查""}"			"{""legacy"": {""appr"": 104, ""race"": 45, ""race_img"": 82, ""library_file"": ""Mon-10.wil"", ""frame"": 4040, ""note"": ""legacy Appr/frame convention from dat_integrate.py; not a Zircon MonsterImage shape""}, ""current"": null, ""status"": ""current-image-not-in-MonsterLookup""}"	legacy-atlas-unverified	True
406	超强骷髅	"{""index"": 406, ""name"": ""超强骷髅"", ""level"": ""160"", ""hp"": ""1"", ""dc"": ""18-32"", ""exp"": ""90"", ""tag"": ""unverified"", ""note"": ""unverified 未做全量名映射，有无 Zircon 对应待查""}"	"{""Index"": 406, ""Name"": ""超强骷髅"", ""Appr"": 210, ""Race"": 25, ""RaceImg"": 56, ""Level"": 160, ""HP"": 1, ""Exp"": 90, ""ACMin"": 12, ""ACMax"": 12, ""MAC"": 22, ""DCMin"": 18, ""DCMax"": 32, ""DropTable"": 0, ""tag"": ""unverified"", ""tag_note"": ""未做全量名映射，有无 Zircon 对应待查""}"			"{""legacy"": {""appr"": 210, ""race"": 25, ""race_img"": 56, ""library_file"": ""Mon-21.wil"", ""frame"": 40, ""note"": ""legacy Appr/frame convention from dat_integrate.py; not a Zircon MonsterImage shape""}, ""current"": null, ""status"": ""current-image-not-in-MonsterLookup""}"	legacy-atlas-unverified	True
407	血金刚	"{""index"": 407, ""name"": ""血金刚"", ""level"": ""40"", ""hp"": ""1620"", ""dc"": ""33-48"", ""exp"": ""460"", ""tag"": ""unverified"", ""note"": ""unverified 未做全量名映射，有无 Zircon 对应待查""}"	"{""Index"": 407, ""Name"": ""血金刚"", ""Appr"": 97, ""Race"": 19, ""RaceImg"": 108, ""Level"": 40, ""HP"": 1620, ""Exp"": 460, ""ACMin"": 0, ""ACMax"": 0, ""MAC"": 12, ""DCMin"": 33, ""DCMax"": 48, ""DropTable"": 0, ""tag"": ""unverified"", ""tag_note"": ""未做全量名映射，有无 Zircon 对应待查""}"			"{""legacy"": {""appr"": 97, ""race"": 19, ""race_img"": 108, ""library_file"": ""Mon-9.wil"", ""frame"": 7040, ""note"": ""legacy Appr/frame convention from dat_integrate.py; not a Zircon MonsterImage shape""}, ""current"": null, ""status"": ""current-image-not-in-MonsterLookup""}"	legacy-atlas-unverified	True
408	牛	"{""index"": 408, ""name"": ""牛"", ""level"": ""4"", ""hp"": ""11"", ""dc"": ""0-4"", ""exp"": ""30"", ""tag"": ""unverified"", ""note"": ""unverified 未做全量名映射，有无 Zircon 对应待查""}"	"{""Index"": 408, ""Name"": ""牛"", ""Appr"": 52, ""Race"": 11, ""RaceImg"": 121, ""Level"": 4, ""HP"": 11, ""Exp"": 30, ""ACMin"": 0, ""ACMax"": 0, ""MAC"": 0, ""DCMin"": 0, ""DCMax"": 4, ""DropTable"": 0, ""tag"": ""unverified"", ""tag_note"": ""未做全量名映射，有无 Zircon 对应待查""}"			"{""legacy"": {""appr"": 52, ""race"": 11, ""race_img"": 121, ""library_file"": ""Mon-5.wil"", ""frame"": 2040, ""note"": ""legacy Appr/frame convention from dat_integrate.py; not a Zircon MonsterImage shape""}, ""current"": null, ""status"": ""current-image-not-in-MonsterLookup""}"	legacy-atlas-unverified	True
409	诺玛阻力军0	"{""index"": 409, ""name"": ""诺玛阻力军0"", ""level"": ""40"", ""hp"": ""1"", ""dc"": ""33-50"", ""exp"": ""900"", ""tag"": ""old-only"", ""note"": ""old-only 老版变体（数值微调/活动/强化版），Zircon 无对应""}"	"{""Index"": 409, ""Name"": ""诺玛阻力军0"", ""Appr"": 81, ""Race"": 19, ""RaceImg"": 18, ""Level"": 40, ""HP"": 1, ""Exp"": 900, ""ACMin"": 6, ""ACMax"": 6, ""MAC"": 13, ""DCMin"": 33, ""DCMax"": 50, ""DropTable"": 0, ""tag"": ""old-only"", ""tag_note"": ""老版变体（数值微调/活动/强化版），Zircon 无对应""}"			"{""legacy"": {""appr"": 81, ""race"": 19, ""race_img"": 18, ""library_file"": ""Mon-8.wil"", ""frame"": 1040, ""note"": ""legacy Appr/frame convention from dat_integrate.py; not a Zircon MonsterImage shape""}, ""current"": null, ""status"": ""current-image-not-in-MonsterLookup""}"	legacy-atlas-old-only-no-automatic-map	True
410	阿龙怪	"{""index"": 410, ""name"": ""阿龙怪"", ""level"": ""79"", ""hp"": ""10000"", ""dc"": ""230-250"", ""exp"": ""5000"", ""tag"": ""unverified"", ""note"": ""unverified 未做全量名映射，有无 Zircon 对应待查""}"	"{""Index"": 410, ""Name"": ""阿龙怪"", ""Appr"": 128, ""Race"": 19, ""RaceImg"": 182, ""Level"": 79, ""HP"": 10000, ""Exp"": 5000, ""ACMin"": 22, ""ACMax"": 22, ""MAC"": 38, ""DCMin"": 230, ""DCMax"": 250, ""DropTable"": 12, ""tag"": ""unverified"", ""tag_note"": ""未做全量名映射，有无 Zircon 对应待查""}"			"{""legacy"": {""appr"": 128, ""race"": 19, ""race_img"": 182, ""library_file"": ""Mon-12.wil"", ""frame"": 8040, ""note"": ""legacy Appr/frame convention from dat_integrate.py; not a Zircon MonsterImage shape""}, ""current"": null, ""status"": ""current-image-not-in-MonsterLookup""}"	legacy-atlas-unverified	True
411	魔石咆哮者	"{""index"": 411, ""name"": ""魔石咆哮者"", ""level"": ""65"", ""hp"": ""9100"", ""dc"": ""170-200"", ""exp"": ""5600"", ""tag"": ""unverified"", ""note"": ""unverified 未做全量名映射，有无 Zircon 对应待查""}"	"{""Index"": 411, ""Name"": ""魔石咆哮者"", ""Appr"": 81, ""Race"": 19, ""RaceImg"": 195, ""Level"": 65, ""HP"": 9100, ""Exp"": 5600, ""ACMin"": 40, ""ACMax"": 40, ""MAC"": 90, ""DCMin"": 170, ""DCMax"": 200, ""DropTable"": 10, ""tag"": ""unverified"", ""tag_note"": ""未做全量名映射，有无 Zircon 对应待查""}"			"{""legacy"": {""appr"": 81, ""race"": 19, ""race_img"": 195, ""library_file"": ""Mon-8.wil"", ""frame"": 1040, ""note"": ""legacy Appr/frame convention from dat_integrate.py; not a Zircon MonsterImage shape""}, ""current"": null, ""status"": ""current-image-not-in-MonsterLookup""}"	legacy-atlas-unverified	True
412	魔石狂热者	"{""index"": 412, ""name"": ""魔石狂热者"", ""level"": ""65"", ""hp"": ""10000"", ""dc"": ""200-200"", ""exp"": ""5800"", ""tag"": ""unverified"", ""note"": ""unverified 未做全量名映射，有无 Zircon 对应待查""}"	"{""Index"": 412, ""Name"": ""魔石狂热者"", ""Appr"": 81, ""Race"": 19, ""RaceImg"": 196, ""Level"": 65, ""HP"": 10000, ""Exp"": 5800, ""ACMin"": 40, ""ACMax"": 40, ""MAC"": 90, ""DCMin"": 200, ""DCMax"": 200, ""DropTable"": 10, ""tag"": ""unverified"", ""tag_note"": ""未做全量名映射，有无 Zircon 对应待查""}"			"{""legacy"": {""appr"": 81, ""race"": 19, ""race_img"": 196, ""library_file"": ""Mon-8.wil"", ""frame"": 1040, ""note"": ""legacy Appr/frame convention from dat_integrate.py; not a Zircon MonsterImage shape""}, ""current"": null, ""status"": ""current-image-not-in-MonsterLookup""}"	legacy-atlas-unverified	True
413	魔石守护神	"{""index"": 413, ""name"": ""魔石守护神"", ""level"": ""82"", ""hp"": ""12000"", ""dc"": ""200-250"", ""exp"": ""10000"", ""tag"": ""unverified"", ""note"": ""unverified 未做全量名映射，有无 Zircon 对应待查""}"	"{""Index"": 413, ""Name"": ""魔石守护神"", ""Appr"": 97, ""Race"": 19, ""RaceImg"": 197, ""Level"": 82, ""HP"": 12000, ""Exp"": 10000, ""ACMin"": 50, ""ACMax"": 50, ""MAC"": 100, ""DCMin"": 200, ""DCMax"": 250, ""DropTable"": 10, ""tag"": ""unverified"", ""tag_note"": ""未做全量名映射，有无 Zircon 对应待查""}"			"{""legacy"": {""appr"": 97, ""race"": 19, ""race_img"": 197, ""library_file"": ""Mon-9.wil"", ""frame"": 7040, ""note"": ""legacy Appr/frame convention from dat_integrate.py; not a Zircon MonsterImage shape""}, ""current"": null, ""status"": ""current-image-not-in-MonsterLookup""}"	legacy-atlas-unverified	True
414	变异刺骨蜥	"{""index"": 414, ""name"": ""变异刺骨蜥"", ""level"": ""65"", ""hp"": ""8400"", ""dc"": ""100-135"", ""exp"": ""3500"", ""tag"": ""unverified"", ""note"": ""unverified 未做全量名映射，有无 Zircon 对应待查""}"	"{""Index"": 414, ""Name"": ""变异刺骨蜥"", ""Appr"": 81, ""Race"": 19, ""RaceImg"": 192, ""Level"": 65, ""HP"": 8400, ""Exp"": 3500, ""ACMin"": 25, ""ACMax"": 25, ""MAC"": 60, ""DCMin"": 100, ""DCMax"": 135, ""DropTable"": 10, ""tag"": ""unverified"", ""tag_note"": ""未做全量名映射，有无 Zircon 对应待查""}"			"{""legacy"": {""appr"": 81, ""race"": 19, ""race_img"": 192, ""library_file"": ""Mon-8.wil"", ""frame"": 1040, ""note"": ""legacy Appr/frame convention from dat_integrate.py; not a Zircon MonsterImage shape""}, ""current"": null, ""status"": ""current-image-not-in-MonsterLookup""}"	legacy-atlas-unverified	True
415	变异毒蜥	"{""index"": 415, ""name"": ""变异毒蜥"", ""level"": ""65"", ""hp"": ""8800"", ""dc"": ""80-180"", ""exp"": ""3700"", ""tag"": ""unverified"", ""note"": ""unverified 未做全量名映射，有无 Zircon 对应待查""}"	"{""Index"": 415, ""Name"": ""变异毒蜥"", ""Appr"": 219, ""Race"": 19, ""RaceImg"": 194, ""Level"": 65, ""HP"": 8800, ""Exp"": 3700, ""ACMin"": 32, ""ACMax"": 32, ""MAC"": 60, ""DCMin"": 80, ""DCMax"": 180, ""DropTable"": 10, ""tag"": ""unverified"", ""tag_note"": ""未做全量名映射，有无 Zircon 对应待查""}"			"{""legacy"": {""appr"": 219, ""race"": 19, ""race_img"": 194, ""library_file"": ""Mon-21.wil"", ""frame"": 9040, ""note"": ""legacy Appr/frame convention from dat_integrate.py; not a Zircon MonsterImage shape""}, ""current"": null, ""status"": ""current-image-not-in-MonsterLookup""}"	legacy-atlas-unverified	True
416	变异丑蜥	"{""index"": 416, ""name"": ""变异丑蜥"", ""level"": ""65"", ""hp"": ""8600"", ""dc"": ""120-165"", ""exp"": ""3600"", ""tag"": ""unverified"", ""note"": ""unverified 未做全量名映射，有无 Zircon 对应待查""}"	"{""Index"": 416, ""Name"": ""变异丑蜥"", ""Appr"": 81, ""Race"": 19, ""RaceImg"": 193, ""Level"": 65, ""HP"": 8600, ""Exp"": 3600, ""ACMin"": 30, ""ACMax"": 30, ""MAC"": 60, ""DCMin"": 120, ""DCMax"": 165, ""DropTable"": 10, ""tag"": ""unverified"", ""tag_note"": ""未做全量名映射，有无 Zircon 对应待查""}"			"{""legacy"": {""appr"": 81, ""race"": 19, ""race_img"": 193, ""library_file"": ""Mon-8.wil"", ""frame"": 1040, ""note"": ""legacy Appr/frame convention from dat_integrate.py; not a Zircon MonsterImage shape""}, ""current"": null, ""status"": ""current-image-not-in-MonsterLookup""}"	legacy-atlas-unverified	True
417	变异利爪蜥	"{""index"": 417, ""name"": ""变异利爪蜥"", ""level"": ""65"", ""hp"": ""9600"", ""dc"": ""180-190"", ""exp"": ""4200"", ""tag"": ""unverified"", ""note"": ""unverified 未做全量名映射，有无 Zircon 对应待查""}"	"{""Index"": 417, ""Name"": ""变异利爪蜥"", ""Appr"": 83, ""Race"": 19, ""RaceImg"": 199, ""Level"": 65, ""HP"": 9600, ""Exp"": 4200, ""ACMin"": 35, ""ACMax"": 35, ""MAC"": 50, ""DCMin"": 180, ""DCMax"": 190, ""DropTable"": 10, ""tag"": ""unverified"", ""tag_note"": ""未做全量名映射，有无 Zircon 对应待查""}"			"{""legacy"": {""appr"": 83, ""race"": 19, ""race_img"": 199, ""library_file"": ""Mon-8.wil"", ""frame"": 3040, ""note"": ""legacy Appr/frame convention from dat_integrate.py; not a Zircon MonsterImage shape""}, ""current"": null, ""status"": ""current-image-not-in-MonsterLookup""}"	legacy-atlas-unverified	True
418	变异迅猛蜥	"{""index"": 418, ""name"": ""变异迅猛蜥"", ""level"": ""65"", ""hp"": ""8200"", ""dc"": ""115-150"", ""exp"": ""3600"", ""tag"": ""unverified"", ""note"": ""unverified 未做全量名映射，有无 Zircon 对应待查""}"	"{""Index"": 418, ""Name"": ""变异迅猛蜥"", ""Appr"": 81, ""Race"": 19, ""RaceImg"": 191, ""Level"": 65, ""HP"": 8200, ""Exp"": 3600, ""ACMin"": 25, ""ACMax"": 25, ""MAC"": 60, ""DCMin"": 115, ""DCMax"": 150, ""DropTable"": 10, ""tag"": ""unverified"", ""tag_note"": ""未做全量名映射，有无 Zircon 对应待查""}"			"{""legacy"": {""appr"": 81, ""race"": 19, ""race_img"": 191, ""library_file"": ""Mon-8.wil"", ""frame"": 1040, ""note"": ""legacy Appr/frame convention from dat_integrate.py; not a Zircon MonsterImage shape""}, ""current"": null, ""status"": ""current-image-not-in-MonsterLookup""}"	legacy-atlas-unverified	True
419	地天灭王	"{""index"": 419, ""name"": ""地天灭王"", ""level"": ""100"", ""hp"": ""50000"", ""dc"": ""200-250"", ""exp"": ""19500"", ""tag"": ""unverified"", ""note"": ""unverified 未做全量名映射，有无 Zircon 对应待查""}"	"{""Index"": 419, ""Name"": ""地天灭王"", ""Appr"": 81, ""Race"": 19, ""RaceImg"": 198, ""Level"": 100, ""HP"": 50000, ""Exp"": 19500, ""ACMin"": 45, ""ACMax"": 45, ""MAC"": 100, ""DCMin"": 200, ""DCMax"": 250, ""DropTable"": 10, ""tag"": ""unverified"", ""tag_note"": ""未做全量名映射，有无 Zircon 对应待查""}"			"{""legacy"": {""appr"": 81, ""race"": 19, ""race_img"": 198, ""library_file"": ""Mon-8.wil"", ""frame"": 1040, ""note"": ""legacy Appr/frame convention from dat_integrate.py; not a Zircon MonsterImage shape""}, ""current"": null, ""status"": ""current-image-not-in-MonsterLookup""}"	legacy-atlas-unverified	True
420	冰宫射手	"{""index"": 420, ""name"": ""冰宫射手"", ""level"": ""80"", ""hp"": ""8000"", ""dc"": ""100-150"", ""exp"": ""4000"", ""tag"": ""unverified"", ""note"": ""unverified 未做全量名映射，有无 Zircon 对应待查""}"	"{""Index"": 420, ""Name"": ""冰宫射手"", ""Appr"": 104, ""Race"": 45, ""RaceImg"": 2010, ""Level"": 80, ""HP"": 8000, ""Exp"": 4000, ""ACMin"": 35, ""ACMax"": 35, ""MAC"": 80, ""DCMin"": 100, ""DCMax"": 150, ""DropTable"": 10, ""tag"": ""unverified"", ""tag_note"": ""未做全量名映射，有无 Zircon 对应待查""}"			"{""legacy"": {""appr"": 104, ""race"": 45, ""race_img"": 2010, ""library_file"": ""Mon-10.wil"", ""frame"": 4040, ""note"": ""legacy Appr/frame convention from dat_integrate.py; not a Zircon MonsterImage shape""}, ""current"": null, ""status"": ""current-image-not-in-MonsterLookup""}"	legacy-atlas-unverified	True
421	冰城帝王	"{""index"": 421, ""name"": ""冰城帝王"", ""level"": ""99"", ""hp"": ""32000"", ""dc"": ""200-250"", ""exp"": ""30000"", ""tag"": ""unverified"", ""note"": ""unverified 未做全量名映射，有无 Zircon 对应待查""}"	"{""Index"": 421, ""Name"": ""冰城帝王"", ""Appr"": 81, ""Race"": 19, ""RaceImg"": 2050, ""Level"": 99, ""HP"": 32000, ""Exp"": 30000, ""ACMin"": 60, ""ACMax"": 60, ""MAC"": 150, ""DCMin"": 200, ""DCMax"": 250, ""DropTable"": 10, ""tag"": ""unverified"", ""tag_note"": ""未做全量名映射，有无 Zircon 对应待查""}"			"{""legacy"": {""appr"": 81, ""race"": 19, ""race_img"": 2050, ""library_file"": ""Mon-8.wil"", ""frame"": 1040, ""note"": ""legacy Appr/frame convention from dat_integrate.py; not a Zircon MonsterImage shape""}, ""current"": null, ""status"": ""current-image-not-in-MonsterLookup""}"	legacy-atlas-unverified	True
422	冰宫巫师	"{""index"": 422, ""name"": ""冰宫巫师"", ""level"": ""80"", ""hp"": ""8500"", ""dc"": ""50-80"", ""exp"": ""4500"", ""tag"": ""unverified"", ""note"": ""unverified 未做全量名映射，有无 Zircon 对应待查""}"	"{""Index"": 422, ""Name"": ""冰宫巫师"", ""Appr"": 213, ""Race"": 19, ""RaceImg"": 2030, ""Level"": 80, ""HP"": 8500, ""Exp"": 4500, ""ACMin"": 35, ""ACMax"": 35, ""MAC"": 80, ""DCMin"": 50, ""DCMax"": 80, ""DropTable"": 10, ""tag"": ""unverified"", ""tag_note"": ""未做全量名映射，有无 Zircon 对应待查""}"			"{""legacy"": {""appr"": 213, ""race"": 19, ""race_img"": 2030, ""library_file"": ""Mon-21.wil"", ""frame"": 3040, ""note"": ""legacy Appr/frame convention from dat_integrate.py; not a Zircon MonsterImage shape""}, ""current"": null, ""status"": ""current-image-not-in-MonsterLookup""}"	legacy-atlas-unverified	True
423	冰原勇士	"{""index"": 423, ""name"": ""冰原勇士"", ""level"": ""80"", ""hp"": ""8500"", ""dc"": ""140-190"", ""exp"": ""4500"", ""tag"": ""unverified"", ""note"": ""unverified 未做全量名映射，有无 Zircon 对应待查""}"	"{""Index"": 423, ""Name"": ""冰原勇士"", ""Appr"": 81, ""Race"": 19, ""RaceImg"": 2060, ""Level"": 80, ""HP"": 8500, ""Exp"": 4500, ""ACMin"": 35, ""ACMax"": 35, ""MAC"": 0, ""DCMin"": 140, ""DCMax"": 190, ""DropTable"": 10, ""tag"": ""unverified"", ""tag_note"": ""未做全量名映射，有无 Zircon 对应待查""}"			"{""legacy"": {""appr"": 81, ""race"": 19, ""race_img"": 2060, ""library_file"": ""Mon-8.wil"", ""frame"": 1040, ""note"": ""legacy Appr/frame convention from dat_integrate.py; not a Zircon MonsterImage shape""}, ""current"": null, ""status"": ""current-image-not-in-MonsterLookup""}"	legacy-atlas-unverified	True
424	冰宫骑士	"{""index"": 424, ""name"": ""冰宫骑士"", ""level"": ""80"", ""hp"": ""9000"", ""dc"": ""180-210"", ""exp"": ""5500"", ""tag"": ""unverified"", ""note"": ""unverified 未做全量名映射，有无 Zircon 对应待查""}"	"{""Index"": 424, ""Name"": ""冰宫骑士"", ""Appr"": 81, ""Race"": 19, ""RaceImg"": 2040, ""Level"": 80, ""HP"": 9000, ""Exp"": 5500, ""ACMin"": 60, ""ACMax"": 60, ""MAC"": 50, ""DCMin"": 180, ""DCMax"": 210, ""DropTable"": 10, ""tag"": ""unverified"", ""tag_note"": ""未做全量名映射，有无 Zircon 对应待查""}"			"{""legacy"": {""appr"": 81, ""race"": 19, ""race_img"": 2040, ""library_file"": ""Mon-8.wil"", ""frame"": 1040, ""note"": ""legacy Appr/frame convention from dat_integrate.py; not a Zircon MonsterImage shape""}, ""current"": null, ""status"": ""current-image-not-in-MonsterLookup""}"	legacy-atlas-unverified	True
425	冰原狼王	"{""index"": 425, ""name"": ""冰原狼王"", ""level"": ""90"", ""hp"": ""10000"", ""dc"": ""200-240"", ""exp"": ""6000"", ""tag"": ""unverified"", ""note"": ""unverified 未做全量名映射，有无 Zircon 对应待查""}"	"{""Index"": 425, ""Name"": ""冰原狼王"", ""Appr"": 81, ""Race"": 19, ""RaceImg"": 2070, ""Level"": 90, ""HP"": 10000, ""Exp"": 6000, ""ACMin"": 60, ""ACMax"": 60, ""MAC"": 60, ""DCMin"": 200, ""DCMax"": 240, ""DropTable"": 10, ""tag"": ""unverified"", ""tag_note"": ""未做全量名映射，有无 Zircon 对应待查""}"			"{""legacy"": {""appr"": 81, ""race"": 19, ""race_img"": 2070, ""library_file"": ""Mon-8.wil"", ""frame"": 1040, ""note"": ""legacy Appr/frame convention from dat_integrate.py; not a Zircon MonsterImage shape""}, ""current"": null, ""status"": ""current-image-not-in-MonsterLookup""}"	legacy-atlas-unverified	True
426	冰原雪狼	"{""index"": 426, ""name"": ""冰原雪狼"", ""level"": ""60"", ""hp"": ""6000"", ""dc"": ""80-100"", ""exp"": ""3500"", ""tag"": ""unverified"", ""note"": ""unverified 未做全量名映射，有无 Zircon 对应待查""}"	"{""Index"": 426, ""Name"": ""冰原雪狼"", ""Appr"": 81, ""Race"": 19, ""RaceImg"": 2080, ""Level"": 60, ""HP"": 6000, ""Exp"": 3500, ""ACMin"": 50, ""ACMax"": 50, ""MAC"": 50, ""DCMin"": 80, ""DCMax"": 100, ""DropTable"": 10, ""tag"": ""unverified"", ""tag_note"": ""未做全量名映射，有无 Zircon 对应待查""}"			"{""legacy"": {""appr"": 81, ""race"": 19, ""race_img"": 2080, ""library_file"": ""Mon-8.wil"", ""frame"": 1040, ""note"": ""legacy Appr/frame convention from dat_integrate.py; not a Zircon MonsterImage shape""}, ""current"": null, ""status"": ""current-image-not-in-MonsterLookup""}"	legacy-atlas-unverified	True
427	冰原战士	"{""index"": 427, ""name"": ""冰原战士"", ""level"": ""80"", ""hp"": ""9000"", ""dc"": ""200-220"", ""exp"": ""7000"", ""tag"": ""unverified"", ""note"": ""unverified 未做全量名映射，有无 Zircon 对应待查""}"	"{""Index"": 427, ""Name"": ""冰原战士"", ""Appr"": 81, ""Race"": 19, ""RaceImg"": 2090, ""Level"": 80, ""HP"": 9000, ""Exp"": 7000, ""ACMin"": 45, ""ACMax"": 45, ""MAC"": 80, ""DCMin"": 200, ""DCMax"": 220, ""DropTable"": 10, ""tag"": ""unverified"", ""tag_note"": ""未做全量名映射，有无 Zircon 对应待查""}"			"{""legacy"": {""appr"": 81, ""race"": 19, ""race_img"": 2090, ""library_file"": ""Mon-8.wil"", ""frame"": 1040, ""note"": ""legacy Appr/frame convention from dat_integrate.py; not a Zircon MonsterImage shape""}, ""current"": null, ""status"": ""current-image-not-in-MonsterLookup""}"	legacy-atlas-unverified	True
428	冰宫法师	"{""index"": 428, ""name"": ""冰宫法师"", ""level"": ""80"", ""hp"": ""8500"", ""dc"": ""40-80"", ""exp"": ""4500"", ""tag"": ""unverified"", ""note"": ""unverified 未做全量名映射，有无 Zircon 对应待查""}"	"{""Index"": 428, ""Name"": ""冰宫法师"", ""Appr"": 94, ""Race"": 19, ""RaceImg"": 2020, ""Level"": 80, ""HP"": 8500, ""Exp"": 4500, ""ACMin"": 35, ""ACMax"": 35, ""MAC"": 60, ""DCMin"": 40, ""DCMax"": 80, ""DropTable"": 10, ""tag"": ""unverified"", ""tag_note"": ""未做全量名映射，有无 Zircon 对应待查""}"			"{""legacy"": {""appr"": 94, ""race"": 19, ""race_img"": 2020, ""library_file"": ""Mon-9.wil"", ""frame"": 4040, ""note"": ""legacy Appr/frame convention from dat_integrate.py; not a Zircon MonsterImage shape""}, ""current"": null, ""status"": ""current-image-not-in-MonsterLookup""}"	legacy-atlas-unverified	True
429	冰宫守卫	"{""index"": 429, ""name"": ""冰宫守卫"", ""level"": ""80"", ""hp"": ""8600"", ""dc"": ""150-200"", ""exp"": ""4500"", ""tag"": ""unverified"", ""note"": ""unverified 未做全量名映射，有无 Zircon 对应待查""}"	"{""Index"": 429, ""Name"": ""冰宫守卫"", ""Appr"": 81, ""Race"": 19, ""RaceImg"": 170, ""Level"": 80, ""HP"": 8600, ""Exp"": 4500, ""ACMin"": 50, ""ACMax"": 50, ""MAC"": 100, ""DCMin"": 150, ""DCMax"": 200, ""DropTable"": 10, ""tag"": ""unverified"", ""tag_note"": ""未做全量名映射，有无 Zircon 对应待查""}"			"{""legacy"": {""appr"": 81, ""race"": 19, ""race_img"": 170, ""library_file"": ""Mon-8.wil"", ""frame"": 1040, ""note"": ""legacy Appr/frame convention from dat_integrate.py; not a Zircon MonsterImage shape""}, ""current"": null, ""status"": ""current-image-not-in-MonsterLookup""}"	legacy-atlas-unverified	True
430	冰原豪猪	"{""index"": 430, ""name"": ""冰原豪猪"", ""level"": ""60"", ""hp"": ""6000"", ""dc"": ""50-80"", ""exp"": ""3500"", ""tag"": ""unverified"", ""note"": ""unverified 未做全量名映射，有无 Zircon 对应待查""}"	"{""Index"": 430, ""Name"": ""冰原豪猪"", ""Appr"": 81, ""Race"": 19, ""RaceImg"": 171, ""Level"": 60, ""HP"": 6000, ""Exp"": 3500, ""ACMin"": 30, ""ACMax"": 30, ""MAC"": 45, ""DCMin"": 50, ""DCMax"": 80, ""DropTable"": 10, ""tag"": ""unverified"", ""tag_note"": ""未做全量名映射，有无 Zircon 对应待查""}"			"{""legacy"": {""appr"": 81, ""race"": 19, ""race_img"": 171, ""library_file"": ""Mon-8.wil"", ""frame"": 1040, ""note"": ""legacy Appr/frame convention from dat_integrate.py; not a Zircon MonsterImage shape""}, ""current"": null, ""status"": ""current-image-not-in-MonsterLookup""}"	legacy-atlas-unverified	True
431	寒冰守护神	"{""index"": 431, ""name"": ""寒冰守护神"", ""level"": ""100"", ""hp"": ""20000"", ""dc"": ""160-250"", ""exp"": ""40000"", ""tag"": ""unverified"", ""note"": ""unverified 未做全量名映射，有无 Zircon 对应待查""}"	"{""Index"": 431, ""Name"": ""寒冰守护神"", ""Appr"": 228, ""Race"": 19, ""RaceImg"": 172, ""Level"": 100, ""HP"": 20000, ""Exp"": 40000, ""ACMin"": 60, ""ACMax"": 60, ""MAC"": 120, ""DCMin"": 160, ""DCMax"": 250, ""DropTable"": 15, ""tag"": ""unverified"", ""tag_note"": ""未做全量名映射，有无 Zircon 对应待查""}"			"{""legacy"": {""appr"": 228, ""race"": 19, ""race_img"": 172, ""library_file"": ""Mon-22.wil"", ""frame"": 8040, ""note"": ""legacy Appr/frame convention from dat_integrate.py; not a Zircon MonsterImage shape""}, ""current"": null, ""status"": ""current-image-not-in-MonsterLookup""}"	legacy-atlas-unverified	True
432	圣诞树	"{""index"": 432, ""name"": ""圣诞树"", ""level"": ""0"", ""hp"": ""2000"", ""dc"": ""0-0"", ""exp"": ""3000"", ""tag"": ""unverified"", ""note"": ""unverified 未做全量名映射，有无 Zircon 对应待查""}"	"{""Index"": 432, ""Name"": ""圣诞树"", ""Appr"": 209, ""Race"": 19, ""RaceImg"": 153, ""Level"": 0, ""HP"": 2000, ""Exp"": 3000, ""ACMin"": 0, ""ACMax"": 0, ""MAC"": 0, ""DCMin"": 0, ""DCMax"": 0, ""DropTable"": 0, ""tag"": ""unverified"", ""tag_note"": ""未做全量名映射，有无 Zircon 对应待查""}"			"{""legacy"": {""appr"": 209, ""race"": 19, ""race_img"": 153, ""library_file"": ""Mon-20.wil"", ""frame"": 9040, ""note"": ""legacy Appr/frame convention from dat_integrate.py; not a Zircon MonsterImage shape""}, ""current"": null, ""status"": ""current-image-not-in-MonsterLookup""}"	legacy-atlas-unverified	True
433	圣诞鹿	"{""index"": 433, ""name"": ""圣诞鹿"", ""level"": ""0"", ""hp"": ""3000"", ""dc"": ""80-0"", ""exp"": ""40000"", ""tag"": ""unverified"", ""note"": ""unverified 未做全量名映射，有无 Zircon 对应待查""}"	"{""Index"": 433, ""Name"": ""圣诞鹿"", ""Appr"": 52, ""Race"": 11, ""RaceImg"": 151, ""Level"": 0, ""HP"": 3000, ""Exp"": 40000, ""ACMin"": 0, ""ACMax"": 0, ""MAC"": 50, ""DCMin"": 80, ""DCMax"": 0, ""DropTable"": 0, ""tag"": ""unverified"", ""tag_note"": ""未做全量名映射，有无 Zircon 对应待查""}"			"{""legacy"": {""appr"": 52, ""race"": 11, ""race_img"": 151, ""library_file"": ""Mon-5.wil"", ""frame"": 2040, ""note"": ""legacy Appr/frame convention from dat_integrate.py; not a Zircon MonsterImage shape""}, ""current"": null, ""status"": ""current-image-not-in-MonsterLookup""}"	legacy-atlas-unverified	True
