current_npc_index	current_npc_name	old_map	old_xy	original_identity	original_map	original_xy	map_relation	hero_kill_map	hero_kill_xy	match_method	confidence	walkable	overlap_with	apply_status	auto_placement_rule	auto_placement_basis	auto_placement_candidates	identity_source	merchant_snapshot_match	merchant_source_record	target_reason	topology_anchors	warnings	non_position_fields_untouched	historical_audit
13	Mr. Kang	0	"{""x"": 402, ""y"": 356}"	02Weapon_Bichon1	0	"{""x"": 132, ""y"": 236}"	variant	0	"{""x"": 374, ""y"": 304}"	semantic-audit	low	"{""old"": ""pass"", ""target"": ""pass""}"	[]	pending-review	same-store-cluster	"[""NPC/Entry/Region contains shop type"", ""shop street or same-function region""]"	"[{""x"": 374, ""y"": 304, ""score"": 0.35, ""anchor"": {""x"": 375, ""y"": 304}, ""separation"": 1}, {""x"": 375, ""y"": 305, ""score"": 0.35, ""anchor"": {""x"": 375, ""y"": 304}, ""separation"": 1}, {""x"": 396, ""y"": 363, ""score"": 0.35, ""anchor"": {""x"": 397, ""y"": 363}, ""separation"": 1}]"	NpcMover/audit-report.md	False		walkable topology candidate; manual review required	"[{""x"": 414, ""y"": 349}, {""x"": 450, ""y"": 413}, {""x"": 402, ""y"": 356}, {""x"": 470, ""y"": 424}, {""x"": 480, ""y"": 407}, {""x"": 397, ""y"": 363}, {""x"": 446, ""y"": 405}, {""x"": 441, ""y"": 374}, {""x"": 375, ""y"": 304}, {""x"": 478, ""y"": 407}, {""x"": 467, ""y"": 366}]"	"[""map relation does not permit blind original-coordinate reuse""]"	True	"{""idx"": ""13"", ""name"": ""Mr. Kang"", ""method"": ""C-语义"", ""old"": ""0(132,236)"", ""new"": ""0(402,356)"", ""note"": ""武器店啊康 (02Weapon_Bichon1)"", ""source"": ""Mud3:02Weapon_Bichon1"", ""remark"": ""武器店啊康""}"
14	Isaac	0	"{""x"": 470, ""y"": 424}"	05Book_Bichon	0	"{""x"": 168, ""y"": 243}"	variant	0	"{""x"": 375, ""y"": 305}"	semantic-audit	low	"{""old"": ""pass"", ""target"": ""pass""}"	[]	pending-review	same-store-cluster	"[""NPC/Entry/Region contains shop type"", ""shop street or same-function region""]"	"[{""x"": 375, ""y"": 305, ""score"": 0.35, ""anchor"": {""x"": 375, ""y"": 304}, ""separation"": 1}, {""x"": 396, ""y"": 363, ""score"": 0.35, ""anchor"": {""x"": 397, ""y"": 363}, ""separation"": 1}, {""x"": 397, ""y"": 364, ""score"": 0.35, ""anchor"": {""x"": 397, ""y"": 363}, ""separation"": 1}]"	NpcMover/audit-report.md	False		walkable topology candidate; manual review required	"[{""x"": 414, ""y"": 349}, {""x"": 450, ""y"": 413}, {""x"": 402, ""y"": 356}, {""x"": 470, ""y"": 424}, {""x"": 480, ""y"": 407}, {""x"": 397, ""y"": 363}, {""x"": 446, ""y"": 405}, {""x"": 441, ""y"": 374}, {""x"": 375, ""y"": 304}, {""x"": 478, ""y"": 407}, {""x"": 467, ""y"": 366}]"	"[""map relation does not permit blind original-coordinate reuse""]"	True	"{""idx"": ""14"", ""name"": ""Isaac"", ""method"": ""C-语义"", ""old"": ""0(168,243)"", ""new"": ""0(470,424)"", ""note"": ""书店店员 (05Book_Bichon)"", ""source"": ""Mud3:05Book_Bichon"", ""remark"": ""书店店员""}"
15	David	0	"{""x"": 397, ""y"": 363}"	04Potion_Bichon1	0	"{""x"": 189, ""y"": 255}"	variant	0	"{""x"": 396, ""y"": 363}"	semantic-audit	low	"{""old"": ""pass"", ""target"": ""pass""}"	[]	pending-review	same-store-cluster	"[""NPC/Entry/Region contains shop type"", ""shop street or same-function region""]"	"[{""x"": 396, ""y"": 363, ""score"": 0.35, ""anchor"": {""x"": 397, ""y"": 363}, ""separation"": 1}, {""x"": 397, ""y"": 364, ""score"": 0.35, ""anchor"": {""x"": 397, ""y"": 363}, ""separation"": 1}, {""x"": 398, ""y"": 363, ""score"": 0.35, ""anchor"": {""x"": 397, ""y"": 363}, ""separation"": 1}]"	NpcMover/audit-report.md	False		walkable topology candidate; manual review required	"[{""x"": 414, ""y"": 349}, {""x"": 450, ""y"": 413}, {""x"": 402, ""y"": 356}, {""x"": 470, ""y"": 424}, {""x"": 480, ""y"": 407}, {""x"": 397, ""y"": 363}, {""x"": 446, ""y"": 405}, {""x"": 441, ""y"": 374}, {""x"": 375, ""y"": 304}, {""x"": 478, ""y"": 407}, {""x"": 467, ""y"": 366}]"	"[""map relation does not permit blind original-coordinate reuse""]"	True	"{""idx"": ""15"", ""name"": ""David"", ""method"": ""C-语义"", ""old"": ""0(189,255)"", ""new"": ""0(397,363)"", ""note"": ""药店老板 (04Potion_Bichon1)"", ""source"": ""Mud3:04Potion_Bichon1"", ""remark"": ""药店老板""}"
16	Lennard	0	"{""x"": 450, ""y"": 413}"	07Grocery_Bichon	0	"{""x"": 146, ""y"": 228}"	variant	0	"{""x"": 397, ""y"": 364}"	semantic-audit	low	"{""old"": ""pass"", ""target"": ""pass""}"	[]	pending-review	same-store-cluster	"[""NPC/Entry/Region contains shop type"", ""shop street or same-function region""]"	"[{""x"": 397, ""y"": 364, ""score"": 0.35, ""anchor"": {""x"": 397, ""y"": 363}, ""separation"": 1}, {""x"": 398, ""y"": 363, ""score"": 0.35, ""anchor"": {""x"": 397, ""y"": 363}, ""separation"": 1}, {""x"": 413, ""y"": 349, ""score"": 0.35, ""anchor"": {""x"": 414, ""y"": 349}, ""separation"": 1}]"	NpcMover/audit-report.md	False		walkable topology candidate; manual review required	"[{""x"": 414, ""y"": 349}, {""x"": 450, ""y"": 413}, {""x"": 402, ""y"": 356}, {""x"": 470, ""y"": 424}, {""x"": 480, ""y"": 407}, {""x"": 397, ""y"": 363}, {""x"": 446, ""y"": 405}, {""x"": 441, ""y"": 374}, {""x"": 375, ""y"": 304}, {""x"": 478, ""y"": 407}, {""x"": 467, ""y"": 366}]"	"[""map relation does not permit blind original-coordinate reuse""]"	True	"{""idx"": ""16"", ""name"": ""Lennard"", ""method"": ""C-语义"", ""old"": ""0(146,228)"", ""new"": ""0(450,413)"", ""note"": ""杂货商 (07Grocery_Bichon)"", ""source"": ""Mud3:07Grocery_Bichon"", ""remark"": ""杂货商""}"
17	Amy	0	"{""x"": 414, ""y"": 349}"	08Accessory_Bichon	0	"{""x"": 142, ""y"": 223}"	variant	0	"{""x"": 398, ""y"": 363}"	semantic-audit	low	"{""old"": ""pass"", ""target"": ""pass""}"	[]	pending-review	same-store-cluster	"[""NPC/Entry/Region contains shop type"", ""shop street or same-function region""]"	"[{""x"": 398, ""y"": 363, ""score"": 0.35, ""anchor"": {""x"": 397, ""y"": 363}, ""separation"": 1}, {""x"": 413, ""y"": 349, ""score"": 0.35, ""anchor"": {""x"": 414, ""y"": 349}, ""separation"": 1}, {""x"": 414, ""y"": 348, ""score"": 0.35, ""anchor"": {""x"": 414, ""y"": 349}, ""separation"": 1}]"	NpcMover/audit-report.md	False		walkable topology candidate; manual review required	"[{""x"": 414, ""y"": 349}, {""x"": 450, ""y"": 413}, {""x"": 402, ""y"": 356}, {""x"": 470, ""y"": 424}, {""x"": 480, ""y"": 407}, {""x"": 397, ""y"": 363}, {""x"": 446, ""y"": 405}, {""x"": 441, ""y"": 374}, {""x"": 375, ""y"": 304}, {""x"": 478, ""y"": 407}, {""x"": 467, ""y"": 366}]"	"[""map relation does not permit blind original-coordinate reuse""]"	True	"{""idx"": ""17"", ""name"": ""Amy"", ""method"": ""C-语义"", ""old"": ""0(142,223)"", ""new"": ""0(414,349)"", ""note"": ""恩实首饰 (08Accessory_Bichon)"", ""source"": ""Mud3:08Accessory_Bichon"", ""remark"": ""恩实首饰""}"
18	Loy	0	"{""x"": 441, ""y"": 374}"	10ChestnutMarket_Bichon	0	"{""x"": 158, ""y"": 220}"	variant	0	"{""x"": 413, ""y"": 349}"	semantic-audit	low	"{""old"": ""pass"", ""target"": ""pass""}"	[]	pending-review	same-store-cluster	"[""NPC/Entry/Region contains shop type"", ""shop street or same-function region""]"	"[{""x"": 413, ""y"": 349, ""score"": 0.35, ""anchor"": {""x"": 414, ""y"": 349}, ""separation"": 1}, {""x"": 414, ""y"": 348, ""score"": 0.35, ""anchor"": {""x"": 414, ""y"": 349}, ""separation"": 1}, {""x"": 414, ""y"": 350, ""score"": 0.35, ""anchor"": {""x"": 414, ""y"": 349}, ""separation"": 1}]"	NpcMover/audit-report.md	False		walkable topology candidate; manual review required	"[{""x"": 414, ""y"": 349}, {""x"": 450, ""y"": 413}, {""x"": 402, ""y"": 356}, {""x"": 470, ""y"": 424}, {""x"": 480, ""y"": 407}, {""x"": 397, ""y"": 363}, {""x"": 446, ""y"": 405}, {""x"": 441, ""y"": 374}, {""x"": 375, ""y"": 304}, {""x"": 478, ""y"": 407}, {""x"": 467, ""y"": 366}]"	"[""map relation does not permit blind original-coordinate reuse""]"	True	"{""idx"": ""18"", ""name"": ""Loy"", ""method"": ""C-语义"", ""old"": ""0(158,220)"", ""new"": ""0(441,374)"", ""note"": ""栗子收购 (10ChestnutMarket_Bichon)"", ""source"": ""Mud3:10ChestnutMarket_Bichon"", ""remark"": ""栗子收购""}"
19	Linda	0	"{""x"": 480, ""y"": 407}"	03Armor_Bichon	0	"{""x"": 178, ""y"": 250}"	variant	0	"{""x"": 414, ""y"": 348}"	semantic-audit	low	"{""old"": ""pass"", ""target"": ""pass""}"	[]	pending-review	same-store-cluster	"[""NPC/Entry/Region contains shop type"", ""shop street or same-function region""]"	"[{""x"": 414, ""y"": 348, ""score"": 0.35, ""anchor"": {""x"": 414, ""y"": 349}, ""separation"": 1}, {""x"": 414, ""y"": 350, ""score"": 0.35, ""anchor"": {""x"": 414, ""y"": 349}, ""separation"": 1}, {""x"": 415, ""y"": 349, ""score"": 0.35, ""anchor"": {""x"": 414, ""y"": 349}, ""separation"": 1}]"	NpcMover/audit-report.md	False		walkable topology candidate; manual review required	"[{""x"": 414, ""y"": 349}, {""x"": 450, ""y"": 413}, {""x"": 402, ""y"": 356}, {""x"": 470, ""y"": 424}, {""x"": 480, ""y"": 407}, {""x"": 397, ""y"": 363}, {""x"": 446, ""y"": 405}, {""x"": 441, ""y"": 374}, {""x"": 375, ""y"": 304}, {""x"": 478, ""y"": 407}, {""x"": 467, ""y"": 366}]"	"[""map relation does not permit blind original-coordinate reuse""]"	True	"{""idx"": ""19"", ""name"": ""Linda"", ""method"": ""C-语义"", ""old"": ""0(178,250)"", ""new"": ""0(480,407)"", ""note"": ""怡美防具 (03Armor_Bichon)"", ""source"": ""Mud3:03Armor_Bichon"", ""remark"": ""怡美防具""}"
20	Murphy	0	"{""x"": 446, ""y"": 405}"	01Meet_Bichon1	0	"{""x"": 164, ""y"": 263}"	variant	0	"{""x"": 414, ""y"": 350}"	semantic-audit	low	"{""old"": ""pass"", ""target"": ""pass""}"	[]	pending-review	same-store-cluster	"[""NPC/Entry/Region contains shop type"", ""shop street or same-function region""]"	"[{""x"": 414, ""y"": 350, ""score"": 0.35, ""anchor"": {""x"": 414, ""y"": 349}, ""separation"": 1}, {""x"": 415, ""y"": 349, ""score"": 0.35, ""anchor"": {""x"": 414, ""y"": 349}, ""separation"": 1}, {""x"": 440, ""y"": 374, ""score"": 0.35, ""anchor"": {""x"": 441, ""y"": 374}, ""separation"": 1}]"	NpcMover/audit-report.md	False		walkable topology candidate; manual review required	"[{""x"": 414, ""y"": 349}, {""x"": 450, ""y"": 413}, {""x"": 402, ""y"": 356}, {""x"": 470, ""y"": 424}, {""x"": 480, ""y"": 407}, {""x"": 397, ""y"": 363}, {""x"": 446, ""y"": 405}, {""x"": 441, ""y"": 374}, {""x"": 375, ""y"": 304}, {""x"": 478, ""y"": 407}, {""x"": 467, ""y"": 366}]"	"[""map relation does not permit blind original-coordinate reuse""]"	True	"{""idx"": ""20"", ""name"": ""Murphy"", ""method"": ""C-语义"", ""old"": ""0(164,263)"", ""new"": ""0(446,405)"", ""note"": ""金氏肉店 (01Meet_Bichon1)"", ""source"": ""Mud3:01Meet_Bichon1"", ""remark"": ""金氏肉店""}"
21	Hardy	1	"{""x"": 382, ""y"": 198}"	02Weapon_Wooma	1	"{""x"": 153, ""y"": 195}"	variant	1	"{""x"": 362, ""y"": 176}"	semantic-audit	low	"{""old"": ""pass"", ""target"": ""pass""}"	[]	pending-review	same-store-cluster	"[""NPC/Entry/Region contains shop type"", ""shop street or same-function region""]"	"[{""x"": 362, ""y"": 176, ""score"": 0.35, ""anchor"": {""x"": 363, ""y"": 176}, ""separation"": 1}, {""x"": 363, ""y"": 175, ""score"": 0.35, ""anchor"": {""x"": 363, ""y"": 176}, ""separation"": 1}, {""x"": 363, ""y"": 177, ""score"": 0.35, ""anchor"": {""x"": 363, ""y"": 176}, ""separation"": 1}]"	NpcMover/audit-report.md	False		walkable topology candidate; manual review required	"[{""x"": 363, ""y"": 176}, {""x"": 382, ""y"": 141}, {""x"": 366, ""y"": 182}, {""x"": 394, ""y"": 116}, {""x"": 387, ""y"": 118}, {""x"": 393, ""y"": 113}, {""x"": 386, ""y"": 119}, {""x"": 382, ""y"": 198}, {""x"": 396, ""y"": 116}]"	"[""map relation does not permit blind original-coordinate reuse""]"	True	"{""idx"": ""21"", ""name"": ""Hardy"", ""method"": ""C-语义"", ""old"": ""1(153,195)"", ""new"": ""1(382,198)"", ""note"": ""王铁匠 (02Weapon_Wooma)"", ""source"": ""Mud3:02Weapon_Wooma"", ""remark"": ""王铁匠""}"
22	Gresham	1	"{""x"": 386, ""y"": 119}"	10Material_DoGwan	1	"{""x"": 175, ""y"": 169}"	variant	1	"{""x"": 363, ""y"": 175}"	semantic-audit	low	"{""old"": ""pass"", ""target"": ""pass""}"	[]	pending-review	same-store-cluster	"[""NPC/Entry/Region contains shop type"", ""shop street or same-function region""]"	"[{""x"": 363, ""y"": 175, ""score"": 0.35, ""anchor"": {""x"": 363, ""y"": 176}, ""separation"": 1}, {""x"": 363, ""y"": 177, ""score"": 0.35, ""anchor"": {""x"": 363, ""y"": 176}, ""separation"": 1}, {""x"": 364, ""y"": 176, ""score"": 0.35, ""anchor"": {""x"": 363, ""y"": 176}, ""separation"": 1}]"	NpcMover/audit-report.md	False		walkable topology candidate; manual review required	"[{""x"": 363, ""y"": 176}, {""x"": 382, ""y"": 141}, {""x"": 366, ""y"": 182}, {""x"": 394, ""y"": 116}, {""x"": 387, ""y"": 118}, {""x"": 393, ""y"": 113}, {""x"": 386, ""y"": 119}, {""x"": 382, ""y"": 198}, {""x"": 396, ""y"": 116}]"	"[""map relation does not permit blind original-coordinate reuse""]"	True	"{""idx"": ""22"", ""name"": ""Gresham"", ""method"": ""C-语义"", ""old"": ""1(175,169)"", ""new"": ""1(386,119)"", ""note"": ""天星材料 (10Material_DoGwan)"", ""source"": ""Mud3:10Material_DoGwan"", ""remark"": ""天星材料""}"
23	Haylee	1	"{""x"": 363, ""y"": 176}"	04Potion_Wooma	1	"{""x"": 181, ""y"": 215}"	variant	1	"{""x"": 363, ""y"": 177}"	semantic-audit	low	"{""old"": ""pass"", ""target"": ""pass""}"	[]	pending-review	same-store-cluster	"[""NPC/Entry/Region contains shop type"", ""shop street or same-function region""]"	"[{""x"": 363, ""y"": 177, ""score"": 0.35, ""anchor"": {""x"": 363, ""y"": 176}, ""separation"": 1}, {""x"": 364, ""y"": 176, ""score"": 0.35, ""anchor"": {""x"": 363, ""y"": 176}, ""separation"": 1}, {""x"": 365, ""y"": 182, ""score"": 0.35, ""anchor"": {""x"": 366, ""y"": 182}, ""separation"": 1}]"	NpcMover/audit-report.md	False		walkable topology candidate; manual review required	"[{""x"": 363, ""y"": 176}, {""x"": 382, ""y"": 141}, {""x"": 366, ""y"": 182}, {""x"": 394, ""y"": 116}, {""x"": 387, ""y"": 118}, {""x"": 393, ""y"": 113}, {""x"": 386, ""y"": 119}, {""x"": 382, ""y"": 198}, {""x"": 396, ""y"": 116}]"	"[""map relation does not permit blind original-coordinate reuse""]"	True	"{""idx"": ""23"", ""name"": ""Haylee"", ""method"": ""C-语义"", ""old"": ""1(181,215)"", ""new"": ""1(363,176)"", ""note"": ""华玉药店 (04Potion_Wooma)"", ""source"": ""Mud3:04Potion_Wooma"", ""remark"": ""华玉药店""}"
24	Cory	1	"{""x"": 394, ""y"": 116}"		1	"{""x"": 396, ""y"": 116}"	variant	1	"{""x"": 364, ""y"": 176}"	pending	low	"{""old"": ""pass"", ""target"": ""pass""}"	[]	pending-review	same-store-cluster	"[""NPC/Entry/Region contains shop type"", ""shop street or same-function region""]"	"[{""x"": 364, ""y"": 176, ""score"": 0.35, ""anchor"": {""x"": 363, ""y"": 176}, ""separation"": 1}, {""x"": 365, ""y"": 182, ""score"": 0.35, ""anchor"": {""x"": 366, ""y"": 182}, ""separation"": 1}, {""x"": 366, ""y"": 183, ""score"": 0.35, ""anchor"": {""x"": 366, ""y"": 182}, ""separation"": 1}]"	NpcMover/audit-report.md	False		walkable topology candidate; manual review required	"[{""x"": 363, ""y"": 176}, {""x"": 382, ""y"": 141}, {""x"": 366, ""y"": 182}, {""x"": 394, ""y"": 116}, {""x"": 387, ""y"": 118}, {""x"": 393, ""y"": 113}, {""x"": 386, ""y"": 119}, {""x"": 382, ""y"": 198}, {""x"": 396, ""y"": 116}]"	"[""map relation does not permit blind original-coordinate reuse""]"	True	"{""idx"": ""24"", ""name"": ""Cory"", ""method"": ""E-避让"", ""old"": ""1(396,116)"", ""new"": ""1(394,116)"", ""note"": ""原与 [294] 仓库系统 同格"", ""source"": ""同格避让"", ""remark"": ""与NPC294重叠,移至邻格""}"
25	Flora	1	"{""x"": 387, ""y"": 118}"	04Potion_DoGwan2	1	"{""x"": 189, ""y"": 176}"	variant	1	"{""x"": 365, ""y"": 182}"	semantic-audit	low	"{""old"": ""pass"", ""target"": ""pass""}"	[]	pending-review	same-store-cluster	"[""NPC/Entry/Region contains shop type"", ""shop street or same-function region""]"	"[{""x"": 365, ""y"": 182, ""score"": 0.35, ""anchor"": {""x"": 366, ""y"": 182}, ""separation"": 1}, {""x"": 366, ""y"": 183, ""score"": 0.35, ""anchor"": {""x"": 366, ""y"": 182}, ""separation"": 1}, {""x"": 367, ""y"": 182, ""score"": 0.35, ""anchor"": {""x"": 366, ""y"": 182}, ""separation"": 1}]"	NpcMover/audit-report.md	False		walkable topology candidate; manual review required	"[{""x"": 363, ""y"": 176}, {""x"": 382, ""y"": 141}, {""x"": 366, ""y"": 182}, {""x"": 394, ""y"": 116}, {""x"": 387, ""y"": 118}, {""x"": 393, ""y"": 113}, {""x"": 386, ""y"": 119}, {""x"": 382, ""y"": 198}, {""x"": 396, ""y"": 116}]"	"[""map relation does not permit blind original-coordinate reuse""]"	True	"{""idx"": ""25"", ""name"": ""Flora"", ""method"": ""C-语义"", ""old"": ""1(189,176)"", ""new"": ""1(387,118)"", ""note"": ""药神 (04Potion_DoGwan2)"", ""source"": ""Mud3:04Potion_DoGwan2"", ""remark"": ""药神""}"
26	Max	1	"{""x"": 382, ""y"": 141}"	10ChestnutMarket_DoGwan	1	"{""x"": 187, ""y"": 215}"	variant	1	"{""x"": 366, ""y"": 183}"	semantic-audit	low	"{""old"": ""pass"", ""target"": ""pass""}"	[]	pending-review	same-store-cluster	"[""NPC/Entry/Region contains shop type"", ""shop street or same-function region""]"	"[{""x"": 366, ""y"": 183, ""score"": 0.35, ""anchor"": {""x"": 366, ""y"": 182}, ""separation"": 1}, {""x"": 367, ""y"": 182, ""score"": 0.35, ""anchor"": {""x"": 366, ""y"": 182}, ""separation"": 1}, {""x"": 381, ""y"": 141, ""score"": 0.35, ""anchor"": {""x"": 382, ""y"": 141}, ""separation"": 1}]"	NpcMover/audit-report.md	False		walkable topology candidate; manual review required	"[{""x"": 363, ""y"": 176}, {""x"": 382, ""y"": 141}, {""x"": 366, ""y"": 182}, {""x"": 394, ""y"": 116}, {""x"": 387, ""y"": 118}, {""x"": 393, ""y"": 113}, {""x"": 386, ""y"": 119}, {""x"": 382, ""y"": 198}, {""x"": 396, ""y"": 116}]"	"[""map relation does not permit blind original-coordinate reuse""]"	True	"{""idx"": ""26"", ""name"": ""Max"", ""method"": ""C-语义"", ""old"": ""1(187,215)"", ""new"": ""1(382,141)"", ""note"": ""栗子收购 (10ChestnutMarket_DoGwan)"", ""source"": ""Mud3:10ChestnutMarket_DoGwan"", ""remark"": ""栗子收购""}"
27	Melisa	1	"{""x"": 393, ""y"": 113}"	04Potion_DoGwan1	1	"{""x"": 171, ""y"": 167}"	variant	1	"{""x"": 367, ""y"": 182}"	semantic-audit	low	"{""old"": ""pass"", ""target"": ""pass""}"	[]	pending-review	same-store-cluster	"[""NPC/Entry/Region contains shop type"", ""shop street or same-function region""]"	"[{""x"": 367, ""y"": 182, ""score"": 0.35, ""anchor"": {""x"": 366, ""y"": 182}, ""separation"": 1}, {""x"": 381, ""y"": 141, ""score"": 0.35, ""anchor"": {""x"": 382, ""y"": 141}, ""separation"": 1}, {""x"": 381, ""y"": 198, ""score"": 0.35, ""anchor"": {""x"": 382, ""y"": 198}, ""separation"": 1}]"	NpcMover/audit-report.md	False		walkable topology candidate; manual review required	"[{""x"": 363, ""y"": 176}, {""x"": 382, ""y"": 141}, {""x"": 366, ""y"": 182}, {""x"": 394, ""y"": 116}, {""x"": 387, ""y"": 118}, {""x"": 393, ""y"": 113}, {""x"": 386, ""y"": 119}, {""x"": 382, ""y"": 198}, {""x"": 396, ""y"": 116}]"	"[""map relation does not permit blind original-coordinate reuse""]"	True	"{""idx"": ""27"", ""name"": ""Melisa"", ""method"": ""C-语义"", ""old"": ""1(171,167)"", ""new"": ""1(393,113)"", ""note"": ""药中 (04Potion_DoGwan1)"", ""source"": ""Mud3:04Potion_DoGwan1"", ""remark"": ""药中""}"
28	Rainier	1	"{""x"": 366, ""y"": 182}"	01Meet_DoGwan	1	"{""x"": 184, ""y"": 219}"	variant	1	"{""x"": 381, ""y"": 141}"	semantic-audit	low	"{""old"": ""pass"", ""target"": ""pass""}"	[]	pending-review	same-store-cluster	"[""NPC/Entry/Region contains shop type"", ""shop street or same-function region""]"	"[{""x"": 381, ""y"": 141, ""score"": 0.35, ""anchor"": {""x"": 382, ""y"": 141}, ""separation"": 1}, {""x"": 381, ""y"": 198, ""score"": 0.35, ""anchor"": {""x"": 382, ""y"": 198}, ""separation"": 1}, {""x"": 382, ""y"": 140, ""score"": 0.35, ""anchor"": {""x"": 382, ""y"": 141}, ""separation"": 1}]"	NpcMover/audit-report.md	False		walkable topology candidate; manual review required	"[{""x"": 363, ""y"": 176}, {""x"": 382, ""y"": 141}, {""x"": 366, ""y"": 182}, {""x"": 394, ""y"": 116}, {""x"": 387, ""y"": 118}, {""x"": 393, ""y"": 113}, {""x"": 386, ""y"": 119}, {""x"": 382, ""y"": 198}, {""x"": 396, ""y"": 116}]"	"[""map relation does not permit blind original-coordinate reuse""]"	True	"{""idx"": ""28"", ""name"": ""Rainier"", ""method"": ""C-语义"", ""old"": ""1(184,219)"", ""new"": ""1(366,182)"", ""note"": ""钱老板肉店 (01Meet_DoGwan)"", ""source"": ""Mud3:01Meet_DoGwan"", ""remark"": ""钱老板肉店""}"
30	Mr. Kim	2	"{""x"": 351, ""y"": 219}"	02Weapon_SnakeVally	2	"{""x"": 161, ""y"": 144}"	exact	2	"{""x"": 351, ""y"": 219}"	semantic-audit	low	"{""old"": ""pass"", ""target"": ""pass""}"	[]	dry-run	same-store-cluster	"[""NPC/Entry/Region contains shop type"", ""shop street or same-function region""]"	"[{""x"": 351, ""y"": 219, ""score"": 0, ""anchor"": {""x"": 351, ""y"": 219}, ""separation"": 0}]"	NpcMover/audit-report.md	False		audit target coordinate reused only for exact/renamed map relation	"[{""x"": 351, ""y"": 219}, {""x"": 342, ""y"": 235}, {""x"": 337, ""y"": 223}, {""x"": 346, ""y"": 234}, {""x"": 334, ""y"": 224}, {""x"": 343, ""y"": 219}, {""x"": 331, ""y"": 225}, {""x"": 361, ""y"": 226}]"	[]	True	"{""idx"": ""30"", ""name"": ""Mr. Kim"", ""method"": ""C-语义"", ""old"": ""2(161,144)"", ""new"": ""2(351,219)"", ""note"": ""铁匠啊力 (02Weapon_SnakeVally)"", ""source"": ""Mud3:02Weapon_SnakeVally"", ""remark"": ""铁匠啊力""}"
31	Henry	2	"{""x"": 331, ""y"": 225}"	10Material_SnakeVally	2	"{""x"": 155, ""y"": 168}"	exact	2	"{""x"": 331, ""y"": 225}"	semantic-audit	low	"{""old"": ""pass"", ""target"": ""pass""}"	[]	dry-run	same-store-cluster	"[""NPC/Entry/Region contains shop type"", ""shop street or same-function region""]"	"[{""x"": 331, ""y"": 225, ""score"": 0, ""anchor"": {""x"": 331, ""y"": 225}, ""separation"": 0}]"	NpcMover/audit-report.md	False		audit target coordinate reused only for exact/renamed map relation	"[{""x"": 351, ""y"": 219}, {""x"": 342, ""y"": 235}, {""x"": 337, ""y"": 223}, {""x"": 346, ""y"": 234}, {""x"": 334, ""y"": 224}, {""x"": 343, ""y"": 219}, {""x"": 331, ""y"": 225}, {""x"": 361, ""y"": 226}]"	[]	True	"{""idx"": ""31"", ""name"": ""Henry"", ""method"": ""C-语义"", ""old"": ""2(155,168)"", ""new"": ""2(331,225)"", ""note"": ""啊福材料 (10Material_SnakeVally)"", ""source"": ""Mud3:10Material_SnakeVally"", ""remark"": ""啊福材料""}"
32	Kacy	2	"{""x"": 334, ""y"": 224}"	04Potion_SnakeVally	2	"{""x"": 138, ""y"": 172}"	exact	2	"{""x"": 334, ""y"": 224}"	semantic-audit	low	"{""old"": ""pass"", ""target"": ""pass""}"	[]	dry-run	same-store-cluster	"[""NPC/Entry/Region contains shop type"", ""shop street or same-function region""]"	"[{""x"": 334, ""y"": 224, ""score"": 0, ""anchor"": {""x"": 334, ""y"": 224}, ""separation"": 0}]"	NpcMover/audit-report.md	False		audit target coordinate reused only for exact/renamed map relation	"[{""x"": 351, ""y"": 219}, {""x"": 342, ""y"": 235}, {""x"": 337, ""y"": 223}, {""x"": 346, ""y"": 234}, {""x"": 334, ""y"": 224}, {""x"": 343, ""y"": 219}, {""x"": 331, ""y"": 225}, {""x"": 361, ""y"": 226}]"	[]	True	"{""idx"": ""32"", ""name"": ""Kacy"", ""method"": ""C-语义"", ""old"": ""2(138,172)"", ""new"": ""2(334,224)"", ""note"": ""金中医 (04Potion_SnakeVally)"", ""source"": ""Mud3:04Potion_SnakeVally"", ""remark"": ""金中医""}"
33	Seven	2	"{""x"": 361, ""y"": 226}"	07Grocery_SnakeVally	2	"{""x"": 143, ""y"": 172}"	exact	2	"{""x"": 361, ""y"": 226}"	semantic-audit	low	"{""old"": ""pass"", ""target"": ""pass""}"	[]	dry-run	same-store-cluster	"[""NPC/Entry/Region contains shop type"", ""shop street or same-function region""]"	"[{""x"": 361, ""y"": 226, ""score"": 0, ""anchor"": {""x"": 361, ""y"": 226}, ""separation"": 0}]"	NpcMover/audit-report.md	False		audit target coordinate reused only for exact/renamed map relation	"[{""x"": 351, ""y"": 219}, {""x"": 342, ""y"": 235}, {""x"": 337, ""y"": 223}, {""x"": 346, ""y"": 234}, {""x"": 334, ""y"": 224}, {""x"": 343, ""y"": 219}, {""x"": 331, ""y"": 225}, {""x"": 361, ""y"": 226}]"	[]	True	"{""idx"": ""33"", ""name"": ""Seven"", ""method"": ""C-语义"", ""old"": ""2(143,172)"", ""new"": ""2(361,226)"", ""note"": ""流浪卢杂货 (07Grocery_SnakeVally)"", ""source"": ""Mud3:07Grocery_SnakeVally"", ""remark"": ""流浪卢杂货""}"
34	Dakota	2	"{""x"": 346, ""y"": 234}"	06Inn_SnakeVally	2	"{""x"": 160, ""y"": 171}"	exact	2	"{""x"": 346, ""y"": 234}"	semantic-audit	low	"{""old"": ""pass"", ""target"": ""pass""}"	[]	dry-run	same-store-cluster	"[""NPC/Entry/Region contains shop type"", ""shop street or same-function region""]"	"[{""x"": 346, ""y"": 234, ""score"": 0, ""anchor"": {""x"": 346, ""y"": 234}, ""separation"": 0}]"	NpcMover/audit-report.md	False		audit target coordinate reused only for exact/renamed map relation	"[{""x"": 351, ""y"": 219}, {""x"": 342, ""y"": 235}, {""x"": 337, ""y"": 223}, {""x"": 346, ""y"": 234}, {""x"": 334, ""y"": 224}, {""x"": 343, ""y"": 219}, {""x"": 331, ""y"": 225}, {""x"": 361, ""y"": 226}]"	[]	True	"{""idx"": ""34"", ""name"": ""Dakota"", ""method"": ""C-语义"", ""old"": ""2(160,171)"", ""new"": ""2(346,234)"", ""note"": ""客栈保管员 (06Inn_SnakeVally)"", ""source"": ""Mud3:06Inn_SnakeVally"", ""remark"": ""客栈保管员""}"
35	Murray	2	"{""x"": 337, ""y"": 223}"	14Quest_SnakeVally1	2	"{""x"": 170, ""y"": 154}"	exact	2	"{""x"": 337, ""y"": 223}"	semantic-audit	low	"{""old"": ""pass"", ""target"": ""pass""}"	[]	dry-run	same-store-cluster	"[""NPC/Entry/Region contains shop type"", ""shop street or same-function region""]"	"[{""x"": 337, ""y"": 223, ""score"": 0, ""anchor"": {""x"": 337, ""y"": 223}, ""separation"": 0}]"	NpcMover/audit-report.md	False		audit target coordinate reused only for exact/renamed map relation	"[{""x"": 351, ""y"": 219}, {""x"": 342, ""y"": 235}, {""x"": 337, ""y"": 223}, {""x"": 346, ""y"": 234}, {""x"": 334, ""y"": 224}, {""x"": 343, ""y"": 219}, {""x"": 331, ""y"": 225}, {""x"": 361, ""y"": 226}]"	[]	True	"{""idx"": ""35"", ""name"": ""Murray"", ""method"": ""C-语义"", ""old"": ""2(170,154)"", ""new"": ""2(337,223)"", ""note"": ""蛇谷老太 (14Quest_SnakeVally1)"", ""source"": ""Mud3:14Quest_SnakeVally1"", ""remark"": ""蛇谷老太""}"
36	Sara	2	"{""x"": 342, ""y"": 235}"	03Armor_SankeVally	2	"{""x"": 177, ""y"": 158}"	exact	2	"{""x"": 342, ""y"": 235}"	semantic-audit	low	"{""old"": ""pass"", ""target"": ""pass""}"	[]	dry-run	same-store-cluster	"[""NPC/Entry/Region contains shop type"", ""shop street or same-function region""]"	"[{""x"": 342, ""y"": 235, ""score"": 0, ""anchor"": {""x"": 342, ""y"": 235}, ""separation"": 0}]"	NpcMover/audit-report.md	False		audit target coordinate reused only for exact/renamed map relation	"[{""x"": 351, ""y"": 219}, {""x"": 342, ""y"": 235}, {""x"": 337, ""y"": 223}, {""x"": 346, ""y"": 234}, {""x"": 334, ""y"": 224}, {""x"": 343, ""y"": 219}, {""x"": 331, ""y"": 225}, {""x"": 361, ""y"": 226}]"	[]	True	"{""idx"": ""36"", ""name"": ""Sara"", ""method"": ""C-语义"", ""old"": ""2(177,158)"", ""new"": ""2(342,235)"", ""note"": ""金莲防具 (03Armor_SankeVally)"", ""source"": ""Mud3:03Armor_SankeVally"", ""remark"": ""金莲防具""}"
37	Parker	2	"{""x"": 343, ""y"": 219}"	09NotBlocker_SnakeVally	2	"{""x"": 155, ""y"": 178}"	exact	2	"{""x"": 343, ""y"": 219}"	semantic-audit	low	"{""old"": ""pass"", ""target"": ""pass""}"	[]	dry-run	same-store-cluster	"[""NPC/Entry/Region contains shop type"", ""shop street or same-function region""]"	"[{""x"": 343, ""y"": 219, ""score"": 0, ""anchor"": {""x"": 343, ""y"": 219}, ""separation"": 0}]"	NpcMover/audit-report.md	False		audit target coordinate reused only for exact/renamed map relation	"[{""x"": 351, ""y"": 219}, {""x"": 342, ""y"": 235}, {""x"": 337, ""y"": 223}, {""x"": 346, ""y"": 234}, {""x"": 334, ""y"": 224}, {""x"": 343, ""y"": 219}, {""x"": 331, ""y"": 225}, {""x"": 361, ""y"": 226}]"	[]	True	"{""idx"": ""37"", ""name"": ""Parker"", ""method"": ""C-语义"", ""old"": ""2(155,178)"", ""new"": ""2(343,219)"", ""note"": ""蛇谷老人 (09NotBlocker_SnakeVally)"", ""source"": ""Mud3:09NotBlocker_SnakeVally"", ""remark"": ""蛇谷老人""}"
38		0	"{""x"": 408, ""y"": 377}"				variant	0	"{""x"": 173, ""y"": 156}"	pending	low	"{""old"": ""pass"", ""target"": ""pass""}"	[]	pending-review	town-safezone-extra	"[""no direct Merchant anchor; preserve business category"", ""safe-zone independent walkable point""]"	"[{""x"": 173, ""y"": 156, ""score"": -7.8, ""anchor"": {""x"": 173, ""y"": 156}, ""separation"": 345}, {""x"": 174, ""y"": 202, ""score"": -7.8, ""anchor"": {""x"": 174, ""y"": 202}, ""separation"": 298}, {""x"": 175, ""y"": 212, ""score"": -7.8, ""anchor"": {""x"": 175, ""y"": 212}, ""separation"": 287}]"	NpcMover/audit-report.md	False		walkable topology candidate; manual review required	"[{""x"": 176, ""y"": 218}, {""x"": 160, ""y"": 233}, {""x"": 175, ""y"": 212}, {""x"": 174, ""y"": 202}, {""x"": 173, ""y"": 156}, {""x"": 173, ""y"": 170}]"	"[""map relation does not permit blind original-coordinate reuse""]"	True	"{""idx"": ""38"", ""name"": """", ""method"": ""D-推算"", ""old"": ""0(130,208,131,208,132,208,130,209,131,209,132,209,130,210,131,210,132,210)"", ""new"": ""0(408,377)"", ""note"": ""比奇城区扫描(钱庄旁)"", ""source"": ""比奇城区扫描(钱庄旁)"", ""remark"": ""锚点旁空格""}"
39	Hexa Holy Stone	0	"{""x"": 498, ""y"": 463}"	13Move_Bichon1	0	"{""x"": 138, ""y"": 261}"	variant	0	"{""x"": 313, ""y"": 28}"	semantic-audit	low	"{""old"": ""pass"", ""target"": ""pass""}"	[]	pending-review	town-entrance-teleporter	"[""NPC/Entry/Region contains movement/entrance type"", ""town entrance, route gate, or teleport cluster""]"	"[{""x"": 313, ""y"": 28, ""score"": -7.8, ""anchor"": {""x"": 313, ""y"": 28}, ""separation"": 268}, {""x"": 98, ""y"": 324, ""score"": -7.8, ""anchor"": {""x"": 98, ""y"": 324}, ""separation"": 243}, {""x"": 102, ""y"": 320, ""score"": -7.8, ""anchor"": {""x"": 102, ""y"": 320}, ""separation"": 235}]"	NpcMover/audit-report.md	False		walkable topology candidate; manual review required	"[{""x"": 19, ""y"": 37}, {""x"": 23, ""y"": 42}, {""x"": 161, ""y"": 34}, {""x"": 159, ""y"": 38}, {""x"": 316, ""y"": 26}, {""x"": 313, ""y"": 28}, {""x"": 329, ""y"": 120}, {""x"": 327, ""y"": 124}, {""x"": 319, ""y"": 269}, {""x"": 318, ""y"": 273}, {""x"": 307, ""y"": 332}, {""x"": 305, ""y"": 327}, {""x"": 98, ""y"": 324}, {""x"": 102, ""y"": 320}, {""x"": 28, ""y"": 194}, {""x"": 31, ""y"": 197}, {""x"": 144, ""y"": 256}, {""x"": 186, ""y"": 198}, {""x"": 184, ""y"": 204}, {""x"": 498, ""y"": 463}]"	"[""map relation does not permit blind original-coordinate reuse""]"	True	"{""idx"": ""39"", ""name"": ""Hexa Holy Stone"", ""method"": ""C-语义"", ""old"": ""0(138,261)"", ""new"": ""0(498,463)"", ""note"": ""六面神石 (13Move_Bichon1)"", ""source"": ""Mud3:13Move_Bichon1"", ""remark"": ""六面神石""}"
41	Hexa Holy Stone	2	"{""x"": 306, ""y"": 244}"	13Move_SnakeVally1	2	"{""x"": 194, ""y"": 158}"	exact	2	"{""x"": 306, ""y"": 244}"	semantic-audit	low	"{""old"": ""pass"", ""target"": ""pass""}"	[]	dry-run	town-entrance-teleporter	"[""NPC/Entry/Region contains movement/entrance type"", ""town entrance, route gate, or teleport cluster""]"	"[{""x"": 306, ""y"": 244, ""score"": 0, ""anchor"": {""x"": 306, ""y"": 244}, ""separation"": 0}]"	NpcMover/audit-report.md	False		audit target coordinate reused only for exact/renamed map relation	"[{""x"": 306, ""y"": 244}, {""x"": 189, ""y"": 155}, {""x"": 28, ""y"": 47}, {""x"": 82, ""y"": 23}, {""x"": 224, ""y"": 20}, {""x"": 258, ""y"": 68}, {""x"": 161, ""y"": 277}, {""x"": 55, ""y"": 265}, {""x"": 19, ""y"": 177}, {""x"": 354, ""y"": 33}, {""x"": 355, ""y"": 34}, {""x"": 256, ""y"": 35}, {""x"": 353, ""y"": 34}, {""x"": 354, ""y"": 35}, {""x"": 355, ""y"": 36}, {""x"": 357, ""y"": 35}, {""x"": 355, ""y"": 33}, {""x"": 356, ""y"": 34}, {""x"": 357, ""y"": 35}, {""x"": 353, ""y"": 34}]"	[]	True	"{""idx"": ""41"", ""name"": ""Hexa Holy Stone"", ""method"": ""C-语义"", ""old"": ""2(194,158)"", ""new"": ""2(306,244)"", ""note"": ""六面神石 (13Move_SnakeVally1)"", ""source"": ""Mud3:13Move_SnakeVally1"", ""remark"": ""六面神石""}"
42	Hexa Holy Stone	1	"{""x"": 416, ""y"": 179}"	13Move_DoGwan	1	"{""x"": 138, ""y"": 206}"	variant	1	"{""x"": 332, ""y"": 242}"	semantic-audit	low	"{""old"": ""pass"", ""target"": ""pass""}"	[]	pending-review	town-entrance-teleporter	"[""NPC/Entry/Region contains movement/entrance type"", ""town entrance, route gate, or teleport cluster""]"	"[{""x"": 332, ""y"": 242, ""score"": -7.8, ""anchor"": {""x"": 332, ""y"": 242}, ""separation"": 75}, {""x"": 327, ""y"": 152, ""score"": -7.8, ""anchor"": {""x"": 327, ""y"": 152}, ""separation"": 59}, {""x"": 393, ""y"": 170, ""score"": -7.8, ""anchor"": {""x"": 393, ""y"": 170}, ""separation"": 32}]"	NpcMover/audit-report.md	False		walkable topology candidate; manual review required	"[{""x"": 30, ""y"": 36}, {""x"": 208, ""y"": 35}, {""x"": 312, ""y"": 30}, {""x"": 327, ""y"": 152}, {""x"": 332, ""y"": 242}, {""x"": 271, ""y"": 325}, {""x"": 121, ""y"": 318}, {""x"": 28, ""y"": 223}, {""x"": 416, ""y"": 179}, {""x"": 143, ""y"": 206}, {""x"": 429, ""y"": 96}, {""x"": 428, ""y"": 97}, {""x"": 394, ""y"": 169}, {""x"": 393, ""y"": 170}, {""x"": 388, ""y"": 113}, {""x"": 389, ""y"": 114}, {""x"": 415, ""y"": 133}, {""x"": 414, ""y"": 134}, {""x"": 429, ""y"": 120}, {""x"": 428, ""y"": 121}]"	"[""map relation does not permit blind original-coordinate reuse""]"	True	"{""idx"": ""42"", ""name"": ""Hexa Holy Stone"", ""method"": ""C-语义"", ""old"": ""1(138,206)"", ""new"": ""1(416,179)"", ""note"": ""六面神石 (13Move_DoGwan)"", ""source"": ""Mud3:13Move_DoGwan"", ""remark"": ""六面神石""}"
43	Hexa Holy Stone	5	"{""x"": 204, ""y"": 289}"	13Move_Samak1	5	"{""x"": 227, ""y"": 128}"	replacement	5	"{""x"": 24, ""y"": 305}"	semantic-audit	low	"{""old"": ""pass"", ""target"": ""pass""}"	[]	pending-review	town-entrance-teleporter	"[""NPC/Entry/Region contains movement/entrance type"", ""town entrance, route gate, or teleport cluster""]"	"[{""x"": 24, ""y"": 305, ""score"": -7.8, ""anchor"": {""x"": 24, ""y"": 305}, ""separation"": 185}, {""x"": 74, ""y"": 34, ""score"": -7.8, ""anchor"": {""x"": 74, ""y"": 34}, ""separation"": 181}, {""x"": 20, ""y"": 90, ""score"": -7.8, ""anchor"": {""x"": 20, ""y"": 90}, ""separation"": 179}]"	NpcMover/audit-report.md	False		walkable topology candidate; manual review required	"[{""x"": 61, ""y"": 190}, {""x"": 112, ""y"": 177}, {""x"": 56, ""y"": 193}, {""x"": 204, ""y"": 289}, {""x"": 227, ""y"": 127}, {""x"": 20, ""y"": 90}, {""x"": 74, ""y"": 34}, {""x"": 149, ""y"": 31}, {""x"": 315, ""y"": 199}, {""x"": 24, ""y"": 305}, {""x"": 239, ""y"": 164}, {""x"": 238, ""y"": 165}, {""x"": 243, ""y"": 167}, {""x"": 242, ""y"": 168}, {""x"": 236, ""y"": 161}, {""x"": 235, ""y"": 161}, {""x"": 240, ""y"": 194}, {""x"": 239, ""y"": 195}, {""x"": 206, ""y"": 169}, {""x"": 207, ""y"": 170}]"	"[""map relation does not permit blind original-coordinate reuse""]"	True	"{""idx"": ""43"", ""name"": ""Hexa Holy Stone"", ""method"": ""C-语义"", ""old"": ""5(227,128)"", ""new"": ""5(204,289)"", ""note"": ""六面神石 (13Move_Samak1)"", ""source"": ""Mud3:13Move_Samak1"", ""remark"": ""六面神石""}"
44	Hexa Holy Stone	4	"{""x"": 435, ""y"": 83}"	13Move_Oasis	4	"{""x"": 201, ""y"": 149}"	exact	4	"{""x"": 435, ""y"": 83}"	semantic-audit	low	"{""old"": ""pass"", ""target"": ""pass""}"	[]	dry-run	town-entrance-teleporter	"[""NPC/Entry/Region contains movement/entrance type"", ""town entrance, route gate, or teleport cluster""]"	"[{""x"": 435, ""y"": 83, ""score"": 0, ""anchor"": {""x"": 435, ""y"": 83}, ""separation"": 0}]"	NpcMover/audit-report.md	False		audit target coordinate reused only for exact/renamed map relation	"[{""x"": 435, ""y"": 83}, {""x"": 197, ""y"": 145}, {""x"": 28, ""y"": 47}, {""x"": 304, ""y"": 52}, {""x"": 316, ""y"": 254}, {""x"": 209, ""y"": 117}, {""x"": 210, ""y"": 171}, {""x"": 134, ""y"": 172}, {""x"": 135, ""y"": 116}, {""x"": 21, ""y"": 313}, {""x"": 476, ""y"": 57}, {""x"": 475, ""y"": 58}, {""x"": 449, ""y"": 73}, {""x"": 450, ""y"": 74}, {""x"": 448, ""y"": 93}, {""x"": 447, ""y"": 94}, {""x"": 453, ""y"": 96}, {""x"": 452, ""y"": 96}, {""x"": 433, ""y"": 72}, {""x"": 434, ""y"": 73}]"	[]	True	"{""idx"": ""44"", ""name"": ""Hexa Holy Stone"", ""method"": ""C-语义"", ""old"": ""4(201,149)"", ""new"": ""4(435,83)"", ""note"": ""六面神石 (13Move_Oasis)"", ""source"": ""Mud3:13Move_Oasis"", ""remark"": ""六面神石""}"
45	Hexa Holy Stone	12	"{""x"": 190, ""y"": 265}"		12	"{""x"": 177, ""y"": 276}"	variant	12	"{""x"": 362, ""y"": 394}"	pending	low	"{""old"": ""pass"", ""target"": ""pass""}"	[]	pending-review	town-entrance-teleporter	"[""NPC/Entry/Region contains movement/entrance type"", ""town entrance, route gate, or teleport cluster""]"	"[{""x"": 362, ""y"": 394, ""score"": -7.8, ""anchor"": {""x"": 362, ""y"": 394}, ""separation"": 297}, {""x"": 363, ""y"": 393, ""score"": -7.8, ""anchor"": {""x"": 363, ""y"": 393}, ""separation"": 297}, {""x"": 361, ""y"": 393, ""score"": -7.8, ""anchor"": {""x"": 361, ""y"": 393}, ""separation"": 295}]"	NpcMover/audit-report.md	False		walkable topology candidate; manual review required	"[{""x"": 190, ""y"": 265}, {""x"": 173, ""y"": 270}, {""x"": 290, ""y"": 119}, {""x"": 206, ""y"": 48}, {""x"": 205, ""y"": 49}, {""x"": 204, ""y"": 50}, {""x"": 203, ""y"": 51}, {""x"": 202, ""y"": 52}, {""x"": 207, ""y"": 49}, {""x"": 206, ""y"": 50}, {""x"": 205, ""y"": 51}, {""x"": 204, ""y"": 52}, {""x"": 203, ""y"": 53}, {""x"": 361, ""y"": 393}, {""x"": 362, ""y"": 392}, {""x"": 362, ""y"": 391}, {""x"": 363, ""y"": 391}, {""x"": 363, ""y"": 390}, {""x"": 362, ""y"": 394}, {""x"": 363, ""y"": 393}]"	"[""map relation does not permit blind original-coordinate reuse""]"	True	"{""idx"": ""45"", ""name"": ""Hexa Holy Stone"", ""method"": ""D-推算"", ""old"": ""12(177,276)"", ""new"": ""12(190,265)"", ""note"": ""班尼岛主聚落扫描(中心190,265,聚落98556格)"", ""source"": ""班尼岛主聚落扫描(中心190,265,聚落98556格)"", ""remark"": ""锚点旁空格""}"
48	Jack	5	"{""x"": 227, ""y"": 169}"	15Magic_Samak1	5	"{""x"": 263, ""y"": 109}"	replacement	5	"{""x"": 180, ""y"": 277}"	semantic-audit	low	"{""old"": ""pass"", ""target"": ""pass""}"	[]	pending-review	same-store-cluster	"[""NPC/Entry/Region contains shop type"", ""shop street or same-function region""]"	"[{""x"": 180, ""y"": 277, ""score"": 0.35, ""anchor"": {""x"": 181, ""y"": 277}, ""separation"": 1}, {""x"": 181, ""y"": 276, ""score"": 0.35, ""anchor"": {""x"": 181, ""y"": 277}, ""separation"": 1}, {""x"": 181, ""y"": 278, ""score"": 0.35, ""anchor"": {""x"": 181, ""y"": 277}, ""separation"": 1}]"	NpcMover/audit-report.md	False		walkable topology candidate; manual review required	"[{""x"": 189, ""y"": 252}, {""x"": 192, ""y"": 232}, {""x"": 197, ""y"": 235}, {""x"": 181, ""y"": 277}, {""x"": 198, ""y"": 252}, {""x"": 200, ""y"": 249}]"	"[""map relation does not permit blind original-coordinate reuse""]"	True	"{""idx"": ""48"", ""name"": ""Jack"", ""method"": ""C-语义"", ""old"": ""5(263,109)"", ""new"": ""5(227,169)"", ""note"": ""武功教头 (15Magic_Samak1)"", ""source"": ""Mud3:15Magic_Samak1"", ""remark"": ""武功教头""}"
50	Tasha	5	"{""x"": 198, ""y"": 252}"	04PotionMake_Samak	5	"{""x"": 242, ""y"": 144}"	replacement	5	"{""x"": 181, ""y"": 276}"	semantic-audit	low	"{""old"": ""pass"", ""target"": ""pass""}"	[]	pending-review	same-store-cluster	"[""NPC/Entry/Region contains shop type"", ""shop street or same-function region""]"	"[{""x"": 181, ""y"": 276, ""score"": 0.35, ""anchor"": {""x"": 181, ""y"": 277}, ""separation"": 1}, {""x"": 181, ""y"": 278, ""score"": 0.35, ""anchor"": {""x"": 181, ""y"": 277}, ""separation"": 1}, {""x"": 182, ""y"": 277, ""score"": 0.35, ""anchor"": {""x"": 181, ""y"": 277}, ""separation"": 1}]"	NpcMover/audit-report.md	False		walkable topology candidate; manual review required	"[{""x"": 189, ""y"": 252}, {""x"": 192, ""y"": 232}, {""x"": 197, ""y"": 235}, {""x"": 181, ""y"": 277}, {""x"": 198, ""y"": 252}, {""x"": 200, ""y"": 249}]"	"[""map relation does not permit blind original-coordinate reuse""]"	True	"{""idx"": ""50"", ""name"": ""Tasha"", ""method"": ""C-语义"", ""old"": ""5(242,144)"", ""new"": ""5(198,252)"", ""note"": ""老郑药剂 (04PotionMake_Samak)"", ""source"": ""Mud3:04PotionMake_Samak"", ""remark"": ""老郑药剂""}"
52	Clinton	5	"{""x"": 192, ""y"": 232}"	07Grocery_Samak	5	"{""x"": 230, ""y"": 152}"	replacement	5	"{""x"": 181, ""y"": 278}"	semantic-audit	low	"{""old"": ""pass"", ""target"": ""pass""}"	[]	pending-review	same-store-cluster	"[""NPC/Entry/Region contains shop type"", ""shop street or same-function region""]"	"[{""x"": 181, ""y"": 278, ""score"": 0.35, ""anchor"": {""x"": 181, ""y"": 277}, ""separation"": 1}, {""x"": 182, ""y"": 277, ""score"": 0.35, ""anchor"": {""x"": 181, ""y"": 277}, ""separation"": 1}, {""x"": 188, ""y"": 252, ""score"": 0.35, ""anchor"": {""x"": 189, ""y"": 252}, ""separation"": 1}]"	NpcMover/audit-report.md	False		walkable topology candidate; manual review required	"[{""x"": 189, ""y"": 252}, {""x"": 192, ""y"": 232}, {""x"": 197, ""y"": 235}, {""x"": 181, ""y"": 277}, {""x"": 198, ""y"": 252}, {""x"": 200, ""y"": 249}]"	"[""map relation does not permit blind original-coordinate reuse""]"	True	"{""idx"": ""52"", ""name"": ""Clinton"", ""method"": ""C-语义"", ""old"": ""5(230,152)"", ""new"": ""5(192,232)"", ""note"": ""老李杂货 (07Grocery_Samak)"", ""source"": ""Mud3:07Grocery_Samak"", ""remark"": ""老李杂货""}"
56	Hexa Holy Stone	5	"{""x"": 112, ""y"": 177}"	13Move_Samak2	5	"{""x"": 63, ""y"": 196}"	replacement	5	"{""x"": 74, ""y"": 34}"	semantic-audit	low	"{""old"": ""pass"", ""target"": ""pass""}"	[]	pending-review	town-entrance-teleporter	"[""NPC/Entry/Region contains movement/entrance type"", ""town entrance, route gate, or teleport cluster""]"	"[{""x"": 74, ""y"": 34, ""score"": -7.8, ""anchor"": {""x"": 74, ""y"": 34}, ""separation"": 181}, {""x"": 20, ""y"": 90, ""score"": -7.8, ""anchor"": {""x"": 20, ""y"": 90}, ""separation"": 179}, {""x"": 149, ""y"": 31, ""score"": -7.8, ""anchor"": {""x"": 149, ""y"": 31}, ""separation"": 175}]"	NpcMover/audit-report.md	False		walkable topology candidate; manual review required	"[{""x"": 61, ""y"": 190}, {""x"": 112, ""y"": 177}, {""x"": 56, ""y"": 193}, {""x"": 204, ""y"": 289}, {""x"": 227, ""y"": 127}, {""x"": 20, ""y"": 90}, {""x"": 74, ""y"": 34}, {""x"": 149, ""y"": 31}, {""x"": 315, ""y"": 199}, {""x"": 24, ""y"": 305}, {""x"": 239, ""y"": 164}, {""x"": 238, ""y"": 165}, {""x"": 243, ""y"": 167}, {""x"": 242, ""y"": 168}, {""x"": 236, ""y"": 161}, {""x"": 235, ""y"": 161}, {""x"": 240, ""y"": 194}, {""x"": 239, ""y"": 195}, {""x"": 206, ""y"": 169}, {""x"": 207, ""y"": 170}]"	"[""map relation does not permit blind original-coordinate reuse""]"	True	"{""idx"": ""56"", ""name"": ""Hexa Holy Stone"", ""method"": ""C-语义"", ""old"": ""5(63,196)"", ""new"": ""5(112,177)"", ""note"": ""六面神石 (13Move_Samak2)"", ""source"": ""Mud3:13Move_Samak2"", ""remark"": ""六面神石""}"
60	Glenn	5	"{""x"": 189, ""y"": 252}"	02Weapon_Samak	5	"{""x"": 202, ""y"": 128}"	replacement	5	"{""x"": 182, ""y"": 277}"	semantic-audit	low	"{""old"": ""pass"", ""target"": ""pass""}"	[]	pending-review	same-store-cluster	"[""NPC/Entry/Region contains shop type"", ""shop street or same-function region""]"	"[{""x"": 182, ""y"": 277, ""score"": 0.35, ""anchor"": {""x"": 181, ""y"": 277}, ""separation"": 1}, {""x"": 188, ""y"": 252, ""score"": 0.35, ""anchor"": {""x"": 189, ""y"": 252}, ""separation"": 1}, {""x"": 189, ""y"": 251, ""score"": 0.35, ""anchor"": {""x"": 189, ""y"": 252}, ""separation"": 1}]"	NpcMover/audit-report.md	False		walkable topology candidate; manual review required	"[{""x"": 189, ""y"": 252}, {""x"": 192, ""y"": 232}, {""x"": 197, ""y"": 235}, {""x"": 181, ""y"": 277}, {""x"": 198, ""y"": 252}, {""x"": 200, ""y"": 249}]"	"[""map relation does not permit blind original-coordinate reuse""]"	True	"{""idx"": ""60"", ""name"": ""Glenn"", ""method"": ""C-语义"", ""old"": ""5(202,128)"", ""new"": ""5(189,252)"", ""note"": ""铁汉武器 (02Weapon_Samak)"", ""source"": ""Mud3:02Weapon_Samak"", ""remark"": ""铁汉武器""}"
61	Grace	5	"{""x"": 181, ""y"": 277}"	03Shoes_Samak	5	"{""x"": 221, ""y"": 146}"	replacement	5	"{""x"": 188, ""y"": 252}"	semantic-audit	low	"{""old"": ""pass"", ""target"": ""pass""}"	[]	pending-review	same-store-cluster	"[""NPC/Entry/Region contains shop type"", ""shop street or same-function region""]"	"[{""x"": 188, ""y"": 252, ""score"": 0.35, ""anchor"": {""x"": 189, ""y"": 252}, ""separation"": 1}, {""x"": 189, ""y"": 251, ""score"": 0.35, ""anchor"": {""x"": 189, ""y"": 252}, ""separation"": 1}, {""x"": 189, ""y"": 253, ""score"": 0.35, ""anchor"": {""x"": 189, ""y"": 252}, ""separation"": 1}]"	NpcMover/audit-report.md	False		walkable topology candidate; manual review required	"[{""x"": 189, ""y"": 252}, {""x"": 192, ""y"": 232}, {""x"": 197, ""y"": 235}, {""x"": 181, ""y"": 277}, {""x"": 198, ""y"": 252}, {""x"": 200, ""y"": 249}]"	"[""map relation does not permit blind original-coordinate reuse""]"	True	"{""idx"": ""61"", ""name"": ""Grace"", ""method"": ""C-语义"", ""old"": ""5(221,146)"", ""new"": ""5(181,277)"", ""note"": ""润真鞋店 (03Shoes_Samak)"", ""source"": ""Mud3:03Shoes_Samak"", ""remark"": ""润真鞋店""}"
62	Marshal	5	"{""x"": 197, ""y"": 235}"	10Material_Samak	5	"{""x"": 248, ""y"": 147}"	replacement	5	"{""x"": 189, ""y"": 251}"	semantic-audit	low	"{""old"": ""pass"", ""target"": ""pass""}"	[]	pending-review	same-store-cluster	"[""NPC/Entry/Region contains shop type"", ""shop street or same-function region""]"	"[{""x"": 189, ""y"": 251, ""score"": 0.35, ""anchor"": {""x"": 189, ""y"": 252}, ""separation"": 1}, {""x"": 189, ""y"": 253, ""score"": 0.35, ""anchor"": {""x"": 189, ""y"": 252}, ""separation"": 1}, {""x"": 190, ""y"": 252, ""score"": 0.35, ""anchor"": {""x"": 189, ""y"": 252}, ""separation"": 1}]"	NpcMover/audit-report.md	False		walkable topology candidate; manual review required	"[{""x"": 189, ""y"": 252}, {""x"": 192, ""y"": 232}, {""x"": 197, ""y"": 235}, {""x"": 181, ""y"": 277}, {""x"": 198, ""y"": 252}, {""x"": 200, ""y"": 249}]"	"[""map relation does not permit blind original-coordinate reuse""]"	True	"{""idx"": ""62"", ""name"": ""Marshal"", ""method"": ""C-语义"", ""old"": ""5(248,147)"", ""new"": ""5(197,235)"", ""note"": ""啊宋材料 (10Material_Samak)"", ""source"": ""Mud3:10Material_Samak"", ""remark"": ""啊宋材料""}"
63	Mandie	5	"{""x"": 200, ""y"": 249}"	01Meet_Samak	5	"{""x"": 207, ""y"": 116}"	replacement	5	"{""x"": 189, ""y"": 253}"	semantic-audit	low	"{""old"": ""pass"", ""target"": ""pass""}"	[]	pending-review	same-store-cluster	"[""NPC/Entry/Region contains shop type"", ""shop street or same-function region""]"	"[{""x"": 189, ""y"": 253, ""score"": 0.35, ""anchor"": {""x"": 189, ""y"": 252}, ""separation"": 1}, {""x"": 190, ""y"": 252, ""score"": 0.35, ""anchor"": {""x"": 189, ""y"": 252}, ""separation"": 1}, {""x"": 191, ""y"": 232, ""score"": 0.35, ""anchor"": {""x"": 192, ""y"": 232}, ""separation"": 1}]"	NpcMover/audit-report.md	False		walkable topology candidate; manual review required	"[{""x"": 189, ""y"": 252}, {""x"": 192, ""y"": 232}, {""x"": 197, ""y"": 235}, {""x"": 181, ""y"": 277}, {""x"": 198, ""y"": 252}, {""x"": 200, ""y"": 249}]"	"[""map relation does not permit blind original-coordinate reuse""]"	True	"{""idx"": ""63"", ""name"": ""Mandie"", ""method"": ""C-语义"", ""old"": ""5(207,116)"", ""new"": ""5(200,249)"", ""note"": ""黄老板肉店 (01Meet_Samak)"", ""source"": ""Mud3:01Meet_Samak"", ""remark"": ""黄老板肉店""}"
65	Tumur	4	"{""x"": 438, ""y"": 52}"	01Meet_Oasis	4	"{""x"": 164, ""y"": 161}"	exact	4	"{""x"": 438, ""y"": 52}"	semantic-audit	low	"{""old"": ""pass"", ""target"": ""pass""}"	[]	dry-run	same-store-cluster	"[""NPC/Entry/Region contains shop type"", ""shop street or same-function region""]"	"[{""x"": 438, ""y"": 52, ""score"": 0, ""anchor"": {""x"": 438, ""y"": 52}, ""separation"": 0}]"	NpcMover/audit-report.md	False		audit target coordinate reused only for exact/renamed map relation	"[{""x"": 424, ""y"": 97}, {""x"": 426, ""y"": 99}, {""x"": 438, ""y"": 52}, {""x"": 426, ""y"": 95}, {""x"": 470, ""y"": 67}, {""x"": 428, ""y"": 75}, {""x"": 433, ""y"": 83}]"	[]	True	"{""idx"": ""65"", ""name"": ""Tumur"", ""method"": ""C-语义"", ""old"": ""4(164,161)"", ""new"": ""4(438,52)"", ""note"": ""屠夫 (01Meet_Oasis)"", ""source"": ""Mud3:01Meet_Oasis"", ""remark"": ""屠夫""}"
66	Imari	4	"{""x"": 424, ""y"": 97}"		4	"{""x"": 171, ""y"": 124}"	exact	4	"{""x"": 424, ""y"": 97}"	pending	low	"{""old"": ""pass"", ""target"": ""pass""}"	[]	dry-run	same-store-cluster	"[""NPC/Entry/Region contains shop type"", ""shop street or same-function region""]"	"[{""x"": 424, ""y"": 97, ""score"": 0, ""anchor"": {""x"": 424, ""y"": 97}, ""separation"": 0}]"	NpcMover/audit-report.md	False		audit target coordinate reused only for exact/renamed map relation	"[{""x"": 424, ""y"": 97}, {""x"": 426, ""y"": 99}, {""x"": 438, ""y"": 52}, {""x"": 426, ""y"": 95}, {""x"": 470, ""y"": 67}, {""x"": 428, ""y"": 75}, {""x"": 433, ""y"": 83}]"	[]	True	"{""idx"": ""66"", ""name"": ""Imari"", ""method"": ""D-推算"", ""old"": ""4(171,124)"", ""new"": ""4(424,97)"", ""note"": ""绿洲村聚落扫描"", ""source"": ""绿洲村聚落扫描"", ""remark"": ""锚点旁空格""}"
67	Solonga	4	"{""x"": 470, ""y"": 67}"	07Grocery_Oasis	4	"{""x"": 161, ""y"": 122}"	exact	4	"{""x"": 470, ""y"": 67}"	semantic-audit	low	"{""old"": ""pass"", ""target"": ""pass""}"	[]	dry-run	same-store-cluster	"[""NPC/Entry/Region contains shop type"", ""shop street or same-function region""]"	"[{""x"": 470, ""y"": 67, ""score"": 0, ""anchor"": {""x"": 470, ""y"": 67}, ""separation"": 0}]"	NpcMover/audit-report.md	False		audit target coordinate reused only for exact/renamed map relation	"[{""x"": 424, ""y"": 97}, {""x"": 426, ""y"": 99}, {""x"": 438, ""y"": 52}, {""x"": 426, ""y"": 95}, {""x"": 470, ""y"": 67}, {""x"": 428, ""y"": 75}, {""x"": 433, ""y"": 83}]"	[]	True	"{""idx"": ""67"", ""name"": ""Solonga"", ""method"": ""C-语义"", ""old"": ""4(161,122)"", ""new"": ""4(470,67)"", ""note"": ""洪老板杂货 (07Grocery_Oasis)"", ""source"": ""Mud3:07Grocery_Oasis"", ""remark"": ""洪老板杂货""}"
68	Wooshas	4	"{""x"": 426, ""y"": 95}"		4	"{""x"": 187, ""y"": 130}"	exact	4	"{""x"": 426, ""y"": 95}"	pending	low	"{""old"": ""pass"", ""target"": ""pass""}"	[]	dry-run	same-store-cluster	"[""NPC/Entry/Region contains shop type"", ""shop street or same-function region""]"	"[{""x"": 426, ""y"": 95, ""score"": 0, ""anchor"": {""x"": 426, ""y"": 95}, ""separation"": 0}]"	NpcMover/audit-report.md	False		audit target coordinate reused only for exact/renamed map relation	"[{""x"": 424, ""y"": 97}, {""x"": 426, ""y"": 99}, {""x"": 438, ""y"": 52}, {""x"": 426, ""y"": 95}, {""x"": 470, ""y"": 67}, {""x"": 428, ""y"": 75}, {""x"": 433, ""y"": 83}]"	[]	True	"{""idx"": ""68"", ""name"": ""Wooshas"", ""method"": ""D-推算"", ""old"": ""4(187,130)"", ""new"": ""4(426,95)"", ""note"": ""绿洲村聚落扫描"", ""source"": ""绿洲村聚落扫描"", ""remark"": ""锚点旁空格""}"
69	Wooroy	4	"{""x"": 426, ""y"": 99}"		4	"{""x"": 178, ""y"": 135}"	exact	4	"{""x"": 426, ""y"": 99}"	pending	low	"{""old"": ""pass"", ""target"": ""pass""}"	[]	dry-run	same-store-cluster	"[""NPC/Entry/Region contains shop type"", ""shop street or same-function region""]"	"[{""x"": 426, ""y"": 99, ""score"": 0, ""anchor"": {""x"": 426, ""y"": 99}, ""separation"": 0}]"	NpcMover/audit-report.md	False		audit target coordinate reused only for exact/renamed map relation	"[{""x"": 424, ""y"": 97}, {""x"": 426, ""y"": 99}, {""x"": 438, ""y"": 52}, {""x"": 426, ""y"": 95}, {""x"": 470, ""y"": 67}, {""x"": 428, ""y"": 75}, {""x"": 433, ""y"": 83}]"	[]	True	"{""idx"": ""69"", ""name"": ""Wooroy"", ""method"": ""D-推算"", ""old"": ""4(178,135)"", ""new"": ""4(426,99)"", ""note"": ""绿洲村聚落扫描"", ""source"": ""绿洲村聚落扫描"", ""remark"": ""锚点旁空格""}"
70	Pat	4	"{""x"": 428, ""y"": 75}"		4	"{""x"": 179, ""y"": 171}"	exact	4	"{""x"": 428, ""y"": 75}"	pending	low	"{""old"": ""pass"", ""target"": ""pass""}"	[]	dry-run	same-store-cluster	"[""NPC/Entry/Region contains shop type"", ""shop street or same-function region""]"	"[{""x"": 428, ""y"": 75, ""score"": 0, ""anchor"": {""x"": 428, ""y"": 75}, ""separation"": 0}]"	NpcMover/audit-report.md	False		audit target coordinate reused only for exact/renamed map relation	"[{""x"": 424, ""y"": 97}, {""x"": 426, ""y"": 99}, {""x"": 438, ""y"": 52}, {""x"": 426, ""y"": 95}, {""x"": 470, ""y"": 67}, {""x"": 428, ""y"": 75}, {""x"": 433, ""y"": 83}]"	[]	True	"{""idx"": ""70"", ""name"": ""Pat"", ""method"": ""D-推算"", ""old"": ""4(179,171)"", ""new"": ""4(428,75)"", ""note"": ""绿洲村聚落扫描"", ""source"": ""绿洲村聚落扫描"", ""remark"": ""锚点旁空格""}"
76	Mr. Matt	8	"{""x"": 224, ""y"": 210}"	02Weapon_HalfNight	8	"{""x"": 282, ""y"": 158}"	exact	8	"{""x"": 224, ""y"": 210}"	semantic-audit	low	"{""old"": ""pass"", ""target"": ""pass""}"	[]	dry-run	same-store-cluster	"[""NPC/Entry/Region contains shop type"", ""shop street or same-function region""]"	"[{""x"": 224, ""y"": 210, ""score"": 0, ""anchor"": {""x"": 224, ""y"": 210}, ""separation"": 0}]"	NpcMover/audit-report.md	False		audit target coordinate reused only for exact/renamed map relation	"[{""x"": 224, ""y"": 210}, {""x"": 282, ""y"": 224}, {""x"": 253, ""y"": 291}, {""x"": 266, ""y"": 285}, {""x"": 249, ""y"": 257}]"	[]	True	"{""idx"": ""76"", ""name"": ""Mr. Matt"", ""method"": ""C-语义"", ""old"": ""8(282,158)"", ""new"": ""8(224,210)"", ""note"": ""啊胜武器 (02Weapon_HalfNight)"", ""source"": ""Mud3:02Weapon_HalfNight"", ""remark"": ""啊胜武器""}"
77	Dr. Park	8	"{""x"": 282, ""y"": 224}"	04Potion_HalfNight	8	"{""x"": 227, ""y"": 139}"	exact	8	"{""x"": 282, ""y"": 224}"	semantic-audit	low	"{""old"": ""pass"", ""target"": ""pass""}"	[]	dry-run	same-store-cluster	"[""NPC/Entry/Region contains shop type"", ""shop street or same-function region""]"	"[{""x"": 282, ""y"": 224, ""score"": 0, ""anchor"": {""x"": 282, ""y"": 224}, ""separation"": 0}]"	NpcMover/audit-report.md	False		audit target coordinate reused only for exact/renamed map relation	"[{""x"": 224, ""y"": 210}, {""x"": 282, ""y"": 224}, {""x"": 253, ""y"": 291}, {""x"": 266, ""y"": 285}, {""x"": 249, ""y"": 257}]"	[]	True	"{""idx"": ""77"", ""name"": ""Dr. Park"", ""method"": ""C-语义"", ""old"": ""8(227,139)"", ""new"": ""8(282,224)"", ""note"": ""成赫药店 (04Potion_HalfNight)"", ""source"": ""Mud3:04Potion_HalfNight"", ""remark"": ""成赫药店""}"
78	Lafayette	8	"{""x"": 253, ""y"": 291}"	07Grocery_HalfNight	8	"{""x"": 235, ""y"": 139}"	exact	8	"{""x"": 253, ""y"": 291}"	semantic-audit	low	"{""old"": ""pass"", ""target"": ""pass""}"	[]	dry-run	same-store-cluster	"[""NPC/Entry/Region contains shop type"", ""shop street or same-function region""]"	"[{""x"": 253, ""y"": 291, ""score"": 0, ""anchor"": {""x"": 253, ""y"": 291}, ""separation"": 0}]"	NpcMover/audit-report.md	False		audit target coordinate reused only for exact/renamed map relation	"[{""x"": 224, ""y"": 210}, {""x"": 282, ""y"": 224}, {""x"": 253, ""y"": 291}, {""x"": 266, ""y"": 285}, {""x"": 249, ""y"": 257}]"	[]	True	"{""idx"": ""78"", ""name"": ""Lafayette"", ""method"": ""C-语义"", ""old"": ""8(235,139)"", ""new"": ""8(253,291)"", ""note"": ""中叔杂货 (07Grocery_HalfNight)"", ""source"": ""Mud3:07Grocery_HalfNight"", ""remark"": ""中叔杂货""}"
79	Cherrill	8	"{""x"": 266, ""y"": 285}"	08Accessory_HalfNight	8	"{""x"": 212, ""y"": 139}"	exact	8	"{""x"": 266, ""y"": 285}"	semantic-audit	low	"{""old"": ""pass"", ""target"": ""pass""}"	[]	dry-run	same-store-cluster	"[""NPC/Entry/Region contains shop type"", ""shop street or same-function region""]"	"[{""x"": 266, ""y"": 285, ""score"": 0, ""anchor"": {""x"": 266, ""y"": 285}, ""separation"": 0}]"	NpcMover/audit-report.md	False		audit target coordinate reused only for exact/renamed map relation	"[{""x"": 224, ""y"": 210}, {""x"": 282, ""y"": 224}, {""x"": 253, ""y"": 291}, {""x"": 266, ""y"": 285}, {""x"": 249, ""y"": 257}]"	[]	True	"{""idx"": ""79"", ""name"": ""Cherrill"", ""method"": ""C-语义"", ""old"": ""8(212,139)"", ""new"": ""8(266,285)"", ""note"": ""晓华首饰 (08Accessory_HalfNight)"", ""source"": ""Mud3:08Accessory_HalfNight"", ""remark"": ""晓华首饰""}"
80	Mindy	8	"{""x"": 249, ""y"": 257}"	03Armor_HalfNight	8	"{""x"": 261, ""y"": 165}"	exact	8	"{""x"": 249, ""y"": 257}"	semantic-audit	low	"{""old"": ""pass"", ""target"": ""pass""}"	[]	dry-run	same-store-cluster	"[""NPC/Entry/Region contains shop type"", ""shop street or same-function region""]"	"[{""x"": 249, ""y"": 257, ""score"": 0, ""anchor"": {""x"": 249, ""y"": 257}, ""separation"": 0}]"	NpcMover/audit-report.md	False		audit target coordinate reused only for exact/renamed map relation	"[{""x"": 224, ""y"": 210}, {""x"": 282, ""y"": 224}, {""x"": 253, ""y"": 291}, {""x"": 266, ""y"": 285}, {""x"": 249, ""y"": 257}]"	[]	True	"{""idx"": ""80"", ""name"": ""Mindy"", ""method"": ""C-语义"", ""old"": ""8(261,165)"", ""new"": ""8(249,257)"", ""note"": ""晓洋防具 (03Armor_HalfNight)"", ""source"": ""Mud3:03Armor_HalfNight"", ""remark"": ""晓洋防具""}"
81	Warren	12	"{""x"": 188, ""y"": 265}"		12	"{""x"": 128, ""y"": 242}"	variant	12	"{""x"": 187, ""y"": 263}"	pending	low	"{""old"": ""pass"", ""target"": ""pass""}"	[]	pending-review	same-store-cluster	"[""NPC/Entry/Region contains shop type"", ""shop street or same-function region""]"	"[{""x"": 187, ""y"": 263, ""score"": 0.35, ""anchor"": {""x"": 188, ""y"": 263}, ""separation"": 1}, {""x"": 187, ""y"": 265, ""score"": 0.35, ""anchor"": {""x"": 188, ""y"": 265}, ""separation"": 1}, {""x"": 187, ""y"": 267, ""score"": 0.35, ""anchor"": {""x"": 188, ""y"": 267}, ""separation"": 1}]"	NpcMover/audit-report.md	False		walkable topology candidate; manual review required	"[{""x"": 188, ""y"": 265}, {""x"": 190, ""y"": 263}, {""x"": 190, ""y"": 267}, {""x"": 192, ""y"": 265}, {""x"": 188, ""y"": 263}, {""x"": 188, ""y"": 267}]"	"[""map relation does not permit blind original-coordinate reuse""]"	True	"{""idx"": ""81"", ""name"": ""Warren"", ""method"": ""D-推算"", ""old"": ""12(128,242)"", ""new"": ""12(188,265)"", ""note"": ""班尼岛主聚落扫描(中心190,265,聚落98556格)"", ""source"": ""班尼岛主聚落扫描(中心190,265,聚落98556格)"", ""remark"": ""锚点旁空格""}"
82	Norman	12	"{""x"": 190, ""y"": 263}"		12	"{""x"": 157, ""y"": 249}"	variant	12	"{""x"": 187, ""y"": 265}"	pending	low	"{""old"": ""pass"", ""target"": ""pass""}"	[]	pending-review	same-store-cluster	"[""NPC/Entry/Region contains shop type"", ""shop street or same-function region""]"	"[{""x"": 187, ""y"": 265, ""score"": 0.35, ""anchor"": {""x"": 188, ""y"": 265}, ""separation"": 1}, {""x"": 187, ""y"": 267, ""score"": 0.35, ""anchor"": {""x"": 188, ""y"": 267}, ""separation"": 1}, {""x"": 188, ""y"": 262, ""score"": 0.35, ""anchor"": {""x"": 188, ""y"": 263}, ""separation"": 1}]"	NpcMover/audit-report.md	False		walkable topology candidate; manual review required	"[{""x"": 188, ""y"": 265}, {""x"": 190, ""y"": 263}, {""x"": 190, ""y"": 267}, {""x"": 192, ""y"": 265}, {""x"": 188, ""y"": 263}, {""x"": 188, ""y"": 267}]"	"[""map relation does not permit blind original-coordinate reuse""]"	True	"{""idx"": ""82"", ""name"": ""Norman"", ""method"": ""D-推算"", ""old"": ""12(157,249)"", ""new"": ""12(190,263)"", ""note"": ""班尼岛主聚落扫描(中心190,265,聚落98556格)"", ""source"": ""班尼岛主聚落扫描(中心190,265,聚落98556格)"", ""remark"": ""锚点旁空格""}"
83	Lawrence	12	"{""x"": 190, ""y"": 267}"		12	"{""x"": 131, ""y"": 225}"	variant	12	"{""x"": 187, ""y"": 267}"	pending	low	"{""old"": ""pass"", ""target"": ""pass""}"	[]	pending-review	same-store-cluster	"[""NPC/Entry/Region contains shop type"", ""shop street or same-function region""]"	"[{""x"": 187, ""y"": 267, ""score"": 0.35, ""anchor"": {""x"": 188, ""y"": 267}, ""separation"": 1}, {""x"": 188, ""y"": 262, ""score"": 0.35, ""anchor"": {""x"": 188, ""y"": 263}, ""separation"": 1}, {""x"": 188, ""y"": 264, ""score"": 0.35, ""anchor"": {""x"": 188, ""y"": 263}, ""separation"": 1}]"	NpcMover/audit-report.md	False		walkable topology candidate; manual review required	"[{""x"": 188, ""y"": 265}, {""x"": 190, ""y"": 263}, {""x"": 190, ""y"": 267}, {""x"": 192, ""y"": 265}, {""x"": 188, ""y"": 263}, {""x"": 188, ""y"": 267}]"	"[""map relation does not permit blind original-coordinate reuse""]"	True	"{""idx"": ""83"", ""name"": ""Lawrence"", ""method"": ""D-推算"", ""old"": ""12(131,225)"", ""new"": ""12(190,267)"", ""note"": ""班尼岛主聚落扫描(中心190,265,聚落98556格)"", ""source"": ""班尼岛主聚落扫描(中心190,265,聚落98556格)"", ""remark"": ""锚点旁空格""}"
84	Nancy	12	"{""x"": 192, ""y"": 265}"		12	"{""x"": 151, ""y"": 275}"	variant	12	"{""x"": 188, ""y"": 262}"	pending	low	"{""old"": ""pass"", ""target"": ""pass""}"	[]	pending-review	same-store-cluster	"[""NPC/Entry/Region contains shop type"", ""shop street or same-function region""]"	"[{""x"": 188, ""y"": 262, ""score"": 0.35, ""anchor"": {""x"": 188, ""y"": 263}, ""separation"": 1}, {""x"": 188, ""y"": 264, ""score"": 0.35, ""anchor"": {""x"": 188, ""y"": 263}, ""separation"": 1}, {""x"": 188, ""y"": 266, ""score"": 0.35, ""anchor"": {""x"": 188, ""y"": 265}, ""separation"": 1}]"	NpcMover/audit-report.md	False		walkable topology candidate; manual review required	"[{""x"": 188, ""y"": 265}, {""x"": 190, ""y"": 263}, {""x"": 190, ""y"": 267}, {""x"": 192, ""y"": 265}, {""x"": 188, ""y"": 263}, {""x"": 188, ""y"": 267}]"	"[""map relation does not permit blind original-coordinate reuse""]"	True	"{""idx"": ""84"", ""name"": ""Nancy"", ""method"": ""D-推算"", ""old"": ""12(151,275)"", ""new"": ""12(192,265)"", ""note"": ""班尼岛主聚落扫描(中心190,265,聚落98556格)"", ""source"": ""班尼岛主聚落扫描(中心190,265,聚落98556格)"", ""remark"": ""锚点旁空格""}"
85	Livingston	12	"{""x"": 188, ""y"": 263}"		12	"{""x"": 160, ""y"": 260}"	variant	12	"{""x"": 188, ""y"": 264}"	pending	low	"{""old"": ""pass"", ""target"": ""pass""}"	[]	pending-review	same-store-cluster	"[""NPC/Entry/Region contains shop type"", ""shop street or same-function region""]"	"[{""x"": 188, ""y"": 264, ""score"": 0.35, ""anchor"": {""x"": 188, ""y"": 263}, ""separation"": 1}, {""x"": 188, ""y"": 266, ""score"": 0.35, ""anchor"": {""x"": 188, ""y"": 265}, ""separation"": 1}, {""x"": 188, ""y"": 268, ""score"": 0.35, ""anchor"": {""x"": 188, ""y"": 267}, ""separation"": 1}]"	NpcMover/audit-report.md	False		walkable topology candidate; manual review required	"[{""x"": 188, ""y"": 265}, {""x"": 190, ""y"": 263}, {""x"": 190, ""y"": 267}, {""x"": 192, ""y"": 265}, {""x"": 188, ""y"": 263}, {""x"": 188, ""y"": 267}]"	"[""map relation does not permit blind original-coordinate reuse""]"	True	"{""idx"": ""85"", ""name"": ""Livingston"", ""method"": ""D-推算"", ""old"": ""12(160,260)"", ""new"": ""12(188,263)"", ""note"": ""班尼岛主聚落扫描(中心190,265,聚落98556格)"", ""source"": ""班尼岛主聚落扫描(中心190,265,聚落98556格)"", ""remark"": ""锚点旁空格""}"
86	Calla	12	"{""x"": 188, ""y"": 267}"		12	"{""x"": 156, ""y"": 279}"	variant	12	"{""x"": 188, ""y"": 266}"	pending	low	"{""old"": ""pass"", ""target"": ""pass""}"	[]	pending-review	same-store-cluster	"[""NPC/Entry/Region contains shop type"", ""shop street or same-function region""]"	"[{""x"": 188, ""y"": 266, ""score"": 0.35, ""anchor"": {""x"": 188, ""y"": 265}, ""separation"": 1}, {""x"": 188, ""y"": 268, ""score"": 0.35, ""anchor"": {""x"": 188, ""y"": 267}, ""separation"": 1}, {""x"": 189, ""y"": 263, ""score"": 0.35, ""anchor"": {""x"": 188, ""y"": 263}, ""separation"": 1}]"	NpcMover/audit-report.md	False		walkable topology candidate; manual review required	"[{""x"": 188, ""y"": 265}, {""x"": 190, ""y"": 263}, {""x"": 190, ""y"": 267}, {""x"": 192, ""y"": 265}, {""x"": 188, ""y"": 263}, {""x"": 188, ""y"": 267}]"	"[""map relation does not permit blind original-coordinate reuse""]"	True	"{""idx"": ""86"", ""name"": ""Calla"", ""method"": ""D-推算"", ""old"": ""12(156,279)"", ""new"": ""12(188,267)"", ""note"": ""班尼岛主聚落扫描(中心190,265,聚落98556格)"", ""source"": ""班尼岛主聚落扫描(中心190,265,聚落98556格)"", ""remark"": ""锚点旁空格""}"
88	Russ	0	"{""x"": 375, ""y"": 304}"	09HorseMarket_Bichon	0	"{""x"": 137, ""y"": 178}"	variant	0	"{""x"": 415, ""y"": 349}"	semantic-audit	low	"{""old"": ""pass"", ""target"": ""pass""}"	[]	pending-review	same-store-cluster	"[""NPC/Entry/Region contains shop type"", ""shop street or same-function region""]"	"[{""x"": 415, ""y"": 349, ""score"": 0.35, ""anchor"": {""x"": 414, ""y"": 349}, ""separation"": 1}, {""x"": 440, ""y"": 374, ""score"": 0.35, ""anchor"": {""x"": 441, ""y"": 374}, ""separation"": 1}, {""x"": 441, ""y"": 373, ""score"": 0.35, ""anchor"": {""x"": 441, ""y"": 374}, ""separation"": 1}]"	NpcMover/audit-report.md	False		walkable topology candidate; manual review required	"[{""x"": 414, ""y"": 349}, {""x"": 450, ""y"": 413}, {""x"": 402, ""y"": 356}, {""x"": 470, ""y"": 424}, {""x"": 480, ""y"": 407}, {""x"": 397, ""y"": 363}, {""x"": 446, ""y"": 405}, {""x"": 441, ""y"": 374}, {""x"": 375, ""y"": 304}, {""x"": 478, ""y"": 407}, {""x"": 467, ""y"": 366}]"	"[""map relation does not permit blind original-coordinate reuse""]"	True	"{""idx"": ""88"", ""name"": ""Russ"", ""method"": ""C-语义"", ""old"": ""0(137,178)"", ""new"": ""0(375,304)"", ""note"": ""义贤马市 (09HorseMarket_Bichon)"", ""source"": ""Mud3:09HorseMarket_Bichon"", ""remark"": ""义贤马市""}"
89	Hexa Holy Stone	D11031	"{""x"": 197, ""y"": 257}"		D10031	"{""x"": 199, ""y"": 257}"	variant	D11031	"{""x"": 207, ""y"": 333}"	pending	low	"{""old"": ""pass"", ""target"": ""pass""}"	[]	pending-review	town-entrance-teleporter	"[""NPC/Entry/Region contains movement/entrance type"", ""town entrance, route gate, or teleport cluster""]"	"[{""x"": 207, ""y"": 333, ""score"": -7.8, ""anchor"": {""x"": 207, ""y"": 333}, ""separation"": 84}, {""x"": 206, ""y"": 332, ""score"": -7.8, ""anchor"": {""x"": 206, ""y"": 332}, ""separation"": 82}, {""x"": 207, ""y"": 334, ""score"": -6.8, ""anchor"": {""x"": 207, ""y"": 333}, ""separation"": 85}]"	NpcMover/audit-report.md	False		walkable topology candidate; manual review required	"[{""x"": 197, ""y"": 257}, {""x"": 207, ""y"": 333}, {""x"": 206, ""y"": 332}, {""x"": 199, ""y"": 255}, {""x"": 207, ""y"": 333}, {""x"": 206, ""y"": 332}]"	"[""map relation does not permit blind original-coordinate reuse""]"	True	"{""idx"": ""89"", ""name"": ""Hexa Holy Stone"", ""method"": ""D-推算"", ""old"": ""D10031(199,257)"", ""new"": ""D11031(197,257)"", ""note"": ""潘夜神殿3层西部(Mud3:13Move_HalfTemple旁)"", ""source"": ""潘夜神殿3层西部(Mud3:13Move_HalfTemple旁)"", ""remark"": ""锚点旁空格""}"
90	Notice Board	0	"{""x"": 473, ""y"": 428}"	14Quest_Bichon2	0	"{""x"": 175, ""y"": 234}"	variant	0	"{""x"": 160, ""y"": 233}"	semantic-audit	low	"{""old"": ""pass"", ""target"": ""pass""}"	[]	pending-review	town-center-notice	"[""NPC/Entry/Region identifies notice/board"", ""town center near service cluster""]"	"[{""x"": 160, ""y"": 233, ""score"": -7.8, ""anchor"": {""x"": 160, ""y"": 233}, ""separation"": 90}, {""x"": 176, ""y"": 218, ""score"": -7.8, ""anchor"": {""x"": 176, ""y"": 218}, ""separation"": 65}, {""x"": 175, ""y"": 212, ""score"": -7.8, ""anchor"": {""x"": 175, ""y"": 212}, ""separation"": 58}]"	NpcMover/audit-report.md	False		walkable topology candidate; manual review required	"[{""x"": 176, ""y"": 218}, {""x"": 160, ""y"": 233}, {""x"": 175, ""y"": 212}, {""x"": 174, ""y"": 202}, {""x"": 173, ""y"": 156}, {""x"": 173, ""y"": 170}]"	"[""map relation does not permit blind original-coordinate reuse""]"	True	"{""idx"": ""90"", ""name"": ""Notice Board"", ""method"": ""C-语义"", ""old"": ""0(175,234)"", ""new"": ""0(473,428)"", ""note"": ""图书管理员 (14Quest_Bichon2)"", ""source"": ""Mud3:14Quest_Bichon2"", ""remark"": ""图书管理员""}"
91	Notice Board	1	"{""x"": 379, ""y"": 214}"	14Quest_DoGwan2	1	"{""x"": 185, ""y"": 174}"	variant	1	"{""x"": 177, ""y"": 297}"	semantic-audit	low	"{""old"": ""pass"", ""target"": ""pass""}"	[]	pending-review	town-center-notice	"[""NPC/Entry/Region identifies notice/board"", ""town center near service cluster""]"	"[{""x"": 177, ""y"": 297, ""score"": -7.8, ""anchor"": {""x"": 177, ""y"": 297}, ""separation"": 210}, {""x"": 171, ""y"": 192, ""score"": -7.8, ""anchor"": {""x"": 171, ""y"": 192}, ""separation"": 204}, {""x"": 379, ""y"": 125, ""score"": -7.8, ""anchor"": {""x"": 379, ""y"": 125}, ""separation"": 13}]"	NpcMover/audit-report.md	False		walkable topology candidate; manual review required	"[{""x"": 171, ""y"": 192}, {""x"": 423, ""y"": 102}, {""x"": 168, ""y"": 182}, {""x"": 182, ""y"": 159}, {""x"": 173, ""y"": 130}, {""x"": 177, ""y"": 297}, {""x"": 178, ""y"": 150}, {""x"": 394, ""y"": 124}, {""x"": 379, ""y"": 125}]"	"[""map relation does not permit blind original-coordinate reuse""]"	True	"{""idx"": ""91"", ""name"": ""Notice Board"", ""method"": ""C-语义"", ""old"": ""1(185,174)"", ""new"": ""1(379,214)"", ""note"": ""书堂玄震 (14Quest_DoGwan2)"", ""source"": ""Mud3:14Quest_DoGwan2"", ""remark"": ""书堂玄震""}"
92	Notice Board	2	"{""x"": 360, ""y"": 208}"	14Quest_SnakeVally2	2	"{""x"": 157, ""y"": 171}"	exact	2	"{""x"": 360, ""y"": 208}"	semantic-audit	low	"{""old"": ""pass"", ""target"": ""pass""}"	[]	dry-run	town-center-notice	"[""NPC/Entry/Region identifies notice/board"", ""town center near service cluster""]"	"[{""x"": 360, ""y"": 208, ""score"": 0, ""anchor"": {""x"": 360, ""y"": 208}, ""separation"": 0}]"	NpcMover/audit-report.md	False		audit target coordinate reused only for exact/renamed map relation	"[{""x"": 157, ""y"": 158}, {""x"": 150, ""y"": 159}, {""x"": 163, ""y"": 154}, {""x"": 35, ""y"": 163}, {""x"": 156, ""y"": 153}, {""x"": 160, ""y"": 151}, {""x"": 148, ""y"": 145}]"	[]	True	"{""idx"": ""92"", ""name"": ""Notice Board"", ""method"": ""C-语义"", ""old"": ""2(157,171)"", ""new"": ""2(360,208)"", ""note"": ""蛇谷老矿夫 (14Quest_SnakeVally2)"", ""source"": ""Mud3:14Quest_SnakeVally2"", ""remark"": ""蛇谷老矿夫""}"
93	Notice Board	4	"{""x"": 428, ""y"": 97}"		4	"{""x"": 153, ""y"": 137}"	exact	4	"{""x"": 428, ""y"": 97}"	pending	low	"{""old"": ""pass"", ""target"": ""pass""}"	[]	dry-run	town-center-notice	"[""NPC/Entry/Region identifies notice/board"", ""town center near service cluster""]"	"[{""x"": 428, ""y"": 97, ""score"": 0, ""anchor"": {""x"": 428, ""y"": 97}, ""separation"": 0}]"	NpcMover/audit-report.md	False		audit target coordinate reused only for exact/renamed map relation	"[{""x"": 168, ""y"": 146}, {""x"": 166, ""y"": 140}, {""x"": 170, ""y"": 147}, {""x"": 160, ""y"": 168}]"	[]	True	"{""idx"": ""93"", ""name"": ""Notice Board"", ""method"": ""D-推算"", ""old"": ""4(153,137)"", ""new"": ""4(428,97)"", ""note"": ""绿洲村聚落扫描"", ""source"": ""绿洲村聚落扫描"", ""remark"": ""锚点旁空格""}"
94	Notice Board	12	"{""x"": 192, ""y"": 263}"		12	"{""x"": 145, ""y"": 265}"	variant	12	"{""x"": 194, ""y"": 193}"	pending	low	"{""old"": ""pass"", ""target"": ""pass""}"	[]	pending-review	town-center-notice	"[""NPC/Entry/Region identifies notice/board"", ""town center near service cluster""]"	"[{""x"": 194, ""y"": 193, ""score"": -7.8, ""anchor"": {""x"": 194, ""y"": 193}, ""separation"": 72}, {""x"": 200, ""y"": 200, ""score"": -7.8, ""anchor"": {""x"": 200, ""y"": 200}, ""separation"": 71}, {""x"": 132, ""y"": 276, ""score"": -7.8, ""anchor"": {""x"": 132, ""y"": 276}, ""separation"": 64}]"	NpcMover/audit-report.md	False		walkable topology candidate; manual review required	"[{""x"": 142, ""y"": 263}, {""x"": 132, ""y"": 276}, {""x"": 173, ""y"": 270}, {""x"": 194, ""y"": 193}, {""x"": 200, ""y"": 200}]"	"[""map relation does not permit blind original-coordinate reuse""]"	True	"{""idx"": ""94"", ""name"": ""Notice Board"", ""method"": ""D-推算"", ""old"": ""12(145,265)"", ""new"": ""12(192,263)"", ""note"": ""班尼岛主聚落扫描(中心190,265,聚落98556格)"", ""source"": ""班尼岛主聚落扫描(中心190,265,聚落98556格)"", ""remark"": ""锚点旁空格""}"
95	Warrior Trainer	0	"{""x"": 447, ""y"": 444}"	15Magic_Bichon1	0	"{""x"": 180, ""y"": 223}"	variant	0	"{""x"": 174, ""y"": 202}"	semantic-audit	low	"{""old"": ""pass"", ""target"": ""pass""}"	[]	pending-review	town-center-notice	"[""NPC/Entry/Region identifies notice/board"", ""town center near service cluster""]"	"[{""x"": 174, ""y"": 202, ""score"": -7.8, ""anchor"": {""x"": 174, ""y"": 202}, ""separation"": 45}, {""x"": 175, ""y"": 212, ""score"": -7.8, ""anchor"": {""x"": 175, ""y"": 212}, ""separation"": 36}, {""x"": 176, ""y"": 218, ""score"": -7.8, ""anchor"": {""x"": 176, ""y"": 218}, ""separation"": 31}]"	NpcMover/audit-report.md	False		walkable topology candidate; manual review required	"[{""x"": 176, ""y"": 218}, {""x"": 160, ""y"": 233}, {""x"": 175, ""y"": 212}, {""x"": 174, ""y"": 202}, {""x"": 173, ""y"": 156}, {""x"": 173, ""y"": 170}]"	"[""map relation does not permit blind original-coordinate reuse""]"	True	"{""idx"": ""95"", ""name"": ""Warrior Trainer"", ""method"": ""C-语义"", ""old"": ""0(180,223)"", ""new"": ""0(447,444)"", ""note"": ""总教头 (15Magic_Bichon1)"", ""source"": ""Mud3:15Magic_Bichon1"", ""remark"": ""总教头""}"
96	Taoist Mentor	1	"{""x"": 398, ""y"": 127}"	14Doctor_DoGwan	1	"{""x"": 164, ""y"": 214}"	variant	1	"{""x"": 171, ""y"": 192}"	semantic-audit	low	"{""old"": ""pass"", ""target"": ""pass""}"	[]	pending-review	town-center-notice	"[""NPC/Entry/Region identifies notice/board"", ""town center near service cluster""]"	"[{""x"": 171, ""y"": 192, ""score"": -7.8, ""anchor"": {""x"": 171, ""y"": 192}, ""separation"": 111}, {""x"": 379, ""y"": 125, ""score"": -7.8, ""anchor"": {""x"": 379, ""y"": 125}, ""separation"": 13}, {""x"": 170, ""y"": 192, ""score"": -6.8, ""anchor"": {""x"": 171, ""y"": 192}, ""separation"": 112}]"	NpcMover/audit-report.md	False		walkable topology candidate; manual review required	"[{""x"": 171, ""y"": 192}, {""x"": 423, ""y"": 102}, {""x"": 168, ""y"": 182}, {""x"": 182, ""y"": 159}, {""x"": 173, ""y"": 130}, {""x"": 177, ""y"": 297}, {""x"": 178, ""y"": 150}, {""x"": 394, ""y"": 124}, {""x"": 379, ""y"": 125}]"	"[""map relation does not permit blind original-coordinate reuse""]"	True	"{""idx"": ""96"", ""name"": ""Taoist Mentor"", ""method"": ""C-语义"", ""old"": ""1(164,214)"", ""new"": ""1(398,127)"", ""note"": ""万事通 (14Doctor_DoGwan)"", ""source"": ""Mud3:14Doctor_DoGwan"", ""remark"": ""万事通""}"
97	Wizard Teacher	2	"{""x"": 347, ""y"": 193}"	15Magic_SnakeVally	2	"{""x"": 140, ""y"": 155}"	exact	2	"{""x"": 347, ""y"": 193}"	semantic-audit	low	"{""old"": ""pass"", ""target"": ""pass""}"	[]	dry-run	town-center-notice	"[""NPC/Entry/Region identifies notice/board"", ""town center near service cluster""]"	"[{""x"": 347, ""y"": 193, ""score"": 0, ""anchor"": {""x"": 347, ""y"": 193}, ""separation"": 0}]"	NpcMover/audit-report.md	False		audit target coordinate reused only for exact/renamed map relation	"[{""x"": 157, ""y"": 158}, {""x"": 150, ""y"": 159}, {""x"": 163, ""y"": 154}, {""x"": 35, ""y"": 163}, {""x"": 156, ""y"": 153}, {""x"": 160, ""y"": 151}, {""x"": 148, ""y"": 145}]"	[]	True	"{""idx"": ""97"", ""name"": ""Wizard Teacher"", ""method"": ""C-语义"", ""old"": ""2(140,155)"", ""new"": ""2(347,193)"", ""note"": ""断乔先生 (15Magic_SnakeVally)"", ""source"": ""Mud3:15Magic_SnakeVally"", ""remark"": ""断乔先生""}"
98	Village Elder	4	"{""x"": 426, ""y"": 97}"	15Magic_Oasis	4	"{""x"": 146, ""y"": 134}"	exact	4	"{""x"": 426, ""y"": 97}"	semantic-audit	low	"{""old"": ""pass"", ""target"": ""pass""}"	[]	dry-run	town-center-notice	"[""NPC/Entry/Region identifies notice/board"", ""town center near service cluster""]"	"[{""x"": 426, ""y"": 97, ""score"": 0, ""anchor"": {""x"": 426, ""y"": 97}, ""separation"": 0}]"	NpcMover/audit-report.md	False		audit target coordinate reused only for exact/renamed map relation	"[{""x"": 168, ""y"": 146}, {""x"": 166, ""y"": 140}, {""x"": 170, ""y"": 147}, {""x"": 160, ""y"": 168}]"	[]	True	"{""idx"": ""98"", ""name"": ""Village Elder"", ""method"": ""C-语义"", ""old"": ""4(146,134)"", ""new"": ""4(426,97)"", ""note"": ""唯我独尊 (15Magic_Oasis)"", ""source"": ""Mud3:15Magic_Oasis"", ""remark"": ""唯我独尊""}"
99	Dock Manager	12	"{""x"": 192, ""y"": 267}"		12	"{""x"": 114, ""y"": 292}"	variant	12	"{""x"": 132, ""y"": 276}"	pending	low	"{""old"": ""pass"", ""target"": ""pass""}"	[]	pending-review	town-center-notice	"[""NPC/Entry/Region identifies notice/board"", ""town center near service cluster""]"	"[{""x"": 132, ""y"": 276, ""score"": -7.8, ""anchor"": {""x"": 132, ""y"": 276}, ""separation"": 64}, {""x"": 173, ""y"": 270, ""score"": -7.8, ""anchor"": {""x"": 173, ""y"": 270}, ""separation"": 17}, {""x"": 200, ""y"": 200, ""score"": -7.8, ""anchor"": {""x"": 200, ""y"": 200}, ""separation"": 13}]"	NpcMover/audit-report.md	False		walkable topology candidate; manual review required	"[{""x"": 142, ""y"": 263}, {""x"": 132, ""y"": 276}, {""x"": 173, ""y"": 270}, {""x"": 194, ""y"": 193}, {""x"": 200, ""y"": 200}]"	"[""map relation does not permit blind original-coordinate reuse""]"	True	"{""idx"": ""99"", ""name"": ""Dock Manager"", ""method"": ""D-推算"", ""old"": ""12(114,292)"", ""new"": ""12(192,267)"", ""note"": ""班尼岛主聚落扫描(中心190,265,聚落98556格)"", ""source"": ""班尼岛主聚落扫描(中心190,265,聚落98556格)"", ""remark"": ""锚点旁空格""}"
100	Companion Manager	0	"{""x"": 389, ""y"": 396}"	14Quest_Bichon1	0	"{""x"": 172, ""y"": 229}"	variant	0	"{""x"": 176, ""y"": 218}"	semantic-audit	low	"{""old"": ""pass"", ""target"": ""pass""}"	[]	pending-review	town-safezone-service	"[""NPC/Entry/Region identifies quest/service role"", ""safe zone or task-area entrance""]"	"[{""x"": 176, ""y"": 218, ""score"": -7.8, ""anchor"": {""x"": 176, ""y"": 218}, ""separation"": 18}, {""x"": 175, ""y"": 212, ""score"": -7.15, ""anchor"": {""x"": 175, ""y"": 212}, ""separation"": 11}, {""x"": 176, ""y"": 219, ""score"": -6.8, ""anchor"": {""x"": 176, ""y"": 218}, ""separation"": 19}]"	NpcMover/audit-report.md	False		walkable topology candidate; manual review required	"[{""x"": 176, ""y"": 218}, {""x"": 160, ""y"": 233}, {""x"": 175, ""y"": 212}, {""x"": 174, ""y"": 202}, {""x"": 173, ""y"": 156}, {""x"": 173, ""y"": 170}]"	"[""map relation does not permit blind original-coordinate reuse""]"	True	"{""idx"": ""100"", ""name"": ""Companion Manager"", ""method"": ""C-语义"", ""old"": ""0(172,229)"", ""new"": ""0(389,396)"", ""note"": ""王大人 (14Quest_Bichon1)"", ""source"": ""Mud3:14Quest_Bichon1"", ""remark"": ""王大人""}"
101	Companion Manager	1	"{""x"": 403, ""y"": 132}"	14Quest_DoGwan1	1	"{""x"": 160, ""y"": 193}"	variant	1	"{""x"": 379, ""y"": 125}"	semantic-audit	low	"{""old"": ""pass"", ""target"": ""pass""}"	[]	pending-review	town-safezone-service	"[""NPC/Entry/Region identifies quest/service role"", ""safe zone or task-area entrance""]"	"[{""x"": 379, ""y"": 125, ""score"": -7.8, ""anchor"": {""x"": 379, ""y"": 125}, ""separation"": 13}, {""x"": 378, ""y"": 125, ""score"": -6.8, ""anchor"": {""x"": 379, ""y"": 125}, ""separation"": 14}, {""x"": 379, ""y"": 126, ""score"": -6.8, ""anchor"": {""x"": 379, ""y"": 125}, ""separation"": 14}]"	NpcMover/audit-report.md	False		walkable topology candidate; manual review required	"[{""x"": 171, ""y"": 192}, {""x"": 423, ""y"": 102}, {""x"": 168, ""y"": 182}, {""x"": 182, ""y"": 159}, {""x"": 173, ""y"": 130}, {""x"": 177, ""y"": 297}, {""x"": 178, ""y"": 150}, {""x"": 394, ""y"": 124}, {""x"": 379, ""y"": 125}]"	"[""map relation does not permit blind original-coordinate reuse""]"	True	"{""idx"": ""101"", ""name"": ""Companion Manager"", ""method"": ""C-语义"", ""old"": ""1(160,193)"", ""new"": ""1(403,132)"", ""note"": ""士官 (14Quest_DoGwan1)"", ""source"": ""Mud3:14Quest_DoGwan1"", ""remark"": ""士官""}"
102	Companion Manager	2	"{""x"": 322, ""y"": 223}"	14Doctor_SnakeVally	2	"{""x"": 157, ""y"": 146}"	exact	2	"{""x"": 322, ""y"": 223}"	semantic-audit	low	"{""old"": ""pass"", ""target"": ""pass""}"	[]	dry-run	town-safezone-service	"[""NPC/Entry/Region identifies quest/service role"", ""safe zone or task-area entrance""]"	"[{""x"": 322, ""y"": 223, ""score"": 0, ""anchor"": {""x"": 322, ""y"": 223}, ""separation"": 0}]"	NpcMover/audit-report.md	False		audit target coordinate reused only for exact/renamed map relation	"[{""x"": 157, ""y"": 158}, {""x"": 150, ""y"": 159}, {""x"": 163, ""y"": 154}, {""x"": 35, ""y"": 163}, {""x"": 156, ""y"": 153}, {""x"": 160, ""y"": 151}, {""x"": 148, ""y"": 145}]"	[]	True	"{""idx"": ""102"", ""name"": ""Companion Manager"", ""method"": ""C-语义"", ""old"": ""2(157,146)"", ""new"": ""2(322,223)"", ""note"": ""万事通 (14Doctor_SnakeVally)"", ""source"": ""Mud3:14Doctor_SnakeVally"", ""remark"": ""万事通""}"
103	Companion Manager	4	"{""x"": 430, ""y"": 77}"		4	"{""x"": 165, ""y"": 141}"	exact	4	"{""x"": 430, ""y"": 77}"	pending	low	"{""old"": ""pass"", ""target"": ""pass""}"	[]	dry-run	town-safezone-service	"[""NPC/Entry/Region identifies quest/service role"", ""safe zone or task-area entrance""]"	"[{""x"": 430, ""y"": 77, ""score"": 0, ""anchor"": {""x"": 430, ""y"": 77}, ""separation"": 0}]"	NpcMover/audit-report.md	False		audit target coordinate reused only for exact/renamed map relation	"[{""x"": 168, ""y"": 146}, {""x"": 166, ""y"": 140}, {""x"": 170, ""y"": 147}, {""x"": 160, ""y"": 168}]"	[]	True	"{""idx"": ""103"", ""name"": ""Companion Manager"", ""method"": ""D-推算"", ""old"": ""4(165,141)"", ""new"": ""4(430,77)"", ""note"": ""绿洲村聚落扫描"", ""source"": ""绿洲村聚落扫描"", ""remark"": ""锚点旁空格""}"
104	Companion Manager	12	"{""x"": 186, ""y"": 265}"		12	"{""x"": 128, ""y"": 266}"	variant	12	"{""x"": 173, ""y"": 270}"	pending	low	"{""old"": ""pass"", ""target"": ""pass""}"	[]	pending-review	town-safezone-service	"[""NPC/Entry/Region identifies quest/service role"", ""safe zone or task-area entrance""]"	"[{""x"": 173, ""y"": 270, ""score"": -7.8, ""anchor"": {""x"": 173, ""y"": 270}, ""separation"": 17}, {""x"": 200, ""y"": 200, ""score"": -7.8, ""anchor"": {""x"": 200, ""y"": 200}, ""separation"": 13}, {""x"": 142, ""y"": 262, ""score"": -6.8, ""anchor"": {""x"": 142, ""y"": 263}, ""separation"": 24}]"	NpcMover/audit-report.md	False		walkable topology candidate; manual review required	"[{""x"": 142, ""y"": 263}, {""x"": 132, ""y"": 276}, {""x"": 173, ""y"": 270}, {""x"": 194, ""y"": 193}, {""x"": 200, ""y"": 200}]"	"[""map relation does not permit blind original-coordinate reuse""]"	True	"{""idx"": ""104"", ""name"": ""Companion Manager"", ""method"": ""D-推算"", ""old"": ""12(128,266)"", ""new"": ""12(186,265)"", ""note"": ""班尼岛主聚落扫描(中心190,265,聚落98556格)"", ""source"": ""班尼岛主聚落扫描(中心190,265,聚落98556格)"", ""remark"": ""锚点旁空格""}"
105	Administrator	0	"{""x"": 386, ""y"": 288}"		0	"{""x"": 388, ""y"": 288}"	variant	0	"{""x"": 174, ""y"": 170}"	pending	low	"{""old"": ""pass"", ""target"": ""pass""}"	[]	pending-review	town-safezone-extra	"[""no direct Merchant anchor; preserve business category"", ""safe-zone independent walkable point""]"	"[{""x"": 174, ""y"": 170, ""score"": -6.8, ""anchor"": {""x"": 173, ""y"": 170}, ""separation"": 15}, {""x"": 173, ""y"": 172, ""score"": -5.8, ""anchor"": {""x"": 173, ""y"": 170}, ""separation"": 16}, {""x"": 174, ""y"": 171, ""score"": -5.8, ""anchor"": {""x"": 173, ""y"": 170}, ""separation"": 16}]"	NpcMover/audit-report.md	False		walkable topology candidate; manual review required	"[{""x"": 176, ""y"": 218}, {""x"": 160, ""y"": 233}, {""x"": 175, ""y"": 212}, {""x"": 174, ""y"": 202}, {""x"": 173, ""y"": 156}, {""x"": 173, ""y"": 170}]"	"[""map relation does not permit blind original-coordinate reuse""]"	True	"{""idx"": ""105"", ""name"": ""Administrator"", ""method"": ""E-避让"", ""old"": ""0(388,288)"", ""new"": ""0(386,288)"", ""note"": ""原与 [312] 结婚司仪 同格"", ""source"": ""同格避让"", ""remark"": ""与NPC312重叠,移至邻格""}"
106	Jack	2	"{""x"": 314, ""y"": 193}"	13Move_SnakeVally2	2	"{""x"": 150, ""y"": 180}"	exact	2	"{""x"": 314, ""y"": 193}"	semantic-audit	low	"{""old"": ""pass"", ""target"": ""pass""}"	[]	dry-run	town-entrance-teleporter	"[""NPC/Entry/Region contains movement/entrance type"", ""town entrance, route gate, or teleport cluster""]"	"[{""x"": 314, ""y"": 193, ""score"": 0, ""anchor"": {""x"": 314, ""y"": 193}, ""separation"": 0}]"	NpcMover/audit-report.md	False		audit target coordinate reused only for exact/renamed map relation	"[{""x"": 306, ""y"": 244}, {""x"": 189, ""y"": 155}, {""x"": 28, ""y"": 47}, {""x"": 82, ""y"": 23}, {""x"": 224, ""y"": 20}, {""x"": 258, ""y"": 68}, {""x"": 161, ""y"": 277}, {""x"": 55, ""y"": 265}, {""x"": 19, ""y"": 177}, {""x"": 354, ""y"": 33}, {""x"": 355, ""y"": 34}, {""x"": 256, ""y"": 35}, {""x"": 353, ""y"": 34}, {""x"": 354, ""y"": 35}, {""x"": 355, ""y"": 36}, {""x"": 357, ""y"": 35}, {""x"": 355, ""y"": 33}, {""x"": 356, ""y"": 34}, {""x"": 357, ""y"": 35}, {""x"": 353, ""y"": 34}]"	[]	True	"{""idx"": ""106"", ""name"": ""Jack"", ""method"": ""C-语义"", ""old"": ""2(150,180)"", ""new"": ""2(314,193)"", ""note"": ""六面神石 (13Move_SnakeVally2)"", ""source"": ""Mud3:13Move_SnakeVally2"", ""remark"": ""六面神石""}"
118	Hexa Holy Stone	8	"{""x"": 288, ""y"": 241}"	13Move_HalfNight1	8	"{""x"": 240, ""y"": 158}"	exact	8	"{""x"": 288, ""y"": 241}"	semantic-audit	low	"{""old"": ""pass"", ""target"": ""pass""}"	[]	dry-run	town-entrance-teleporter	"[""NPC/Entry/Region contains movement/entrance type"", ""town entrance, route gate, or teleport cluster""]"	"[{""x"": 288, ""y"": 241, ""score"": 0, ""anchor"": {""x"": 288, ""y"": 241}, ""separation"": 0}]"	NpcMover/audit-report.md	False		audit target coordinate reused only for exact/renamed map relation	"[{""x"": 148, ""y"": 75}, {""x"": 116, ""y"": 38}, {""x"": 371, ""y"": 260}, {""x"": 50, ""y"": 323}, {""x"": 37, ""y"": 60}, {""x"": 288, ""y"": 241}, {""x"": 416, ""y"": 553}, {""x"": 415, ""y"": 554}]"	[]	True	"{""idx"": ""118"", ""name"": ""Hexa Holy Stone"", ""method"": ""C-语义"", ""old"": ""8(240,158)"", ""new"": ""8(288,241)"", ""note"": ""六面神石 (13Move_HalfNight1)"", ""source"": ""Mud3:13Move_HalfNight1"", ""remark"": ""六面神石""}"
135	Mike	0	"{""x"": 478, ""y"": 407}"	03Shoes_Bichon	0	"{""x"": 136, ""y"": 235}"	variant	0	"{""x"": 440, ""y"": 374}"	semantic-audit	low	"{""old"": ""pass"", ""target"": ""pass""}"	[]	pending-review	same-store-cluster	"[""NPC/Entry/Region contains shop type"", ""shop street or same-function region""]"	"[{""x"": 440, ""y"": 374, ""score"": 0.35, ""anchor"": {""x"": 441, ""y"": 374}, ""separation"": 1}, {""x"": 441, ""y"": 373, ""score"": 0.35, ""anchor"": {""x"": 441, ""y"": 374}, ""separation"": 1}, {""x"": 441, ""y"": 375, ""score"": 0.35, ""anchor"": {""x"": 441, ""y"": 374}, ""separation"": 1}]"	NpcMover/audit-report.md	False		walkable topology candidate; manual review required	"[{""x"": 414, ""y"": 349}, {""x"": 450, ""y"": 413}, {""x"": 402, ""y"": 356}, {""x"": 470, ""y"": 424}, {""x"": 480, ""y"": 407}, {""x"": 397, ""y"": 363}, {""x"": 446, ""y"": 405}, {""x"": 441, ""y"": 374}, {""x"": 375, ""y"": 304}, {""x"": 478, ""y"": 407}, {""x"": 467, ""y"": 366}]"	"[""map relation does not permit blind original-coordinate reuse""]"	True	"{""idx"": ""135"", ""name"": ""Mike"", ""method"": ""C-语义"", ""old"": ""0(136,235)"", ""new"": ""0(478,407)"", ""note"": ""慧媛鞋店 (03Shoes_Bichon)"", ""source"": ""Mud3:03Shoes_Bichon"", ""remark"": ""慧媛鞋店""}"
136	Payton	4	"{""x"": 433, ""y"": 83}"		4	"{""x"": 145, ""y"": 147}"	exact	4	"{""x"": 433, ""y"": 83}"	pending	low	"{""old"": ""pass"", ""target"": ""pass""}"	[]	dry-run	same-store-cluster	"[""NPC/Entry/Region contains shop type"", ""shop street or same-function region""]"	"[{""x"": 433, ""y"": 83, ""score"": 0, ""anchor"": {""x"": 433, ""y"": 83}, ""separation"": 0}]"	NpcMover/audit-report.md	False		audit target coordinate reused only for exact/renamed map relation	"[{""x"": 424, ""y"": 97}, {""x"": 426, ""y"": 99}, {""x"": 438, ""y"": 52}, {""x"": 426, ""y"": 95}, {""x"": 470, ""y"": 67}, {""x"": 428, ""y"": 75}, {""x"": 433, ""y"": 83}]"	[]	True	"{""idx"": ""136"", ""name"": ""Payton"", ""method"": ""D-推算"", ""old"": ""4(145,147)"", ""new"": ""4(433,83)"", ""note"": ""绿洲村聚落扫描"", ""source"": ""绿洲村聚落扫描"", ""remark"": ""锚点旁空格""}"
140	Chief Yonghyeon	8	"{""x"": 231, ""y"": 260}"	06Inn_HalfNight	8	"{""x"": 256, ""y"": 132}"	exact	8	"{""x"": 231, ""y"": 260}"	semantic-audit	low	"{""old"": ""pass"", ""target"": ""pass""}"	[]	dry-run	same-store-cluster	"[""NPC/Entry/Region contains shop type"", ""shop street or same-function region""]"	"[{""x"": 231, ""y"": 260, ""score"": 0, ""anchor"": {""x"": 231, ""y"": 260}, ""separation"": 0}]"	NpcMover/audit-report.md	False		audit target coordinate reused only for exact/renamed map relation	"[{""x"": 224, ""y"": 210}, {""x"": 282, ""y"": 224}, {""x"": 253, ""y"": 291}, {""x"": 266, ""y"": 285}, {""x"": 249, ""y"": 257}]"	[]	True	"{""idx"": ""140"", ""name"": ""Chief Yonghyeon"", ""method"": ""C-语义"", ""old"": ""8(256,132)"", ""new"": ""8(231,260)"", ""note"": ""满春客栈 (06Inn_HalfNight)"", ""source"": ""Mud3:06Inn_HalfNight"", ""remark"": ""满春客栈""}"
141	14Quest_Bichon	0_003	"{""x"": 27, ""y"": 35}"	14Quest_Bichon	0_003	"{""x"": 27, ""y"": 35}"	exact	0_003	"{""x"": 27, ""y"": 35}"	exact-script-name	medium	"{""old"": ""pass"", ""target"": ""pass""}"	[]	dry-run	town-safezone-service	"[""NPC/Entry/Region identifies quest/service role"", ""safe zone or task-area entrance""]"	"[{""x"": 27, ""y"": 35, ""score"": 0, ""anchor"": {""x"": 27, ""y"": 35}, ""separation"": 0}]"	source present: docs/research/ei-ui-layout/sources/mir2ei-report-full-merchants-2026-09-25.json (318 Merchant coordinates)	True	"{""name"": ""石母"", ""map"": ""0_003"", ""x"": 27, ""y"": 35, ""script"": ""14Quest_Bichon""}"	Merchant snapshot exact script/map coordinate	"[{""x"": 27, ""y"": 35}]"	[]	True	"{""idx"": ""141"", ""name"": ""14Quest_Bichon"", ""method"": ""A-精确(已在位)"", ""old"": ""0_003(27,35)"", ""new"": ""-"", ""note"": ""Mud3,无需改动"", ""source"": ""-"", ""remark"": """"}"
142	01Meet_Kugkyung	01	"{""x"": 425, ""y"": 274}"	01Meet_Kugkyung	01	"{""x"": 425, ""y"": 274}"	exact	01	"{""x"": 425, ""y"": 274}"	exact-script-name	medium	"{""old"": ""pass"", ""target"": ""pass""}"	[]	dry-run	same-store-cluster	"[""NPC/Entry/Region contains shop type"", ""shop street or same-function region""]"	"[{""x"": 425, ""y"": 274, ""score"": 0, ""anchor"": {""x"": 425, ""y"": 274}, ""separation"": 0}]"	source present: docs/research/ei-ui-layout/sources/mir2ei-report-full-merchants-2026-09-25.json (318 Merchant coordinates)	True	"{""name"": ""肉店金老板"", ""map"": ""01"", ""x"": 425, ""y"": 274, ""script"": ""01Meet_Kugkyung""}"	Merchant snapshot exact script/map coordinate	"[{""x"": 425, ""y"": 274}]"	[]	True	"{""idx"": ""142"", ""name"": ""01Meet_Kugkyung"", ""method"": ""A-精确(已在位)"", ""old"": ""01(425,274)"", ""new"": ""-"", ""note"": ""Mud3,无需改动"", ""source"": ""-"", ""remark"": """"}"
143	02Weapon_Kugkyung	01	"{""x"": 459, ""y"": 279}"	02Weapon_Kugkyung	01	"{""x"": 459, ""y"": 279}"	exact	01	"{""x"": 459, ""y"": 279}"	exact-script-name	medium	"{""old"": ""pass"", ""target"": ""pass""}"	[]	dry-run	same-store-cluster	"[""NPC/Entry/Region contains shop type"", ""shop street or same-function region""]"	"[{""x"": 459, ""y"": 279, ""score"": 0, ""anchor"": {""x"": 459, ""y"": 279}, ""separation"": 0}]"	source present: docs/research/ei-ui-layout/sources/mir2ei-report-full-merchants-2026-09-25.json (318 Merchant coordinates)	True	"{""name"": ""德秀"", ""map"": ""01"", ""x"": 459, ""y"": 279, ""script"": ""02Weapon_Kugkyung""}"	Merchant snapshot exact script/map coordinate	"[{""x"": 425, ""y"": 274}]"	[]	True	"{""idx"": ""143"", ""name"": ""02Weapon_Kugkyung"", ""method"": ""A-精确(已在位)"", ""old"": ""01(459,279)"", ""new"": ""-"", ""note"": ""Mud3,无需改动"", ""source"": ""-"", ""remark"": """"}"
144	03Armor_Kugkyung	01	"{""x"": 442, ""y"": 296}"	03Armor_Kugkyung	01	"{""x"": 442, ""y"": 296}"	exact	01	"{""x"": 442, ""y"": 296}"	exact-script-name	medium	"{""old"": ""pass"", ""target"": ""pass""}"	[]	dry-run	same-store-cluster	"[""NPC/Entry/Region contains shop type"", ""shop street or same-function region""]"	"[{""x"": 442, ""y"": 296, ""score"": 0, ""anchor"": {""x"": 442, ""y"": 296}, ""separation"": 0}]"	source present: docs/research/ei-ui-layout/sources/mir2ei-report-full-merchants-2026-09-25.json (318 Merchant coordinates)	True	"{""name"": ""顺子"", ""map"": ""01"", ""x"": 442, ""y"": 296, ""script"": ""03Armor_Kugkyung""}"	Merchant snapshot exact script/map coordinate	"[{""x"": 425, ""y"": 274}]"	[]	True	"{""idx"": ""144"", ""name"": ""03Armor_Kugkyung"", ""method"": ""A-精确(已在位)"", ""old"": ""01(442,296)"", ""new"": ""-"", ""note"": ""Mud3,无需改动"", ""source"": ""-"", ""remark"": """"}"
145	04Potion_Kugkyung	01	"{""x"": 434, ""y"": 303}"	04Potion_Kugkyung	01	"{""x"": 434, ""y"": 303}"	exact	01	"{""x"": 434, ""y"": 303}"	exact-script-name	medium	"{""old"": ""pass"", ""target"": ""pass""}"	[]	dry-run	same-store-cluster	"[""NPC/Entry/Region contains shop type"", ""shop street or same-function region""]"	"[{""x"": 434, ""y"": 303, ""score"": 0, ""anchor"": {""x"": 434, ""y"": 303}, ""separation"": 0}]"	source present: docs/research/ei-ui-layout/sources/mir2ei-report-full-merchants-2026-09-25.json (318 Merchant coordinates)	True	"{""name"": ""尹老人"", ""map"": ""01"", ""x"": 434, ""y"": 303, ""script"": ""04Potion_Kugkyung""}"	Merchant snapshot exact script/map coordinate	"[{""x"": 425, ""y"": 274}]"	[]	True	"{""idx"": ""145"", ""name"": ""04Potion_Kugkyung"", ""method"": ""A-精确(已在位)"", ""old"": ""01(434,303)"", ""new"": ""-"", ""note"": ""Mud3,无需改动"", ""source"": ""-"", ""remark"": """"}"
146	05Book_Kugkyung	01	"{""x"": 445, ""y"": 319}"	05Book_Kugkyung	01	"{""x"": 445, ""y"": 319}"	exact	01	"{""x"": 445, ""y"": 319}"	exact-script-name	medium	"{""old"": ""pass"", ""target"": ""pass""}"	[]	dry-run	same-store-cluster	"[""NPC/Entry/Region contains shop type"", ""shop street or same-function region""]"	"[{""x"": 445, ""y"": 319, ""score"": 0, ""anchor"": {""x"": 445, ""y"": 319}, ""separation"": 0}]"	source present: docs/research/ei-ui-layout/sources/mir2ei-report-full-merchants-2026-09-25.json (318 Merchant coordinates)	True	"{""name"": ""老余"", ""map"": ""01"", ""x"": 445, ""y"": 319, ""script"": ""05Book_Kugkyung""}"	Merchant snapshot exact script/map coordinate	"[{""x"": 425, ""y"": 274}]"	[]	True	"{""idx"": ""146"", ""name"": ""05Book_Kugkyung"", ""method"": ""A-精确(已在位)"", ""old"": ""01(445,319)"", ""new"": ""-"", ""note"": ""Mud3,无需改动"", ""source"": ""-"", ""remark"": """"}"
147	06Inn_Kugkyung	01	"{""x"": 471, ""y"": 279}"	06Inn_Kugkyung	01	"{""x"": 471, ""y"": 279}"	exact	01	"{""x"": 471, ""y"": 279}"	exact-script-name	medium	"{""old"": ""pass"", ""target"": ""pass""}"	[]	dry-run	same-store-cluster	"[""NPC/Entry/Region contains shop type"", ""shop street or same-function region""]"	"[{""x"": 471, ""y"": 279, ""score"": 0, ""anchor"": {""x"": 471, ""y"": 279}, ""separation"": 0}]"	source present: docs/research/ei-ui-layout/sources/mir2ei-report-full-merchants-2026-09-25.json (318 Merchant coordinates)	True	"{""name"": ""赵老头"", ""map"": ""01"", ""x"": 471, ""y"": 279, ""script"": ""06Inn_Kugkyung""}"	Merchant snapshot exact script/map coordinate	"[{""x"": 425, ""y"": 274}]"	[]	True	"{""idx"": ""147"", ""name"": ""06Inn_Kugkyung"", ""method"": ""A-精确(已在位)"", ""old"": ""01(471,279)"", ""new"": ""-"", ""note"": ""Mud3,无需改动"", ""source"": ""-"", ""remark"": """"}"
148	07Grocery_Kugkyung	01	"{""x"": 433, ""y"": 282}"	07Grocery_Kugkyung	01	"{""x"": 433, ""y"": 282}"	exact	01	"{""x"": 433, ""y"": 282}"	exact-script-name	medium	"{""old"": ""pass"", ""target"": ""pass""}"	[]	dry-run	same-store-cluster	"[""NPC/Entry/Region contains shop type"", ""shop street or same-function region""]"	"[{""x"": 433, ""y"": 282, ""score"": 0, ""anchor"": {""x"": 433, ""y"": 282}, ""separation"": 0}]"	source present: docs/research/ei-ui-layout/sources/mir2ei-report-full-merchants-2026-09-25.json (318 Merchant coordinates)	True	"{""name"": ""地摊商人"", ""map"": ""01"", ""x"": 433, ""y"": 282, ""script"": ""07Grocery_Kugkyung""}"	Merchant snapshot exact script/map coordinate	"[{""x"": 425, ""y"": 274}]"	[]	True	"{""idx"": ""148"", ""name"": ""07Grocery_Kugkyung"", ""method"": ""A-精确(已在位)"", ""old"": ""01(433,282)"", ""new"": ""-"", ""note"": ""Mud3,无需改动"", ""source"": ""-"", ""remark"": """"}"
149	08Accessory_Kugkyung	01	"{""x"": 444, ""y"": 270}"	08Accessory_Kugkyung	01	"{""x"": 444, ""y"": 270}"	exact	01	"{""x"": 444, ""y"": 270}"	exact-script-name	medium	"{""old"": ""pass"", ""target"": ""pass""}"	[]	dry-run	same-store-cluster	"[""NPC/Entry/Region contains shop type"", ""shop street or same-function region""]"	"[{""x"": 444, ""y"": 270, ""score"": 0, ""anchor"": {""x"": 444, ""y"": 270}, ""separation"": 0}]"	source present: docs/research/ei-ui-layout/sources/mir2ei-report-full-merchants-2026-09-25.json (318 Merchant coordinates)	True	"{""name"": ""晓丽"", ""map"": ""01"", ""x"": 444, ""y"": 270, ""script"": ""08Accessory_Kugkyung""}"	Merchant snapshot exact script/map coordinate	"[{""x"": 425, ""y"": 274}]"	[]	True	"{""idx"": ""149"", ""name"": ""08Accessory_Kugkyung"", ""method"": ""A-精确(已在位)"", ""old"": ""01(444,270)"", ""new"": ""-"", ""note"": ""Mud3,无需改动"", ""source"": ""-"", ""remark"": """"}"
150	10Material_Kugkyung	01	"{""x"": 431, ""y"": 307}"	10Material_Kugkyung	01	"{""x"": 431, ""y"": 307}"	exact	01	"{""x"": 431, ""y"": 307}"	exact-script-name	medium	"{""old"": ""pass"", ""target"": ""pass""}"	[]	dry-run	same-store-cluster	"[""NPC/Entry/Region contains shop type"", ""shop street or same-function region""]"	"[{""x"": 431, ""y"": 307, ""score"": 0, ""anchor"": {""x"": 431, ""y"": 307}, ""separation"": 0}]"	source present: docs/research/ei-ui-layout/sources/mir2ei-report-full-merchants-2026-09-25.json (318 Merchant coordinates)	True	"{""name"": ""啊辉"", ""map"": ""01"", ""x"": 431, ""y"": 307, ""script"": ""10Material_Kugkyung""}"	Merchant snapshot exact script/map coordinate	"[{""x"": 425, ""y"": 274}]"	[]	True	"{""idx"": ""150"", ""name"": ""10Material_Kugkyung"", ""method"": ""A-精确(已在位)"", ""old"": ""01(431,307)"", ""new"": ""-"", ""note"": ""Mud3,无需改动"", ""source"": ""-"", ""remark"": """"}"
151	10ChestnutMarket_Kugkyung	01	"{""x"": 438, ""y"": 281}"	10ChestnutMarket_Kugkyung	01	"{""x"": 438, ""y"": 281}"	exact	01	"{""x"": 438, ""y"": 281}"	exact-script-name	medium	"{""old"": ""pass"", ""target"": ""pass""}"	[]	dry-run	town-safezone-extra	"[""no direct Merchant anchor; preserve business category"", ""safe-zone independent walkable point""]"	"[{""x"": 438, ""y"": 281, ""score"": 0, ""anchor"": {""x"": 438, ""y"": 281}, ""separation"": 0}]"	source present: docs/research/ei-ui-layout/sources/mir2ei-report-full-merchants-2026-09-25.json (318 Merchant coordinates)	True	"{""name"": ""栗子商人"", ""map"": ""01"", ""x"": 438, ""y"": 281, ""script"": ""10ChestnutMarket_Kugkyung""}"	Merchant snapshot exact script/map coordinate	"[{""x"": 459, ""y"": 261}, {""x"": 439, ""y"": 304}, {""x"": 50, ""y"": 150}, {""x"": 50, ""y"": 250}, {""x"": 150, ""y"": 150}, {""x"": 150, ""y"": 250}, {""x"": 150, ""y"": 350}, {""x"": 150, ""y"": 550}, {""x"": 250, ""y"": 50}, {""x"": 250, ""y"": 150}, {""x"": 250, ""y"": 250}, {""x"": 250, ""y"": 350}, {""x"": 250, ""y"": 450}, {""x"": 250, ""y"": 550}, {""x"": 350, ""y"": 50}, {""x"": 350, ""y"": 150}, {""x"": 350, ""y"": 450}, {""x"": 350, ""y"": 550}, {""x"": 450, ""y"": 50}, {""x"": 450, ""y"": 150}]"	[]	True	"{""idx"": ""151"", ""name"": ""10ChestnutMarket_Kugkyung"", ""method"": ""A-精确(已在位)"", ""old"": ""01(438,281)"", ""new"": ""-"", ""note"": ""Mud3,无需改动"", ""source"": ""-"", ""remark"": """"}"
152	13Move_Kugkyung1	01	"{""x"": 456, ""y"": 216}"	13Move_Kugkyung1	01	"{""x"": 456, ""y"": 216}"	exact	01	"{""x"": 456, ""y"": 216}"	exact-script-name	medium	"{""old"": ""pass"", ""target"": ""pass""}"	[]	dry-run	town-entrance-teleporter	"[""NPC/Entry/Region contains movement/entrance type"", ""town entrance, route gate, or teleport cluster""]"	"[{""x"": 456, ""y"": 216, ""score"": 0, ""anchor"": {""x"": 456, ""y"": 216}, ""separation"": 0}]"	source present: docs/research/ei-ui-layout/sources/mir2ei-report-full-merchants-2026-09-25.json (318 Merchant coordinates)	True	"{""name"": ""六面神石"", ""map"": ""01"", ""x"": 456, ""y"": 216, ""script"": ""13Move_Kugkyung1""}"	Merchant snapshot exact script/map coordinate	"[{""x"": 447, ""y"": 246}, {""x"": 446, ""y"": 247}, {""x"": 564, ""y"": 69}, {""x"": 565, ""y"": 68}, {""x"": 566, ""y"": 67}, {""x"": 563, ""y"": 68}, {""x"": 564, ""y"": 67}, {""x"": 565, ""y"": 66}, {""x"": 86, ""y"": 405}, {""x"": 87, ""y"": 406}, {""x"": 88, ""y"": 407}, {""x"": 89, ""y"": 408}, {""x"": 90, ""y"": 409}, {""x"": 91, ""y"": 410}, {""x"": 92, ""y"": 411}, {""x"": 87, ""y"": 405}, {""x"": 88, ""y"": 406}, {""x"": 89, ""y"": 407}, {""x"": 90, ""y"": 408}, {""x"": 91, ""y"": 409}]"	[]	True	"{""idx"": ""152"", ""name"": ""13Move_Kugkyung1"", ""method"": ""A-精确(已在位)"", ""old"": ""01(456,216)"", ""new"": ""-"", ""note"": ""Mud3,无需改动"", ""source"": ""-"", ""remark"": """"}"
153	13Move_Kugkyung2	01	"{""x"": 411, ""y"": 287}"	13Move_Kugkyung2	01	"{""x"": 411, ""y"": 287}"	exact	01	"{""x"": 411, ""y"": 287}"	exact-script-name	medium	"{""old"": ""pass"", ""target"": ""pass""}"	[]	dry-run	town-entrance-teleporter	"[""NPC/Entry/Region contains movement/entrance type"", ""town entrance, route gate, or teleport cluster""]"	"[{""x"": 411, ""y"": 287, ""score"": 0, ""anchor"": {""x"": 411, ""y"": 287}, ""separation"": 0}]"	source present: docs/research/ei-ui-layout/sources/mir2ei-report-full-merchants-2026-09-25.json (318 Merchant coordinates)	True	"{""name"": ""六面神石"", ""map"": ""01"", ""x"": 411, ""y"": 287, ""script"": ""13Move_Kugkyung2""}"	Merchant snapshot exact script/map coordinate	"[{""x"": 447, ""y"": 246}, {""x"": 446, ""y"": 247}, {""x"": 564, ""y"": 69}, {""x"": 565, ""y"": 68}, {""x"": 566, ""y"": 67}, {""x"": 563, ""y"": 68}, {""x"": 564, ""y"": 67}, {""x"": 565, ""y"": 66}, {""x"": 86, ""y"": 405}, {""x"": 87, ""y"": 406}, {""x"": 88, ""y"": 407}, {""x"": 89, ""y"": 408}, {""x"": 90, ""y"": 409}, {""x"": 91, ""y"": 410}, {""x"": 92, ""y"": 411}, {""x"": 87, ""y"": 405}, {""x"": 88, ""y"": 406}, {""x"": 89, ""y"": 407}, {""x"": 90, ""y"": 408}, {""x"": 91, ""y"": 409}]"	[]	True	"{""idx"": ""153"", ""name"": ""13Move_Kugkyung2"", ""method"": ""A-精确(已在位)"", ""old"": ""01(411,287)"", ""new"": ""-"", ""note"": ""Mud3,无需改动"", ""source"": ""-"", ""remark"": """"}"
154	13Move_Kugkyung3	01	"{""x"": 463, ""y"": 356}"	13Move_Kugkyung3	01	"{""x"": 463, ""y"": 356}"	exact	01	"{""x"": 463, ""y"": 356}"	exact-script-name	medium	"{""old"": ""pass"", ""target"": ""pass""}"	[]	dry-run	town-entrance-teleporter	"[""NPC/Entry/Region contains movement/entrance type"", ""town entrance, route gate, or teleport cluster""]"	"[{""x"": 463, ""y"": 356, ""score"": 0, ""anchor"": {""x"": 463, ""y"": 356}, ""separation"": 0}]"	source present: docs/research/ei-ui-layout/sources/mir2ei-report-full-merchants-2026-09-25.json (318 Merchant coordinates)	True	"{""name"": ""六面神石"", ""map"": ""01"", ""x"": 463, ""y"": 356, ""script"": ""13Move_Kugkyung3""}"	Merchant snapshot exact script/map coordinate	"[{""x"": 447, ""y"": 246}, {""x"": 446, ""y"": 247}, {""x"": 564, ""y"": 69}, {""x"": 565, ""y"": 68}, {""x"": 566, ""y"": 67}, {""x"": 563, ""y"": 68}, {""x"": 564, ""y"": 67}, {""x"": 565, ""y"": 66}, {""x"": 86, ""y"": 405}, {""x"": 87, ""y"": 406}, {""x"": 88, ""y"": 407}, {""x"": 89, ""y"": 408}, {""x"": 90, ""y"": 409}, {""x"": 91, ""y"": 410}, {""x"": 92, ""y"": 411}, {""x"": 87, ""y"": 405}, {""x"": 88, ""y"": 406}, {""x"": 89, ""y"": 407}, {""x"": 90, ""y"": 408}, {""x"": 91, ""y"": 409}]"	[]	True	"{""idx"": ""154"", ""name"": ""13Move_Kugkyung3"", ""method"": ""A-精确(已在位)"", ""old"": ""01(463,356)"", ""new"": ""-"", ""note"": ""Mud3,无需改动"", ""source"": ""-"", ""remark"": """"}"
155	14Doctor_Kugkyung	01	"{""x"": 429, ""y"": 263}"	14Doctor_Kugkyung	01	"{""x"": 429, ""y"": 263}"	exact	01	"{""x"": 429, ""y"": 263}"	exact-script-name	medium	"{""old"": ""pass"", ""target"": ""pass""}"	[]	dry-run	town-safezone-service	"[""NPC/Entry/Region identifies quest/service role"", ""safe zone or task-area entrance""]"	"[{""x"": 429, ""y"": 263, ""score"": 0, ""anchor"": {""x"": 429, ""y"": 263}, ""separation"": 0}]"	source present: docs/research/ei-ui-layout/sources/mir2ei-report-full-merchants-2026-09-25.json (318 Merchant coordinates)	True	"{""name"": ""万事通"", ""map"": ""01"", ""x"": 429, ""y"": 263, ""script"": ""14Doctor_Kugkyung""}"	Merchant snapshot exact script/map coordinate	"[{""x"": 459, ""y"": 261}, {""x"": 439, ""y"": 304}, {""x"": 50, ""y"": 150}, {""x"": 50, ""y"": 250}, {""x"": 150, ""y"": 150}, {""x"": 150, ""y"": 250}, {""x"": 150, ""y"": 350}, {""x"": 150, ""y"": 550}, {""x"": 250, ""y"": 50}, {""x"": 250, ""y"": 150}, {""x"": 250, ""y"": 250}, {""x"": 250, ""y"": 350}, {""x"": 250, ""y"": 450}, {""x"": 250, ""y"": 550}, {""x"": 350, ""y"": 50}, {""x"": 350, ""y"": 150}, {""x"": 350, ""y"": 450}, {""x"": 350, ""y"": 550}, {""x"": 450, ""y"": 50}, {""x"": 450, ""y"": 150}]"	[]	True	"{""idx"": ""155"", ""name"": ""14Doctor_Kugkyung"", ""method"": ""A-精确(已在位)"", ""old"": ""01(429,263)"", ""new"": ""-"", ""note"": ""Mud3,无需改动"", ""source"": ""-"", ""remark"": """"}"
156	14Quest_KugKyung1	01	"{""x"": 461, ""y"": 257}"	14Quest_KugKyung1	01	"{""x"": 461, ""y"": 257}"	exact	01	"{""x"": 461, ""y"": 257}"	exact-script-name	medium	"{""old"": ""pass"", ""target"": ""pass""}"	[]	dry-run	town-safezone-service	"[""NPC/Entry/Region identifies quest/service role"", ""safe zone or task-area entrance""]"	"[{""x"": 461, ""y"": 257, ""score"": 0, ""anchor"": {""x"": 461, ""y"": 257}, ""separation"": 0}]"	source present: docs/research/ei-ui-layout/sources/mir2ei-report-full-merchants-2026-09-25.json (318 Merchant coordinates)	True	"{""name"": ""上官小姐"", ""map"": ""01"", ""x"": 461, ""y"": 257, ""script"": ""14Quest_KugKyung1""}"	Merchant snapshot exact script/map coordinate	"[{""x"": 459, ""y"": 261}, {""x"": 439, ""y"": 304}, {""x"": 50, ""y"": 150}, {""x"": 50, ""y"": 250}, {""x"": 150, ""y"": 150}, {""x"": 150, ""y"": 250}, {""x"": 150, ""y"": 350}, {""x"": 150, ""y"": 550}, {""x"": 250, ""y"": 50}, {""x"": 250, ""y"": 150}, {""x"": 250, ""y"": 250}, {""x"": 250, ""y"": 350}, {""x"": 250, ""y"": 450}, {""x"": 250, ""y"": 550}, {""x"": 350, ""y"": 50}, {""x"": 350, ""y"": 150}, {""x"": 350, ""y"": 450}, {""x"": 350, ""y"": 550}, {""x"": 450, ""y"": 50}, {""x"": 450, ""y"": 150}]"	[]	True	"{""idx"": ""156"", ""name"": ""14Quest_KugKyung1"", ""method"": ""A-精确(已在位)"", ""old"": ""01(461,257)"", ""new"": ""-"", ""note"": ""Mud3,无需改动"", ""source"": ""-"", ""remark"": """"}"
157	14Quest_KugKyung2	01	"{""x"": 444, ""y"": 245}"	14Quest_KugKyung2	01	"{""x"": 444, ""y"": 245}"	exact	01	"{""x"": 444, ""y"": 245}"	exact-script-name	medium	"{""old"": ""pass"", ""target"": ""pass""}"	[]	dry-run	town-safezone-service	"[""NPC/Entry/Region identifies quest/service role"", ""safe zone or task-area entrance""]"	"[{""x"": 444, ""y"": 245, ""score"": 0, ""anchor"": {""x"": 444, ""y"": 245}, ""separation"": 0}]"	source present: docs/research/ei-ui-layout/sources/mir2ei-report-full-merchants-2026-09-25.json (318 Merchant coordinates)	True	"{""name"": ""智善"", ""map"": ""01"", ""x"": 444, ""y"": 245, ""script"": ""14Quest_KugKyung2""}"	Merchant snapshot exact script/map coordinate	"[{""x"": 459, ""y"": 261}, {""x"": 439, ""y"": 304}, {""x"": 50, ""y"": 150}, {""x"": 50, ""y"": 250}, {""x"": 150, ""y"": 150}, {""x"": 150, ""y"": 250}, {""x"": 150, ""y"": 350}, {""x"": 150, ""y"": 550}, {""x"": 250, ""y"": 50}, {""x"": 250, ""y"": 150}, {""x"": 250, ""y"": 250}, {""x"": 250, ""y"": 350}, {""x"": 250, ""y"": 450}, {""x"": 250, ""y"": 550}, {""x"": 350, ""y"": 50}, {""x"": 350, ""y"": 150}, {""x"": 350, ""y"": 450}, {""x"": 350, ""y"": 550}, {""x"": 450, ""y"": 50}, {""x"": 450, ""y"": 150}]"	[]	True	"{""idx"": ""157"", ""name"": ""14Quest_KugKyung2"", ""method"": ""A-精确(已在位)"", ""old"": ""01(444,245)"", ""new"": ""-"", ""note"": ""Mud3,无需改动"", ""source"": ""-"", ""remark"": """"}"
158	14Quest_Kugkyung3	01	"{""x"": 476, ""y"": 284}"	14Quest_Kugkyung3	01	"{""x"": 476, ""y"": 284}"	exact	01	"{""x"": 476, ""y"": 284}"	exact-script-name	medium	"{""old"": ""pass"", ""target"": ""pass""}"	[]	dry-run	town-safezone-service	"[""NPC/Entry/Region identifies quest/service role"", ""safe zone or task-area entrance""]"	"[{""x"": 476, ""y"": 284, ""score"": 0, ""anchor"": {""x"": 476, ""y"": 284}, ""separation"": 0}]"	source present: docs/research/ei-ui-layout/sources/mir2ei-report-full-merchants-2026-09-25.json (318 Merchant coordinates)	True	"{""name"": ""无名商人"", ""map"": ""01"", ""x"": 476, ""y"": 284, ""script"": ""14Quest_Kugkyung3""}"	Merchant snapshot exact script/map coordinate	"[{""x"": 459, ""y"": 261}, {""x"": 439, ""y"": 304}, {""x"": 50, ""y"": 150}, {""x"": 50, ""y"": 250}, {""x"": 150, ""y"": 150}, {""x"": 150, ""y"": 250}, {""x"": 150, ""y"": 350}, {""x"": 150, ""y"": 550}, {""x"": 250, ""y"": 50}, {""x"": 250, ""y"": 150}, {""x"": 250, ""y"": 250}, {""x"": 250, ""y"": 350}, {""x"": 250, ""y"": 450}, {""x"": 250, ""y"": 550}, {""x"": 350, ""y"": 50}, {""x"": 350, ""y"": 150}, {""x"": 350, ""y"": 450}, {""x"": 350, ""y"": 550}, {""x"": 450, ""y"": 50}, {""x"": 450, ""y"": 150}]"	[]	True	"{""idx"": ""158"", ""name"": ""14Quest_Kugkyung3"", ""method"": ""A-精确(已在位)"", ""old"": ""01(476,284)"", ""new"": ""-"", ""note"": ""Mud3,无需改动"", ""source"": ""-"", ""remark"": """"}"
159	14Quest_KugKyung	01_001	"{""x"": 17, ""y"": 16}"	14Quest_KugKyung	01_001	"{""x"": 17, ""y"": 16}"	exact	01_001	"{""x"": 17, ""y"": 16}"	exact-script-name	medium	"{""old"": ""pass"", ""target"": ""pass""}"	[]	dry-run	town-safezone-service	"[""NPC/Entry/Region identifies quest/service role"", ""safe zone or task-area entrance""]"	"[{""x"": 17, ""y"": 16, ""score"": 0, ""anchor"": {""x"": 17, ""y"": 16}, ""separation"": 0}]"	source present: docs/research/ei-ui-layout/sources/mir2ei-report-full-merchants-2026-09-25.json (318 Merchant coordinates)	True	"{""name"": ""云发"", ""map"": ""01_001"", ""x"": 17, ""y"": 16, ""script"": ""14Quest_KugKyung""}"	Merchant snapshot exact script/map coordinate	"[{""x"": 17, ""y"": 16}]"	[]	True	"{""idx"": ""159"", ""name"": ""14Quest_KugKyung"", ""method"": ""A-精确(已在位)"", ""old"": ""01_001(17,16)"", ""new"": ""-"", ""note"": ""Mud3,无需改动"", ""source"": ""-"", ""remark"": """"}"
160	15Magic_Kugkyung1	01	"{""x"": 456, ""y"": 302}"	15Magic_Kugkyung1	01	"{""x"": 456, ""y"": 302}"	exact	01	"{""x"": 456, ""y"": 302}"	exact-script-name	medium	"{""old"": ""pass"", ""target"": ""pass""}"	[]	dry-run	town-safezone-extra	"[""no direct Merchant anchor; preserve business category"", ""safe-zone independent walkable point""]"	"[{""x"": 456, ""y"": 302, ""score"": 0, ""anchor"": {""x"": 456, ""y"": 302}, ""separation"": 0}]"	source present: docs/research/ei-ui-layout/sources/mir2ei-report-full-merchants-2026-09-25.json (318 Merchant coordinates)	True	"{""name"": ""龙血先生"", ""map"": ""01"", ""x"": 456, ""y"": 302, ""script"": ""15Magic_Kugkyung1""}"	Merchant snapshot exact script/map coordinate	"[{""x"": 459, ""y"": 261}, {""x"": 439, ""y"": 304}, {""x"": 50, ""y"": 150}, {""x"": 50, ""y"": 250}, {""x"": 150, ""y"": 150}, {""x"": 150, ""y"": 250}, {""x"": 150, ""y"": 350}, {""x"": 150, ""y"": 550}, {""x"": 250, ""y"": 50}, {""x"": 250, ""y"": 150}, {""x"": 250, ""y"": 250}, {""x"": 250, ""y"": 350}, {""x"": 250, ""y"": 450}, {""x"": 250, ""y"": 550}, {""x"": 350, ""y"": 50}, {""x"": 350, ""y"": 150}, {""x"": 350, ""y"": 450}, {""x"": 350, ""y"": 550}, {""x"": 450, ""y"": 50}, {""x"": 450, ""y"": 150}]"	[]	True	"{""idx"": ""160"", ""name"": ""15Magic_Kugkyung1"", ""method"": ""A-精确(已在位)"", ""old"": ""01(456,302)"", ""new"": ""-"", ""note"": ""Mud3,无需改动"", ""source"": ""-"", ""remark"": """"}"
161	15Magic_KugKyung	01_003	"{""x"": 5, ""y"": 8}"	15Magic_KugKyung	01_003	"{""x"": 5, ""y"": 8}"	exact	01_003	"{""x"": 5, ""y"": 8}"	exact-script-name	medium	"{""old"": ""pass"", ""target"": ""pass""}"	[]	dry-run	town-safezone-extra	"[""no direct Merchant anchor; preserve business category"", ""safe-zone independent walkable point""]"	"[{""x"": 5, ""y"": 8, ""score"": 0, ""anchor"": {""x"": 5, ""y"": 8}, ""separation"": 0}]"	source present: docs/research/ei-ui-layout/sources/mir2ei-report-full-merchants-2026-09-25.json (318 Merchant coordinates)	True	"{""name"": ""龙血先生"", ""map"": ""01_003"", ""x"": 5, ""y"": 8, ""script"": ""15Magic_KugKyung""}"	Merchant snapshot exact script/map coordinate	"[{""x"": 5, ""y"": 8}, {""x"": 4, ""y"": 10}]"	[]	True	"{""idx"": ""161"", ""name"": ""15Magic_KugKyung"", ""method"": ""A-精确(已在位)"", ""old"": ""01_003(5,8)"", ""new"": ""-"", ""note"": ""Mud3,无需改动"", ""source"": ""-"", ""remark"": """"}"
162	15Magic_Kugkyung2	01	"{""x"": 104, ""y"": 203}"	15Magic_Kugkyung2	01	"{""x"": 104, ""y"": 203}"	exact	01	"{""x"": 104, ""y"": 203}"	exact-script-name	medium	"{""old"": ""pass"", ""target"": ""pass""}"	[]	dry-run	town-safezone-extra	"[""no direct Merchant anchor; preserve business category"", ""safe-zone independent walkable point""]"	"[{""x"": 104, ""y"": 203, ""score"": 0, ""anchor"": {""x"": 104, ""y"": 203}, ""separation"": 0}]"	source present: docs/research/ei-ui-layout/sources/mir2ei-report-full-merchants-2026-09-25.json (318 Merchant coordinates)	True	"{""name"": ""黄河大侠"", ""map"": ""01"", ""x"": 104, ""y"": 203, ""script"": ""15Magic_Kugkyung2""}"	Merchant snapshot exact script/map coordinate	"[{""x"": 459, ""y"": 261}, {""x"": 439, ""y"": 304}, {""x"": 50, ""y"": 150}, {""x"": 50, ""y"": 250}, {""x"": 150, ""y"": 150}, {""x"": 150, ""y"": 250}, {""x"": 150, ""y"": 350}, {""x"": 150, ""y"": 550}, {""x"": 250, ""y"": 50}, {""x"": 250, ""y"": 150}, {""x"": 250, ""y"": 250}, {""x"": 250, ""y"": 350}, {""x"": 250, ""y"": 450}, {""x"": 250, ""y"": 550}, {""x"": 350, ""y"": 50}, {""x"": 350, ""y"": 150}, {""x"": 350, ""y"": 450}, {""x"": 350, ""y"": 550}, {""x"": 450, ""y"": 50}, {""x"": 450, ""y"": 150}]"	[]	True	"{""idx"": ""162"", ""name"": ""15Magic_Kugkyung2"", ""method"": ""A-精确(已在位)"", ""old"": ""01(104,203)"", ""new"": ""-"", ""note"": ""Mud3,无需改动"", ""source"": ""-"", ""remark"": """"}"
163	17MobRush_kugkyung	01	"{""x"": 424, ""y"": 312}"	17MobRush_kugkyung	01	"{""x"": 424, ""y"": 312}"	exact	01	"{""x"": 424, ""y"": 312}"	exact-script-name	medium	"{""old"": ""pass"", ""target"": ""pass""}"	[]	dry-run	town-safezone-extra	"[""no direct Merchant anchor; preserve business category"", ""safe-zone independent walkable point""]"	"[{""x"": 424, ""y"": 312, ""score"": 0, ""anchor"": {""x"": 424, ""y"": 312}, ""separation"": 0}]"	source present: docs/research/ei-ui-layout/sources/mir2ei-report-full-merchants-2026-09-25.json (318 Merchant coordinates)	True	"{""name"": ""满多"", ""map"": ""01"", ""x"": 424, ""y"": 312, ""script"": ""17MobRush_kugkyung""}"	Merchant snapshot exact script/map coordinate	"[{""x"": 459, ""y"": 261}, {""x"": 439, ""y"": 304}, {""x"": 50, ""y"": 150}, {""x"": 50, ""y"": 250}, {""x"": 150, ""y"": 150}, {""x"": 150, ""y"": 250}, {""x"": 150, ""y"": 350}, {""x"": 150, ""y"": 550}, {""x"": 250, ""y"": 50}, {""x"": 250, ""y"": 150}, {""x"": 250, ""y"": 250}, {""x"": 250, ""y"": 350}, {""x"": 250, ""y"": 450}, {""x"": 250, ""y"": 550}, {""x"": 350, ""y"": 50}, {""x"": 350, ""y"": 150}, {""x"": 350, ""y"": 450}, {""x"": 350, ""y"": 550}, {""x"": 450, ""y"": 50}, {""x"": 450, ""y"": 150}]"	[]	True	"{""idx"": ""163"", ""name"": ""17MobRush_kugkyung"", ""method"": ""A-精确(已在位)"", ""old"": ""01(424,312)"", ""new"": ""-"", ""note"": ""Mud3,无需改动"", ""source"": ""-"", ""remark"": """"}"
164	09CancleWeapon	01	"{""x"": 422, ""y"": 262}"	09CancleWeapon	01	"{""x"": 422, ""y"": 262}"	exact	01	"{""x"": 422, ""y"": 262}"	exact-script-name	medium	"{""old"": ""pass"", ""target"": ""pass""}"	[]	dry-run	same-store-cluster	"[""NPC/Entry/Region contains shop type"", ""shop street or same-function region""]"	"[{""x"": 422, ""y"": 262, ""score"": 0, ""anchor"": {""x"": 422, ""y"": 262}, ""separation"": 0}]"	source present: docs/research/ei-ui-layout/sources/mir2ei-report-full-merchants-2026-09-25.json (318 Merchant coordinates)	True	"{""name"": ""啊彬"", ""map"": ""01"", ""x"": 422, ""y"": 262, ""script"": ""09CancleWeapon""}"	Merchant snapshot exact script/map coordinate	"[{""x"": 425, ""y"": 274}]"	[]	True	"{""idx"": ""164"", ""name"": ""09CancleWeapon"", ""method"": ""A-精确(已在位)"", ""old"": ""01(422,262)"", ""new"": ""-"", ""note"": ""Mud3,无需改动"", ""source"": ""-"", ""remark"": """"}"
165	01Meet_Eunhang	02	"{""x"": 228, ""y"": 194}"	01Meet_Eunhang	02	"{""x"": 228, ""y"": 194}"	exact	02	"{""x"": 228, ""y"": 194}"	exact-script-name	medium	"{""old"": ""pass"", ""target"": ""pass""}"	[]	dry-run	town-safezone-extra	"[""no direct Merchant anchor; preserve business category"", ""safe-zone independent walkable point""]"	"[{""x"": 228, ""y"": 194, ""score"": 0, ""anchor"": {""x"": 228, ""y"": 194}, ""separation"": 0}]"	source present: docs/research/ei-ui-layout/sources/mir2ei-report-full-merchants-2026-09-25.json (318 Merchant coordinates)	True	"{""name"": ""许氏"", ""map"": ""02"", ""x"": 228, ""y"": 194, ""script"": ""01Meet_Eunhang""}"	Merchant snapshot exact script/map coordinate	"[{""x"": 265, ""y"": 207}, {""x"": 247, ""y"": 199}, {""x"": 50, ""y"": 150}, {""x"": 50, ""y"": 250}, {""x"": 150, ""y"": 150}, {""x"": 150, ""y"": 250}, {""x"": 150, ""y"": 350}, {""x"": 150, ""y"": 550}, {""x"": 250, ""y"": 50}, {""x"": 250, ""y"": 150}, {""x"": 250, ""y"": 250}, {""x"": 250, ""y"": 350}, {""x"": 250, ""y"": 450}, {""x"": 250, ""y"": 550}, {""x"": 350, ""y"": 50}, {""x"": 350, ""y"": 150}, {""x"": 350, ""y"": 450}, {""x"": 350, ""y"": 550}, {""x"": 450, ""y"": 50}, {""x"": 450, ""y"": 150}]"	[]	True	"{""idx"": ""165"", ""name"": ""01Meet_Eunhang"", ""method"": ""A-精确(已在位)"", ""old"": ""02(228,194)"", ""new"": ""-"", ""note"": ""Mud3,无需改动"", ""source"": ""-"", ""remark"": """"}"
166	02Weapon_Eunhang	02	"{""x"": 284, ""y"": 197}"	02Weapon_Eunhang	02	"{""x"": 284, ""y"": 197}"	exact	02	"{""x"": 284, ""y"": 197}"	exact-script-name	medium	"{""old"": ""pass"", ""target"": ""pass""}"	[]	dry-run	same-store-cluster	"[""NPC/Entry/Region contains shop type"", ""shop street or same-function region""]"	"[{""x"": 284, ""y"": 197, ""score"": 0, ""anchor"": {""x"": 284, ""y"": 197}, ""separation"": 0}]"	source present: docs/research/ei-ui-layout/sources/mir2ei-report-full-merchants-2026-09-25.json (318 Merchant coordinates)	True	"{""name"": ""铁匠师傅"", ""map"": ""02"", ""x"": 284, ""y"": 197, ""script"": ""02Weapon_Eunhang""}"	Merchant snapshot exact script/map coordinate	"[{""x"": 260, ""y"": 177}, {""x"": 250, ""y"": 189}]"	[]	True	"{""idx"": ""166"", ""name"": ""02Weapon_Eunhang"", ""method"": ""A-精确(已在位)"", ""old"": ""02(284,197)"", ""new"": ""-"", ""note"": ""Mud3,无需改动"", ""source"": ""-"", ""remark"": """"}"
167	03Armor_Eunhang	02	"{""x"": 260, ""y"": 177}"	03Armor_Eunhang	02	"{""x"": 260, ""y"": 177}"	exact	02	"{""x"": 260, ""y"": 177}"	exact-script-name	medium	"{""old"": ""pass"", ""target"": ""pass""}"	[]	dry-run	same-store-cluster	"[""NPC/Entry/Region contains shop type"", ""shop street or same-function region""]"	"[{""x"": 260, ""y"": 177, ""score"": 0, ""anchor"": {""x"": 260, ""y"": 177}, ""separation"": 0}]"	source present: docs/research/ei-ui-layout/sources/mir2ei-report-full-merchants-2026-09-25.json (318 Merchant coordinates)	True	"{""name"": ""布店晓芙"", ""map"": ""02"", ""x"": 260, ""y"": 177, ""script"": ""03Armor_Eunhang""}"	Merchant snapshot exact script/map coordinate	"[{""x"": 260, ""y"": 177}, {""x"": 250, ""y"": 189}]"	[]	True	"{""idx"": ""167"", ""name"": ""03Armor_Eunhang"", ""method"": ""A-精确(已在位)"", ""old"": ""02(260,177)"", ""new"": ""-"", ""note"": ""Mud3,无需改动"", ""source"": ""-"", ""remark"": """"}"
168	04Potion_Eunhang	02	"{""x"": 273, ""y"": 189}"	04Potion_Eunhang	02	"{""x"": 273, ""y"": 189}"	exact	02	"{""x"": 273, ""y"": 189}"	exact-script-name	medium	"{""old"": ""pass"", ""target"": ""pass""}"	[]	dry-run	same-store-cluster	"[""NPC/Entry/Region contains shop type"", ""shop street or same-function region""]"	"[{""x"": 273, ""y"": 189, ""score"": 0, ""anchor"": {""x"": 273, ""y"": 189}, ""separation"": 0}]"	source present: docs/research/ei-ui-layout/sources/mir2ei-report-full-merchants-2026-09-25.json (318 Merchant coordinates)	True	"{""name"": ""许中医"", ""map"": ""02"", ""x"": 273, ""y"": 189, ""script"": ""04Potion_Eunhang""}"	Merchant snapshot exact script/map coordinate	"[{""x"": 260, ""y"": 177}, {""x"": 250, ""y"": 189}]"	[]	True	"{""idx"": ""168"", ""name"": ""04Potion_Eunhang"", ""method"": ""A-精确(已在位)"", ""old"": ""02(273,189)"", ""new"": ""-"", ""note"": ""Mud3,无需改动"", ""source"": ""-"", ""remark"": """"}"
169	04PotionMake_Euhang	02	"{""x"": 272, ""y"": 189}"	04PotionMake_Euhang	02	"{""x"": 272, ""y"": 189}"	exact	02	"{""x"": 272, ""y"": 189}"	exact-script-name	medium	"{""old"": ""pass"", ""target"": ""pass""}"	[]	dry-run	same-store-cluster	"[""NPC/Entry/Region contains shop type"", ""shop street or same-function region""]"	"[{""x"": 272, ""y"": 189, ""score"": 0, ""anchor"": {""x"": 272, ""y"": 189}, ""separation"": 0}]"	source present: docs/research/ei-ui-layout/sources/mir2ei-report-full-merchants-2026-09-25.json (318 Merchant coordinates)	True	"{""name"": ""药剂师"", ""map"": ""02"", ""x"": 272, ""y"": 189, ""script"": ""04PotionMake_Euhang""}"	Merchant snapshot exact script/map coordinate	"[{""x"": 260, ""y"": 177}, {""x"": 250, ""y"": 189}]"	[]	True	"{""idx"": ""169"", ""name"": ""04PotionMake_Euhang"", ""method"": ""A-精确(已在位)"", ""old"": ""02(272,189)"", ""new"": ""-"", ""note"": ""Mud3,无需改动"", ""source"": ""-"", ""remark"": """"}"
170	05Book_Eunhang	02	"{""x"": 233, ""y"": 222}"	05Book_Eunhang	02	"{""x"": 233, ""y"": 222}"	exact	02	"{""x"": 233, ""y"": 222}"	exact-script-name	medium	"{""old"": ""pass"", ""target"": ""pass""}"	[]	dry-run	same-store-cluster	"[""NPC/Entry/Region contains shop type"", ""shop street or same-function region""]"	"[{""x"": 233, ""y"": 222, ""score"": 0, ""anchor"": {""x"": 233, ""y"": 222}, ""separation"": 0}]"	source present: docs/research/ei-ui-layout/sources/mir2ei-report-full-merchants-2026-09-25.json (318 Merchant coordinates)	True	"{""name"": ""才石"", ""map"": ""02"", ""x"": 233, ""y"": 222, ""script"": ""05Book_Eunhang""}"	Merchant snapshot exact script/map coordinate	"[{""x"": 260, ""y"": 177}, {""x"": 250, ""y"": 189}]"	[]	True	"{""idx"": ""170"", ""name"": ""05Book_Eunhang"", ""method"": ""A-精确(已在位)"", ""old"": ""02(233,222)"", ""new"": ""-"", ""note"": ""Mud3,无需改动"", ""source"": ""-"", ""remark"": """"}"
171	06Inn_Eunhang	02	"{""x"": 250, ""y"": 190}"	06Inn_Eunhang	02	"{""x"": 250, ""y"": 190}"	exact	02	"{""x"": 250, ""y"": 190}"	exact-script-name	medium	"{""old"": ""pass"", ""target"": ""pass""}"	[]	dry-run	same-store-cluster	"[""NPC/Entry/Region contains shop type"", ""shop street or same-function region""]"	"[{""x"": 250, ""y"": 190, ""score"": 0, ""anchor"": {""x"": 250, ""y"": 190}, ""separation"": 0}]"	source present: docs/research/ei-ui-layout/sources/mir2ei-report-full-merchants-2026-09-25.json (318 Merchant coordinates)	True	"{""name"": ""啊雯"", ""map"": ""02"", ""x"": 250, ""y"": 190, ""script"": ""06Inn_Eunhang""}"	Merchant snapshot exact script/map coordinate	"[{""x"": 260, ""y"": 177}, {""x"": 250, ""y"": 189}]"	[]	True	"{""idx"": ""171"", ""name"": ""06Inn_Eunhang"", ""method"": ""A-精确(已在位)"", ""old"": ""02(250,190)"", ""new"": ""-"", ""note"": ""Mud3,无需改动"", ""source"": ""-"", ""remark"": """"}"
172	07Grocery_Eunhang	02	"{""x"": 236, ""y"": 205}"	07Grocery_Eunhang	02	"{""x"": 236, ""y"": 205}"	exact	02	"{""x"": 236, ""y"": 205}"	exact-script-name	medium	"{""old"": ""pass"", ""target"": ""pass""}"	[]	dry-run	same-store-cluster	"[""NPC/Entry/Region contains shop type"", ""shop street or same-function region""]"	"[{""x"": 236, ""y"": 205, ""score"": 0, ""anchor"": {""x"": 236, ""y"": 205}, ""separation"": 0}]"	source present: docs/research/ei-ui-layout/sources/mir2ei-report-full-merchants-2026-09-25.json (318 Merchant coordinates)	True	"{""name"": ""地摊老周"", ""map"": ""02"", ""x"": 236, ""y"": 205, ""script"": ""07Grocery_Eunhang""}"	Merchant snapshot exact script/map coordinate	"[{""x"": 260, ""y"": 177}, {""x"": 250, ""y"": 189}]"	[]	True	"{""idx"": ""172"", ""name"": ""07Grocery_Eunhang"", ""method"": ""A-精确(已在位)"", ""old"": ""02(236,205)"", ""new"": ""-"", ""note"": ""Mud3,无需改动"", ""source"": ""-"", ""remark"": """"}"
173	08Accessory_Eunhang	02	"{""x"": 275, ""y"": 222}"	08Accessory_Eunhang	02	"{""x"": 275, ""y"": 222}"	exact	02	"{""x"": 275, ""y"": 222}"	exact-script-name	medium	"{""old"": ""pass"", ""target"": ""pass""}"	[]	dry-run	same-store-cluster	"[""NPC/Entry/Region contains shop type"", ""shop street or same-function region""]"	"[{""x"": 275, ""y"": 222, ""score"": 0, ""anchor"": {""x"": 275, ""y"": 222}, ""separation"": 0}]"	source present: docs/research/ei-ui-layout/sources/mir2ei-report-full-merchants-2026-09-25.json (318 Merchant coordinates)	True	"{""name"": ""晓兰"", ""map"": ""02"", ""x"": 275, ""y"": 222, ""script"": ""08Accessory_Eunhang""}"	Merchant snapshot exact script/map coordinate	"[{""x"": 260, ""y"": 177}, {""x"": 250, ""y"": 189}]"	[]	True	"{""idx"": ""173"", ""name"": ""08Accessory_Eunhang"", ""method"": ""A-精确(已在位)"", ""old"": ""02(275,222)"", ""new"": ""-"", ""note"": ""Mud3,无需改动"", ""source"": ""-"", ""remark"": """"}"
174	10Material_Eunhang	02	"{""x"": 269, ""y"": 186}"	10Material_Eunhang	02	"{""x"": 269, ""y"": 186}"	exact	02	"{""x"": 269, ""y"": 186}"	exact-script-name	medium	"{""old"": ""pass"", ""target"": ""pass""}"	[]	dry-run	same-store-cluster	"[""NPC/Entry/Region contains shop type"", ""shop street or same-function region""]"	"[{""x"": 269, ""y"": 186, ""score"": 0, ""anchor"": {""x"": 269, ""y"": 186}, ""separation"": 0}]"	source present: docs/research/ei-ui-layout/sources/mir2ei-report-full-merchants-2026-09-25.json (318 Merchant coordinates)	True	"{""name"": ""啊勋"", ""map"": ""02"", ""x"": 269, ""y"": 186, ""script"": ""10Material_Eunhang""}"	Merchant snapshot exact script/map coordinate	"[{""x"": 260, ""y"": 177}, {""x"": 250, ""y"": 189}]"	[]	True	"{""idx"": ""174"", ""name"": ""10Material_Eunhang"", ""method"": ""A-精确(已在位)"", ""old"": ""02(269,186)"", ""new"": ""-"", ""note"": ""Mud3,无需改动"", ""source"": ""-"", ""remark"": """"}"
175	10ChestnutMarket_Eunhang	02	"{""x"": 260, ""y"": 205}"	10ChestnutMarket_Eunhang	02	"{""x"": 260, ""y"": 205}"	exact	02	"{""x"": 260, ""y"": 205}"	exact-script-name	medium	"{""old"": ""pass"", ""target"": ""pass""}"	[]	dry-run	town-safezone-extra	"[""no direct Merchant anchor; preserve business category"", ""safe-zone independent walkable point""]"	"[{""x"": 260, ""y"": 205, ""score"": 0, ""anchor"": {""x"": 260, ""y"": 205}, ""separation"": 0}]"	source present: docs/research/ei-ui-layout/sources/mir2ei-report-full-merchants-2026-09-25.json (318 Merchant coordinates)	True	"{""name"": ""栗子商人"", ""map"": ""02"", ""x"": 260, ""y"": 205, ""script"": ""10ChestnutMarket_Eunhang""}"	Merchant snapshot exact script/map coordinate	"[{""x"": 265, ""y"": 207}, {""x"": 247, ""y"": 199}, {""x"": 50, ""y"": 150}, {""x"": 50, ""y"": 250}, {""x"": 150, ""y"": 150}, {""x"": 150, ""y"": 250}, {""x"": 150, ""y"": 350}, {""x"": 150, ""y"": 550}, {""x"": 250, ""y"": 50}, {""x"": 250, ""y"": 150}, {""x"": 250, ""y"": 250}, {""x"": 250, ""y"": 350}, {""x"": 250, ""y"": 450}, {""x"": 250, ""y"": 550}, {""x"": 350, ""y"": 50}, {""x"": 350, ""y"": 150}, {""x"": 350, ""y"": 450}, {""x"": 350, ""y"": 550}, {""x"": 450, ""y"": 50}, {""x"": 450, ""y"": 150}]"	[]	True	"{""idx"": ""175"", ""name"": ""10ChestnutMarket_Eunhang"", ""method"": ""A-精确(已在位)"", ""old"": ""02(260,205)"", ""new"": ""-"", ""note"": ""Mud3,无需改动"", ""source"": ""-"", ""remark"": """"}"
176	13Move_Eunhang	02	"{""x"": 249, ""y"": 144}"	13Move_Eunhang	02	"{""x"": 249, ""y"": 144}"	exact	02	"{""x"": 249, ""y"": 144}"	exact-script-name	medium	"{""old"": ""pass"", ""target"": ""pass""}"	[]	dry-run	town-entrance-teleporter	"[""NPC/Entry/Region contains movement/entrance type"", ""town entrance, route gate, or teleport cluster""]"	"[{""x"": 249, ""y"": 144, ""score"": 0, ""anchor"": {""x"": 249, ""y"": 144}, ""separation"": 0}]"	source present: docs/research/ei-ui-layout/sources/mir2ei-report-full-merchants-2026-09-25.json (318 Merchant coordinates)	True	"{""name"": ""六面神石"", ""map"": ""02"", ""x"": 249, ""y"": 144, ""script"": ""13Move_Eunhang""}"	Merchant snapshot exact script/map coordinate	"[{""x"": 30, ""y"": 452}, {""x"": 29, ""y"": 453}, {""x"": 28, ""y"": 454}, {""x"": 27, ""y"": 455}, {""x"": 29, ""y"": 452}, {""x"": 28, ""y"": 453}, {""x"": 27, ""y"": 454}, {""x"": 26, ""y"": 455}, {""x"": 483, ""y"": 322}, {""x"": 481, ""y"": 324}, {""x"": 481, ""y"": 324}, {""x"": 281, ""y"": 73}, {""x"": 280, ""y"": 74}, {""x"": 346, ""y"": 120}, {""x"": 345, ""y"": 121}, {""x"": 129, ""y"": 157}, {""x"": 128, ""y"": 158}, {""x"": 247, ""y"": 144}, {""x"": 26, ""y"": 455}, {""x"": 28, ""y"": 455}]"	[]	True	"{""idx"": ""176"", ""name"": ""13Move_Eunhang"", ""method"": ""A-精确(已在位)"", ""old"": ""02(249,144)"", ""new"": ""-"", ""note"": ""Mud3,无需改动"", ""source"": ""-"", ""remark"": """"}"
177	14Doctor_Eunhang	02	"{""x"": 264, ""y"": 195}"	14Doctor_Eunhang	02	"{""x"": 264, ""y"": 195}"	exact	02	"{""x"": 264, ""y"": 195}"	exact-script-name	medium	"{""old"": ""pass"", ""target"": ""pass""}"	[]	dry-run	town-safezone-service	"[""NPC/Entry/Region identifies quest/service role"", ""safe zone or task-area entrance""]"	"[{""x"": 264, ""y"": 195, ""score"": 0, ""anchor"": {""x"": 264, ""y"": 195}, ""separation"": 0}]"	source present: docs/research/ei-ui-layout/sources/mir2ei-report-full-merchants-2026-09-25.json (318 Merchant coordinates)	True	"{""name"": ""万事通"", ""map"": ""02"", ""x"": 264, ""y"": 195, ""script"": ""14Doctor_Eunhang""}"	Merchant snapshot exact script/map coordinate	"[{""x"": 265, ""y"": 207}, {""x"": 247, ""y"": 199}, {""x"": 50, ""y"": 150}, {""x"": 50, ""y"": 250}, {""x"": 150, ""y"": 150}, {""x"": 150, ""y"": 250}, {""x"": 150, ""y"": 350}, {""x"": 150, ""y"": 550}, {""x"": 250, ""y"": 50}, {""x"": 250, ""y"": 150}, {""x"": 250, ""y"": 250}, {""x"": 250, ""y"": 350}, {""x"": 250, ""y"": 450}, {""x"": 250, ""y"": 550}, {""x"": 350, ""y"": 50}, {""x"": 350, ""y"": 150}, {""x"": 350, ""y"": 450}, {""x"": 350, ""y"": 550}, {""x"": 450, ""y"": 50}, {""x"": 450, ""y"": 150}]"	[]	True	"{""idx"": ""177"", ""name"": ""14Doctor_Eunhang"", ""method"": ""A-精确(已在位)"", ""old"": ""02(264,195)"", ""new"": ""-"", ""note"": ""Mud3,无需改动"", ""source"": ""-"", ""remark"": """"}"
178	14Quest_Euhang	02	"{""x"": 264, ""y"": 201}"	14Quest_Euhang	02	"{""x"": 264, ""y"": 201}"	exact	02	"{""x"": 264, ""y"": 201}"	exact-script-name	medium	"{""old"": ""pass"", ""target"": ""pass""}"	[]	dry-run	town-safezone-service	"[""NPC/Entry/Region identifies quest/service role"", ""safe zone or task-area entrance""]"	"[{""x"": 264, ""y"": 201, ""score"": 0, ""anchor"": {""x"": 264, ""y"": 201}, ""separation"": 0}]"	source present: docs/research/ei-ui-layout/sources/mir2ei-report-full-merchants-2026-09-25.json (318 Merchant coordinates)	True	"{""name"": ""南宫小姐"", ""map"": ""02"", ""x"": 264, ""y"": 201, ""script"": ""14Quest_Euhang""}"	Merchant snapshot exact script/map coordinate	"[{""x"": 265, ""y"": 207}, {""x"": 247, ""y"": 199}, {""x"": 50, ""y"": 150}, {""x"": 50, ""y"": 250}, {""x"": 150, ""y"": 150}, {""x"": 150, ""y"": 250}, {""x"": 150, ""y"": 350}, {""x"": 150, ""y"": 550}, {""x"": 250, ""y"": 50}, {""x"": 250, ""y"": 150}, {""x"": 250, ""y"": 250}, {""x"": 250, ""y"": 350}, {""x"": 250, ""y"": 450}, {""x"": 250, ""y"": 550}, {""x"": 350, ""y"": 50}, {""x"": 350, ""y"": 150}, {""x"": 350, ""y"": 450}, {""x"": 350, ""y"": 550}, {""x"": 450, ""y"": 50}, {""x"": 450, ""y"": 150}]"	[]	True	"{""idx"": ""178"", ""name"": ""14Quest_Euhang"", ""method"": ""A-精确(已在位)"", ""old"": ""02(264,201)"", ""new"": ""-"", ""note"": ""Mud3,无需改动"", ""source"": ""-"", ""remark"": """"}"
179	15Magic_Eunhang1	02	"{""x"": 265, ""y"": 145}"	15Magic_Eunhang1	02	"{""x"": 265, ""y"": 145}"	exact	02	"{""x"": 265, ""y"": 145}"	exact-script-name	medium	"{""old"": ""pass"", ""target"": ""pass""}"	[]	dry-run	town-safezone-extra	"[""no direct Merchant anchor; preserve business category"", ""safe-zone independent walkable point""]"	"[{""x"": 265, ""y"": 145, ""score"": 0, ""anchor"": {""x"": 265, ""y"": 145}, ""separation"": 0}]"	source present: docs/research/ei-ui-layout/sources/mir2ei-report-full-merchants-2026-09-25.json (318 Merchant coordinates)	True	"{""name"": ""霹雳尊者"", ""map"": ""02"", ""x"": 265, ""y"": 145, ""script"": ""15Magic_Eunhang1""}"	Merchant snapshot exact script/map coordinate	"[{""x"": 265, ""y"": 207}, {""x"": 247, ""y"": 199}, {""x"": 50, ""y"": 150}, {""x"": 50, ""y"": 250}, {""x"": 150, ""y"": 150}, {""x"": 150, ""y"": 250}, {""x"": 150, ""y"": 350}, {""x"": 150, ""y"": 550}, {""x"": 250, ""y"": 50}, {""x"": 250, ""y"": 150}, {""x"": 250, ""y"": 250}, {""x"": 250, ""y"": 350}, {""x"": 250, ""y"": 450}, {""x"": 250, ""y"": 550}, {""x"": 350, ""y"": 50}, {""x"": 350, ""y"": 150}, {""x"": 350, ""y"": 450}, {""x"": 350, ""y"": 550}, {""x"": 450, ""y"": 50}, {""x"": 450, ""y"": 150}]"	[]	True	"{""idx"": ""179"", ""name"": ""15Magic_Eunhang1"", ""method"": ""A-精确(已在位)"", ""old"": ""02(265,145)"", ""new"": ""-"", ""note"": ""Mud3,无需改动"", ""source"": ""-"", ""remark"": """"}"
180	15Magic_Eunhang2	02	"{""x"": 353, ""y"": 212}"	15Magic_Eunhang2	02	"{""x"": 353, ""y"": 212}"	exact	02	"{""x"": 353, ""y"": 212}"	exact-script-name	medium	"{""old"": ""pass"", ""target"": ""pass""}"	[]	dry-run	town-safezone-extra	"[""no direct Merchant anchor; preserve business category"", ""safe-zone independent walkable point""]"	"[{""x"": 353, ""y"": 212, ""score"": 0, ""anchor"": {""x"": 353, ""y"": 212}, ""separation"": 0}]"	source present: docs/research/ei-ui-layout/sources/mir2ei-report-full-merchants-2026-09-25.json (318 Merchant coordinates)	True	"{""name"": ""化天先生"", ""map"": ""02"", ""x"": 353, ""y"": 212, ""script"": ""15Magic_Eunhang2""}"	Merchant snapshot exact script/map coordinate	"[{""x"": 265, ""y"": 207}, {""x"": 247, ""y"": 199}, {""x"": 50, ""y"": 150}, {""x"": 50, ""y"": 250}, {""x"": 150, ""y"": 150}, {""x"": 150, ""y"": 250}, {""x"": 150, ""y"": 350}, {""x"": 150, ""y"": 550}, {""x"": 250, ""y"": 50}, {""x"": 250, ""y"": 150}, {""x"": 250, ""y"": 250}, {""x"": 250, ""y"": 350}, {""x"": 250, ""y"": 450}, {""x"": 250, ""y"": 550}, {""x"": 350, ""y"": 50}, {""x"": 350, ""y"": 150}, {""x"": 350, ""y"": 450}, {""x"": 350, ""y"": 550}, {""x"": 450, ""y"": 50}, {""x"": 450, ""y"": 150}]"	[]	True	"{""idx"": ""180"", ""name"": ""15Magic_Eunhang2"", ""method"": ""A-精确(已在位)"", ""old"": ""02(353,212)"", ""new"": ""-"", ""note"": ""Mud3,无需改动"", ""source"": ""-"", ""remark"": """"}"
181	15Magic_Euhang	02_001	"{""x"": 5, ""y"": 8}"	15Magic_Euhang	02_001	"{""x"": 5, ""y"": 8}"	exact	02_001	"{""x"": 5, ""y"": 8}"	exact-script-name-map	medium	"{""old"": ""pass"", ""target"": ""pass""}"	[]	dry-run	town-safezone-extra	"[""no direct Merchant anchor; preserve business category"", ""safe-zone independent walkable point""]"	"[{""x"": 5, ""y"": 8, ""score"": 0, ""anchor"": {""x"": 5, ""y"": 8}, ""separation"": 0}]"	source present: docs/research/ei-ui-layout/sources/mir2ei-report-full-merchants-2026-09-25.json (318 Merchant coordinates)	True	"{""name"": ""霹雳尊者"", ""map"": ""02_001"", ""x"": 5, ""y"": 8, ""script"": ""15Magic_Euhang""}"	Merchant snapshot exact script/map coordinate	"[{""x"": 5, ""y"": 8}]"	[]	True	"{""idx"": ""181"", ""name"": ""15Magic_Euhang"", ""method"": ""A-精确(已在位)"", ""old"": ""02_001(5,8)"", ""new"": ""-"", ""note"": ""Mud3,无需改动"", ""source"": ""-"", ""remark"": """"}"
182	15Magic_Euhang	02_003	"{""x"": 91, ""y"": 14}"	15Magic_Euhang	02_003	"{""x"": 91, ""y"": 14}"	exact	02_003	"{""x"": 91, ""y"": 14}"	exact-script-name-map	medium	"{""old"": ""pass"", ""target"": ""pass""}"	[]	dry-run	town-safezone-extra	"[""no direct Merchant anchor; preserve business category"", ""safe-zone independent walkable point""]"	"[{""x"": 91, ""y"": 14, ""score"": 0, ""anchor"": {""x"": 91, ""y"": 14}, ""separation"": 0}]"	source present: docs/research/ei-ui-layout/sources/mir2ei-report-full-merchants-2026-09-25.json (318 Merchant coordinates)	True	"{""name"": ""霹雳尊者"", ""map"": ""02_003"", ""x"": 91, ""y"": 14, ""script"": ""15Magic_Euhang""}"	Merchant snapshot exact script/map coordinate	"[{""x"": 91, ""y"": 14}]"	[]	True	"{""idx"": ""182"", ""name"": ""15Magic_Euhang"", ""method"": ""A-精确(已在位)"", ""old"": ""02_003(91,14)"", ""new"": ""-"", ""note"": ""Mud3,无需改动"", ""source"": ""-"", ""remark"": """"}"
183	15Magic_Euhang	02_004	"{""x"": 25, ""y"": 41}"	15Magic_Euhang	02_004	"{""x"": 25, ""y"": 41}"	exact	02_004	"{""x"": 25, ""y"": 41}"	exact-script-name-map	medium	"{""old"": ""pass"", ""target"": ""pass""}"	[]	dry-run	town-safezone-extra	"[""no direct Merchant anchor; preserve business category"", ""safe-zone independent walkable point""]"	"[{""x"": 25, ""y"": 41, ""score"": 0, ""anchor"": {""x"": 25, ""y"": 41}, ""separation"": 0}]"	source present: docs/research/ei-ui-layout/sources/mir2ei-report-full-merchants-2026-09-25.json (318 Merchant coordinates)	True	"{""name"": ""霹雳尊者"", ""map"": ""02_004"", ""x"": 25, ""y"": 41, ""script"": ""15Magic_Euhang""}"	Merchant snapshot exact script/map coordinate	"[{""x"": 25, ""y"": 41}]"	[]	True	"{""idx"": ""183"", ""name"": ""15Magic_Euhang"", ""method"": ""A-精确(已在位)"", ""old"": ""02_004(25,41)"", ""new"": ""-"", ""note"": ""Mud3,无需改动"", ""source"": ""-"", ""remark"": """"}"
184	09Repair_Euhang	02	"{""x"": 243, ""y"": 234}"	09Repair_Euhang	02	"{""x"": 243, ""y"": 234}"	exact	02	"{""x"": 243, ""y"": 234}"	exact-script-name	medium	"{""old"": ""pass"", ""target"": ""pass""}"	[]	dry-run	town-safezone-extra	"[""no direct Merchant anchor; preserve business category"", ""safe-zone independent walkable point""]"	"[{""x"": 243, ""y"": 234, ""score"": 0, ""anchor"": {""x"": 243, ""y"": 234}, ""separation"": 0}]"	source present: docs/research/ei-ui-layout/sources/mir2ei-report-full-merchants-2026-09-25.json (318 Merchant coordinates)	True	"{""name"": ""光秀"", ""map"": ""02"", ""x"": 243, ""y"": 234, ""script"": ""09Repair_Euhang""}"	Merchant snapshot exact script/map coordinate	"[{""x"": 265, ""y"": 207}, {""x"": 247, ""y"": 199}, {""x"": 50, ""y"": 150}, {""x"": 50, ""y"": 250}, {""x"": 150, ""y"": 150}, {""x"": 150, ""y"": 250}, {""x"": 150, ""y"": 350}, {""x"": 150, ""y"": 550}, {""x"": 250, ""y"": 50}, {""x"": 250, ""y"": 150}, {""x"": 250, ""y"": 250}, {""x"": 250, ""y"": 350}, {""x"": 250, ""y"": 450}, {""x"": 250, ""y"": 550}, {""x"": 350, ""y"": 50}, {""x"": 350, ""y"": 150}, {""x"": 350, ""y"": 450}, {""x"": 350, ""y"": 550}, {""x"": 450, ""y"": 50}, {""x"": 450, ""y"": 150}]"	[]	True	"{""idx"": ""184"", ""name"": ""09Repair_Euhang"", ""method"": ""A-精确(已在位)"", ""old"": ""02(243,234)"", ""new"": ""-"", ""note"": ""Mud3,无需改动"", ""source"": ""-"", ""remark"": """"}"
185	09Bonus_Euhang	02	"{""x"": 247, ""y"": 242}"	09Bonus_Euhang	02	"{""x"": 247, ""y"": 242}"	exact	02	"{""x"": 247, ""y"": 242}"	exact-script-name	medium	"{""old"": ""pass"", ""target"": ""pass""}"	[]	dry-run	town-safezone-extra	"[""no direct Merchant anchor; preserve business category"", ""safe-zone independent walkable point""]"	"[{""x"": 247, ""y"": 242, ""score"": 0, ""anchor"": {""x"": 247, ""y"": 242}, ""separation"": 0}]"	source present: docs/research/ei-ui-layout/sources/mir2ei-report-full-merchants-2026-09-25.json (318 Merchant coordinates)	True	"{""name"": ""智善大师"", ""map"": ""02"", ""x"": 247, ""y"": 242, ""script"": ""09Bonus_Euhang""}"	Merchant snapshot exact script/map coordinate	"[{""x"": 265, ""y"": 207}, {""x"": 247, ""y"": 199}, {""x"": 50, ""y"": 150}, {""x"": 50, ""y"": 250}, {""x"": 150, ""y"": 150}, {""x"": 150, ""y"": 250}, {""x"": 150, ""y"": 350}, {""x"": 150, ""y"": 550}, {""x"": 250, ""y"": 50}, {""x"": 250, ""y"": 150}, {""x"": 250, ""y"": 250}, {""x"": 250, ""y"": 350}, {""x"": 250, ""y"": 450}, {""x"": 250, ""y"": 550}, {""x"": 350, ""y"": 50}, {""x"": 350, ""y"": 150}, {""x"": 350, ""y"": 450}, {""x"": 350, ""y"": 550}, {""x"": 450, ""y"": 50}, {""x"": 450, ""y"": 150}]"	[]	True	"{""idx"": ""185"", ""name"": ""09Bonus_Euhang"", ""method"": ""A-精确(已在位)"", ""old"": ""02(247,242)"", ""new"": ""-"", ""note"": ""Mud3,无需改动"", ""source"": ""-"", ""remark"": """"}"
186	02Weapon_DoGwan	1_001	"{""x"": 14, ""y"": 12}"	02Weapon_DoGwan	1_001	"{""x"": 14, ""y"": 12}"	exact	1_001	"{""x"": 14, ""y"": 12}"	exact-script-name-map	medium	"{""old"": ""pass"", ""target"": ""pass""}"	[]	dry-run	same-store-cluster	"[""NPC/Entry/Region contains shop type"", ""shop street or same-function region""]"	"[{""x"": 14, ""y"": 12, ""score"": 0, ""anchor"": {""x"": 14, ""y"": 12}, ""separation"": 0}]"	source present: docs/research/ei-ui-layout/sources/mir2ei-report-full-merchants-2026-09-25.json (318 Merchant coordinates)	True	"{""name"": ""啊潘"", ""map"": ""1_001"", ""x"": 14, ""y"": 12, ""script"": ""02Weapon_DoGwan""}"	Merchant snapshot exact script/map coordinate	"[{""x"": 14, ""y"": 12}]"	[]	True	"{""idx"": ""186"", ""name"": ""02Weapon_DoGwan"", ""method"": ""A-精确(已在位)"", ""old"": ""1_001(14,12)"", ""new"": ""-"", ""note"": ""Mud3,无需改动"", ""source"": ""-"", ""remark"": """"}"
187	03Armor_DoGwan	1_003	"{""x"": 13, ""y"": 16}"	03Armor_DoGwan	1_003	"{""x"": 13, ""y"": 16}"	exact	1_003	"{""x"": 13, ""y"": 16}"	exact-script-name-map	medium	"{""old"": ""pass"", ""target"": ""pass""}"	[]	dry-run	same-store-cluster	"[""NPC/Entry/Region contains shop type"", ""shop street or same-function region""]"	"[{""x"": 13, ""y"": 16, ""score"": 0, ""anchor"": {""x"": 13, ""y"": 16}, ""separation"": 0}]"	source present: docs/research/ei-ui-layout/sources/mir2ei-report-full-merchants-2026-09-25.json (318 Merchant coordinates)	True	"{""name"": ""啊浩"", ""map"": ""1_003"", ""x"": 13, ""y"": 16, ""script"": ""03Armor_DoGwan""}"	Merchant snapshot exact script/map coordinate	"[{""x"": 13, ""y"": 16}]"	[]	True	"{""idx"": ""187"", ""name"": ""03Armor_DoGwan"", ""method"": ""A-精确(已在位)"", ""old"": ""1_003(13,16)"", ""new"": ""-"", ""note"": ""Mud3,无需改动"", ""source"": ""-"", ""remark"": """"}"
188	04PotionMake_DoGwan	1_006	"{""x"": 12, ""y"": 7}"	04PotionMake_DoGwan	1_006	"{""x"": 12, ""y"": 7}"	exact	1_006	"{""x"": 12, ""y"": 7}"	exact-script-name	medium	"{""old"": ""pass"", ""target"": ""pass""}"	[]	dry-run	same-store-cluster	"[""NPC/Entry/Region contains shop type"", ""shop street or same-function region""]"	"[{""x"": 12, ""y"": 7, ""score"": 0, ""anchor"": {""x"": 12, ""y"": 7}, ""separation"": 0}]"	source present: docs/research/ei-ui-layout/sources/mir2ei-report-full-merchants-2026-09-25.json (318 Merchant coordinates)	True	"{""name"": ""禄英"", ""map"": ""1_006"", ""x"": 12, ""y"": 7, ""script"": ""04PotionMake_DoGwan""}"	Merchant snapshot exact script/map coordinate	"[{""x"": 12, ""y"": 7}, {""x"": 9, ""y"": 10}]"	[]	True	"{""idx"": ""188"", ""name"": ""04PotionMake_DoGwan"", ""method"": ""A-精确(已在位)"", ""old"": ""1_006(12,7)"", ""new"": ""-"", ""note"": ""Mud3,无需改动"", ""source"": ""-"", ""remark"": """"}"
189	04Potion_DoGwan	1_006	"{""x"": 9, ""y"": 10}"	04Potion_DoGwan	1_006	"{""x"": 9, ""y"": 10}"	exact	1_006	"{""x"": 9, ""y"": 10}"	exact-script-name	medium	"{""old"": ""pass"", ""target"": ""pass""}"	[]	dry-run	same-store-cluster	"[""NPC/Entry/Region contains shop type"", ""shop street or same-function region""]"	"[{""x"": 9, ""y"": 10, ""score"": 0, ""anchor"": {""x"": 9, ""y"": 10}, ""separation"": 0}]"	source present: docs/research/ei-ui-layout/sources/mir2ei-report-full-merchants-2026-09-25.json (318 Merchant coordinates)	True	"{""name"": ""老药"", ""map"": ""1_006"", ""x"": 9, ""y"": 10, ""script"": ""04Potion_DoGwan""}"	Merchant snapshot exact script/map coordinate	"[{""x"": 12, ""y"": 7}, {""x"": 9, ""y"": 10}]"	[]	True	"{""idx"": ""189"", ""name"": ""04Potion_DoGwan"", ""method"": ""A-精确(已在位)"", ""old"": ""1_006(9,10)"", ""new"": ""-"", ""note"": ""Mud3,无需改动"", ""source"": ""-"", ""remark"": """"}"
190	05Book_DoGwan	1_004	"{""x"": 9, ""y"": 11}"	05Book_DoGwan	1_004	"{""x"": 9, ""y"": 11}"	exact	1_004	"{""x"": 9, ""y"": 11}"	exact-script-name-map	medium	"{""old"": ""pass"", ""target"": ""pass""}"	[]	dry-run	same-store-cluster	"[""NPC/Entry/Region contains shop type"", ""shop street or same-function region""]"	"[{""x"": 9, ""y"": 11, ""score"": 0, ""anchor"": {""x"": 9, ""y"": 11}, ""separation"": 0}]"	source present: docs/research/ei-ui-layout/sources/mir2ei-report-full-merchants-2026-09-25.json (318 Merchant coordinates)	True	"{""name"": ""书神"", ""map"": ""1_004"", ""x"": 9, ""y"": 11, ""script"": ""05Book_DoGwan""}"	Merchant snapshot exact script/map coordinate	"[{""x"": 9, ""y"": 11}]"	[]	True	"{""idx"": ""190"", ""name"": ""05Book_DoGwan"", ""method"": ""A-精确(已在位)"", ""old"": ""1_004(9,11)"", ""new"": ""-"", ""note"": ""Mud3,无需改动"", ""source"": ""-"", ""remark"": """"}"
191	07Grocery_DoGwan	1_007	"{""x"": 11, ""y"": 14}"	07Grocery_DoGwan	1_007	"{""x"": 11, ""y"": 14}"	exact	1_007	"{""x"": 11, ""y"": 14}"	exact-script-name-map	medium	"{""old"": ""pass"", ""target"": ""pass""}"	[]	dry-run	same-store-cluster	"[""NPC/Entry/Region contains shop type"", ""shop street or same-function region""]"	"[{""x"": 11, ""y"": 14, ""score"": 0, ""anchor"": {""x"": 11, ""y"": 14}, ""separation"": 0}]"	source present: docs/research/ei-ui-layout/sources/mir2ei-report-full-merchants-2026-09-25.json (318 Merchant coordinates)	True	"{""name"": ""大老板"", ""map"": ""1_007"", ""x"": 11, ""y"": 14, ""script"": ""07Grocery_DoGwan""}"	Merchant snapshot exact script/map coordinate	"[{""x"": 11, ""y"": 14}]"	[]	True	"{""idx"": ""191"", ""name"": ""07Grocery_DoGwan"", ""method"": ""A-精确(已在位)"", ""old"": ""1_007(11,14)"", ""new"": ""-"", ""note"": ""Mud3,无需改动"", ""source"": ""-"", ""remark"": """"}"
192	08Accessory_DoGwan	1_005	"{""x"": 9, ""y"": 11}"	08Accessory_DoGwan	1_005	"{""x"": 9, ""y"": 11}"	exact	1_005	"{""x"": 9, ""y"": 11}"	exact-script-name-map	medium	"{""old"": ""pass"", ""target"": ""pass""}"	[]	dry-run	same-store-cluster	"[""NPC/Entry/Region contains shop type"", ""shop street or same-function region""]"	"[{""x"": 9, ""y"": 11, ""score"": 0, ""anchor"": {""x"": 9, ""y"": 11}, ""separation"": 0}]"	source present: docs/research/ei-ui-layout/sources/mir2ei-report-full-merchants-2026-09-25.json (318 Merchant coordinates)	True	"{""name"": ""峰儿"", ""map"": ""1_005"", ""x"": 9, ""y"": 11, ""script"": ""08Accessory_DoGwan""}"	Merchant snapshot exact script/map coordinate	"[{""x"": 9, ""y"": 11}]"	[]	True	"{""idx"": ""192"", ""name"": ""08Accessory_DoGwan"", ""method"": ""A-精确(已在位)"", ""old"": ""1_005(9,11)"", ""new"": ""-"", ""note"": ""Mud3,无需改动"", ""source"": ""-"", ""remark"": """"}"
193	14Quest_DoGwan	1_009	"{""x"": 117, ""y"": 25}"	14Quest_DoGwan	1_009	"{""x"": 117, ""y"": 25}"	exact	1_009	"{""x"": 117, ""y"": 25}"	exact-script-name	medium	"{""old"": ""pass"", ""target"": ""pass""}"	[]	dry-run	town-safezone-service	"[""NPC/Entry/Region identifies quest/service role"", ""safe zone or task-area entrance""]"	"[{""x"": 117, ""y"": 25, ""score"": 0, ""anchor"": {""x"": 117, ""y"": 25}, ""separation"": 0}]"	source present: docs/research/ei-ui-layout/sources/mir2ei-report-full-merchants-2026-09-25.json (318 Merchant coordinates)	True	"{""name"": ""无名老人"", ""map"": ""1_009"", ""x"": 117, ""y"": 25, ""script"": ""14Quest_DoGwan""}"	Merchant snapshot exact script/map coordinate	"[{""x"": 117, ""y"": 25}]"	[]	True	"{""idx"": ""193"", ""name"": ""14Quest_DoGwan"", ""method"": ""A-精确(已在位)"", ""old"": ""1_009(117,25)"", ""new"": ""-"", ""note"": ""Mud3,无需改动"", ""source"": ""-"", ""remark"": """"}"
194	15Magic_DoGwan	1_002	"{""x"": 11, ""y"": 10}"	15Magic_DoGwan	1_002	"{""x"": 11, ""y"": 10}"	exact	1_002	"{""x"": 11, ""y"": 10}"	exact-script-name-map	medium	"{""old"": ""pass"", ""target"": ""pass""}"	[]	dry-run	town-safezone-extra	"[""no direct Merchant anchor; preserve business category"", ""safe-zone independent walkable point""]"	"[{""x"": 11, ""y"": 10, ""score"": 0, ""anchor"": {""x"": 11, ""y"": 10}, ""separation"": 0}]"	source present: docs/research/ei-ui-layout/sources/mir2ei-report-full-merchants-2026-09-25.json (318 Merchant coordinates)	True	"{""name"": ""清明子"", ""map"": ""1_002"", ""x"": 11, ""y"": 10, ""script"": ""15Magic_DoGwan""}"	Merchant snapshot exact script/map coordinate	"[{""x"": 11, ""y"": 10}]"	[]	True	"{""idx"": ""194"", ""name"": ""15Magic_DoGwan"", ""method"": ""A-精确(已在位)"", ""old"": ""1_002(11,10)"", ""new"": ""-"", ""note"": ""Mud3,无需改动"", ""source"": ""-"", ""remark"": """"}"
195	15Magic_DoGwan	1_008	"{""x"": 5, ""y"": 8}"	15Magic_DoGwan	1_008	"{""x"": 5, ""y"": 8}"	exact	1_008	"{""x"": 5, ""y"": 8}"	exact-script-name-map	medium	"{""old"": ""pass"", ""target"": ""pass""}"	[]	dry-run	town-safezone-extra	"[""no direct Merchant anchor; preserve business category"", ""safe-zone independent walkable point""]"	"[{""x"": 5, ""y"": 8, ""score"": 0, ""anchor"": {""x"": 5, ""y"": 8}, ""separation"": 0}]"	source present: docs/research/ei-ui-layout/sources/mir2ei-report-full-merchants-2026-09-25.json (318 Merchant coordinates)	True	"{""name"": ""清明子"", ""map"": ""1_008"", ""x"": 5, ""y"": 8, ""script"": ""15Magic_DoGwan""}"	Merchant snapshot exact script/map coordinate	"[{""x"": 5, ""y"": 8}]"	[]	True	"{""idx"": ""195"", ""name"": ""15Magic_DoGwan"", ""method"": ""A-精确(已在位)"", ""old"": ""1_008(5,8)"", ""new"": ""-"", ""note"": ""Mud3,无需改动"", ""source"": ""-"", ""remark"": """"}"
196	15Magic_DoGwan	1_011	"{""x"": 91, ""y"": 14}"	15Magic_DoGwan	1_011	"{""x"": 91, ""y"": 14}"	exact	1_011	"{""x"": 91, ""y"": 14}"	exact-script-name-map	medium	"{""old"": ""pass"", ""target"": ""pass""}"	[]	dry-run	town-safezone-extra	"[""no direct Merchant anchor; preserve business category"", ""safe-zone independent walkable point""]"	"[{""x"": 91, ""y"": 14, ""score"": 0, ""anchor"": {""x"": 91, ""y"": 14}, ""separation"": 0}]"	source present: docs/research/ei-ui-layout/sources/mir2ei-report-full-merchants-2026-09-25.json (318 Merchant coordinates)	True	"{""name"": ""清明子"", ""map"": ""1_011"", ""x"": 91, ""y"": 14, ""script"": ""15Magic_DoGwan""}"	Merchant snapshot exact script/map coordinate	"[{""x"": 91, ""y"": 14}]"	[]	True	"{""idx"": ""196"", ""name"": ""15Magic_DoGwan"", ""method"": ""A-精确(已在位)"", ""old"": ""1_011(91,14)"", ""new"": ""-"", ""note"": ""Mud3,无需改动"", ""source"": ""-"", ""remark"": """"}"
197	15Magic_DoGwan0	1_013	"{""x"": 44, ""y"": 25}"	15Magic_DoGwan0	1_013	"{""x"": 44, ""y"": 25}"	exact	1_013	"{""x"": 44, ""y"": 25}"	exact-script-name	medium	"{""old"": ""pass"", ""target"": ""pass""}"	[]	dry-run	town-safezone-extra	"[""no direct Merchant anchor; preserve business category"", ""safe-zone independent walkable point""]"	"[{""x"": 44, ""y"": 25, ""score"": 0, ""anchor"": {""x"": 44, ""y"": 25}, ""separation"": 0}]"	source present: docs/research/ei-ui-layout/sources/mir2ei-report-full-merchants-2026-09-25.json (318 Merchant coordinates)	True	"{""name"": ""变异骷髅"", ""map"": ""1_013"", ""x"": 44, ""y"": 25, ""script"": ""15Magic_DoGwan0""}"	Merchant snapshot exact script/map coordinate	"[{""x"": 44, ""y"": 25}, {""x"": 26, ""y"": 20}, {""x"": 29, ""y"": 23}, {""x"": 23, ""y"": 23}, {""x"": 35, ""y"": 15}, {""x"": 26, ""y"": 26}, {""x"": 25, ""y"": 41}, {""x"": 10, ""y"": 24}]"	[]	True	"{""idx"": ""197"", ""name"": ""15Magic_DoGwan0"", ""method"": ""A-精确(已在位)"", ""old"": ""1_013(44,25)"", ""new"": ""-"", ""note"": ""Mud3,无需改动"", ""source"": ""-"", ""remark"": """"}"
198	15Magic_DoGwan1	1_013	"{""x"": 26, ""y"": 20}"	15Magic_DoGwan1	1_013	"{""x"": 26, ""y"": 20}"	exact	1_013	"{""x"": 26, ""y"": 20}"	exact-script-name	medium	"{""old"": ""pass"", ""target"": ""pass""}"	[]	dry-run	town-safezone-extra	"[""no direct Merchant anchor; preserve business category"", ""safe-zone independent walkable point""]"	"[{""x"": 26, ""y"": 20, ""score"": 0, ""anchor"": {""x"": 26, ""y"": 20}, ""separation"": 0}]"	source present: docs/research/ei-ui-layout/sources/mir2ei-report-full-merchants-2026-09-25.json (318 Merchant coordinates)	True	"{""name"": ""变异骷髅"", ""map"": ""1_013"", ""x"": 26, ""y"": 20, ""script"": ""15Magic_DoGwan1""}"	Merchant snapshot exact script/map coordinate	"[{""x"": 44, ""y"": 25}, {""x"": 26, ""y"": 20}, {""x"": 29, ""y"": 23}, {""x"": 23, ""y"": 23}, {""x"": 35, ""y"": 15}, {""x"": 26, ""y"": 26}, {""x"": 25, ""y"": 41}, {""x"": 10, ""y"": 24}]"	[]	True	"{""idx"": ""198"", ""name"": ""15Magic_DoGwan1"", ""method"": ""A-精确(已在位)"", ""old"": ""1_013(26,20)"", ""new"": ""-"", ""note"": ""Mud3,无需改动"", ""source"": ""-"", ""remark"": """"}"
199	15Magic_DoGwan2	1_013	"{""x"": 29, ""y"": 23}"	15Magic_DoGwan2	1_013	"{""x"": 29, ""y"": 23}"	exact	1_013	"{""x"": 29, ""y"": 23}"	exact-script-name	medium	"{""old"": ""pass"", ""target"": ""pass""}"	[]	dry-run	town-safezone-extra	"[""no direct Merchant anchor; preserve business category"", ""safe-zone independent walkable point""]"	"[{""x"": 29, ""y"": 23, ""score"": 0, ""anchor"": {""x"": 29, ""y"": 23}, ""separation"": 0}]"	source present: docs/research/ei-ui-layout/sources/mir2ei-report-full-merchants-2026-09-25.json (318 Merchant coordinates)	True	"{""name"": ""变异骷髅"", ""map"": ""1_013"", ""x"": 29, ""y"": 23, ""script"": ""15Magic_DoGwan2""}"	Merchant snapshot exact script/map coordinate	"[{""x"": 44, ""y"": 25}, {""x"": 26, ""y"": 20}, {""x"": 29, ""y"": 23}, {""x"": 23, ""y"": 23}, {""x"": 35, ""y"": 15}, {""x"": 26, ""y"": 26}, {""x"": 25, ""y"": 41}, {""x"": 10, ""y"": 24}]"	[]	True	"{""idx"": ""199"", ""name"": ""15Magic_DoGwan2"", ""method"": ""A-精确(已在位)"", ""old"": ""1_013(29,23)"", ""new"": ""-"", ""note"": ""Mud3,无需改动"", ""source"": ""-"", ""remark"": """"}"
200	15Magic_DoGwan3	1_013	"{""x"": 23, ""y"": 23}"	15Magic_DoGwan3	1_013	"{""x"": 23, ""y"": 23}"	exact	1_013	"{""x"": 23, ""y"": 23}"	exact-script-name	medium	"{""old"": ""pass"", ""target"": ""pass""}"	[]	dry-run	town-safezone-extra	"[""no direct Merchant anchor; preserve business category"", ""safe-zone independent walkable point""]"	"[{""x"": 23, ""y"": 23, ""score"": 0, ""anchor"": {""x"": 23, ""y"": 23}, ""separation"": 0}]"	source present: docs/research/ei-ui-layout/sources/mir2ei-report-full-merchants-2026-09-25.json (318 Merchant coordinates)	True	"{""name"": ""变异骷髅"", ""map"": ""1_013"", ""x"": 23, ""y"": 23, ""script"": ""15Magic_DoGwan3""}"	Merchant snapshot exact script/map coordinate	"[{""x"": 44, ""y"": 25}, {""x"": 26, ""y"": 20}, {""x"": 29, ""y"": 23}, {""x"": 23, ""y"": 23}, {""x"": 35, ""y"": 15}, {""x"": 26, ""y"": 26}, {""x"": 25, ""y"": 41}, {""x"": 10, ""y"": 24}]"	[]	True	"{""idx"": ""200"", ""name"": ""15Magic_DoGwan3"", ""method"": ""A-精确(已在位)"", ""old"": ""1_013(23,23)"", ""new"": ""-"", ""note"": ""Mud3,无需改动"", ""source"": ""-"", ""remark"": """"}"
201	15Magic_DoGwan4	1_013	"{""x"": 35, ""y"": 15}"	15Magic_DoGwan4	1_013	"{""x"": 35, ""y"": 15}"	exact	1_013	"{""x"": 35, ""y"": 15}"	exact-script-name	medium	"{""old"": ""pass"", ""target"": ""pass""}"	[]	dry-run	town-safezone-extra	"[""no direct Merchant anchor; preserve business category"", ""safe-zone independent walkable point""]"	"[{""x"": 35, ""y"": 15, ""score"": 0, ""anchor"": {""x"": 35, ""y"": 15}, ""separation"": 0}]"	source present: docs/research/ei-ui-layout/sources/mir2ei-report-full-merchants-2026-09-25.json (318 Merchant coordinates)	True	"{""name"": ""变异骷髅"", ""map"": ""1_013"", ""x"": 35, ""y"": 15, ""script"": ""15Magic_DoGwan4""}"	Merchant snapshot exact script/map coordinate	"[{""x"": 44, ""y"": 25}, {""x"": 26, ""y"": 20}, {""x"": 29, ""y"": 23}, {""x"": 23, ""y"": 23}, {""x"": 35, ""y"": 15}, {""x"": 26, ""y"": 26}, {""x"": 25, ""y"": 41}, {""x"": 10, ""y"": 24}]"	[]	True	"{""idx"": ""201"", ""name"": ""15Magic_DoGwan4"", ""method"": ""A-精确(已在位)"", ""old"": ""1_013(35,15)"", ""new"": ""-"", ""note"": ""Mud3,无需改动"", ""source"": ""-"", ""remark"": """"}"
202	15Magic_DoGwan5	1_013	"{""x"": 26, ""y"": 26}"	15Magic_DoGwan5	1_013	"{""x"": 26, ""y"": 26}"	exact	1_013	"{""x"": 26, ""y"": 26}"	exact-script-name	medium	"{""old"": ""pass"", ""target"": ""pass""}"	[]	dry-run	town-safezone-extra	"[""no direct Merchant anchor; preserve business category"", ""safe-zone independent walkable point""]"	"[{""x"": 26, ""y"": 26, ""score"": 0, ""anchor"": {""x"": 26, ""y"": 26}, ""separation"": 0}]"	source present: docs/research/ei-ui-layout/sources/mir2ei-report-full-merchants-2026-09-25.json (318 Merchant coordinates)	True	"{""name"": ""变异骷髅"", ""map"": ""1_013"", ""x"": 26, ""y"": 26, ""script"": ""15Magic_DoGwan5""}"	Merchant snapshot exact script/map coordinate	"[{""x"": 44, ""y"": 25}, {""x"": 26, ""y"": 20}, {""x"": 29, ""y"": 23}, {""x"": 23, ""y"": 23}, {""x"": 35, ""y"": 15}, {""x"": 26, ""y"": 26}, {""x"": 25, ""y"": 41}, {""x"": 10, ""y"": 24}]"	[]	True	"{""idx"": ""202"", ""name"": ""15Magic_DoGwan5"", ""method"": ""A-精确(已在位)"", ""old"": ""1_013(26,26)"", ""new"": ""-"", ""note"": ""Mud3,无需改动"", ""source"": ""-"", ""remark"": """"}"
203	15Magic_DoGwan6	1_013	"{""x"": 25, ""y"": 41}"	15Magic_DoGwan6	1_013	"{""x"": 25, ""y"": 41}"	exact	1_013	"{""x"": 25, ""y"": 41}"	exact-script-name	medium	"{""old"": ""pass"", ""target"": ""pass""}"	[]	dry-run	town-safezone-extra	"[""no direct Merchant anchor; preserve business category"", ""safe-zone independent walkable point""]"	"[{""x"": 25, ""y"": 41, ""score"": 0, ""anchor"": {""x"": 25, ""y"": 41}, ""separation"": 0}]"	source present: docs/research/ei-ui-layout/sources/mir2ei-report-full-merchants-2026-09-25.json (318 Merchant coordinates)	True	"{""name"": ""变异骷髅"", ""map"": ""1_013"", ""x"": 25, ""y"": 41, ""script"": ""15Magic_DoGwan6""}"	Merchant snapshot exact script/map coordinate	"[{""x"": 44, ""y"": 25}, {""x"": 26, ""y"": 20}, {""x"": 29, ""y"": 23}, {""x"": 23, ""y"": 23}, {""x"": 35, ""y"": 15}, {""x"": 26, ""y"": 26}, {""x"": 25, ""y"": 41}, {""x"": 10, ""y"": 24}]"	[]	True	"{""idx"": ""203"", ""name"": ""15Magic_DoGwan6"", ""method"": ""A-精确(已在位)"", ""old"": ""1_013(25,41)"", ""new"": ""-"", ""note"": ""Mud3,无需改动"", ""source"": ""-"", ""remark"": """"}"
204	15Magic_DoGwan7	1_013	"{""x"": 10, ""y"": 24}"	15Magic_DoGwan7	1_013	"{""x"": 10, ""y"": 24}"	exact	1_013	"{""x"": 10, ""y"": 24}"	exact-script-name	medium	"{""old"": ""pass"", ""target"": ""pass""}"	[]	dry-run	town-safezone-extra	"[""no direct Merchant anchor; preserve business category"", ""safe-zone independent walkable point""]"	"[{""x"": 10, ""y"": 24, ""score"": 0, ""anchor"": {""x"": 10, ""y"": 24}, ""separation"": 0}]"	source present: docs/research/ei-ui-layout/sources/mir2ei-report-full-merchants-2026-09-25.json (318 Merchant coordinates)	True	"{""name"": ""变异骷髅"", ""map"": ""1_013"", ""x"": 10, ""y"": 24, ""script"": ""15Magic_DoGwan7""}"	Merchant snapshot exact script/map coordinate	"[{""x"": 44, ""y"": 25}, {""x"": 26, ""y"": 20}, {""x"": 29, ""y"": 23}, {""x"": 23, ""y"": 23}, {""x"": 35, ""y"": 15}, {""x"": 26, ""y"": 26}, {""x"": 25, ""y"": 41}, {""x"": 10, ""y"": 24}]"	[]	True	"{""idx"": ""204"", ""name"": ""15Magic_DoGwan7"", ""method"": ""A-精确(已在位)"", ""old"": ""1_013(10,24)"", ""new"": ""-"", ""note"": ""Mud3,无需改动"", ""source"": ""-"", ""remark"": """"}"
205	02Weapon_Oasis	4_001	"{""x"": 7, ""y"": 13}"	02Weapon_Oasis	4_001	"{""x"": 7, ""y"": 13}"	exact	4_001	"{""x"": 7, ""y"": 13}"	exact-script-name-map	medium	"{""old"": ""pass"", ""target"": ""pass""}"	[]	dry-run	same-store-cluster	"[""NPC/Entry/Region contains shop type"", ""shop street or same-function region""]"	"[{""x"": 7, ""y"": 13, ""score"": 0, ""anchor"": {""x"": 7, ""y"": 13}, ""separation"": 0}]"	source present: docs/research/ei-ui-layout/sources/mir2ei-report-full-merchants-2026-09-25.json (318 Merchant coordinates)	True	"{""name"": ""王铁匠"", ""map"": ""4_001"", ""x"": 7, ""y"": 13, ""script"": ""02Weapon_Oasis""}"	Merchant snapshot exact script/map coordinate	"[{""x"": 7, ""y"": 13}]"	[]	True	"{""idx"": ""205"", ""name"": ""02Weapon_Oasis"", ""method"": ""A-精确(已在位)"", ""old"": ""4_001(7,13)"", ""new"": ""-"", ""note"": ""Mud3,无需改动"", ""source"": ""-"", ""remark"": """"}"
206	03Armor_Oasis	4_004	"{""x"": 9, ""y"": 8}"	03Armor_Oasis	4_004	"{""x"": 9, ""y"": 8}"	exact	4_004	"{""x"": 9, ""y"": 8}"	exact-script-name-map	medium	"{""old"": ""pass"", ""target"": ""pass""}"	[]	dry-run	same-store-cluster	"[""NPC/Entry/Region contains shop type"", ""shop street or same-function region""]"	"[{""x"": 9, ""y"": 8, ""score"": 0, ""anchor"": {""x"": 9, ""y"": 8}, ""separation"": 0}]"	source present: docs/research/ei-ui-layout/sources/mir2ei-report-full-merchants-2026-09-25.json (318 Merchant coordinates)	True	"{""name"": ""织女"", ""map"": ""4_004"", ""x"": 9, ""y"": 8, ""script"": ""03Armor_Oasis""}"	Merchant snapshot exact script/map coordinate	"[{""x"": 9, ""y"": 8}]"	[]	True	"{""idx"": ""206"", ""name"": ""03Armor_Oasis"", ""method"": ""A-精确(已在位)"", ""old"": ""4_004(9,8)"", ""new"": ""-"", ""note"": ""Mud3,无需改动"", ""source"": ""-"", ""remark"": """"}"
207	04Potion_Oasis	4_003	"{""x"": 10, ""y"": 10}"	04Potion_Oasis	4_003	"{""x"": 10, ""y"": 10}"	exact	4_003	"{""x"": 10, ""y"": 10}"	exact-script-name-map	medium	"{""old"": ""pass"", ""target"": ""pass""}"	[]	dry-run	same-store-cluster	"[""NPC/Entry/Region contains shop type"", ""shop street or same-function region""]"	"[{""x"": 10, ""y"": 10, ""score"": 0, ""anchor"": {""x"": 10, ""y"": 10}, ""separation"": 0}]"	source present: docs/research/ei-ui-layout/sources/mir2ei-report-full-merchants-2026-09-25.json (318 Merchant coordinates)	True	"{""name"": ""白老中医"", ""map"": ""4_003"", ""x"": 10, ""y"": 10, ""script"": ""04Potion_Oasis""}"	Merchant snapshot exact script/map coordinate	"[{""x"": 8, ""y"": 15}]"	[]	True	"{""idx"": ""207"", ""name"": ""04Potion_Oasis"", ""method"": ""A-精确(已在位)"", ""old"": ""4_003(10,10)"", ""new"": ""-"", ""note"": ""Mud3,无需改动"", ""source"": ""-"", ""remark"": """"}"
208	06Inn_Oasis	4_003	"{""x"": 8, ""y"": 15}"	06Inn_Oasis	4_003	"{""x"": 8, ""y"": 15}"	exact	4_003	"{""x"": 8, ""y"": 15}"	exact-script-name-map	medium	"{""old"": ""pass"", ""target"": ""pass""}"	[]	dry-run	same-store-cluster	"[""NPC/Entry/Region contains shop type"", ""shop street or same-function region""]"	"[{""x"": 8, ""y"": 15, ""score"": 0, ""anchor"": {""x"": 8, ""y"": 15}, ""separation"": 0}]"	source present: docs/research/ei-ui-layout/sources/mir2ei-report-full-merchants-2026-09-25.json (318 Merchant coordinates)	True	"{""name"": ""绿洲仓库管家"", ""map"": ""4_003"", ""x"": 8, ""y"": 15, ""script"": ""06Inn_Oasis""}"	Merchant snapshot exact script/map coordinate	"[{""x"": 8, ""y"": 15}]"	[]	True	"{""idx"": ""208"", ""name"": ""06Inn_Oasis"", ""method"": ""A-精确(已在位)"", ""old"": ""4_003(8,15)"", ""new"": ""-"", ""note"": ""Mud3,无需改动"", ""source"": ""-"", ""remark"": """"}"
209	08Astrologist_Oasis	4_005	"{""x"": 14, ""y"": 22}"	08Astrologist_Oasis	4_005	"{""x"": 14, ""y"": 22}"	exact	4_005	"{""x"": 14, ""y"": 22}"	exact-script-name-map	medium	"{""old"": ""pass"", ""target"": ""pass""}"	[]	dry-run	town-safezone-extra	"[""no direct Merchant anchor; preserve business category"", ""safe-zone independent walkable point""]"	"[{""x"": 14, ""y"": 22, ""score"": 0, ""anchor"": {""x"": 14, ""y"": 22}, ""separation"": 0}]"	source present: docs/research/ei-ui-layout/sources/mir2ei-report-full-merchants-2026-09-25.json (318 Merchant coordinates)	True	"{""name"": ""梅山侠"", ""map"": ""4_005"", ""x"": 14, ""y"": 22, ""script"": ""08Astrologist_Oasis""}"	Merchant snapshot exact script/map coordinate	"[{""x"": 14, ""y"": 22}]"	[]	True	"{""idx"": ""209"", ""name"": ""08Astrologist_Oasis"", ""method"": ""A-精确(已在位)"", ""old"": ""4_005(14,22)"", ""new"": ""-"", ""note"": ""Mud3,无需改动"", ""source"": ""-"", ""remark"": """"}"
210	10Material_Oasis	4_003	"{""x"": 12, ""y"": 8}"	10Material_Oasis	4_003	"{""x"": 12, ""y"": 8}"	exact	4_003	"{""x"": 12, ""y"": 8}"	exact-script-name-map	medium	"{""old"": ""pass"", ""target"": ""pass""}"	[]	dry-run	same-store-cluster	"[""NPC/Entry/Region contains shop type"", ""shop street or same-function region""]"	"[{""x"": 12, ""y"": 8, ""score"": 0, ""anchor"": {""x"": 12, ""y"": 8}, ""separation"": 0}]"	source present: docs/research/ei-ui-layout/sources/mir2ei-report-full-merchants-2026-09-25.json (318 Merchant coordinates)	True	"{""name"": ""石宇"", ""map"": ""4_003"", ""x"": 12, ""y"": 8, ""script"": ""10Material_Oasis""}"	Merchant snapshot exact script/map coordinate	"[{""x"": 8, ""y"": 15}]"	[]	True	"{""idx"": ""210"", ""name"": ""10Material_Oasis"", ""method"": ""A-精确(已在位)"", ""old"": ""4_003(12,8)"", ""new"": ""-"", ""note"": ""Mud3,无需改动"", ""source"": ""-"", ""remark"": """"}"
211	02Weapon_Samak1	5_002	"{""x"": 8, ""y"": 17}"	02Weapon_Samak1	5_002	"{""x"": 8, ""y"": 17}"	exact	5_002	"{""x"": 8, ""y"": 17}"	exact-script-name	medium	"{""old"": ""pass"", ""target"": ""pass""}"	[]	dry-run	same-store-cluster	"[""NPC/Entry/Region contains shop type"", ""shop street or same-function region""]"	"[{""x"": 8, ""y"": 17, ""score"": 0, ""anchor"": {""x"": 8, ""y"": 17}, ""separation"": 0}]"	source present: docs/research/ei-ui-layout/sources/mir2ei-report-full-merchants-2026-09-25.json (318 Merchant coordinates)	True	"{""name"": ""勇汉"", ""map"": ""5_002"", ""x"": 8, ""y"": 17, ""script"": ""02Weapon_Samak1""}"	Merchant snapshot exact script/map coordinate	"[{""x"": 8, ""y"": 17}, {""x"": 7, ""y"": 19}]"	[]	True	"{""idx"": ""211"", ""name"": ""02Weapon_Samak1"", ""method"": ""A-精确(已在位)"", ""old"": ""5_002(8,17)"", ""new"": ""-"", ""note"": ""Mud3,无需改动"", ""source"": ""-"", ""remark"": """"}"
212	02Weapon_Samak2	5_002	"{""x"": 7, ""y"": 19}"	02Weapon_Samak2	5_002	"{""x"": 7, ""y"": 19}"	exact	5_002	"{""x"": 7, ""y"": 19}"	exact-script-name	medium	"{""old"": ""pass"", ""target"": ""pass""}"	[]	dry-run	same-store-cluster	"[""NPC/Entry/Region contains shop type"", ""shop street or same-function region""]"	"[{""x"": 7, ""y"": 19, ""score"": 0, ""anchor"": {""x"": 7, ""y"": 19}, ""separation"": 0}]"	source present: docs/research/ei-ui-layout/sources/mir2ei-report-full-merchants-2026-09-25.json (318 Merchant coordinates)	True	"{""name"": ""忠云"", ""map"": ""5_002"", ""x"": 7, ""y"": 19, ""script"": ""02Weapon_Samak2""}"	Merchant snapshot exact script/map coordinate	"[{""x"": 8, ""y"": 17}, {""x"": 7, ""y"": 19}]"	[]	True	"{""idx"": ""212"", ""name"": ""02Weapon_Samak2"", ""method"": ""A-精确(已在位)"", ""old"": ""5_002(7,19)"", ""new"": ""-"", ""note"": ""Mud3,无需改动"", ""source"": ""-"", ""remark"": """"}"
213	03Armor_Samak	5_004	"{""x"": 15, ""y"": 15}"	03Armor_Samak	5_004	"{""x"": 15, ""y"": 15}"	exact	5_004	"{""x"": 15, ""y"": 15}"	exact-script-name-map	medium	"{""old"": ""pass"", ""target"": ""pass""}"	[]	dry-run	same-store-cluster	"[""NPC/Entry/Region contains shop type"", ""shop street or same-function region""]"	"[{""x"": 15, ""y"": 15, ""score"": 0, ""anchor"": {""x"": 15, ""y"": 15}, ""separation"": 0}]"	source present: docs/research/ei-ui-layout/sources/mir2ei-report-full-merchants-2026-09-25.json (318 Merchant coordinates)	True	"{""name"": ""晓敏"", ""map"": ""5_004"", ""x"": 15, ""y"": 15, ""script"": ""03Armor_Samak""}"	Merchant snapshot exact script/map coordinate	"[{""x"": 15, ""y"": 15}]"	[]	True	"{""idx"": ""213"", ""name"": ""03Armor_Samak"", ""method"": ""A-精确(已在位)"", ""old"": ""5_004(15,15)"", ""new"": ""-"", ""note"": ""Mud3,无需改动"", ""source"": ""-"", ""remark"": """"}"
214	04Potion_Samak	5_003	"{""x"": 13, ""y"": 17}"	04Potion_Samak	5_003	"{""x"": 13, ""y"": 17}"	exact	5_003	"{""x"": 13, ""y"": 17}"	exact-script-name-map	medium	"{""old"": ""pass"", ""target"": ""pass""}"	[]	dry-run	same-store-cluster	"[""NPC/Entry/Region contains shop type"", ""shop street or same-function region""]"	"[{""x"": 13, ""y"": 17, ""score"": 0, ""anchor"": {""x"": 13, ""y"": 17}, ""separation"": 0}]"	source present: docs/research/ei-ui-layout/sources/mir2ei-report-full-merchants-2026-09-25.json (318 Merchant coordinates)	True	"{""name"": ""医神"", ""map"": ""5_003"", ""x"": 13, ""y"": 17, ""script"": ""04Potion_Samak""}"	Merchant snapshot exact script/map coordinate	"[{""x"": 13, ""y"": 17}]"	[]	True	"{""idx"": ""214"", ""name"": ""04Potion_Samak"", ""method"": ""A-精确(已在位)"", ""old"": ""5_003(13,17)"", ""new"": ""-"", ""note"": ""Mud3,无需改动"", ""source"": ""-"", ""remark"": """"}"
215	06Inn_Samak	5_006	"{""x"": 12, ""y"": 23}"	06Inn_Samak	5_006	"{""x"": 12, ""y"": 23}"	exact	5_006	"{""x"": 12, ""y"": 23}"	exact-script-name-map	medium	"{""old"": ""pass"", ""target"": ""pass""}"	[]	dry-run	same-store-cluster	"[""NPC/Entry/Region contains shop type"", ""shop street or same-function region""]"	"[{""x"": 12, ""y"": 23, ""score"": 0, ""anchor"": {""x"": 12, ""y"": 23}, ""separation"": 0}]"	source present: docs/research/ei-ui-layout/sources/mir2ei-report-full-merchants-2026-09-25.json (318 Merchant coordinates)	True	"{""name"": ""沙漠仓库管家"", ""map"": ""5_006"", ""x"": 12, ""y"": 23, ""script"": ""06Inn_Samak""}"	Merchant snapshot exact script/map coordinate	"[{""x"": 12, ""y"": 23}]"	[]	True	"{""idx"": ""215"", ""name"": ""06Inn_Samak"", ""method"": ""A-精确(已在位)"", ""old"": ""5_006(12,23)"", ""new"": ""-"", ""note"": ""Mud3,无需改动"", ""source"": ""-"", ""remark"": """"}"
216	08Accessory_Samak	5_005	"{""x"": 9, ""y"": 11}"	08Accessory_Samak	5_005	"{""x"": 9, ""y"": 11}"	exact	5_005	"{""x"": 9, ""y"": 11}"	exact-script-name-map	medium	"{""old"": ""pass"", ""target"": ""pass""}"	[]	dry-run	same-store-cluster	"[""NPC/Entry/Region contains shop type"", ""shop street or same-function region""]"	"[{""x"": 9, ""y"": 11, ""score"": 0, ""anchor"": {""x"": 9, ""y"": 11}, ""separation"": 0}]"	source present: docs/research/ei-ui-layout/sources/mir2ei-report-full-merchants-2026-09-25.json (318 Merchant coordinates)	True	"{""name"": ""雪儿"", ""map"": ""5_005"", ""x"": 9, ""y"": 11, ""script"": ""08Accessory_Samak""}"	Merchant snapshot exact script/map coordinate	"[{""x"": 9, ""y"": 11}]"	[]	True	"{""idx"": ""216"", ""name"": ""08Accessory_Samak"", ""method"": ""A-精确(已在位)"", ""old"": ""5_005(9,11)"", ""new"": ""-"", ""note"": ""Mud3,无需改动"", ""source"": ""-"", ""remark"": """"}"
217	09ChangeMoney_Samak	5_006	"{""x"": 7, ""y"": 21}"	09ChangeMoney_Samak	5_006	"{""x"": 7, ""y"": 21}"	exact	5_006	"{""x"": 7, ""y"": 21}"	exact-script-name	medium	"{""old"": ""pass"", ""target"": ""pass""}"	[]	dry-run	town-safezone-extra	"[""no direct Merchant anchor; preserve business category"", ""safe-zone independent walkable point""]"	"[{""x"": 7, ""y"": 21, ""score"": 0, ""anchor"": {""x"": 7, ""y"": 21}, ""separation"": 0}]"	source present: docs/research/ei-ui-layout/sources/mir2ei-report-full-merchants-2026-09-25.json (318 Merchant coordinates)	True	"{""name"": ""啊俊"", ""map"": ""5_006"", ""x"": 7, ""y"": 21, ""script"": ""09ChangeMoney_Samak""}"	Merchant snapshot exact script/map coordinate	"[{""x"": 12, ""y"": 23}, {""x"": 7, ""y"": 21}]"	[]	True	"{""idx"": ""217"", ""name"": ""09ChangeMoney_Samak"", ""method"": ""A-精确(已在位)"", ""old"": ""5_006(7,21)"", ""new"": ""-"", ""note"": ""Mud3,无需改动"", ""source"": ""-"", ""remark"": """"}"
218	07Grocery_Ant	6	"{""x"": 284, ""y"": 723}"	07Grocery_Ant	6	"{""x"": 284, ""y"": 723}"	variant	6	"{""x"": 284, ""y"": 723}"	exact-script-name	low	"{""old"": ""pass"", ""target"": ""pass""}"	[]	pending-review	same-store-cluster	"[""NPC/Entry/Region contains shop type"", ""shop street or same-function region""]"	"[{""x"": 284, ""y"": 723, ""score"": 0, ""anchor"": {""x"": 284, ""y"": 723}, ""separation"": 0}]"	source present: docs/research/ei-ui-layout/sources/mir2ei-report-full-merchants-2026-09-25.json (318 Merchant coordinates)	True	"{""name"": ""啊全"", ""map"": ""6"", ""x"": 284, ""y"": 723, ""script"": ""07Grocery_Ant""}"	Merchant snapshot exact script/map coordinate	"[{""x"": 284, ""y"": 723}, {""x"": 273, ""y"": 731}, {""x"": 271, ""y"": 731}]"	"[""map relation does not permit blind original-coordinate reuse""]"	True	"{""idx"": ""218"", ""name"": ""07Grocery_Ant"", ""method"": ""A-精确(已在位)"", ""old"": ""6(284,723)"", ""new"": ""-"", ""note"": ""Mud3,无需改动"", ""source"": ""-"", ""remark"": """"}"
219	13Move_Ant	6	"{""x"": 273, ""y"": 731}"	13Move_Ant	6	"{""x"": 273, ""y"": 731}"	variant	6	"{""x"": 273, ""y"": 731}"	exact-script-name	low	"{""old"": ""pass"", ""target"": ""pass""}"	[]	pending-review	town-entrance-teleporter	"[""NPC/Entry/Region contains movement/entrance type"", ""town entrance, route gate, or teleport cluster""]"	"[{""x"": 273, ""y"": 731, ""score"": 0, ""anchor"": {""x"": 273, ""y"": 731}, ""separation"": 0}]"	source present: docs/research/ei-ui-layout/sources/mir2ei-report-full-merchants-2026-09-25.json (318 Merchant coordinates)	True	"{""name"": ""六面神石"", ""map"": ""6"", ""x"": 273, ""y"": 731, ""script"": ""13Move_Ant""}"	Merchant snapshot exact script/map coordinate	"[{""x"": 770, ""y"": 555}, {""x"": 769, ""y"": 556}, {""x"": 768, ""y"": 557}, {""x"": 767, ""y"": 558}, {""x"": 766, ""y"": 559}, {""x"": 771, ""y"": 555}, {""x"": 770, ""y"": 556}, {""x"": 769, ""y"": 557}, {""x"": 768, ""y"": 558}, {""x"": 767, ""y"": 559}, {""x"": 178, ""y"": 80}, {""x"": 179, ""y"": 81}, {""x"": 180, ""y"": 82}, {""x"": 285, ""y"": 80}, {""x"": 284, ""y"": 81}, {""x"": 283, ""y"": 82}, {""x"": 282, ""y"": 83}, {""x"": 386, ""y"": 70}, {""x"": 385, ""y"": 71}, {""x"": 384, ""y"": 72}]"	"[""map relation does not permit blind original-coordinate reuse""]"	True	"{""idx"": ""219"", ""name"": ""13Move_Ant"", ""method"": ""A-精确(已在位)"", ""old"": ""6(273,731)"", ""new"": ""-"", ""note"": ""Mud3,无需改动"", ""source"": ""-"", ""remark"": """"}"
220	02Weapon_Mongchon	74	"{""x"": 354, ""y"": 297}"	02Weapon_Mongchon	74	"{""x"": 354, ""y"": 297}"	exact	74	"{""x"": 354, ""y"": 297}"	exact-script-name	medium	"{""old"": ""pass"", ""target"": ""pass""}"	[]	dry-run	same-store-cluster	"[""NPC/Entry/Region contains shop type"", ""shop street or same-function region""]"	"[{""x"": 354, ""y"": 297, ""score"": 0, ""anchor"": {""x"": 354, ""y"": 297}, ""separation"": 0}]"	source present: docs/research/ei-ui-layout/sources/mir2ei-report-full-merchants-2026-09-25.json (318 Merchant coordinates)	True	"{""name"": ""英龙"", ""map"": ""74"", ""x"": 354, ""y"": 297, ""script"": ""02Weapon_Mongchon""}"	Merchant snapshot exact script/map coordinate	"[{""x"": 354, ""y"": 297}, {""x"": 324, ""y"": 277}, {""x"": 289, ""y"": 289}, {""x"": 323, ""y"": 310}, {""x"": 293, ""y"": 278}, {""x"": 311, ""y"": 273}, {""x"": 287, ""y"": 290}, {""x"": 349, ""y"": 329}, {""x"": 271, ""y"": 267}, {""x"": 300, ""y"": 299}, {""x"": 290, ""y"": 299}, {""x"": 297, ""y"": 295}, {""x"": 324, ""y"": 108}]"	[]	True	"{""idx"": ""220"", ""name"": ""02Weapon_Mongchon"", ""method"": ""A-精确(已在位)"", ""old"": ""74(354,297)"", ""new"": ""-"", ""note"": ""Mud3,无需改动"", ""source"": ""-"", ""remark"": """"}"
221	03Armor_Mongchon	74	"{""x"": 324, ""y"": 277}"	03Armor_Mongchon	74	"{""x"": 324, ""y"": 277}"	exact	74	"{""x"": 324, ""y"": 277}"	exact-script-name	medium	"{""old"": ""pass"", ""target"": ""pass""}"	[]	dry-run	same-store-cluster	"[""NPC/Entry/Region contains shop type"", ""shop street or same-function region""]"	"[{""x"": 324, ""y"": 277, ""score"": 0, ""anchor"": {""x"": 324, ""y"": 277}, ""separation"": 0}]"	source present: docs/research/ei-ui-layout/sources/mir2ei-report-full-merchants-2026-09-25.json (318 Merchant coordinates)	True	"{""name"": ""晓薇"", ""map"": ""74"", ""x"": 324, ""y"": 277, ""script"": ""03Armor_Mongchon""}"	Merchant snapshot exact script/map coordinate	"[{""x"": 354, ""y"": 297}, {""x"": 324, ""y"": 277}, {""x"": 289, ""y"": 289}, {""x"": 323, ""y"": 310}, {""x"": 293, ""y"": 278}, {""x"": 311, ""y"": 273}, {""x"": 287, ""y"": 290}, {""x"": 349, ""y"": 329}, {""x"": 271, ""y"": 267}, {""x"": 300, ""y"": 299}, {""x"": 290, ""y"": 299}, {""x"": 297, ""y"": 295}, {""x"": 324, ""y"": 108}]"	[]	True	"{""idx"": ""221"", ""name"": ""03Armor_Mongchon"", ""method"": ""A-精确(已在位)"", ""old"": ""74(324,277)"", ""new"": ""-"", ""note"": ""Mud3,无需改动"", ""source"": ""-"", ""remark"": """"}"
222	04Potion_Mongchon	74	"{""x"": 289, ""y"": 289}"	04Potion_Mongchon	74	"{""x"": 289, ""y"": 289}"	exact	74	"{""x"": 289, ""y"": 289}"	exact-script-name	medium	"{""old"": ""pass"", ""target"": ""pass""}"	[]	dry-run	same-store-cluster	"[""NPC/Entry/Region contains shop type"", ""shop street or same-function region""]"	"[{""x"": 289, ""y"": 289, ""score"": 0, ""anchor"": {""x"": 289, ""y"": 289}, ""separation"": 0}]"	source present: docs/research/ei-ui-layout/sources/mir2ei-report-full-merchants-2026-09-25.json (318 Merchant coordinates)	True	"{""name"": ""凌峰"", ""map"": ""74"", ""x"": 289, ""y"": 289, ""script"": ""04Potion_Mongchon""}"	Merchant snapshot exact script/map coordinate	"[{""x"": 354, ""y"": 297}, {""x"": 324, ""y"": 277}, {""x"": 289, ""y"": 289}, {""x"": 323, ""y"": 310}, {""x"": 293, ""y"": 278}, {""x"": 311, ""y"": 273}, {""x"": 287, ""y"": 290}, {""x"": 349, ""y"": 329}, {""x"": 271, ""y"": 267}, {""x"": 300, ""y"": 299}, {""x"": 290, ""y"": 299}, {""x"": 297, ""y"": 295}, {""x"": 324, ""y"": 108}]"	[]	True	"{""idx"": ""222"", ""name"": ""04Potion_Mongchon"", ""method"": ""A-精确(已在位)"", ""old"": ""74(289,289)"", ""new"": ""-"", ""note"": ""Mud3,无需改动"", ""source"": ""-"", ""remark"": """"}"
223	06Inn_Mongchon	74	"{""x"": 323, ""y"": 310}"	06Inn_Mongchon	74	"{""x"": 323, ""y"": 310}"	exact	74	"{""x"": 323, ""y"": 310}"	exact-script-name	medium	"{""old"": ""pass"", ""target"": ""pass""}"	[]	dry-run	same-store-cluster	"[""NPC/Entry/Region contains shop type"", ""shop street or same-function region""]"	"[{""x"": 323, ""y"": 310, ""score"": 0, ""anchor"": {""x"": 323, ""y"": 310}, ""separation"": 0}]"	source present: docs/research/ei-ui-layout/sources/mir2ei-report-full-merchants-2026-09-25.json (318 Merchant coordinates)	True	"{""name"": ""丘叔"", ""map"": ""74"", ""x"": 323, ""y"": 310, ""script"": ""06Inn_Mongchon""}"	Merchant snapshot exact script/map coordinate	"[{""x"": 354, ""y"": 297}, {""x"": 324, ""y"": 277}, {""x"": 289, ""y"": 289}, {""x"": 323, ""y"": 310}, {""x"": 293, ""y"": 278}, {""x"": 311, ""y"": 273}, {""x"": 287, ""y"": 290}, {""x"": 349, ""y"": 329}, {""x"": 271, ""y"": 267}, {""x"": 300, ""y"": 299}, {""x"": 290, ""y"": 299}, {""x"": 297, ""y"": 295}, {""x"": 324, ""y"": 108}]"	[]	True	"{""idx"": ""223"", ""name"": ""06Inn_Mongchon"", ""method"": ""A-精确(已在位)"", ""old"": ""74(323,310)"", ""new"": ""-"", ""note"": ""Mud3,无需改动"", ""source"": ""-"", ""remark"": """"}"
224	07Grocery_Mongchon	74	"{""x"": 293, ""y"": 278}"	07Grocery_Mongchon	74	"{""x"": 293, ""y"": 278}"	exact	74	"{""x"": 293, ""y"": 278}"	exact-script-name	medium	"{""old"": ""pass"", ""target"": ""pass""}"	[]	dry-run	same-store-cluster	"[""NPC/Entry/Region contains shop type"", ""shop street or same-function region""]"	"[{""x"": 293, ""y"": 278, ""score"": 0, ""anchor"": {""x"": 293, ""y"": 278}, ""separation"": 0}]"	source present: docs/research/ei-ui-layout/sources/mir2ei-report-full-merchants-2026-09-25.json (318 Merchant coordinates)	True	"{""name"": ""龙叔"", ""map"": ""74"", ""x"": 293, ""y"": 278, ""script"": ""07Grocery_Mongchon""}"	Merchant snapshot exact script/map coordinate	"[{""x"": 354, ""y"": 297}, {""x"": 324, ""y"": 277}, {""x"": 289, ""y"": 289}, {""x"": 323, ""y"": 310}, {""x"": 293, ""y"": 278}, {""x"": 311, ""y"": 273}, {""x"": 287, ""y"": 290}, {""x"": 349, ""y"": 329}, {""x"": 271, ""y"": 267}, {""x"": 300, ""y"": 299}, {""x"": 290, ""y"": 299}, {""x"": 297, ""y"": 295}, {""x"": 324, ""y"": 108}]"	[]	True	"{""idx"": ""224"", ""name"": ""07Grocery_Mongchon"", ""method"": ""A-精确(已在位)"", ""old"": ""74(293,278)"", ""new"": ""-"", ""note"": ""Mud3,无需改动"", ""source"": ""-"", ""remark"": """"}"
225	08Accessory_Mongchon	74	"{""x"": 311, ""y"": 273}"	08Accessory_Mongchon	74	"{""x"": 311, ""y"": 273}"	exact	74	"{""x"": 311, ""y"": 273}"	exact-script-name	medium	"{""old"": ""pass"", ""target"": ""pass""}"	[]	dry-run	same-store-cluster	"[""NPC/Entry/Region contains shop type"", ""shop street or same-function region""]"	"[{""x"": 311, ""y"": 273, ""score"": 0, ""anchor"": {""x"": 311, ""y"": 273}, ""separation"": 0}]"	source present: docs/research/ei-ui-layout/sources/mir2ei-report-full-merchants-2026-09-25.json (318 Merchant coordinates)	True	"{""name"": ""善颖"", ""map"": ""74"", ""x"": 311, ""y"": 273, ""script"": ""08Accessory_Mongchon""}"	Merchant snapshot exact script/map coordinate	"[{""x"": 354, ""y"": 297}, {""x"": 324, ""y"": 277}, {""x"": 289, ""y"": 289}, {""x"": 323, ""y"": 310}, {""x"": 293, ""y"": 278}, {""x"": 311, ""y"": 273}, {""x"": 287, ""y"": 290}, {""x"": 349, ""y"": 329}, {""x"": 271, ""y"": 267}, {""x"": 300, ""y"": 299}, {""x"": 290, ""y"": 299}, {""x"": 297, ""y"": 295}, {""x"": 324, ""y"": 108}]"	[]	True	"{""idx"": ""225"", ""name"": ""08Accessory_Mongchon"", ""method"": ""A-精确(已在位)"", ""old"": ""74(311,273)"", ""new"": ""-"", ""note"": ""Mud3,无需改动"", ""source"": ""-"", ""remark"": """"}"
226	10Material_Mongchon	74	"{""x"": 287, ""y"": 290}"	10Material_Mongchon	74	"{""x"": 287, ""y"": 290}"	exact	74	"{""x"": 287, ""y"": 290}"	exact-script-name	medium	"{""old"": ""pass"", ""target"": ""pass""}"	[]	dry-run	same-store-cluster	"[""NPC/Entry/Region contains shop type"", ""shop street or same-function region""]"	"[{""x"": 287, ""y"": 290, ""score"": 0, ""anchor"": {""x"": 287, ""y"": 290}, ""separation"": 0}]"	source present: docs/research/ei-ui-layout/sources/mir2ei-report-full-merchants-2026-09-25.json (318 Merchant coordinates)	True	"{""name"": ""啊贵"", ""map"": ""74"", ""x"": 287, ""y"": 290, ""script"": ""10Material_Mongchon""}"	Merchant snapshot exact script/map coordinate	"[{""x"": 354, ""y"": 297}, {""x"": 324, ""y"": 277}, {""x"": 289, ""y"": 289}, {""x"": 323, ""y"": 310}, {""x"": 293, ""y"": 278}, {""x"": 311, ""y"": 273}, {""x"": 287, ""y"": 290}, {""x"": 349, ""y"": 329}, {""x"": 271, ""y"": 267}, {""x"": 300, ""y"": 299}, {""x"": 290, ""y"": 299}, {""x"": 297, ""y"": 295}, {""x"": 324, ""y"": 108}]"	[]	True	"{""idx"": ""226"", ""name"": ""10Material_Mongchon"", ""method"": ""A-精确(已在位)"", ""old"": ""74(287,290)"", ""new"": ""-"", ""note"": ""Mud3,无需改动"", ""source"": ""-"", ""remark"": """"}"
227	13Move_Mongchon1	74	"{""x"": 349, ""y"": 329}"	13Move_Mongchon1	74	"{""x"": 349, ""y"": 329}"	exact	74	"{""x"": 349, ""y"": 329}"	exact-script-name	medium	"{""old"": ""pass"", ""target"": ""pass""}"	[]	dry-run	town-entrance-teleporter	"[""NPC/Entry/Region contains movement/entrance type"", ""town entrance, route gate, or teleport cluster""]"	"[{""x"": 349, ""y"": 329, ""score"": 0, ""anchor"": {""x"": 349, ""y"": 329}, ""separation"": 0}]"	source present: docs/research/ei-ui-layout/sources/mir2ei-report-full-merchants-2026-09-25.json (318 Merchant coordinates)	True	"{""name"": ""六面神石"", ""map"": ""74"", ""x"": 349, ""y"": 329, ""script"": ""13Move_Mongchon1""}"	Merchant snapshot exact script/map coordinate	"[{""x"": 583, ""y"": 291}, {""x"": 582, ""y"": 292}, {""x"": 581, ""y"": 293}, {""x"": 580, ""y"": 294}, {""x"": 579, ""y"": 295}, {""x"": 585, ""y"": 290}, {""x"": 584, ""y"": 291}, {""x"": 583, ""y"": 292}, {""x"": 582, ""y"": 293}, {""x"": 581, ""y"": 294}, {""x"": 580, ""y"": 295}, {""x"": 579, ""y"": 296}, {""x"": 578, ""y"": 297}, {""x"": 26, ""y"": 306}, {""x"": 25, ""y"": 307}, {""x"": 24, ""y"": 308}, {""x"": 23, ""y"": 309}, {""x"": 22, ""y"": 310}, {""x"": 21, ""y"": 311}, {""x"": 20, ""y"": 312}]"	[]	True	"{""idx"": ""227"", ""name"": ""13Move_Mongchon1"", ""method"": ""A-精确(已在位)"", ""old"": ""74(349,329)"", ""new"": ""-"", ""note"": ""Mud3,无需改动"", ""source"": ""-"", ""remark"": """"}"
228	13Move_Mongchon2	74	"{""x"": 271, ""y"": 267}"	13Move_Mongchon2	74	"{""x"": 271, ""y"": 267}"	exact	74	"{""x"": 271, ""y"": 267}"	exact-script-name	medium	"{""old"": ""pass"", ""target"": ""pass""}"	[]	dry-run	town-entrance-teleporter	"[""NPC/Entry/Region contains movement/entrance type"", ""town entrance, route gate, or teleport cluster""]"	"[{""x"": 271, ""y"": 267, ""score"": 0, ""anchor"": {""x"": 271, ""y"": 267}, ""separation"": 0}]"	source present: docs/research/ei-ui-layout/sources/mir2ei-report-full-merchants-2026-09-25.json (318 Merchant coordinates)	True	"{""name"": ""六面神石"", ""map"": ""74"", ""x"": 271, ""y"": 267, ""script"": ""13Move_Mongchon2""}"	Merchant snapshot exact script/map coordinate	"[{""x"": 583, ""y"": 291}, {""x"": 582, ""y"": 292}, {""x"": 581, ""y"": 293}, {""x"": 580, ""y"": 294}, {""x"": 579, ""y"": 295}, {""x"": 585, ""y"": 290}, {""x"": 584, ""y"": 291}, {""x"": 583, ""y"": 292}, {""x"": 582, ""y"": 293}, {""x"": 581, ""y"": 294}, {""x"": 580, ""y"": 295}, {""x"": 579, ""y"": 296}, {""x"": 578, ""y"": 297}, {""x"": 26, ""y"": 306}, {""x"": 25, ""y"": 307}, {""x"": 24, ""y"": 308}, {""x"": 23, ""y"": 309}, {""x"": 22, ""y"": 310}, {""x"": 21, ""y"": 311}, {""x"": 20, ""y"": 312}]"	[]	True	"{""idx"": ""228"", ""name"": ""13Move_Mongchon2"", ""method"": ""A-精确(已在位)"", ""old"": ""74(271,267)"", ""new"": ""-"", ""note"": ""Mud3,无需改动"", ""source"": ""-"", ""remark"": """"}"
229	15Magic_Mongchon1	74	"{""x"": 300, ""y"": 299}"	15Magic_Mongchon1	74	"{""x"": 300, ""y"": 299}"	exact	74	"{""x"": 300, ""y"": 299}"	exact-script-name	medium	"{""old"": ""pass"", ""target"": ""pass""}"	[]	dry-run	town-safezone-extra	"[""no direct Merchant anchor; preserve business category"", ""safe-zone independent walkable point""]"	"[{""x"": 300, ""y"": 299, ""score"": 0, ""anchor"": {""x"": 300, ""y"": 299}, ""separation"": 0}]"	source present: docs/research/ei-ui-layout/sources/mir2ei-report-full-merchants-2026-09-25.json (318 Merchant coordinates)	True	"{""name"": ""武术教头"", ""map"": ""74"", ""x"": 300, ""y"": 299, ""script"": ""15Magic_Mongchon1""}"	Merchant snapshot exact script/map coordinate	"[{""x"": 315, ""y"": 287}, {""x"": 300, ""y"": 300}, {""x"": 300, ""y"": 300}, {""x"": 300, ""y"": 300}, {""x"": 300, ""y"": 300}, {""x"": 300, ""y"": 300}, {""x"": 300, ""y"": 300}]"	[]	True	"{""idx"": ""229"", ""name"": ""15Magic_Mongchon1"", ""method"": ""A-精确(已在位)"", ""old"": ""74(300,299)"", ""new"": ""-"", ""note"": ""Mud3,无需改动"", ""source"": ""-"", ""remark"": """"}"
230	15Magic_Mongchon2	74	"{""x"": 290, ""y"": 299}"	15Magic_Mongchon2	74	"{""x"": 290, ""y"": 299}"	exact	74	"{""x"": 290, ""y"": 299}"	exact-script-name	medium	"{""old"": ""pass"", ""target"": ""pass""}"	[]	dry-run	town-safezone-extra	"[""no direct Merchant anchor; preserve business category"", ""safe-zone independent walkable point""]"	"[{""x"": 290, ""y"": 299, ""score"": 0, ""anchor"": {""x"": 290, ""y"": 299}, ""separation"": 0}]"	source present: docs/research/ei-ui-layout/sources/mir2ei-report-full-merchants-2026-09-25.json (318 Merchant coordinates)	True	"{""name"": ""雷翁断珠"", ""map"": ""74"", ""x"": 290, ""y"": 299, ""script"": ""15Magic_Mongchon2""}"	Merchant snapshot exact script/map coordinate	"[{""x"": 315, ""y"": 287}, {""x"": 300, ""y"": 300}, {""x"": 300, ""y"": 300}, {""x"": 300, ""y"": 300}, {""x"": 300, ""y"": 300}, {""x"": 300, ""y"": 300}, {""x"": 300, ""y"": 300}]"	[]	True	"{""idx"": ""230"", ""name"": ""15Magic_Mongchon2"", ""method"": ""A-精确(已在位)"", ""old"": ""74(290,299)"", ""new"": ""-"", ""note"": ""Mud3,无需改动"", ""source"": ""-"", ""remark"": """"}"
231	15Magic_Mongchon3	74	"{""x"": 297, ""y"": 295}"	15Magic_Mongchon3	74	"{""x"": 297, ""y"": 295}"	exact	74	"{""x"": 297, ""y"": 295}"	exact-script-name	medium	"{""old"": ""pass"", ""target"": ""pass""}"	[]	dry-run	town-safezone-extra	"[""no direct Merchant anchor; preserve business category"", ""safe-zone independent walkable point""]"	"[{""x"": 297, ""y"": 295, ""score"": 0, ""anchor"": {""x"": 297, ""y"": 295}, ""separation"": 0}]"	source present: docs/research/ei-ui-layout/sources/mir2ei-report-full-merchants-2026-09-25.json (318 Merchant coordinates)	True	"{""name"": ""盟重道长"", ""map"": ""74"", ""x"": 297, ""y"": 295, ""script"": ""15Magic_Mongchon3""}"	Merchant snapshot exact script/map coordinate	"[{""x"": 315, ""y"": 287}, {""x"": 300, ""y"": 300}, {""x"": 300, ""y"": 300}, {""x"": 300, ""y"": 300}, {""x"": 300, ""y"": 300}, {""x"": 300, ""y"": 300}, {""x"": 300, ""y"": 300}]"	[]	True	"{""idx"": ""231"", ""name"": ""15Magic_Mongchon3"", ""method"": ""A-精确(已在位)"", ""old"": ""74(297,295)"", ""new"": ""-"", ""note"": ""Mud3,无需改动"", ""source"": ""-"", ""remark"": """"}"
232	15Magic_Mongchon4	74	"{""x"": 324, ""y"": 108}"	15Magic_Mongchon4	74	"{""x"": 324, ""y"": 108}"	exact	74	"{""x"": 324, ""y"": 108}"	exact-script-name	medium	"{""old"": ""pass"", ""target"": ""pass""}"	[]	dry-run	town-safezone-extra	"[""no direct Merchant anchor; preserve business category"", ""safe-zone independent walkable point""]"	"[{""x"": 324, ""y"": 108, ""score"": 0, ""anchor"": {""x"": 324, ""y"": 108}, ""separation"": 0}]"	source present: docs/research/ei-ui-layout/sources/mir2ei-report-full-merchants-2026-09-25.json (318 Merchant coordinates)	True	"{""name"": ""泼皮路白"", ""map"": ""74"", ""x"": 324, ""y"": 108, ""script"": ""15Magic_Mongchon4""}"	Merchant snapshot exact script/map coordinate	"[{""x"": 315, ""y"": 287}, {""x"": 300, ""y"": 300}, {""x"": 300, ""y"": 300}, {""x"": 300, ""y"": 300}, {""x"": 300, ""y"": 300}, {""x"": 300, ""y"": 300}, {""x"": 300, ""y"": 300}]"	[]	True	"{""idx"": ""232"", ""name"": ""15Magic_Mongchon4"", ""method"": ""A-精确(已在位)"", ""old"": ""74(324,108)"", ""new"": ""-"", ""note"": ""Mud3,无需改动"", ""source"": ""-"", ""remark"": """"}"
233	13Move_SukGak	75	"{""x"": 184, ""y"": 90}"	13Move_SukGak	75	"{""x"": 184, ""y"": 90}"	exact	75	"{""x"": 184, ""y"": 90}"	exact-script-name	medium	"{""old"": ""pass"", ""target"": ""pass""}"	[]	dry-run	town-entrance-teleporter	"[""NPC/Entry/Region contains movement/entrance type"", ""town entrance, route gate, or teleport cluster""]"	"[{""x"": 184, ""y"": 90, ""score"": 0, ""anchor"": {""x"": 184, ""y"": 90}, ""separation"": 0}]"	source present: docs/research/ei-ui-layout/sources/mir2ei-report-full-merchants-2026-09-25.json (318 Merchant coordinates)	True	"{""name"": ""六面神石"", ""map"": ""75"", ""x"": 184, ""y"": 90, ""script"": ""13Move_SukGak""}"	Merchant snapshot exact script/map coordinate	"[{""x"": 384, ""y"": 214}, {""x"": 383, ""y"": 215}, {""x"": 382, ""y"": 216}, {""x"": 381, ""y"": 217}, {""x"": 380, ""y"": 218}, {""x"": 379, ""y"": 219}, {""x"": 378, ""y"": 220}, {""x"": 385, ""y"": 214}, {""x"": 384, ""y"": 215}, {""x"": 383, ""y"": 216}, {""x"": 382, ""y"": 217}, {""x"": 381, ""y"": 218}, {""x"": 380, ""y"": 219}, {""x"": 379, ""y"": 220}, {""x"": 378, ""y"": 221}, {""x"": 26, ""y"": 206}, {""x"": 25, ""y"": 207}, {""x"": 24, ""y"": 208}, {""x"": 23, ""y"": 209}, {""x"": 22, ""y"": 210}]"	[]	True	"{""idx"": ""233"", ""name"": ""13Move_SukGak"", ""method"": ""A-精确(已在位)"", ""old"": ""75(184,90)"", ""new"": ""-"", ""note"": ""Mud3,无需改动"", ""source"": ""-"", ""remark"": """"}"
234	04Potion_RedZone	81	"{""x"": 138, ""y"": 301}"	04Potion_RedZone	81	"{""x"": 138, ""y"": 301}"	variant	81	"{""x"": 138, ""y"": 301}"	exact-script-name	low	"{""old"": ""pass"", ""target"": ""pass""}"	[]	pending-review	same-store-cluster	"[""NPC/Entry/Region contains shop type"", ""shop street or same-function region""]"	"[{""x"": 138, ""y"": 301, ""score"": 0, ""anchor"": {""x"": 138, ""y"": 301}, ""separation"": 0}]"	source present: docs/research/ei-ui-layout/sources/mir2ei-report-full-merchants-2026-09-25.json (318 Merchant coordinates)	True	"{""name"": ""次庸"", ""map"": ""81"", ""x"": 138, ""y"": 301, ""script"": ""04Potion_RedZone""}"	Merchant snapshot exact script/map coordinate	"[{""x"": 138, ""y"": 301}, {""x"": 119, ""y"": 297}, {""x"": 129, ""y"": 265}, {""x"": 127, ""y"": 265}]"	"[""map relation does not permit blind original-coordinate reuse""]"	True	"{""idx"": ""234"", ""name"": ""04Potion_RedZone"", ""method"": ""A-精确(已在位)"", ""old"": ""81(138,301)"", ""new"": ""-"", ""note"": ""Mud3,无需改动"", ""source"": ""-"", ""remark"": """"}"
235	09Lucky_RedZone	81	"{""x"": 119, ""y"": 297}"	09Lucky_RedZone	81	"{""x"": 119, ""y"": 297}"	variant	81	"{""x"": 119, ""y"": 297}"	exact-script-name	low	"{""old"": ""pass"", ""target"": ""pass""}"	[]	pending-review	town-safezone-extra	"[""no direct Merchant anchor; preserve business category"", ""safe-zone independent walkable point""]"	"[{""x"": 119, ""y"": 297, ""score"": 0, ""anchor"": {""x"": 119, ""y"": 297}, ""separation"": 0}]"	source present: docs/research/ei-ui-layout/sources/mir2ei-report-full-merchants-2026-09-25.json (318 Merchant coordinates)	True	"{""name"": ""小望"", ""map"": ""81"", ""x"": 119, ""y"": 297, ""script"": ""09Lucky_RedZone""}"	Merchant snapshot exact script/map coordinate	"[{""x"": 130, ""y"": 273}]"	"[""map relation does not permit blind original-coordinate reuse""]"	True	"{""idx"": ""235"", ""name"": ""09Lucky_RedZone"", ""method"": ""A-精确(已在位)"", ""old"": ""81(119,297)"", ""new"": ""-"", ""note"": ""Mud3,无需改动"", ""source"": ""-"", ""remark"": """"}"
236	13Move_RedZone	81	"{""x"": 129, ""y"": 265}"	13Move_RedZone	81	"{""x"": 129, ""y"": 265}"	variant	81	"{""x"": 129, ""y"": 265}"	exact-script-name	low	"{""old"": ""pass"", ""target"": ""pass""}"	[]	pending-review	town-entrance-teleporter	"[""NPC/Entry/Region contains movement/entrance type"", ""town entrance, route gate, or teleport cluster""]"	"[{""x"": 129, ""y"": 265, ""score"": 0, ""anchor"": {""x"": 129, ""y"": 265}, ""separation"": 0}]"	source present: docs/research/ei-ui-layout/sources/mir2ei-report-full-merchants-2026-09-25.json (318 Merchant coordinates)	True	"{""name"": ""六面神石"", ""map"": ""81"", ""x"": 129, ""y"": 265, ""script"": ""13Move_RedZone""}"	Merchant snapshot exact script/map coordinate	"[{""x"": 156, ""y"": 135}, {""x"": 155, ""y"": 136}, {""x"": 127, ""y"": 265}, {""x"": 155, ""y"": 135}, {""x"": 156, ""y"": 135}, {""x"": 155, ""y"": 137}, {""x"": 155, ""y"": 137}, {""x"": 155, ""y"": 137}]"	"[""map relation does not permit blind original-coordinate reuse""]"	True	"{""idx"": ""236"", ""name"": ""13Move_RedZone"", ""method"": ""A-精确(已在位)"", ""old"": ""81(129,265)"", ""new"": ""-"", ""note"": ""Mud3,无需改动"", ""source"": ""-"", ""remark"": """"}"
237	07Grocery_SkeletonCave	DM001	"{""x"": 4, ""y"": 6}"	07Grocery_SkeletonCave	DM001	"{""x"": 4, ""y"": 6}"	exact	DM001	"{""x"": 4, ""y"": 6}"	exact-script-name	medium	"{""old"": ""pass"", ""target"": ""pass""}"	[]	dry-run	same-store-cluster	"[""NPC/Entry/Region contains shop type"", ""shop street or same-function region""]"	"[{""x"": 4, ""y"": 6, ""score"": 0, ""anchor"": {""x"": 4, ""y"": 6}, ""separation"": 0}]"	source present: docs/research/ei-ui-layout/sources/mir2ei-report-full-merchants-2026-09-25.json (318 Merchant coordinates)	True	"{""name"": ""奸商欧阳"", ""map"": ""DM001"", ""x"": 4, ""y"": 6, ""script"": ""07Grocery_SkeletonCave""}"	Merchant snapshot exact script/map coordinate	"[{""x"": 4, ""y"": 6}]"	[]	True	"{""idx"": ""237"", ""name"": ""07Grocery_SkeletonCave"", ""method"": ""A-精确(已在位)"", ""old"": ""DM001(4,6)"", ""new"": ""-"", ""note"": ""Mud3,无需改动"", ""source"": ""-"", ""remark"": """"}"
238	14Quest_SkeletonCave	D012_001	"{""x"": 13, ""y"": 11}"	14Quest_SkeletonCave	D012_001	"{""x"": 13, ""y"": 11}"	exact	D012_001	"{""x"": 13, ""y"": 11}"	exact-script-name-map	medium	"{""old"": ""pass"", ""target"": ""pass""}"	[]	dry-run	town-safezone-service	"[""NPC/Entry/Region identifies quest/service role"", ""safe zone or task-area entrance""]"	"[{""x"": 13, ""y"": 11, ""score"": 0, ""anchor"": {""x"": 13, ""y"": 11}, ""separation"": 0}]"	source present: docs/research/ei-ui-layout/sources/mir2ei-report-full-merchants-2026-09-25.json (318 Merchant coordinates)	True	"{""name"": ""云发"", ""map"": ""D012_001"", ""x"": 13, ""y"": 11, ""script"": ""14Quest_SkeletonCave""}"	Merchant snapshot exact script/map coordinate	"[{""x"": 13, ""y"": 11}]"	[]	True	"{""idx"": ""238"", ""name"": ""14Quest_SkeletonCave"", ""method"": ""A-精确(已在位)"", ""old"": ""D012_001(13,11)"", ""new"": ""-"", ""note"": ""Mud3,无需改动"", ""source"": ""-"", ""remark"": """"}"
239	14Quest_SkeletonCave	E002_001	"{""x"": 9, ""y"": 11}"	14Quest_SkeletonCave	E002_001	"{""x"": 9, ""y"": 11}"	exact	E002_001	"{""x"": 9, ""y"": 11}"	exact-script-name-map	medium	"{""old"": ""pass"", ""target"": ""pass""}"	[]	dry-run	town-safezone-service	"[""NPC/Entry/Region identifies quest/service role"", ""safe zone or task-area entrance""]"	"[{""x"": 9, ""y"": 11, ""score"": 0, ""anchor"": {""x"": 9, ""y"": 11}, ""separation"": 0}]"	source present: docs/research/ei-ui-layout/sources/mir2ei-report-full-merchants-2026-09-25.json (318 Merchant coordinates)	True	"{""name"": ""云发"", ""map"": ""E002_001"", ""x"": 9, ""y"": 11, ""script"": ""14Quest_SkeletonCave""}"	Merchant snapshot exact script/map coordinate	"[{""x"": 9, ""y"": 11}]"	[]	True	"{""idx"": ""239"", ""name"": ""14Quest_SkeletonCave"", ""method"": ""A-精确(已在位)"", ""old"": ""E002_001(9,11)"", ""new"": ""-"", ""note"": ""Mud3,无需改动"", ""source"": ""-"", ""remark"": """"}"
240	14Quest_SkeletonCave	E002	"{""x"": 65, ""y"": 12}"	14Quest_SkeletonCave	E002	"{""x"": 65, ""y"": 12}"	exact	E002	"{""x"": 65, ""y"": 12}"	exact-script-name-map	medium	"{""old"": ""pass"", ""target"": ""pass""}"	[]	dry-run	town-safezone-service	"[""NPC/Entry/Region identifies quest/service role"", ""safe zone or task-area entrance""]"	"[{""x"": 65, ""y"": 12, ""score"": 0, ""anchor"": {""x"": 65, ""y"": 12}, ""separation"": 0}]"	source present: docs/research/ei-ui-layout/sources/mir2ei-report-full-merchants-2026-09-25.json (318 Merchant coordinates)	True	"{""name"": ""嘉登"", ""map"": ""E002"", ""x"": 65, ""y"": 12, ""script"": ""14Quest_SkeletonCave""}"	Merchant snapshot exact script/map coordinate	"[{""x"": 50, ""y"": 50}, {""x"": 50, ""y"": 50}, {""x"": 50, ""y"": 50}, {""x"": 50, ""y"": 50}, {""x"": 50, ""y"": 50}, {""x"": 50, ""y"": 50}]"	[]	True	"{""idx"": ""240"", ""name"": ""14Quest_SkeletonCave"", ""method"": ""A-精确(已在位)"", ""old"": ""E002(65,12)"", ""new"": ""-"", ""note"": ""Mud3,无需改动"", ""source"": ""-"", ""remark"": """"}"
241	14Quest_SkeletonCave	DM002	"{""x"": 14, ""y"": 22}"	14Quest_SkeletonCave	DM002	"{""x"": 14, ""y"": 22}"	exact	DM002	"{""x"": 14, ""y"": 22}"	exact-script-name-map	medium	"{""old"": ""pass"", ""target"": ""pass""}"	[]	dry-run	town-safezone-service	"[""NPC/Entry/Region identifies quest/service role"", ""safe zone or task-area entrance""]"	"[{""x"": 14, ""y"": 22, ""score"": 0, ""anchor"": {""x"": 14, ""y"": 22}, ""separation"": 0}]"	source present: docs/research/ei-ui-layout/sources/mir2ei-report-full-merchants-2026-09-25.json (318 Merchant coordinates)	True	"{""name"": ""无理的道士"", ""map"": ""DM002"", ""x"": 14, ""y"": 22, ""script"": ""14Quest_SkeletonCave""}"	Merchant snapshot exact script/map coordinate	"[{""x"": 14, ""y"": 22}]"	[]	True	"{""idx"": ""241"", ""name"": ""14Quest_SkeletonCave"", ""method"": ""A-精确(已在位)"", ""old"": ""DM002(14,22)"", ""new"": ""-"", ""note"": ""Mud3,无需改动"", ""source"": ""-"", ""remark"": """"}"
242	09NotBlocker_ZombieCave	D431	"{""x"": 29, ""y"": 175}"	09NotBlocker_ZombieCave	D431	"{""x"": 29, ""y"": 175}"	exact	D431	"{""x"": 29, ""y"": 175}"	exact-script-name	medium	"{""old"": ""pass"", ""target"": ""pass""}"	[]	dry-run	town-safezone-extra	"[""no direct Merchant anchor; preserve business category"", ""safe-zone independent walkable point""]"	"[{""x"": 29, ""y"": 175, ""score"": 0, ""anchor"": {""x"": 29, ""y"": 175}, ""separation"": 0}]"	source present: docs/research/ei-ui-layout/sources/mir2ei-report-full-merchants-2026-09-25.json (318 Merchant coordinates)	True	"{""name"": ""矿山老人"", ""map"": ""D431"", ""x"": 29, ""y"": 175, ""script"": ""09NotBlocker_ZombieCave""}"	Merchant snapshot exact script/map coordinate	"[{""x"": 100, ""y"": 100}, {""x"": 100, ""y"": 100}, {""x"": 100, ""y"": 100}, {""x"": 100, ""y"": 100}, {""x"": 100, ""y"": 100}, {""x"": 100, ""y"": 100}, {""x"": 100, ""y"": 100}, {""x"": 100, ""y"": 100}, {""x"": 100, ""y"": 100}, {""x"": 100, ""y"": 100}]"	[]	True	"{""idx"": ""242"", ""name"": ""09NotBlocker_ZombieCave"", ""method"": ""A-精确(已在位)"", ""old"": ""D431(29,175)"", ""new"": ""-"", ""note"": ""Mud3,无需改动"", ""source"": ""-"", ""remark"": """"}"
243	14Quest_ZombieCave	E402_001	"{""x"": 13, ""y"": 10}"	14Quest_ZombieCave	E402_001	"{""x"": 13, ""y"": 10}"	exact	E402_001	"{""x"": 13, ""y"": 10}"	exact-script-name-map	medium	"{""old"": ""pass"", ""target"": ""pass""}"	[]	dry-run	town-safezone-service	"[""NPC/Entry/Region identifies quest/service role"", ""safe zone or task-area entrance""]"	"[{""x"": 13, ""y"": 10, ""score"": 0, ""anchor"": {""x"": 13, ""y"": 10}, ""separation"": 0}]"	source present: docs/research/ei-ui-layout/sources/mir2ei-report-full-merchants-2026-09-25.json (318 Merchant coordinates)	True	"{""name"": ""署箭"", ""map"": ""E402_001"", ""x"": 13, ""y"": 10, ""script"": ""14Quest_ZombieCave""}"	Merchant snapshot exact script/map coordinate	"[{""x"": 13, ""y"": 10}]"	[]	True	"{""idx"": ""243"", ""name"": ""14Quest_ZombieCave"", ""method"": ""A-精确(已在位)"", ""old"": ""E402_001(13,10)"", ""new"": ""-"", ""note"": ""Mud3,无需改动"", ""source"": ""-"", ""remark"": """"}"
244	14Quest_ZombieCave	D404_002	"{""x"": 22, ""y"": 11}"	14Quest_ZombieCave	D404_002	"{""x"": 22, ""y"": 11}"	exact	D404_002	"{""x"": 22, ""y"": 11}"	exact-script-name-map	medium	"{""old"": ""pass"", ""target"": ""pass""}"	[]	dry-run	town-safezone-service	"[""NPC/Entry/Region identifies quest/service role"", ""safe zone or task-area entrance""]"	"[{""x"": 22, ""y"": 11, ""score"": 0, ""anchor"": {""x"": 22, ""y"": 11}, ""separation"": 0}]"	source present: docs/research/ei-ui-layout/sources/mir2ei-report-full-merchants-2026-09-25.json (318 Merchant coordinates)	True	"{""name"": ""署箭"", ""map"": ""D404_002"", ""x"": 22, ""y"": 11, ""script"": ""14Quest_ZombieCave""}"	Merchant snapshot exact script/map coordinate	"[{""x"": 22, ""y"": 11}]"	[]	True	"{""idx"": ""244"", ""name"": ""14Quest_ZombieCave"", ""method"": ""A-精确(已在位)"", ""old"": ""D404_002(22,11)"", ""new"": ""-"", ""note"": ""Mud3,无需改动"", ""source"": ""-"", ""remark"": """"}"
245	14Quest_WoomaPalace	D023_001	"{""x"": 17, ""y"": 21}"	14Quest_WoomaPalace	D023_001	"{""x"": 17, ""y"": 21}"	exact	D023_001	"{""x"": 17, ""y"": 21}"	exact-script-name-map	medium	"{""old"": ""pass"", ""target"": ""pass""}"	[]	dry-run	town-safezone-service	"[""NPC/Entry/Region identifies quest/service role"", ""safe zone or task-area entrance""]"	"[{""x"": 17, ""y"": 21, ""score"": 0, ""anchor"": {""x"": 17, ""y"": 21}, ""separation"": 0}]"	source present: docs/research/ei-ui-layout/sources/mir2ei-report-full-merchants-2026-09-25.json (318 Merchant coordinates)	True	"{""name"": ""牛老道"", ""map"": ""D023_001"", ""x"": 17, ""y"": 21, ""script"": ""14Quest_WoomaPalace""}"	Merchant snapshot exact script/map coordinate	"[{""x"": 17, ""y"": 21}]"	[]	True	"{""idx"": ""245"", ""name"": ""14Quest_WoomaPalace"", ""method"": ""A-精确(已在位)"", ""old"": ""D023_001(17,21)"", ""new"": ""-"", ""note"": ""Mud3,无需改动"", ""source"": ""-"", ""remark"": """"}"
246	14Quest_WoomaPalace	D022	"{""x"": 207, ""y"": 47}"	14Quest_WoomaPalace	D022	"{""x"": 207, ""y"": 47}"	exact	D022	"{""x"": 207, ""y"": 47}"	exact-script-name-map	medium	"{""old"": ""pass"", ""target"": ""pass""}"	[]	dry-run	town-safezone-service	"[""NPC/Entry/Region identifies quest/service role"", ""safe zone or task-area entrance""]"	"[{""x"": 207, ""y"": 47, ""score"": 0, ""anchor"": {""x"": 207, ""y"": 47}, ""separation"": 0}]"	source present: docs/research/ei-ui-layout/sources/mir2ei-report-full-merchants-2026-09-25.json (318 Merchant coordinates)	True	"{""name"": ""石堆"", ""map"": ""D022"", ""x"": 207, ""y"": 47, ""script"": ""14Quest_WoomaPalace""}"	Merchant snapshot exact script/map coordinate	"[{""x"": 250, ""y"": 250}, {""x"": 250, ""y"": 250}, {""x"": 250, ""y"": 250}, {""x"": 250, ""y"": 250}, {""x"": 250, ""y"": 250}, {""x"": 250, ""y"": 250}, {""x"": 250, ""y"": 250}, {""x"": 250, ""y"": 250}, {""x"": 250, ""y"": 250}, {""x"": 250, ""y"": 250}, {""x"": 250, ""y"": 250}]"	[]	True	"{""idx"": ""246"", ""name"": ""14Quest_WoomaPalace"", ""method"": ""A-精确(已在位)"", ""old"": ""D022(207,47)"", ""new"": ""-"", ""note"": ""Mud3,无需改动"", ""source"": ""-"", ""remark"": """"}"
247	14Quest_WoomaPalace	D022_001	"{""x"": 64, ""y"": 21}"	14Quest_WoomaPalace	D022_001	"{""x"": 64, ""y"": 21}"	exact	D022_001	"{""x"": 64, ""y"": 21}"	exact-script-name-map	medium	"{""old"": ""pass"", ""target"": ""pass""}"	[]	dry-run	town-safezone-service	"[""NPC/Entry/Region identifies quest/service role"", ""safe zone or task-area entrance""]"	"[{""x"": 64, ""y"": 21, ""score"": 0, ""anchor"": {""x"": 64, ""y"": 21}, ""separation"": 0}]"	source present: docs/research/ei-ui-layout/sources/mir2ei-report-full-merchants-2026-09-25.json (318 Merchant coordinates)	True	"{""name"": ""书架"", ""map"": ""D022_001"", ""x"": 64, ""y"": 21, ""script"": ""14Quest_WoomaPalace""}"	Merchant snapshot exact script/map coordinate	"[{""x"": 57, ""y"": 30}, {""x"": 57, ""y"": 30}, {""x"": 49, ""y"": 43}, {""x"": 48, ""y"": 33}]"	[]	True	"{""idx"": ""247"", ""name"": ""14Quest_WoomaPalace"", ""method"": ""A-精确(已在位)"", ""old"": ""D022_001(64,21)"", ""new"": ""-"", ""note"": ""Mud3,无需改动"", ""source"": ""-"", ""remark"": """"}"
248	04Potion_Zuma	D5071	"{""x"": 20, ""y"": 23}"	04Potion_Zuma	D5071	"{""x"": 20, ""y"": 23}"	exact	D5071	"{""x"": 20, ""y"": 23}"	exact-script-name	medium	"{""old"": ""pass"", ""target"": ""pass""}"	[]	dry-run	same-store-cluster	"[""NPC/Entry/Region contains shop type"", ""shop street or same-function region""]"	"[{""x"": 20, ""y"": 23, ""score"": 0, ""anchor"": {""x"": 20, ""y"": 23}, ""separation"": 0}]"	source present: docs/research/ei-ui-layout/sources/mir2ei-report-full-merchants-2026-09-25.json (318 Merchant coordinates)	True	"{""name"": ""魂滴"", ""map"": ""D5071"", ""x"": 20, ""y"": 23, ""script"": ""04Potion_Zuma""}"	Merchant snapshot exact script/map coordinate	"[{""x"": 20, ""y"": 23}]"	[]	True	"{""idx"": ""248"", ""name"": ""04Potion_Zuma"", ""method"": ""A-精确(已在位)"", ""old"": ""D5071(20,23)"", ""new"": ""-"", ""note"": ""Mud3,无需改动"", ""source"": ""-"", ""remark"": """"}"
249	02Weapon_HalfTemple	D1110	"{""x"": 27, ""y"": 13}"	02Weapon_HalfTemple	D1110	"{""x"": 27, ""y"": 13}"	exact	D1110	"{""x"": 27, ""y"": 13}"	exact-script-name	medium	"{""old"": ""pass"", ""target"": ""pass""}"	[]	dry-run	same-store-cluster	"[""NPC/Entry/Region contains shop type"", ""shop street or same-function region""]"	"[{""x"": 27, ""y"": 13, ""score"": 0, ""anchor"": {""x"": 27, ""y"": 13}, ""separation"": 0}]"	source present: docs/research/ei-ui-layout/sources/mir2ei-report-full-merchants-2026-09-25.json (318 Merchant coordinates)	True	"{""name"": ""司马云天"", ""map"": ""D1110"", ""x"": 27, ""y"": 13, ""script"": ""02Weapon_HalfTemple""}"	Merchant snapshot exact script/map coordinate	"[{""x"": 27, ""y"": 13}, {""x"": 7, ""y"": 24}, {""x"": 7, ""y"": 20}, {""x"": 15, ""y"": 18}, {""x"": 28, ""y"": 31}]"	[]	True	"{""idx"": ""249"", ""name"": ""02Weapon_HalfTemple"", ""method"": ""A-精确(已在位)"", ""old"": ""D1110(27,13)"", ""new"": ""-"", ""note"": ""Mud3,无需改动"", ""source"": ""-"", ""remark"": """"}"
250	09WideUse_HalfTemple	D1110	"{""x"": 7, ""y"": 24}"	09WideUse_HalfTemple	D1110	"{""x"": 7, ""y"": 24}"	exact	D1110	"{""x"": 7, ""y"": 24}"	exact-script-name	medium	"{""old"": ""pass"", ""target"": ""pass""}"	[]	dry-run	town-safezone-extra	"[""no direct Merchant anchor; preserve business category"", ""safe-zone independent walkable point""]"	"[{""x"": 7, ""y"": 24, ""score"": 0, ""anchor"": {""x"": 7, ""y"": 24}, ""separation"": 0}]"	source present: docs/research/ei-ui-layout/sources/mir2ei-report-full-merchants-2026-09-25.json (318 Merchant coordinates)	True	"{""name"": ""司马武林"", ""map"": ""D1110"", ""x"": 7, ""y"": 24, ""script"": ""09WideUse_HalfTemple""}"	Merchant snapshot exact script/map coordinate	"[{""x"": 27, ""y"": 13}, {""x"": 7, ""y"": 24}, {""x"": 7, ""y"": 20}, {""x"": 15, ""y"": 18}, {""x"": 28, ""y"": 31}]"	[]	True	"{""idx"": ""250"", ""name"": ""09WideUse_HalfTemple"", ""method"": ""A-精确(已在位)"", ""old"": ""D1110(7,24)"", ""new"": ""-"", ""note"": ""Mud3,无需改动"", ""source"": ""-"", ""remark"": """"}"
251	09Repair_HalfTemple	D1110	"{""x"": 7, ""y"": 20}"	09Repair_HalfTemple	D1110	"{""x"": 7, ""y"": 20}"	exact	D1110	"{""x"": 7, ""y"": 20}"	exact-script-name	medium	"{""old"": ""pass"", ""target"": ""pass""}"	[]	dry-run	town-safezone-extra	"[""no direct Merchant anchor; preserve business category"", ""safe-zone independent walkable point""]"	"[{""x"": 7, ""y"": 20, ""score"": 0, ""anchor"": {""x"": 7, ""y"": 20}, ""separation"": 0}]"	source present: docs/research/ei-ui-layout/sources/mir2ei-report-full-merchants-2026-09-25.json (318 Merchant coordinates)	True	"{""name"": ""司马化林"", ""map"": ""D1110"", ""x"": 7, ""y"": 20, ""script"": ""09Repair_HalfTemple""}"	Merchant snapshot exact script/map coordinate	"[{""x"": 27, ""y"": 13}, {""x"": 7, ""y"": 24}, {""x"": 7, ""y"": 20}, {""x"": 15, ""y"": 18}, {""x"": 28, ""y"": 31}]"	[]	True	"{""idx"": ""251"", ""name"": ""09Repair_HalfTemple"", ""method"": ""A-精确(已在位)"", ""old"": ""D1110(7,20)"", ""new"": ""-"", ""note"": ""Mud3,无需改动"", ""source"": ""-"", ""remark"": """"}"
252	13Move_HalfTemple1	D1110	"{""x"": 15, ""y"": 18}"	13Move_HalfTemple1	D1110	"{""x"": 15, ""y"": 18}"	exact	D1110	"{""x"": 15, ""y"": 18}"	exact-script-name	medium	"{""old"": ""pass"", ""target"": ""pass""}"	[]	dry-run	town-entrance-teleporter	"[""NPC/Entry/Region contains movement/entrance type"", ""town entrance, route gate, or teleport cluster""]"	"[{""x"": 15, ""y"": 18, ""score"": 0, ""anchor"": {""x"": 15, ""y"": 18}, ""separation"": 0}]"	source present: docs/research/ei-ui-layout/sources/mir2ei-report-full-merchants-2026-09-25.json (318 Merchant coordinates)	True	"{""name"": ""六面神石"", ""map"": ""D1110"", ""x"": 15, ""y"": 18, ""script"": ""13Move_HalfTemple1""}"	Merchant snapshot exact script/map coordinate	"[{""x"": 25, ""y"": 22}, {""x"": 24, ""y"": 23}]"	[]	True	"{""idx"": ""252"", ""name"": ""13Move_HalfTemple1"", ""method"": ""A-精确(已在位)"", ""old"": ""D1110(15,18)"", ""new"": ""-"", ""note"": ""Mud3,无需改动"", ""source"": ""-"", ""remark"": """"}"
253	13Move_HalfTemple2	D1110	"{""x"": 28, ""y"": 31}"	13Move_HalfTemple2	D1110	"{""x"": 28, ""y"": 31}"	exact	D1110	"{""x"": 28, ""y"": 31}"	exact-script-name	medium	"{""old"": ""pass"", ""target"": ""pass""}"	[]	dry-run	town-entrance-teleporter	"[""NPC/Entry/Region contains movement/entrance type"", ""town entrance, route gate, or teleport cluster""]"	"[{""x"": 28, ""y"": 31, ""score"": 0, ""anchor"": {""x"": 28, ""y"": 31}, ""separation"": 0}]"	source present: docs/research/ei-ui-layout/sources/mir2ei-report-full-merchants-2026-09-25.json (318 Merchant coordinates)	True	"{""name"": ""六面神石"", ""map"": ""D1110"", ""x"": 28, ""y"": 31, ""script"": ""13Move_HalfTemple2""}"	Merchant snapshot exact script/map coordinate	"[{""x"": 25, ""y"": 22}, {""x"": 24, ""y"": 23}]"	[]	True	"{""idx"": ""253"", ""name"": ""13Move_HalfTemple2"", ""method"": ""A-精确(已在位)"", ""old"": ""D1110(28,31)"", ""new"": ""-"", ""note"": ""Mud3,无需改动"", ""source"": ""-"", ""remark"": """"}"
254	13Move_HalfTemple	D11031	"{""x"": 199, ""y"": 257}"	13Move_HalfTemple	D11031	"{""x"": 199, ""y"": 257}"	variant	D11031	"{""x"": 199, ""y"": 257}"	exact-script-name-map	low	"{""old"": ""pass"", ""target"": ""pass""}"	[]	pending-review	town-entrance-teleporter	"[""NPC/Entry/Region contains movement/entrance type"", ""town entrance, route gate, or teleport cluster""]"	"[{""x"": 199, ""y"": 257, ""score"": 0, ""anchor"": {""x"": 199, ""y"": 257}, ""separation"": 0}]"	source present: docs/research/ei-ui-layout/sources/mir2ei-report-full-merchants-2026-09-25.json (318 Merchant coordinates)	True	"{""name"": ""六面神石"", ""map"": ""D11031"", ""x"": 199, ""y"": 257, ""script"": ""13Move_HalfTemple""}"	Merchant snapshot exact script/map coordinate	"[{""x"": 197, ""y"": 257}, {""x"": 207, ""y"": 333}, {""x"": 206, ""y"": 332}, {""x"": 199, ""y"": 255}, {""x"": 207, ""y"": 333}, {""x"": 206, ""y"": 332}]"	"[""map relation does not permit blind original-coordinate reuse""]"	True	"{""idx"": ""254"", ""name"": ""13Move_HalfTemple"", ""method"": ""A-精确(已在位)"", ""old"": ""D11031(199,257)"", ""new"": ""-"", ""note"": ""Mud3,无需改动"", ""source"": ""-"", ""remark"": """"}"
255	04Potion_SinGiSun	D90221	"{""x"": 22, ""y"": 20}"	04Potion_SinGiSun	D90221	"{""x"": 22, ""y"": 20}"	exact	D90221	"{""x"": 22, ""y"": 20}"	exact-script-name-map	medium	"{""old"": ""pass"", ""target"": ""pass""}"	[]	dry-run	same-store-cluster	"[""NPC/Entry/Region contains shop type"", ""shop street or same-function region""]"	"[{""x"": 22, ""y"": 20, ""score"": 0, ""anchor"": {""x"": 22, ""y"": 20}, ""separation"": 0}]"	source present: docs/research/ei-ui-layout/sources/mir2ei-report-full-merchants-2026-09-25.json (318 Merchant coordinates)	True	"{""name"": ""花仙"", ""map"": ""D90221"", ""x"": 22, ""y"": 20, ""script"": ""04Potion_SinGiSun""}"	Merchant snapshot exact script/map coordinate	"[{""x"": 22, ""y"": 20}]"	[]	True	"{""idx"": ""255"", ""name"": ""04Potion_SinGiSun"", ""method"": ""A-精确(已在位)"", ""old"": ""D90221(22,20)"", ""new"": ""-"", ""note"": ""Mud3,无需改动"", ""source"": ""-"", ""remark"": """"}"
260	14Quest_SinGiSun	D900	"{""x"": 45, ""y"": 58}"	14Quest_SinGiSun	D900	"{""x"": 45, ""y"": 58}"	exact	D900	"{""x"": 45, ""y"": 58}"	exact-script-name-map	medium	"{""old"": ""pass"", ""target"": ""pass""}"	[]	dry-run	town-safezone-service	"[""NPC/Entry/Region identifies quest/service role"", ""safe zone or task-area entrance""]"	"[{""x"": 45, ""y"": 58, ""score"": 0, ""anchor"": {""x"": 45, ""y"": 58}, ""separation"": 0}]"	source present: docs/research/ei-ui-layout/sources/mir2ei-report-full-merchants-2026-09-25.json (318 Merchant coordinates)	True	"{""name"": ""霸王幽灵"", ""map"": ""D900"", ""x"": 45, ""y"": 58, ""script"": ""14Quest_SinGiSun""}"	Merchant snapshot exact script/map coordinate	"[{""x"": 45, ""y"": 58}]"	[]	True	"{""idx"": ""260"", ""name"": ""14Quest_SinGiSun"", ""method"": ""A-精确(已在位)"", ""old"": ""D900(45,58)"", ""new"": ""-"", ""note"": ""Mud3,无需改动"", ""source"": ""-"", ""remark"": """"}"
261	14Quest_SinGiSun	D90323	"{""x"": 16, ""y"": 8}"	14Quest_SinGiSun	D90323	"{""x"": 16, ""y"": 8}"	exact	D90323	"{""x"": 16, ""y"": 8}"	exact-script-name-map	medium	"{""old"": ""pass"", ""target"": ""pass""}"	[]	dry-run	town-safezone-service	"[""NPC/Entry/Region identifies quest/service role"", ""safe zone or task-area entrance""]"	"[{""x"": 16, ""y"": 8, ""score"": 0, ""anchor"": {""x"": 16, ""y"": 8}, ""separation"": 0}]"	source present: docs/research/ei-ui-layout/sources/mir2ei-report-full-merchants-2026-09-25.json (318 Merchant coordinates)	True	"{""name"": ""霸王幽灵"", ""map"": ""D90323"", ""x"": 16, ""y"": 8, ""script"": ""14Quest_SinGiSun""}"	Merchant snapshot exact script/map coordinate	"[{""x"": 16, ""y"": 8}]"	[]	True	"{""idx"": ""261"", ""name"": ""14Quest_SinGiSun"", ""method"": ""A-精确(已在位)"", ""old"": ""D90323(16,8)"", ""new"": ""-"", ""note"": ""Mud3,无需改动"", ""source"": ""-"", ""remark"": """"}"
262	01Meet_NuMa	41	"{""x"": 126, ""y"": 86}"	01Meet_NuMa	41	"{""x"": 126, ""y"": 86}"	exact	41	"{""x"": 126, ""y"": 86}"	exact-script-name	medium	"{""old"": ""pass"", ""target"": ""pass""}"	[]	dry-run	town-safezone-extra	"[""no direct Merchant anchor; preserve business category"", ""safe-zone independent walkable point""]"	"[{""x"": 126, ""y"": 86, ""score"": 0, ""anchor"": {""x"": 126, ""y"": 86}, ""separation"": 0}]"	source present: docs/research/ei-ui-layout/sources/mir2ei-report-full-merchants-2026-09-25.json (318 Merchant coordinates)	True	"{""name"": ""瓦慈"", ""map"": ""41"", ""x"": 126, ""y"": 86, ""script"": ""01Meet_NuMa""}"	Merchant snapshot exact script/map coordinate	"[{""x"": 167, ""y"": 94}, {""x"": 285, ""y"": 280}, {""x"": 285, ""y"": 105}, {""x"": 110, ""y"": 280}, {""x"": 285, ""y"": 280}, {""x"": 285, ""y"": 105}, {""x"": 110, ""y"": 280}, {""x"": 285, ""y"": 280}, {""x"": 285, ""y"": 105}, {""x"": 110, ""y"": 280}, {""x"": 285, ""y"": 280}, {""x"": 285, ""y"": 105}, {""x"": 110, ""y"": 280}, {""x"": 285, ""y"": 280}, {""x"": 285, ""y"": 105}, {""x"": 110, ""y"": 280}, {""x"": 285, ""y"": 280}, {""x"": 285, ""y"": 105}, {""x"": 110, ""y"": 280}, {""x"": 285, ""y"": 280}]"	[]	True	"{""idx"": ""262"", ""name"": ""01Meet_NuMa"", ""method"": ""A-精确(已在位)"", ""old"": ""41(126,86)"", ""new"": ""-"", ""note"": ""Mud3,无需改动"", ""source"": ""-"", ""remark"": """"}"
263	02Weapon_Numa	41	"{""x"": 145, ""y"": 82}"	02Weapon_Numa	41	"{""x"": 145, ""y"": 82}"	exact	41	"{""x"": 145, ""y"": 82}"	exact-script-name	medium	"{""old"": ""pass"", ""target"": ""pass""}"	[]	dry-run	same-store-cluster	"[""NPC/Entry/Region contains shop type"", ""shop street or same-function region""]"	"[{""x"": 145, ""y"": 82, ""score"": 0, ""anchor"": {""x"": 145, ""y"": 82}, ""separation"": 0}]"	source present: docs/research/ei-ui-layout/sources/mir2ei-report-full-merchants-2026-09-25.json (318 Merchant coordinates)	True	"{""name"": ""图木勒"", ""map"": ""41"", ""x"": 145, ""y"": 82, ""script"": ""02Weapon_Numa""}"	Merchant snapshot exact script/map coordinate	"[{""x"": 126, ""y"": 86}, {""x"": 145, ""y"": 82}, {""x"": 141, ""y"": 108}, {""x"": 168, ""y"": 125}, {""x"": 168, ""y"": 84}, {""x"": 127, ""y"": 118}, {""x"": 155, ""y"": 105}, {""x"": 141, ""y"": 90}, {""x"": 147, ""y"": 106}, {""x"": 184, ""y"": 136}, {""x"": 148, ""y"": 84}, {""x"": 151, ""y"": 121}]"	[]	True	"{""idx"": ""263"", ""name"": ""02Weapon_Numa"", ""method"": ""A-精确(已在位)"", ""old"": ""41(145,82)"", ""new"": ""-"", ""note"": ""Mud3,无需改动"", ""source"": ""-"", ""remark"": """"}"
264	03Armor_Numa	41	"{""x"": 141, ""y"": 108}"	03Armor_Numa	41	"{""x"": 141, ""y"": 108}"	exact	41	"{""x"": 141, ""y"": 108}"	exact-script-name	medium	"{""old"": ""pass"", ""target"": ""pass""}"	[]	dry-run	same-store-cluster	"[""NPC/Entry/Region contains shop type"", ""shop street or same-function region""]"	"[{""x"": 141, ""y"": 108, ""score"": 0, ""anchor"": {""x"": 141, ""y"": 108}, ""separation"": 0}]"	source present: docs/research/ei-ui-layout/sources/mir2ei-report-full-merchants-2026-09-25.json (318 Merchant coordinates)	True	"{""name"": ""儒帕"", ""map"": ""41"", ""x"": 141, ""y"": 108, ""script"": ""03Armor_Numa""}"	Merchant snapshot exact script/map coordinate	"[{""x"": 126, ""y"": 86}, {""x"": 145, ""y"": 82}, {""x"": 141, ""y"": 108}, {""x"": 168, ""y"": 125}, {""x"": 168, ""y"": 84}, {""x"": 127, ""y"": 118}, {""x"": 155, ""y"": 105}, {""x"": 141, ""y"": 90}, {""x"": 147, ""y"": 106}, {""x"": 184, ""y"": 136}, {""x"": 148, ""y"": 84}, {""x"": 151, ""y"": 121}]"	[]	True	"{""idx"": ""264"", ""name"": ""03Armor_Numa"", ""method"": ""A-精确(已在位)"", ""old"": ""41(141,108)"", ""new"": ""-"", ""note"": ""Mud3,无需改动"", ""source"": ""-"", ""remark"": """"}"
265	04Potion_Numa	41	"{""x"": 168, ""y"": 125}"	04Potion_Numa	41	"{""x"": 168, ""y"": 125}"	exact	41	"{""x"": 168, ""y"": 125}"	exact-script-name	medium	"{""old"": ""pass"", ""target"": ""pass""}"	[]	dry-run	same-store-cluster	"[""NPC/Entry/Region contains shop type"", ""shop street or same-function region""]"	"[{""x"": 168, ""y"": 125, ""score"": 0, ""anchor"": {""x"": 168, ""y"": 125}, ""separation"": 0}]"	source present: docs/research/ei-ui-layout/sources/mir2ei-report-full-merchants-2026-09-25.json (318 Merchant coordinates)	True	"{""name"": ""啊莫"", ""map"": ""41"", ""x"": 168, ""y"": 125, ""script"": ""04Potion_Numa""}"	Merchant snapshot exact script/map coordinate	"[{""x"": 126, ""y"": 86}, {""x"": 145, ""y"": 82}, {""x"": 141, ""y"": 108}, {""x"": 168, ""y"": 125}, {""x"": 168, ""y"": 84}, {""x"": 127, ""y"": 118}, {""x"": 155, ""y"": 105}, {""x"": 141, ""y"": 90}, {""x"": 147, ""y"": 106}, {""x"": 184, ""y"": 136}, {""x"": 148, ""y"": 84}, {""x"": 151, ""y"": 121}]"	[]	True	"{""idx"": ""265"", ""name"": ""04Potion_Numa"", ""method"": ""A-精确(已在位)"", ""old"": ""41(168,125)"", ""new"": ""-"", ""note"": ""Mud3,无需改动"", ""source"": ""-"", ""remark"": """"}"
266	06Inn_Numa	41	"{""x"": 168, ""y"": 84}"	06Inn_Numa	41	"{""x"": 168, ""y"": 84}"	exact	41	"{""x"": 168, ""y"": 84}"	exact-script-name	medium	"{""old"": ""pass"", ""target"": ""pass""}"	[]	dry-run	same-store-cluster	"[""NPC/Entry/Region contains shop type"", ""shop street or same-function region""]"	"[{""x"": 168, ""y"": 84, ""score"": 0, ""anchor"": {""x"": 168, ""y"": 84}, ""separation"": 0}]"	source present: docs/research/ei-ui-layout/sources/mir2ei-report-full-merchants-2026-09-25.json (318 Merchant coordinates)	True	"{""name"": ""啊勒"", ""map"": ""41"", ""x"": 168, ""y"": 84, ""script"": ""06Inn_Numa""}"	Merchant snapshot exact script/map coordinate	"[{""x"": 126, ""y"": 86}, {""x"": 145, ""y"": 82}, {""x"": 141, ""y"": 108}, {""x"": 168, ""y"": 125}, {""x"": 168, ""y"": 84}, {""x"": 127, ""y"": 118}, {""x"": 155, ""y"": 105}, {""x"": 141, ""y"": 90}, {""x"": 147, ""y"": 106}, {""x"": 184, ""y"": 136}, {""x"": 148, ""y"": 84}, {""x"": 151, ""y"": 121}]"	[]	True	"{""idx"": ""266"", ""name"": ""06Inn_Numa"", ""method"": ""A-精确(已在位)"", ""old"": ""41(168,84)"", ""new"": ""-"", ""note"": ""Mud3,无需改动"", ""source"": ""-"", ""remark"": """"}"
267	07Grocery_Numa	41	"{""x"": 127, ""y"": 118}"	07Grocery_Numa	41	"{""x"": 127, ""y"": 118}"	exact	41	"{""x"": 127, ""y"": 118}"	exact-script-name	medium	"{""old"": ""pass"", ""target"": ""pass""}"	[]	dry-run	same-store-cluster	"[""NPC/Entry/Region contains shop type"", ""shop street or same-function region""]"	"[{""x"": 127, ""y"": 118, ""score"": 0, ""anchor"": {""x"": 127, ""y"": 118}, ""separation"": 0}]"	source present: docs/research/ei-ui-layout/sources/mir2ei-report-full-merchants-2026-09-25.json (318 Merchant coordinates)	True	"{""name"": ""肃良佳"", ""map"": ""41"", ""x"": 127, ""y"": 118, ""script"": ""07Grocery_Numa""}"	Merchant snapshot exact script/map coordinate	"[{""x"": 126, ""y"": 86}, {""x"": 145, ""y"": 82}, {""x"": 141, ""y"": 108}, {""x"": 168, ""y"": 125}, {""x"": 168, ""y"": 84}, {""x"": 127, ""y"": 118}, {""x"": 155, ""y"": 105}, {""x"": 141, ""y"": 90}, {""x"": 147, ""y"": 106}, {""x"": 184, ""y"": 136}, {""x"": 148, ""y"": 84}, {""x"": 151, ""y"": 121}]"	[]	True	"{""idx"": ""267"", ""name"": ""07Grocery_Numa"", ""method"": ""A-精确(已在位)"", ""old"": ""41(127,118)"", ""new"": ""-"", ""note"": ""Mud3,无需改动"", ""source"": ""-"", ""remark"": """"}"
268	08Accessory_Numa	41	"{""x"": 155, ""y"": 105}"	08Accessory_Numa	41	"{""x"": 155, ""y"": 105}"	exact	41	"{""x"": 155, ""y"": 105}"	exact-script-name	medium	"{""old"": ""pass"", ""target"": ""pass""}"	[]	dry-run	same-store-cluster	"[""NPC/Entry/Region contains shop type"", ""shop street or same-function region""]"	"[{""x"": 155, ""y"": 105, ""score"": 0, ""anchor"": {""x"": 155, ""y"": 105}, ""separation"": 0}]"	source present: docs/research/ei-ui-layout/sources/mir2ei-report-full-merchants-2026-09-25.json (318 Merchant coordinates)	True	"{""name"": ""羽霞"", ""map"": ""41"", ""x"": 155, ""y"": 105, ""script"": ""08Accessory_Numa""}"	Merchant snapshot exact script/map coordinate	"[{""x"": 126, ""y"": 86}, {""x"": 145, ""y"": 82}, {""x"": 141, ""y"": 108}, {""x"": 168, ""y"": 125}, {""x"": 168, ""y"": 84}, {""x"": 127, ""y"": 118}, {""x"": 155, ""y"": 105}, {""x"": 141, ""y"": 90}, {""x"": 147, ""y"": 106}, {""x"": 184, ""y"": 136}, {""x"": 148, ""y"": 84}, {""x"": 151, ""y"": 121}]"	[]	True	"{""idx"": ""268"", ""name"": ""08Accessory_Numa"", ""method"": ""A-精确(已在位)"", ""old"": ""41(155,105)"", ""new"": ""-"", ""note"": ""Mud3,无需改动"", ""source"": ""-"", ""remark"": """"}"
269	10Material_Numa	41	"{""x"": 141, ""y"": 90}"	10Material_Numa	41	"{""x"": 141, ""y"": 90}"	exact	41	"{""x"": 141, ""y"": 90}"	exact-script-name	medium	"{""old"": ""pass"", ""target"": ""pass""}"	[]	dry-run	same-store-cluster	"[""NPC/Entry/Region contains shop type"", ""shop street or same-function region""]"	"[{""x"": 141, ""y"": 90, ""score"": 0, ""anchor"": {""x"": 141, ""y"": 90}, ""separation"": 0}]"	source present: docs/research/ei-ui-layout/sources/mir2ei-report-full-merchants-2026-09-25.json (318 Merchant coordinates)	True	"{""name"": ""禹老"", ""map"": ""41"", ""x"": 141, ""y"": 90, ""script"": ""10Material_Numa""}"	Merchant snapshot exact script/map coordinate	"[{""x"": 126, ""y"": 86}, {""x"": 145, ""y"": 82}, {""x"": 141, ""y"": 108}, {""x"": 168, ""y"": 125}, {""x"": 168, ""y"": 84}, {""x"": 127, ""y"": 118}, {""x"": 155, ""y"": 105}, {""x"": 141, ""y"": 90}, {""x"": 147, ""y"": 106}, {""x"": 184, ""y"": 136}, {""x"": 148, ""y"": 84}, {""x"": 151, ""y"": 121}]"	[]	True	"{""idx"": ""269"", ""name"": ""10Material_Numa"", ""method"": ""A-精确(已在位)"", ""old"": ""41(141,90)"", ""new"": ""-"", ""note"": ""Mud3,无需改动"", ""source"": ""-"", ""remark"": """"}"
270	09HorseMarket_Numa	41	"{""x"": 147, ""y"": 106}"	09HorseMarket_Numa	41	"{""x"": 147, ""y"": 106}"	exact	41	"{""x"": 147, ""y"": 106}"	exact-script-name	medium	"{""old"": ""pass"", ""target"": ""pass""}"	[]	dry-run	town-safezone-extra	"[""no direct Merchant anchor; preserve business category"", ""safe-zone independent walkable point""]"	"[{""x"": 147, ""y"": 106, ""score"": 0, ""anchor"": {""x"": 147, ""y"": 106}, ""separation"": 0}]"	source present: docs/research/ei-ui-layout/sources/mir2ei-report-full-merchants-2026-09-25.json (318 Merchant coordinates)	True	"{""name"": ""牢牲"", ""map"": ""41"", ""x"": 147, ""y"": 106, ""script"": ""09HorseMarket_Numa""}"	Merchant snapshot exact script/map coordinate	"[{""x"": 167, ""y"": 94}, {""x"": 285, ""y"": 280}, {""x"": 285, ""y"": 105}, {""x"": 110, ""y"": 280}, {""x"": 285, ""y"": 280}, {""x"": 285, ""y"": 105}, {""x"": 110, ""y"": 280}, {""x"": 285, ""y"": 280}, {""x"": 285, ""y"": 105}, {""x"": 110, ""y"": 280}, {""x"": 285, ""y"": 280}, {""x"": 285, ""y"": 105}, {""x"": 110, ""y"": 280}, {""x"": 285, ""y"": 280}, {""x"": 285, ""y"": 105}, {""x"": 110, ""y"": 280}, {""x"": 285, ""y"": 280}, {""x"": 285, ""y"": 105}, {""x"": 110, ""y"": 280}, {""x"": 285, ""y"": 280}]"	[]	True	"{""idx"": ""270"", ""name"": ""09HorseMarket_Numa"", ""method"": ""A-精确(已在位)"", ""old"": ""41(147,106)"", ""new"": ""-"", ""note"": ""Mud3,无需改动"", ""source"": ""-"", ""remark"": """"}"
271	13Move_Numa	41	"{""x"": 184, ""y"": 136}"	13Move_Numa	41	"{""x"": 184, ""y"": 136}"	exact	41	"{""x"": 184, ""y"": 136}"	exact-script-name	medium	"{""old"": ""pass"", ""target"": ""pass""}"	[]	dry-run	town-entrance-teleporter	"[""NPC/Entry/Region contains movement/entrance type"", ""town entrance, route gate, or teleport cluster""]"	"[{""x"": 184, ""y"": 136, ""score"": 0, ""anchor"": {""x"": 184, ""y"": 136}, ""separation"": 0}]"	source present: docs/research/ei-ui-layout/sources/mir2ei-report-full-merchants-2026-09-25.json (318 Merchant coordinates)	True	"{""name"": ""六面神石"", ""map"": ""41"", ""x"": 184, ""y"": 136, ""script"": ""13Move_Numa""}"	Merchant snapshot exact script/map coordinate	"[{""x"": 380, ""y"": 345}, {""x"": 381, ""y"": 346}, {""x"": 382, ""y"": 347}, {""x"": 383, ""y"": 348}, {""x"": 381, ""y"": 345}, {""x"": 382, ""y"": 346}, {""x"": 383, ""y"": 347}, {""x"": 384, ""y"": 348}, {""x"": 385, ""y"": 349}, {""x"": 33, ""y"": 137}, {""x"": 32, ""y"": 138}, {""x"": 31, ""y"": 139}, {""x"": 30, ""y"": 140}, {""x"": 29, ""y"": 141}, {""x"": 34, ""y"": 137}, {""x"": 33, ""y"": 138}, {""x"": 32, ""y"": 139}, {""x"": 31, ""y"": 140}, {""x"": 30, ""y"": 141}]"	[]	True	"{""idx"": ""271"", ""name"": ""13Move_Numa"", ""method"": ""A-精确(已在位)"", ""old"": ""41(184,136)"", ""new"": ""-"", ""note"": ""Mud3,无需改动"", ""source"": ""-"", ""remark"": """"}"
272	17NuMaSahaka_Numa	41	"{""x"": 148, ""y"": 84}"	17NuMaSahaka_Numa	41	"{""x"": 148, ""y"": 84}"	exact	41	"{""x"": 148, ""y"": 84}"	exact-script-name	medium	"{""old"": ""pass"", ""target"": ""pass""}"	[]	dry-run	town-safezone-extra	"[""no direct Merchant anchor; preserve business category"", ""safe-zone independent walkable point""]"	"[{""x"": 148, ""y"": 84, ""score"": 0, ""anchor"": {""x"": 148, ""y"": 84}, ""separation"": 0}]"	source present: docs/research/ei-ui-layout/sources/mir2ei-report-full-merchants-2026-09-25.json (318 Merchant coordinates)	True	"{""name"": ""夏柯"", ""map"": ""41"", ""x"": 148, ""y"": 84, ""script"": ""17NuMaSahaka_Numa""}"	Merchant snapshot exact script/map coordinate	"[{""x"": 167, ""y"": 94}, {""x"": 285, ""y"": 280}, {""x"": 285, ""y"": 105}, {""x"": 110, ""y"": 280}, {""x"": 285, ""y"": 280}, {""x"": 285, ""y"": 105}, {""x"": 110, ""y"": 280}, {""x"": 285, ""y"": 280}, {""x"": 285, ""y"": 105}, {""x"": 110, ""y"": 280}, {""x"": 285, ""y"": 280}, {""x"": 285, ""y"": 105}, {""x"": 110, ""y"": 280}, {""x"": 285, ""y"": 280}, {""x"": 285, ""y"": 105}, {""x"": 110, ""y"": 280}, {""x"": 285, ""y"": 280}, {""x"": 285, ""y"": 105}, {""x"": 110, ""y"": 280}, {""x"": 285, ""y"": 280}]"	[]	True	"{""idx"": ""272"", ""name"": ""17NuMaSahaka_Numa"", ""method"": ""A-精确(已在位)"", ""old"": ""41(148,84)"", ""new"": ""-"", ""note"": ""Mud3,无需改动"", ""source"": ""-"", ""remark"": """"}"
273	17Zaha_Numa	41	"{""x"": 151, ""y"": 121}"	17Zaha_Numa	41	"{""x"": 151, ""y"": 121}"	exact	41	"{""x"": 151, ""y"": 121}"	exact-script-name	medium	"{""old"": ""pass"", ""target"": ""pass""}"	[]	dry-run	town-safezone-extra	"[""no direct Merchant anchor; preserve business category"", ""safe-zone independent walkable point""]"	"[{""x"": 151, ""y"": 121, ""score"": 0, ""anchor"": {""x"": 151, ""y"": 121}, ""separation"": 0}]"	source present: docs/research/ei-ui-layout/sources/mir2ei-report-full-merchants-2026-09-25.json (318 Merchant coordinates)	True	"{""name"": ""紫霞神女"", ""map"": ""41"", ""x"": 151, ""y"": 121, ""script"": ""17Zaha_Numa""}"	Merchant snapshot exact script/map coordinate	"[{""x"": 167, ""y"": 94}, {""x"": 285, ""y"": 280}, {""x"": 285, ""y"": 105}, {""x"": 110, ""y"": 280}, {""x"": 285, ""y"": 280}, {""x"": 285, ""y"": 105}, {""x"": 110, ""y"": 280}, {""x"": 285, ""y"": 280}, {""x"": 285, ""y"": 105}, {""x"": 110, ""y"": 280}, {""x"": 285, ""y"": 280}, {""x"": 285, ""y"": 105}, {""x"": 110, ""y"": 280}, {""x"": 285, ""y"": 280}, {""x"": 285, ""y"": 105}, {""x"": 110, ""y"": 280}, {""x"": 285, ""y"": 280}, {""x"": 285, ""y"": 105}, {""x"": 110, ""y"": 280}, {""x"": 285, ""y"": 280}]"	[]	True	"{""idx"": ""273"", ""name"": ""17Zaha_Numa"", ""method"": ""A-精确(已在位)"", ""old"": ""41(151,121)"", ""new"": ""-"", ""note"": ""Mud3,无需改动"", ""source"": ""-"", ""remark"": """"}"
274	20Gmatch	02	"{""x"": 254, ""y"": 227}"	20Gmatch	02	"{""x"": 254, ""y"": 227}"	exact	02	"{""x"": 254, ""y"": 227}"	exact-script-name	medium	"{""old"": ""pass"", ""target"": ""pass""}"	[]	dry-run	town-safezone-extra	"[""no direct Merchant anchor; preserve business category"", ""safe-zone independent walkable point""]"	"[{""x"": 254, ""y"": 227, ""score"": 0, ""anchor"": {""x"": 254, ""y"": 227}, ""separation"": 0}]"	source present: docs/research/ei-ui-layout/sources/mir2ei-report-full-merchants-2026-09-25.json (318 Merchant coordinates)	True	"{""name"": ""云中子"", ""map"": ""02"", ""x"": 254, ""y"": 227, ""script"": ""20Gmatch""}"	Merchant snapshot exact script/map coordinate	"[{""x"": 265, ""y"": 207}, {""x"": 247, ""y"": 199}, {""x"": 50, ""y"": 150}, {""x"": 50, ""y"": 250}, {""x"": 150, ""y"": 150}, {""x"": 150, ""y"": 250}, {""x"": 150, ""y"": 350}, {""x"": 150, ""y"": 550}, {""x"": 250, ""y"": 50}, {""x"": 250, ""y"": 150}, {""x"": 250, ""y"": 250}, {""x"": 250, ""y"": 350}, {""x"": 250, ""y"": 450}, {""x"": 250, ""y"": 550}, {""x"": 350, ""y"": 50}, {""x"": 350, ""y"": 150}, {""x"": 350, ""y"": 450}, {""x"": 350, ""y"": 550}, {""x"": 450, ""y"": 50}, {""x"": 450, ""y"": 150}]"	[]	True	"{""idx"": ""274"", ""name"": ""20Gmatch"", ""method"": ""A-精确(已在位)"", ""old"": ""02(254,227)"", ""new"": ""-"", ""note"": ""Mud3,无需改动"", ""source"": ""-"", ""remark"": """"}"
275	Hexa Holy Stone	3	"{""x"": 222, ""y"": 119}"		3	"{""x"": 222, ""y"": 119}"	replacement	3	"{""x"": 317, ""y"": 263}"	pending	low	"{""old"": ""pass"", ""target"": ""pass""}"	[]	pending-review	town-entrance-teleporter	"[""NPC/Entry/Region contains movement/entrance type"", ""town entrance, route gate, or teleport cluster""]"	"[{""x"": 317, ""y"": 263, ""score"": -7.8, ""anchor"": {""x"": 317, ""y"": 263}, ""separation"": 219}, {""x"": 44, ""y"": 29, ""score"": -7.8, ""anchor"": {""x"": 44, ""y"": 29}, ""separation"": 199}, {""x"": 227, ""y"": 322, ""score"": -7.8, ""anchor"": {""x"": 227, ""y"": 322}, ""separation"": 188}]"	NpcMover/audit-report.md	False		walkable topology candidate; manual review required	"[{""x"": 51, ""y"": 221}, {""x"": 51, ""y"": 221}, {""x"": 62, ""y"": 219}, {""x"": 24, ""y"": 107}, {""x"": 44, ""y"": 29}, {""x"": 326, ""y"": 37}, {""x"": 333, ""y"": 202}, {""x"": 317, ""y"": 263}, {""x"": 227, ""y"": 322}, {""x"": 222, ""y"": 119}, {""x"": 222, ""y"": 119}, {""x"": 222, ""y"": 159}, {""x"": 294, ""y"": 539}, {""x"": 49, ""y"": 566}, {""x"": 71, ""y"": 140}, {""x"": 349, ""y"": 42}, {""x"": 349, ""y"": 42}, {""x"": 349, ""y"": 42}, {""x"": 349, ""y"": 42}, {""x"": 349, ""y"": 38}]"	"[""map relation does not permit blind original-coordinate reuse""]"	True	"{""idx"": ""275"", ""name"": ""Hexa Holy Stone"", ""method"": ""S-沙巴克(不动)"", ""old"": ""3(222,119)"", ""new"": ""-"", ""note"": ""Z版地图,位置正确"", ""source"": ""-"", ""remark"": """"}"
276	Maddox	3	"{""x"": 208, ""y"": 153}"		3	"{""x"": 208, ""y"": 153}"	replacement	3	"{""x"": 212, ""y"": 129}"	pending	low	"{""old"": ""pass"", ""target"": ""pass""}"	[]	pending-review	same-store-cluster	"[""NPC/Entry/Region contains shop type"", ""shop street or same-function region""]"	"[{""x"": 212, ""y"": 129, ""score"": -7.8, ""anchor"": {""x"": 212, ""y"": 129}, ""separation"": 20}, {""x"": 211, ""y"": 129, ""score"": -6.8, ""anchor"": {""x"": 212, ""y"": 129}, ""separation"": 19}, {""x"": 212, ""y"": 128, ""score"": -6.8, ""anchor"": {""x"": 212, ""y"": 129}, ""separation"": 19}]"	NpcMover/audit-report.md	False		walkable topology candidate; manual review required	"[{""x"": 209, ""y"": 91}, {""x"": 235, ""y"": 115}, {""x"": 239, ""y"": 120}, {""x"": 211, ""y"": 148}, {""x"": 206, ""y"": 154}, {""x"": 203, ""y"": 103}, {""x"": 212, ""y"": 129}]"	"[""map relation does not permit blind original-coordinate reuse""]"	True	"{""idx"": ""276"", ""name"": ""Maddox"", ""method"": ""S-沙巴克(不动)"", ""old"": ""3(208,153)"", ""new"": ""-"", ""note"": ""Z版地图,位置正确"", ""source"": ""-"", ""remark"": """"}"
277	Perry	3	"{""x"": 209, ""y"": 91}"		3	"{""x"": 209, ""y"": 91}"	replacement	3	"{""x"": 203, ""y"": 102}"	pending	low	"{""old"": ""pass"", ""target"": ""pass""}"	[]	pending-review	same-store-cluster	"[""NPC/Entry/Region contains shop type"", ""shop street or same-function region""]"	"[{""x"": 203, ""y"": 102, ""score"": 0.35, ""anchor"": {""x"": 203, ""y"": 103}, ""separation"": 1}, {""x"": 204, ""y"": 103, ""score"": 0.35, ""anchor"": {""x"": 203, ""y"": 103}, ""separation"": 1}, {""x"": 206, ""y"": 155, ""score"": 0.35, ""anchor"": {""x"": 206, ""y"": 154}, ""separation"": 1}]"	NpcMover/audit-report.md	False		walkable topology candidate; manual review required	"[{""x"": 209, ""y"": 91}, {""x"": 235, ""y"": 115}, {""x"": 239, ""y"": 120}, {""x"": 211, ""y"": 148}, {""x"": 206, ""y"": 154}, {""x"": 203, ""y"": 103}, {""x"": 212, ""y"": 129}]"	"[""map relation does not permit blind original-coordinate reuse""]"	True	"{""idx"": ""277"", ""name"": ""Perry"", ""method"": ""S-沙巴克(不动)"", ""old"": ""3(209,91)"", ""new"": ""-"", ""note"": ""Z版地图,位置正确"", ""source"": ""-"", ""remark"": """"}"
278	Kellen	3	"{""x"": 211, ""y"": 148}"		3	"{""x"": 211, ""y"": 148}"	replacement	3	"{""x"": 204, ""y"": 103}"	pending	low	"{""old"": ""pass"", ""target"": ""pass""}"	[]	pending-review	same-store-cluster	"[""NPC/Entry/Region contains shop type"", ""shop street or same-function region""]"	"[{""x"": 204, ""y"": 103, ""score"": 0.35, ""anchor"": {""x"": 203, ""y"": 103}, ""separation"": 1}, {""x"": 206, ""y"": 155, ""score"": 0.35, ""anchor"": {""x"": 206, ""y"": 154}, ""separation"": 1}, {""x"": 207, ""y"": 154, ""score"": 0.35, ""anchor"": {""x"": 206, ""y"": 154}, ""separation"": 1}]"	NpcMover/audit-report.md	False		walkable topology candidate; manual review required	"[{""x"": 209, ""y"": 91}, {""x"": 235, ""y"": 115}, {""x"": 239, ""y"": 120}, {""x"": 211, ""y"": 148}, {""x"": 206, ""y"": 154}, {""x"": 203, ""y"": 103}, {""x"": 212, ""y"": 129}]"	"[""map relation does not permit blind original-coordinate reuse""]"	True	"{""idx"": ""278"", ""name"": ""Kellen"", ""method"": ""S-沙巴克(不动)"", ""old"": ""3(211,148)"", ""new"": ""-"", ""note"": ""Z版地图,位置正确"", ""source"": ""-"", ""remark"": """"}"
279	Hexa Holy Stone	3	"{""x"": 51, ""y"": 221}"		3	"{""x"": 51, ""y"": 221}"	replacement	3	"{""x"": 44, ""y"": 29}"	pending	low	"{""old"": ""pass"", ""target"": ""pass""}"	[]	pending-review	town-entrance-teleporter	"[""NPC/Entry/Region contains movement/entrance type"", ""town entrance, route gate, or teleport cluster""]"	"[{""x"": 44, ""y"": 29, ""score"": -7.8, ""anchor"": {""x"": 44, ""y"": 29}, ""separation"": 199}, {""x"": 326, ""y"": 37, ""score"": -7.8, ""anchor"": {""x"": 326, ""y"": 37}, ""separation"": 169}, {""x"": 227, ""y"": 322, ""score"": -7.8, ""anchor"": {""x"": 227, ""y"": 322}, ""separation"": 149}]"	NpcMover/audit-report.md	False		walkable topology candidate; manual review required	"[{""x"": 51, ""y"": 221}, {""x"": 51, ""y"": 221}, {""x"": 62, ""y"": 219}, {""x"": 24, ""y"": 107}, {""x"": 44, ""y"": 29}, {""x"": 326, ""y"": 37}, {""x"": 333, ""y"": 202}, {""x"": 317, ""y"": 263}, {""x"": 227, ""y"": 322}, {""x"": 222, ""y"": 119}, {""x"": 222, ""y"": 119}, {""x"": 222, ""y"": 159}, {""x"": 294, ""y"": 539}, {""x"": 49, ""y"": 566}, {""x"": 71, ""y"": 140}, {""x"": 349, ""y"": 42}, {""x"": 349, ""y"": 42}, {""x"": 349, ""y"": 42}, {""x"": 349, ""y"": 42}, {""x"": 349, ""y"": 38}]"	"[""map relation does not permit blind original-coordinate reuse""]"	True	"{""idx"": ""279"", ""name"": ""Hexa Holy Stone"", ""method"": ""S-沙巴克(不动)"", ""old"": ""3(51,221)"", ""new"": ""-"", ""note"": ""Z版地图,位置正确"", ""source"": ""-"", ""remark"": """"}"
280	Denise	3	"{""x"": 239, ""y"": 120}"		3	"{""x"": 239, ""y"": 120}"	replacement	3	"{""x"": 206, ""y"": 155}"	pending	low	"{""old"": ""pass"", ""target"": ""pass""}"	[]	pending-review	same-store-cluster	"[""NPC/Entry/Region contains shop type"", ""shop street or same-function region""]"	"[{""x"": 206, ""y"": 155, ""score"": 0.35, ""anchor"": {""x"": 206, ""y"": 154}, ""separation"": 1}, {""x"": 207, ""y"": 154, ""score"": 0.35, ""anchor"": {""x"": 206, ""y"": 154}, ""separation"": 1}, {""x"": 209, ""y"": 92, ""score"": 0.35, ""anchor"": {""x"": 209, ""y"": 91}, ""separation"": 1}]"	NpcMover/audit-report.md	False		walkable topology candidate; manual review required	"[{""x"": 209, ""y"": 91}, {""x"": 235, ""y"": 115}, {""x"": 239, ""y"": 120}, {""x"": 211, ""y"": 148}, {""x"": 206, ""y"": 154}, {""x"": 203, ""y"": 103}, {""x"": 212, ""y"": 129}]"	"[""map relation does not permit blind original-coordinate reuse""]"	True	"{""idx"": ""280"", ""name"": ""Denise"", ""method"": ""S-沙巴克(不动)"", ""old"": ""3(239,120)"", ""new"": ""-"", ""note"": ""Z版地图,位置正确"", ""source"": ""-"", ""remark"": """"}"
281	Mark	3	"{""x"": 203, ""y"": 103}"		3	"{""x"": 203, ""y"": 103}"	replacement	3	"{""x"": 207, ""y"": 154}"	pending	low	"{""old"": ""pass"", ""target"": ""pass""}"	[]	pending-review	same-store-cluster	"[""NPC/Entry/Region contains shop type"", ""shop street or same-function region""]"	"[{""x"": 207, ""y"": 154, ""score"": 0.35, ""anchor"": {""x"": 206, ""y"": 154}, ""separation"": 1}, {""x"": 209, ""y"": 92, ""score"": 0.35, ""anchor"": {""x"": 209, ""y"": 91}, ""separation"": 1}, {""x"": 210, ""y"": 91, ""score"": 0.35, ""anchor"": {""x"": 209, ""y"": 91}, ""separation"": 1}]"	NpcMover/audit-report.md	False		walkable topology candidate; manual review required	"[{""x"": 209, ""y"": 91}, {""x"": 235, ""y"": 115}, {""x"": 239, ""y"": 120}, {""x"": 211, ""y"": 148}, {""x"": 206, ""y"": 154}, {""x"": 203, ""y"": 103}, {""x"": 212, ""y"": 129}]"	"[""map relation does not permit blind original-coordinate reuse""]"	True	"{""idx"": ""281"", ""name"": ""Mark"", ""method"": ""S-沙巴克(不动)"", ""old"": ""3(203,103)"", ""new"": ""-"", ""note"": ""Z版地图,位置正确"", ""source"": ""-"", ""remark"": """"}"
282	Kimberly	3	"{""x"": 235, ""y"": 115}"		3	"{""x"": 235, ""y"": 115}"	replacement	3	"{""x"": 209, ""y"": 92}"	pending	low	"{""old"": ""pass"", ""target"": ""pass""}"	[]	pending-review	same-store-cluster	"[""NPC/Entry/Region contains shop type"", ""shop street or same-function region""]"	"[{""x"": 209, ""y"": 92, ""score"": 0.35, ""anchor"": {""x"": 209, ""y"": 91}, ""separation"": 1}, {""x"": 210, ""y"": 91, ""score"": 0.35, ""anchor"": {""x"": 209, ""y"": 91}, ""separation"": 1}, {""x"": 211, ""y"": 129, ""score"": 0.35, ""anchor"": {""x"": 212, ""y"": 129}, ""separation"": 1}]"	NpcMover/audit-report.md	False		walkable topology candidate; manual review required	"[{""x"": 209, ""y"": 91}, {""x"": 235, ""y"": 115}, {""x"": 239, ""y"": 120}, {""x"": 211, ""y"": 148}, {""x"": 206, ""y"": 154}, {""x"": 203, ""y"": 103}, {""x"": 212, ""y"": 129}]"	"[""map relation does not permit blind original-coordinate reuse""]"	True	"{""idx"": ""282"", ""name"": ""Kimberly"", ""method"": ""S-沙巴克(不动)"", ""old"": ""3(235,115)"", ""new"": ""-"", ""note"": ""Z版地图,位置正确"", ""source"": ""-"", ""remark"": """"}"
283	Jarvis	3	"{""x"": 206, ""y"": 154}"		3	"{""x"": 206, ""y"": 154}"	replacement	3	"{""x"": 210, ""y"": 91}"	pending	low	"{""old"": ""pass"", ""target"": ""pass""}"	[]	pending-review	same-store-cluster	"[""NPC/Entry/Region contains shop type"", ""shop street or same-function region""]"	"[{""x"": 210, ""y"": 91, ""score"": 0.35, ""anchor"": {""x"": 209, ""y"": 91}, ""separation"": 1}, {""x"": 211, ""y"": 129, ""score"": 0.35, ""anchor"": {""x"": 212, ""y"": 129}, ""separation"": 1}, {""x"": 211, ""y"": 147, ""score"": 0.35, ""anchor"": {""x"": 211, ""y"": 148}, ""separation"": 1}]"	NpcMover/audit-report.md	False		walkable topology candidate; manual review required	"[{""x"": 209, ""y"": 91}, {""x"": 235, ""y"": 115}, {""x"": 239, ""y"": 120}, {""x"": 211, ""y"": 148}, {""x"": 206, ""y"": 154}, {""x"": 203, ""y"": 103}, {""x"": 212, ""y"": 129}]"	"[""map relation does not permit blind original-coordinate reuse""]"	True	"{""idx"": ""283"", ""name"": ""Jarvis"", ""method"": ""S-沙巴克(不动)"", ""old"": ""3(206,154)"", ""new"": ""-"", ""note"": ""Z版地图,位置正确"", ""source"": ""-"", ""remark"": """"}"
284	内测NPC	1	"{""x"": 400, ""y"": 131}"		1	"{""x"": 400, ""y"": 131}"	variant	1	"{""x"": 423, ""y"": 102}"	hero-kill-extra	low	"{""old"": ""pass"", ""target"": ""pass""}"	[]	pending-review	town-safezone-extra	"[""no direct Merchant anchor; preserve business category"", ""safe-zone independent walkable point""]"	"[{""x"": 423, ""y"": 102, ""score"": -5.85, ""anchor"": {""x"": 423, ""y"": 102}, ""separation"": 9}, {""x"": 422, ""y"": 102, ""score"": -5.5, ""anchor"": {""x"": 423, ""y"": 102}, ""separation"": 10}, {""x"": 423, ""y"": 103, ""score"": -5.5, ""anchor"": {""x"": 423, ""y"": 102}, ""separation"": 10}]"	NpcMover/audit-report.md	False		walkable topology candidate; manual review required	"[{""x"": 171, ""y"": 192}, {""x"": 423, ""y"": 102}, {""x"": 168, ""y"": 182}, {""x"": 182, ""y"": 159}, {""x"": 173, ""y"": 130}, {""x"": 177, ""y"": 297}, {""x"": 178, ""y"": 150}, {""x"": 394, ""y"": 124}, {""x"": 379, ""y"": 125}]"	"[""map relation does not permit blind original-coordinate reuse""]"	True	"{""idx"": ""284"", ""name"": ""内测NPC"", ""method"": ""B-英雄杀(已在位)"", ""old"": ""1(400,131)"", ""new"": ""-"", ""note"": ""yxs一致"", ""source"": ""-"", ""remark"": """"}"
285	泡点系统	1	"{""x"": 405, ""y"": 124}"		1	"{""x"": 405, ""y"": 124}"	variant	1	"{""x"": 170, ""y"": 192}"	hero-kill-extra	low	"{""old"": ""pass"", ""target"": ""pass""}"	[]	pending-review	town-safezone-extra	"[""no direct Merchant anchor; preserve business category"", ""safe-zone independent walkable point""]"	"[{""x"": 170, ""y"": 192, ""score"": 0.35, ""anchor"": {""x"": 171, ""y"": 192}, ""separation"": 1}, {""x"": 171, ""y"": 193, ""score"": 0.35, ""anchor"": {""x"": 171, ""y"": 192}, ""separation"": 1}, {""x"": 176, ""y"": 297, ""score"": 0.35, ""anchor"": {""x"": 177, ""y"": 297}, ""separation"": 1}]"	NpcMover/audit-report.md	False		walkable topology candidate; manual review required	"[{""x"": 171, ""y"": 192}, {""x"": 423, ""y"": 102}, {""x"": 168, ""y"": 182}, {""x"": 182, ""y"": 159}, {""x"": 173, ""y"": 130}, {""x"": 177, ""y"": 297}, {""x"": 178, ""y"": 150}, {""x"": 394, ""y"": 124}, {""x"": 379, ""y"": 125}]"	"[""map relation does not permit blind original-coordinate reuse""]"	True	"{""idx"": ""285"", ""name"": ""泡点系统"", ""method"": ""B-英雄杀(已在位)"", ""old"": ""1(405,124)"", ""new"": ""-"", ""note"": ""yxs一致"", ""source"": ""-"", ""remark"": """"}"
286	VIP	1	"{""x"": 402, ""y"": 119}"		1	"{""x"": 402, ""y"": 119}"	variant	1	"{""x"": 171, ""y"": 193}"	hero-kill-extra	low	"{""old"": ""pass"", ""target"": ""pass""}"	[]	pending-review	town-safezone-extra	"[""no direct Merchant anchor; preserve business category"", ""safe-zone independent walkable point""]"	"[{""x"": 171, ""y"": 193, ""score"": 0.35, ""anchor"": {""x"": 171, ""y"": 192}, ""separation"": 1}, {""x"": 176, ""y"": 297, ""score"": 0.35, ""anchor"": {""x"": 177, ""y"": 297}, ""separation"": 1}, {""x"": 177, ""y"": 296, ""score"": 0.35, ""anchor"": {""x"": 177, ""y"": 297}, ""separation"": 1}]"	NpcMover/audit-report.md	False		walkable topology candidate; manual review required	"[{""x"": 171, ""y"": 192}, {""x"": 423, ""y"": 102}, {""x"": 168, ""y"": 182}, {""x"": 182, ""y"": 159}, {""x"": 173, ""y"": 130}, {""x"": 177, ""y"": 297}, {""x"": 178, ""y"": 150}, {""x"": 394, ""y"": 124}, {""x"": 379, ""y"": 125}]"	"[""map relation does not permit blind original-coordinate reuse""]"	True	"{""idx"": ""286"", ""name"": ""VIP"", ""method"": ""B-英雄杀(已在位)"", ""old"": ""1(402,119)"", ""new"": ""-"", ""note"": ""yxs一致"", ""source"": ""-"", ""remark"": """"}"
287	名望系统	1	"{""x"": 396, ""y"": 126}"		1	"{""x"": 396, ""y"": 126}"	variant	1	"{""x"": 176, ""y"": 297}"	hero-kill-extra	low	"{""old"": ""pass"", ""target"": ""pass""}"	[]	pending-review	town-safezone-extra	"[""no direct Merchant anchor; preserve business category"", ""safe-zone independent walkable point""]"	"[{""x"": 176, ""y"": 297, ""score"": 0.35, ""anchor"": {""x"": 177, ""y"": 297}, ""separation"": 1}, {""x"": 177, ""y"": 296, ""score"": 0.35, ""anchor"": {""x"": 177, ""y"": 297}, ""separation"": 1}, {""x"": 177, ""y"": 298, ""score"": 0.35, ""anchor"": {""x"": 177, ""y"": 297}, ""separation"": 1}]"	NpcMover/audit-report.md	False		walkable topology candidate; manual review required	"[{""x"": 171, ""y"": 192}, {""x"": 423, ""y"": 102}, {""x"": 168, ""y"": 182}, {""x"": 182, ""y"": 159}, {""x"": 173, ""y"": 130}, {""x"": 177, ""y"": 297}, {""x"": 178, ""y"": 150}, {""x"": 394, ""y"": 124}, {""x"": 379, ""y"": 125}]"	"[""map relation does not permit blind original-coordinate reuse""]"	True	"{""idx"": ""287"", ""name"": ""名望系统"", ""method"": ""B-英雄杀(已在位)"", ""old"": ""1(396,126)"", ""new"": ""-"", ""note"": ""yxs一致"", ""source"": ""-"", ""remark"": """"}"
288	功能NPC	1	"{""x"": 400, ""y"": 119}"		1	"{""x"": 400, ""y"": 119}"	variant	1	"{""x"": 177, ""y"": 296}"	hero-kill-extra	low	"{""old"": ""pass"", ""target"": ""pass""}"	[]	pending-review	town-safezone-extra	"[""no direct Merchant anchor; preserve business category"", ""safe-zone independent walkable point""]"	"[{""x"": 177, ""y"": 296, ""score"": 0.35, ""anchor"": {""x"": 177, ""y"": 297}, ""separation"": 1}, {""x"": 177, ""y"": 298, ""score"": 0.35, ""anchor"": {""x"": 177, ""y"": 297}, ""separation"": 1}, {""x"": 178, ""y"": 297, ""score"": 0.35, ""anchor"": {""x"": 177, ""y"": 297}, ""separation"": 1}]"	NpcMover/audit-report.md	False		walkable topology candidate; manual review required	"[{""x"": 171, ""y"": 192}, {""x"": 423, ""y"": 102}, {""x"": 168, ""y"": 182}, {""x"": 182, ""y"": 159}, {""x"": 173, ""y"": 130}, {""x"": 177, ""y"": 297}, {""x"": 178, ""y"": 150}, {""x"": 394, ""y"": 124}, {""x"": 379, ""y"": 125}]"	"[""map relation does not permit blind original-coordinate reuse""]"	True	"{""idx"": ""288"", ""name"": ""功能NPC"", ""method"": ""B-英雄杀(已在位)"", ""old"": ""1(400,119)"", ""new"": ""-"", ""note"": ""yxs一致"", ""source"": ""-"", ""remark"": """"}"
289	功能NPC	02	"{""x"": 247, ""y"": 191}"		02	"{""x"": 247, ""y"": 191}"	exact	02	"{""x"": 250, ""y"": 550}"	hero-kill-extra	medium	"{""old"": ""pass"", ""target"": ""pass""}"	[]	dry-run	town-safezone-extra	"[""no direct Merchant anchor; preserve business category"", ""safe-zone independent walkable point""]"	"[{""x"": 250, ""y"": 550, ""score"": -7.8, ""anchor"": {""x"": 250, ""y"": 550}, ""separation"": 311}, {""x"": 250, ""y"": 450, ""score"": -7.8, ""anchor"": {""x"": 250, ""y"": 450}, ""separation"": 211}, {""x"": 350, ""y"": 50, ""score"": -7.8, ""anchor"": {""x"": 350, ""y"": 50}, ""separation"": 165}]"	NpcMover/audit-report.md	False		walkable topology candidate; manual review required	"[{""x"": 265, ""y"": 207}, {""x"": 247, ""y"": 199}, {""x"": 50, ""y"": 150}, {""x"": 50, ""y"": 250}, {""x"": 150, ""y"": 150}, {""x"": 150, ""y"": 250}, {""x"": 150, ""y"": 350}, {""x"": 150, ""y"": 550}, {""x"": 250, ""y"": 50}, {""x"": 250, ""y"": 150}, {""x"": 250, ""y"": 250}, {""x"": 250, ""y"": 350}, {""x"": 250, ""y"": 450}, {""x"": 250, ""y"": 550}, {""x"": 350, ""y"": 50}, {""x"": 350, ""y"": 150}, {""x"": 350, ""y"": 450}, {""x"": 350, ""y"": 550}, {""x"": 450, ""y"": 50}, {""x"": 450, ""y"": 150}]"	[]	True	"{""idx"": ""289"", ""name"": ""功能NPC"", ""method"": ""B-英雄杀(已在位)"", ""old"": ""02(247,191)"", ""new"": ""-"", ""note"": ""yxs一致"", ""source"": ""-"", ""remark"": """"}"
290	功能NPC	0	"{""x"": 459, ""y"": 358}"		0	"{""x"": 459, ""y"": 358}"	variant	0	"{""x"": 175, ""y"": 212}"	hero-kill-extra	low	"{""old"": ""pass"", ""target"": ""pass""}"	[]	pending-review	town-safezone-extra	"[""no direct Merchant anchor; preserve business category"", ""safe-zone independent walkable point""]"	"[{""x"": 175, ""y"": 212, ""score"": -4.55, ""anchor"": {""x"": 175, ""y"": 212}, ""separation"": 7}, {""x"": 174, ""y"": 212, ""score"": -4.2, ""anchor"": {""x"": 175, ""y"": 212}, ""separation"": 8}, {""x"": 175, ""y"": 211, ""score"": -4.2, ""anchor"": {""x"": 175, ""y"": 212}, ""separation"": 8}]"	NpcMover/audit-report.md	False		walkable topology candidate; manual review required	"[{""x"": 176, ""y"": 218}, {""x"": 160, ""y"": 233}, {""x"": 175, ""y"": 212}, {""x"": 174, ""y"": 202}, {""x"": 173, ""y"": 156}, {""x"": 173, ""y"": 170}]"	"[""map relation does not permit blind original-coordinate reuse""]"	True	"{""idx"": ""290"", ""name"": ""功能NPC"", ""method"": ""B-英雄杀(已在位)"", ""old"": ""0(459,358)"", ""new"": ""-"", ""note"": ""yxs一致"", ""source"": ""-"", ""remark"": """"}"
291	钓鱼系统	1	"{""x"": 396, ""y"": 133}"		1	"{""x"": 396, ""y"": 133}"	variant	1	"{""x"": 177, ""y"": 298}"	hero-kill-extra	low	"{""old"": ""pass"", ""target"": ""pass""}"	[]	pending-review	town-safezone-extra	"[""no direct Merchant anchor; preserve business category"", ""safe-zone independent walkable point""]"	"[{""x"": 177, ""y"": 298, ""score"": 0.35, ""anchor"": {""x"": 177, ""y"": 297}, ""separation"": 1}, {""x"": 178, ""y"": 297, ""score"": 0.35, ""anchor"": {""x"": 177, ""y"": 297}, ""separation"": 1}, {""x"": 378, ""y"": 125, ""score"": 0.35, ""anchor"": {""x"": 379, ""y"": 125}, ""separation"": 1}]"	NpcMover/audit-report.md	False		walkable topology candidate; manual review required	"[{""x"": 171, ""y"": 192}, {""x"": 423, ""y"": 102}, {""x"": 168, ""y"": 182}, {""x"": 182, ""y"": 159}, {""x"": 173, ""y"": 130}, {""x"": 177, ""y"": 297}, {""x"": 178, ""y"": 150}, {""x"": 394, ""y"": 124}, {""x"": 379, ""y"": 125}]"	"[""map relation does not permit blind original-coordinate reuse""]"	True	"{""idx"": ""291"", ""name"": ""钓鱼系统"", ""method"": ""B-英雄杀(已在位)"", ""old"": ""1(396,133)"", ""new"": ""-"", ""note"": ""yxs一致"", ""source"": ""-"", ""remark"": """"}"
292	钻石抽奖	1	"{""x"": 391, ""y"": 113}"		1	"{""x"": 391, ""y"": 113}"	variant	1	"{""x"": 178, ""y"": 297}"	hero-kill-extra	low	"{""old"": ""pass"", ""target"": ""pass""}"	[]	pending-review	town-safezone-extra	"[""no direct Merchant anchor; preserve business category"", ""safe-zone independent walkable point""]"	"[{""x"": 178, ""y"": 297, ""score"": 0.35, ""anchor"": {""x"": 177, ""y"": 297}, ""separation"": 1}, {""x"": 378, ""y"": 125, ""score"": 0.35, ""anchor"": {""x"": 379, ""y"": 125}, ""separation"": 1}, {""x"": 379, ""y"": 124, ""score"": 0.35, ""anchor"": {""x"": 379, ""y"": 125}, ""separation"": 1}]"	NpcMover/audit-report.md	False		walkable topology candidate; manual review required	"[{""x"": 171, ""y"": 192}, {""x"": 423, ""y"": 102}, {""x"": 168, ""y"": 182}, {""x"": 182, ""y"": 159}, {""x"": 173, ""y"": 130}, {""x"": 177, ""y"": 297}, {""x"": 178, ""y"": 150}, {""x"": 394, ""y"": 124}, {""x"": 379, ""y"": 125}]"	"[""map relation does not permit blind original-coordinate reuse""]"	True	"{""idx"": ""292"", ""name"": ""钻石抽奖"", ""method"": ""B-英雄杀(已在位)"", ""old"": ""1(391,113)"", ""new"": ""-"", ""note"": ""yxs一致"", ""source"": ""-"", ""remark"": """"}"
293	天降宝箱	1	"{""x"": 387, ""y"": 117}"		1	"{""x"": 387, ""y"": 117}"	variant	1	"{""x"": 378, ""y"": 125}"	hero-kill-extra	low	"{""old"": ""pass"", ""target"": ""pass""}"	[]	pending-review	town-safezone-extra	"[""no direct Merchant anchor; preserve business category"", ""safe-zone independent walkable point""]"	"[{""x"": 378, ""y"": 125, ""score"": 0.35, ""anchor"": {""x"": 379, ""y"": 125}, ""separation"": 1}, {""x"": 379, ""y"": 124, ""score"": 0.35, ""anchor"": {""x"": 379, ""y"": 125}, ""separation"": 1}, {""x"": 379, ""y"": 126, ""score"": 0.35, ""anchor"": {""x"": 379, ""y"": 125}, ""separation"": 1}]"	NpcMover/audit-report.md	False		walkable topology candidate; manual review required	"[{""x"": 171, ""y"": 192}, {""x"": 423, ""y"": 102}, {""x"": 168, ""y"": 182}, {""x"": 182, ""y"": 159}, {""x"": 173, ""y"": 130}, {""x"": 177, ""y"": 297}, {""x"": 178, ""y"": 150}, {""x"": 394, ""y"": 124}, {""x"": 379, ""y"": 125}]"	"[""map relation does not permit blind original-coordinate reuse""]"	True	"{""idx"": ""293"", ""name"": ""天降宝箱"", ""method"": ""B-英雄杀(已在位)"", ""old"": ""1(387,117)"", ""new"": ""-"", ""note"": ""yxs一致"", ""source"": ""-"", ""remark"": """"}"
294	仓库系统	1	"{""x"": 396, ""y"": 116}"		1	"{""x"": 396, ""y"": 116}"	variant	1	"{""x"": 381, ""y"": 198}"	hero-kill-extra	low	"{""old"": ""pass"", ""target"": ""pass""}"	[]	pending-review	same-store-cluster	"[""NPC/Entry/Region contains shop type"", ""shop street or same-function region""]"	"[{""x"": 381, ""y"": 198, ""score"": 0.35, ""anchor"": {""x"": 382, ""y"": 198}, ""separation"": 1}, {""x"": 382, ""y"": 140, ""score"": 0.35, ""anchor"": {""x"": 382, ""y"": 141}, ""separation"": 1}, {""x"": 382, ""y"": 142, ""score"": 0.35, ""anchor"": {""x"": 382, ""y"": 141}, ""separation"": 1}]"	NpcMover/audit-report.md	False		walkable topology candidate; manual review required	"[{""x"": 363, ""y"": 176}, {""x"": 382, ""y"": 141}, {""x"": 366, ""y"": 182}, {""x"": 394, ""y"": 116}, {""x"": 387, ""y"": 118}, {""x"": 393, ""y"": 113}, {""x"": 386, ""y"": 119}, {""x"": 382, ""y"": 198}, {""x"": 396, ""y"": 116}]"	"[""map relation does not permit blind original-coordinate reuse""]"	True	"{""idx"": ""294"", ""name"": ""仓库系统"", ""method"": ""B-英雄杀(已在位)"", ""old"": ""1(396,116)"", ""new"": ""-"", ""note"": ""yxs一致"", ""source"": ""-"", ""remark"": """"}"
295	仓库系统	02	"{""x"": 250, ""y"": 189}"		02	"{""x"": 250, ""y"": 189}"	exact	02	"{""x"": 249, ""y"": 189}"	hero-kill-extra	medium	"{""old"": ""pass"", ""target"": ""pass""}"	[]	dry-run	same-store-cluster	"[""NPC/Entry/Region contains shop type"", ""shop street or same-function region""]"	"[{""x"": 249, ""y"": 189, ""score"": 0.35, ""anchor"": {""x"": 250, ""y"": 189}, ""separation"": 1}, {""x"": 250, ""y"": 188, ""score"": 0.35, ""anchor"": {""x"": 250, ""y"": 189}, ""separation"": 1}, {""x"": 251, ""y"": 189, ""score"": 0.35, ""anchor"": {""x"": 250, ""y"": 189}, ""separation"": 1}]"	NpcMover/audit-report.md	False		walkable topology candidate; manual review required	"[{""x"": 260, ""y"": 177}, {""x"": 250, ""y"": 189}]"	[]	True	"{""idx"": ""295"", ""name"": ""仓库系统"", ""method"": ""B-英雄杀(已在位)"", ""old"": ""02(250,189)"", ""new"": ""-"", ""note"": ""yxs一致"", ""source"": ""-"", ""remark"": """"}"
296	仓库系统	0	"{""x"": 467, ""y"": 366}"		0	"{""x"": 467, ""y"": 366}"	variant	0	"{""x"": 441, ""y"": 373}"	hero-kill-extra	low	"{""old"": ""pass"", ""target"": ""pass""}"	[]	pending-review	same-store-cluster	"[""NPC/Entry/Region contains shop type"", ""shop street or same-function region""]"	"[{""x"": 441, ""y"": 373, ""score"": 0.35, ""anchor"": {""x"": 441, ""y"": 374}, ""separation"": 1}, {""x"": 441, ""y"": 375, ""score"": 0.35, ""anchor"": {""x"": 441, ""y"": 374}, ""separation"": 1}, {""x"": 442, ""y"": 374, ""score"": 0.35, ""anchor"": {""x"": 441, ""y"": 374}, ""separation"": 1}]"	NpcMover/audit-report.md	False		walkable topology candidate; manual review required	"[{""x"": 414, ""y"": 349}, {""x"": 450, ""y"": 413}, {""x"": 402, ""y"": 356}, {""x"": 470, ""y"": 424}, {""x"": 480, ""y"": 407}, {""x"": 397, ""y"": 363}, {""x"": 446, ""y"": 405}, {""x"": 441, ""y"": 374}, {""x"": 375, ""y"": 304}, {""x"": 478, ""y"": 407}, {""x"": 467, ""y"": 366}]"	"[""map relation does not permit blind original-coordinate reuse""]"	True	"{""idx"": ""296"", ""name"": ""仓库系统"", ""method"": ""B-英雄杀(已在位)"", ""old"": ""0(467,366)"", ""new"": ""-"", ""note"": ""yxs一致"", ""source"": ""-"", ""remark"": """"}"
298	买卖商人	1	"{""x"": 394, ""y"": 114}"		1	"{""x"": 394, ""y"": 114}"	variant	1	"{""x"": 379, ""y"": 124}"	hero-kill-extra	low	"{""old"": ""pass"", ""target"": ""pass""}"	[]	pending-review	town-safezone-extra	"[""no direct Merchant anchor; preserve business category"", ""safe-zone independent walkable point""]"	"[{""x"": 379, ""y"": 124, ""score"": 0.35, ""anchor"": {""x"": 379, ""y"": 125}, ""separation"": 1}, {""x"": 379, ""y"": 126, ""score"": 0.35, ""anchor"": {""x"": 379, ""y"": 125}, ""separation"": 1}, {""x"": 380, ""y"": 125, ""score"": 0.35, ""anchor"": {""x"": 379, ""y"": 125}, ""separation"": 1}]"	NpcMover/audit-report.md	False		walkable topology candidate; manual review required	"[{""x"": 171, ""y"": 192}, {""x"": 423, ""y"": 102}, {""x"": 168, ""y"": 182}, {""x"": 182, ""y"": 159}, {""x"": 173, ""y"": 130}, {""x"": 177, ""y"": 297}, {""x"": 178, ""y"": 150}, {""x"": 394, ""y"": 124}, {""x"": 379, ""y"": 125}]"	"[""map relation does not permit blind original-coordinate reuse""]"	True	"{""idx"": ""298"", ""name"": ""买卖商人"", ""method"": ""B-英雄杀(已在位)"", ""old"": ""1(394,114)"", ""new"": ""-"", ""note"": ""yxs一致"", ""source"": ""-"", ""remark"": """"}"
299	买卖商人	02	"{""x"": 252, ""y"": 191}"		02	"{""x"": 252, ""y"": 191}"	exact	02	"{""x"": 350, ""y"": 50}"	hero-kill-extra	medium	"{""old"": ""pass"", ""target"": ""pass""}"	[]	dry-run	town-safezone-extra	"[""no direct Merchant anchor; preserve business category"", ""safe-zone independent walkable point""]"	"[{""x"": 350, ""y"": 50, ""score"": -7.8, ""anchor"": {""x"": 350, ""y"": 50}, ""separation"": 165}, {""x"": 450, ""y"": 150, ""score"": -7.8, ""anchor"": {""x"": 450, ""y"": 150}, ""separation"": 159}, {""x"": 250, ""y"": 350, ""score"": -7.8, ""anchor"": {""x"": 250, ""y"": 350}, ""separation"": 111}]"	NpcMover/audit-report.md	False		walkable topology candidate; manual review required	"[{""x"": 265, ""y"": 207}, {""x"": 247, ""y"": 199}, {""x"": 50, ""y"": 150}, {""x"": 50, ""y"": 250}, {""x"": 150, ""y"": 150}, {""x"": 150, ""y"": 250}, {""x"": 150, ""y"": 350}, {""x"": 150, ""y"": 550}, {""x"": 250, ""y"": 50}, {""x"": 250, ""y"": 150}, {""x"": 250, ""y"": 250}, {""x"": 250, ""y"": 350}, {""x"": 250, ""y"": 450}, {""x"": 250, ""y"": 550}, {""x"": 350, ""y"": 50}, {""x"": 350, ""y"": 150}, {""x"": 350, ""y"": 450}, {""x"": 350, ""y"": 550}, {""x"": 450, ""y"": 50}, {""x"": 450, ""y"": 150}]"	[]	True	"{""idx"": ""299"", ""name"": ""买卖商人"", ""method"": ""B-英雄杀(已在位)"", ""old"": ""02(252,191)"", ""new"": ""-"", ""note"": ""yxs一致"", ""source"": ""-"", ""remark"": """"}"
300	买卖商人	0	"{""x"": 465, ""y"": 364}"		0	"{""x"": 465, ""y"": 364}"	variant	0	"{""x"": 173, ""y"": 172}"	hero-kill-extra	low	"{""old"": ""pass"", ""target"": ""pass""}"	[]	pending-review	town-safezone-extra	"[""no direct Merchant anchor; preserve business category"", ""safe-zone independent walkable point""]"	"[{""x"": 173, ""y"": 172, ""score"": 0.05, ""anchor"": {""x"": 173, ""y"": 170}, ""separation"": 3}, {""x"": 159, ""y"": 233, ""score"": 0.35, ""anchor"": {""x"": 160, ""y"": 233}, ""separation"": 1}, {""x"": 160, ""y"": 232, ""score"": 0.35, ""anchor"": {""x"": 160, ""y"": 233}, ""separation"": 1}]"	NpcMover/audit-report.md	False		walkable topology candidate; manual review required	"[{""x"": 176, ""y"": 218}, {""x"": 160, ""y"": 233}, {""x"": 175, ""y"": 212}, {""x"": 174, ""y"": 202}, {""x"": 173, ""y"": 156}, {""x"": 173, ""y"": 170}]"	"[""map relation does not permit blind original-coordinate reuse""]"	True	"{""idx"": ""300"", ""name"": ""买卖商人"", ""method"": ""B-英雄杀(已在位)"", ""old"": ""0(465,364)"", ""new"": ""-"", ""note"": ""yxs一致"", ""source"": ""-"", ""remark"": """"}"
302	天下第一战	1	"{""x"": 419, ""y"": 95}"		1	"{""x"": 419, ""y"": 95}"	variant	1	"{""x"": 379, ""y"": 126}"	hero-kill-extra	low	"{""old"": ""pass"", ""target"": ""pass""}"	[]	pending-review	town-safezone-extra	"[""no direct Merchant anchor; preserve business category"", ""safe-zone independent walkable point""]"	"[{""x"": 379, ""y"": 126, ""score"": 0.35, ""anchor"": {""x"": 379, ""y"": 125}, ""separation"": 1}, {""x"": 380, ""y"": 125, ""score"": 0.35, ""anchor"": {""x"": 379, ""y"": 125}, ""separation"": 1}, {""x"": 393, ""y"": 124, ""score"": 0.35, ""anchor"": {""x"": 394, ""y"": 124}, ""separation"": 1}]"	NpcMover/audit-report.md	False		walkable topology candidate; manual review required	"[{""x"": 171, ""y"": 192}, {""x"": 423, ""y"": 102}, {""x"": 168, ""y"": 182}, {""x"": 182, ""y"": 159}, {""x"": 173, ""y"": 130}, {""x"": 177, ""y"": 297}, {""x"": 178, ""y"": 150}, {""x"": 394, ""y"": 124}, {""x"": 379, ""y"": 125}]"	"[""map relation does not permit blind original-coordinate reuse""]"	True	"{""idx"": ""302"", ""name"": ""天下第一战"", ""method"": ""B-英雄杀(已在位)"", ""old"": ""1(419,95)"", ""new"": ""-"", ""note"": ""yxs一致"", ""source"": ""-"", ""remark"": """"}"
303	天下第一法	1	"{""x"": 413, ""y"": 101}"		1	"{""x"": 413, ""y"": 101}"	variant	1	"{""x"": 380, ""y"": 125}"	hero-kill-extra	low	"{""old"": ""pass"", ""target"": ""pass""}"	[]	pending-review	town-safezone-extra	"[""no direct Merchant anchor; preserve business category"", ""safe-zone independent walkable point""]"	"[{""x"": 380, ""y"": 125, ""score"": 0.35, ""anchor"": {""x"": 379, ""y"": 125}, ""separation"": 1}, {""x"": 393, ""y"": 124, ""score"": 0.35, ""anchor"": {""x"": 394, ""y"": 124}, ""separation"": 1}, {""x"": 394, ""y"": 123, ""score"": 0.35, ""anchor"": {""x"": 394, ""y"": 124}, ""separation"": 1}]"	NpcMover/audit-report.md	False		walkable topology candidate; manual review required	"[{""x"": 171, ""y"": 192}, {""x"": 423, ""y"": 102}, {""x"": 168, ""y"": 182}, {""x"": 182, ""y"": 159}, {""x"": 173, ""y"": 130}, {""x"": 177, ""y"": 297}, {""x"": 178, ""y"": 150}, {""x"": 394, ""y"": 124}, {""x"": 379, ""y"": 125}]"	"[""map relation does not permit blind original-coordinate reuse""]"	True	"{""idx"": ""303"", ""name"": ""天下第一法"", ""method"": ""B-英雄杀(已在位)"", ""old"": ""1(413,101)"", ""new"": ""-"", ""note"": ""yxs一致"", ""source"": ""-"", ""remark"": """"}"
304	天下第一道	1	"{""x"": 416, ""y"": 98}"		1	"{""x"": 416, ""y"": 98}"	variant	1	"{""x"": 393, ""y"": 124}"	hero-kill-extra	low	"{""old"": ""pass"", ""target"": ""pass""}"	[]	pending-review	town-safezone-extra	"[""no direct Merchant anchor; preserve business category"", ""safe-zone independent walkable point""]"	"[{""x"": 393, ""y"": 124, ""score"": 0.35, ""anchor"": {""x"": 394, ""y"": 124}, ""separation"": 1}, {""x"": 394, ""y"": 123, ""score"": 0.35, ""anchor"": {""x"": 394, ""y"": 124}, ""separation"": 1}, {""x"": 395, ""y"": 124, ""score"": 0.35, ""anchor"": {""x"": 394, ""y"": 124}, ""separation"": 1}]"	NpcMover/audit-report.md	False		walkable topology candidate; manual review required	"[{""x"": 171, ""y"": 192}, {""x"": 423, ""y"": 102}, {""x"": 168, ""y"": 182}, {""x"": 182, ""y"": 159}, {""x"": 173, ""y"": 130}, {""x"": 177, ""y"": 297}, {""x"": 178, ""y"": 150}, {""x"": 394, ""y"": 124}, {""x"": 379, ""y"": 125}]"	"[""map relation does not permit blind original-coordinate reuse""]"	True	"{""idx"": ""304"", ""name"": ""天下第一道"", ""method"": ""B-英雄杀(已在位)"", ""old"": ""1(416,98)"", ""new"": ""-"", ""note"": ""yxs一致"", ""source"": ""-"", ""remark"": """"}"
305	道观公告	1	"{""x"": 428, ""y"": 98}"		1	"{""x"": 428, ""y"": 98}"	variant	1	"{""x"": 394, ""y"": 123}"	hero-kill-extra	low	"{""old"": ""pass"", ""target"": ""pass""}"	[]	pending-review	town-center-notice	"[""NPC/Entry/Region identifies notice/board"", ""town center near service cluster""]"	"[{""x"": 394, ""y"": 123, ""score"": 0.35, ""anchor"": {""x"": 394, ""y"": 124}, ""separation"": 1}, {""x"": 395, ""y"": 124, ""score"": 0.35, ""anchor"": {""x"": 394, ""y"": 124}, ""separation"": 1}, {""x"": 422, ""y"": 102, ""score"": 0.35, ""anchor"": {""x"": 423, ""y"": 102}, ""separation"": 1}]"	NpcMover/audit-report.md	False		walkable topology candidate; manual review required	"[{""x"": 171, ""y"": 192}, {""x"": 423, ""y"": 102}, {""x"": 168, ""y"": 182}, {""x"": 182, ""y"": 159}, {""x"": 173, ""y"": 130}, {""x"": 177, ""y"": 297}, {""x"": 178, ""y"": 150}, {""x"": 394, ""y"": 124}, {""x"": 379, ""y"": 125}]"	"[""map relation does not permit blind original-coordinate reuse""]"	True	"{""idx"": ""305"", ""name"": ""道观公告"", ""method"": ""B-英雄杀(已在位)"", ""old"": ""1(428,98)"", ""new"": ""-"", ""note"": ""yxs一致"", ""source"": ""-"", ""remark"": """"}"
306	合成大师	1	"{""x"": 405, ""y"": 115}"		1	"{""x"": 405, ""y"": 115}"	variant	1	"{""x"": 395, ""y"": 124}"	hero-kill-extra	low	"{""old"": ""pass"", ""target"": ""pass""}"	[]	pending-review	town-safezone-extra	"[""no direct Merchant anchor; preserve business category"", ""safe-zone independent walkable point""]"	"[{""x"": 395, ""y"": 124, ""score"": 0.35, ""anchor"": {""x"": 394, ""y"": 124}, ""separation"": 1}, {""x"": 422, ""y"": 102, ""score"": 0.35, ""anchor"": {""x"": 423, ""y"": 102}, ""separation"": 1}, {""x"": 423, ""y"": 101, ""score"": 0.35, ""anchor"": {""x"": 423, ""y"": 102}, ""separation"": 1}]"	NpcMover/audit-report.md	False		walkable topology candidate; manual review required	"[{""x"": 171, ""y"": 192}, {""x"": 423, ""y"": 102}, {""x"": 168, ""y"": 182}, {""x"": 182, ""y"": 159}, {""x"": 173, ""y"": 130}, {""x"": 177, ""y"": 297}, {""x"": 178, ""y"": 150}, {""x"": 394, ""y"": 124}, {""x"": 379, ""y"": 125}]"	"[""map relation does not permit blind original-coordinate reuse""]"	True	"{""idx"": ""306"", ""name"": ""合成大师"", ""method"": ""B-英雄杀(已在位)"", ""old"": ""1(405,115)"", ""new"": ""-"", ""note"": ""yxs一致"", ""source"": ""-"", ""remark"": """"}"
307	活动管理	1	"{""x"": 398, ""y"": 128}"		1	"{""x"": 398, ""y"": 128}"	variant	1	"{""x"": 422, ""y"": 102}"	hero-kill-extra	low	"{""old"": ""pass"", ""target"": ""pass""}"	[]	pending-review	town-safezone-extra	"[""no direct Merchant anchor; preserve business category"", ""safe-zone independent walkable point""]"	"[{""x"": 422, ""y"": 102, ""score"": 0.35, ""anchor"": {""x"": 423, ""y"": 102}, ""separation"": 1}, {""x"": 423, ""y"": 101, ""score"": 0.35, ""anchor"": {""x"": 423, ""y"": 102}, ""separation"": 1}, {""x"": 423, ""y"": 103, ""score"": 0.35, ""anchor"": {""x"": 423, ""y"": 102}, ""separation"": 1}]"	NpcMover/audit-report.md	False		walkable topology candidate; manual review required	"[{""x"": 171, ""y"": 192}, {""x"": 423, ""y"": 102}, {""x"": 168, ""y"": 182}, {""x"": 182, ""y"": 159}, {""x"": 173, ""y"": 130}, {""x"": 177, ""y"": 297}, {""x"": 178, ""y"": 150}, {""x"": 394, ""y"": 124}, {""x"": 379, ""y"": 125}]"	"[""map relation does not permit blind original-coordinate reuse""]"	True	"{""idx"": ""307"", ""name"": ""活动管理"", ""method"": ""B-英雄杀(已在位)"", ""old"": ""1(398,128)"", ""new"": ""-"", ""note"": ""yxs一致"", ""source"": ""-"", ""remark"": """"}"
308	沙城管家	1	"{""x"": 394, ""y"": 124}"		1	"{""x"": 394, ""y"": 124}"	variant	1	"{""x"": 423, ""y"": 101}"	hero-kill-extra	low	"{""old"": ""pass"", ""target"": ""pass""}"	[]	pending-review	town-safezone-extra	"[""no direct Merchant anchor; preserve business category"", ""safe-zone independent walkable point""]"	"[{""x"": 423, ""y"": 101, ""score"": 0.35, ""anchor"": {""x"": 423, ""y"": 102}, ""separation"": 1}, {""x"": 423, ""y"": 103, ""score"": 0.35, ""anchor"": {""x"": 423, ""y"": 102}, ""separation"": 1}, {""x"": 424, ""y"": 102, ""score"": 0.35, ""anchor"": {""x"": 423, ""y"": 102}, ""separation"": 1}]"	NpcMover/audit-report.md	False		walkable topology candidate; manual review required	"[{""x"": 171, ""y"": 192}, {""x"": 423, ""y"": 102}, {""x"": 168, ""y"": 182}, {""x"": 182, ""y"": 159}, {""x"": 173, ""y"": 130}, {""x"": 177, ""y"": 297}, {""x"": 178, ""y"": 150}, {""x"": 394, ""y"": 124}, {""x"": 379, ""y"": 125}]"	"[""map relation does not permit blind original-coordinate reuse""]"	True	"{""idx"": ""308"", ""name"": ""沙城管家"", ""method"": ""B-英雄杀(已在位)"", ""old"": ""1(394,124)"", ""new"": ""-"", ""note"": ""yxs一致"", ""source"": ""-"", ""remark"": """"}"
309	化废为宝	1	"{""x"": 403, ""y"": 133}"		1	"{""x"": 403, ""y"": 133}"	variant	1	"{""x"": 423, ""y"": 103}"	hero-kill-extra	low	"{""old"": ""pass"", ""target"": ""pass""}"	[]	pending-review	town-safezone-extra	"[""no direct Merchant anchor; preserve business category"", ""safe-zone independent walkable point""]"	"[{""x"": 423, ""y"": 103, ""score"": 0.35, ""anchor"": {""x"": 423, ""y"": 102}, ""separation"": 1}, {""x"": 424, ""y"": 102, ""score"": 0.35, ""anchor"": {""x"": 423, ""y"": 102}, ""separation"": 1}, {""x"": 423, ""y"": 104, ""score"": 0.7, ""anchor"": {""x"": 423, ""y"": 102}, ""separation"": 2}]"	NpcMover/audit-report.md	False		walkable topology candidate; manual review required	"[{""x"": 171, ""y"": 192}, {""x"": 423, ""y"": 102}, {""x"": 168, ""y"": 182}, {""x"": 182, ""y"": 159}, {""x"": 173, ""y"": 130}, {""x"": 177, ""y"": 297}, {""x"": 178, ""y"": 150}, {""x"": 394, ""y"": 124}, {""x"": 379, ""y"": 125}]"	"[""map relation does not permit blind original-coordinate reuse""]"	True	"{""idx"": ""309"", ""name"": ""化废为宝"", ""method"": ""B-英雄杀(已在位)"", ""old"": ""1(403,133)"", ""new"": ""-"", ""note"": ""yxs一致"", ""source"": ""-"", ""remark"": """"}"
310	经验化废	1	"{""x"": 406, ""y"": 136}"		1	"{""x"": 406, ""y"": 136}"	variant	1	"{""x"": 424, ""y"": 102}"	hero-kill-extra	low	"{""old"": ""pass"", ""target"": ""pass""}"	[]	pending-review	town-safezone-extra	"[""no direct Merchant anchor; preserve business category"", ""safe-zone independent walkable point""]"	"[{""x"": 424, ""y"": 102, ""score"": 0.35, ""anchor"": {""x"": 423, ""y"": 102}, ""separation"": 1}, {""x"": 425, ""y"": 102, ""score"": 0.7, ""anchor"": {""x"": 423, ""y"": 102}, ""separation"": 2}, {""x"": 426, ""y"": 102, ""score"": 1.05, ""anchor"": {""x"": 423, ""y"": 102}, ""separation"": 3}]"	NpcMover/audit-report.md	False		walkable topology candidate; manual review required	"[{""x"": 171, ""y"": 192}, {""x"": 423, ""y"": 102}, {""x"": 168, ""y"": 182}, {""x"": 182, ""y"": 159}, {""x"": 173, ""y"": 130}, {""x"": 177, ""y"": 297}, {""x"": 178, ""y"": 150}, {""x"": 394, ""y"": 124}, {""x"": 379, ""y"": 125}]"	"[""map relation does not permit blind original-coordinate reuse""]"	True	"{""idx"": ""310"", ""name"": ""经验化废"", ""method"": ""B-英雄杀(已在位)"", ""old"": ""1(406,136)"", ""new"": ""-"", ""note"": ""yxs一致"", ""source"": ""-"", ""remark"": """"}"
311	升级加点	02	"{""x"": 245, ""y"": 242}"		02	"{""x"": 247, ""y"": 242}"	exact	02	"{""x"": 245, ""y"": 242}"	pending	low	"{""old"": ""pass"", ""target"": ""pass""}"	[]	dry-run	town-safezone-extra	"[""no direct Merchant anchor; preserve business category"", ""safe-zone independent walkable point""]"	"[{""x"": 245, ""y"": 242, ""score"": 0, ""anchor"": {""x"": 245, ""y"": 242}, ""separation"": 0}]"	NpcMover/audit-report.md	False		audit target coordinate reused only for exact/renamed map relation	"[{""x"": 265, ""y"": 207}, {""x"": 247, ""y"": 199}, {""x"": 50, ""y"": 150}, {""x"": 50, ""y"": 250}, {""x"": 150, ""y"": 150}, {""x"": 150, ""y"": 250}, {""x"": 150, ""y"": 350}, {""x"": 150, ""y"": 550}, {""x"": 250, ""y"": 50}, {""x"": 250, ""y"": 150}, {""x"": 250, ""y"": 250}, {""x"": 250, ""y"": 350}, {""x"": 250, ""y"": 450}, {""x"": 250, ""y"": 550}, {""x"": 350, ""y"": 50}, {""x"": 350, ""y"": 150}, {""x"": 350, ""y"": 450}, {""x"": 350, ""y"": 550}, {""x"": 450, ""y"": 50}, {""x"": 450, ""y"": 150}]"	[]	True	"{""idx"": ""311"", ""name"": ""升级加点"", ""method"": ""E-避让"", ""old"": ""02(247,242)"", ""new"": ""02(245,242)"", ""note"": ""原与 [185] 09Bonus_Euhang 同格"", ""source"": ""同格避让"", ""remark"": ""与NPC185重叠,移至邻格""}"
312	结婚司仪	0	"{""x"": 388, ""y"": 288}"		0	"{""x"": 388, ""y"": 288}"	variant	0	"{""x"": 159, ""y"": 233}"	hero-kill-extra	low	"{""old"": ""pass"", ""target"": ""pass""}"	[]	pending-review	town-safezone-extra	"[""no direct Merchant anchor; preserve business category"", ""safe-zone independent walkable point""]"	"[{""x"": 159, ""y"": 233, ""score"": 0.35, ""anchor"": {""x"": 160, ""y"": 233}, ""separation"": 1}, {""x"": 160, ""y"": 232, ""score"": 0.35, ""anchor"": {""x"": 160, ""y"": 233}, ""separation"": 1}, {""x"": 160, ""y"": 234, ""score"": 0.35, ""anchor"": {""x"": 160, ""y"": 233}, ""separation"": 1}]"	NpcMover/audit-report.md	False		walkable topology candidate; manual review required	"[{""x"": 176, ""y"": 218}, {""x"": 160, ""y"": 233}, {""x"": 175, ""y"": 212}, {""x"": 174, ""y"": 202}, {""x"": 173, ""y"": 156}, {""x"": 173, ""y"": 170}]"	"[""map relation does not permit blind original-coordinate reuse""]"	True	"{""idx"": ""312"", ""name"": ""结婚司仪"", ""method"": ""B-英雄杀(已在位)"", ""old"": ""0(388,288)"", ""new"": ""-"", ""note"": ""yxs一致"", ""source"": ""-"", ""remark"": """"}"
313	买马商人	0	"{""x"": 463, ""y"": 362}"		0	"{""x"": 463, ""y"": 362}"	variant	0	"{""x"": 160, ""y"": 232}"	hero-kill-extra	low	"{""old"": ""pass"", ""target"": ""pass""}"	[]	pending-review	town-safezone-extra	"[""no direct Merchant anchor; preserve business category"", ""safe-zone independent walkable point""]"	"[{""x"": 160, ""y"": 232, ""score"": 0.35, ""anchor"": {""x"": 160, ""y"": 233}, ""separation"": 1}, {""x"": 160, ""y"": 234, ""score"": 0.35, ""anchor"": {""x"": 160, ""y"": 233}, ""separation"": 1}, {""x"": 161, ""y"": 233, ""score"": 0.35, ""anchor"": {""x"": 160, ""y"": 233}, ""separation"": 1}]"	NpcMover/audit-report.md	False		walkable topology candidate; manual review required	"[{""x"": 176, ""y"": 218}, {""x"": 160, ""y"": 233}, {""x"": 175, ""y"": 212}, {""x"": 174, ""y"": 202}, {""x"": 173, ""y"": 156}, {""x"": 173, ""y"": 170}]"	"[""map relation does not permit blind original-coordinate reuse""]"	True	"{""idx"": ""313"", ""name"": ""买马商人"", ""method"": ""B-英雄杀(已在位)"", ""old"": ""0(463,362)"", ""new"": ""-"", ""note"": ""yxs一致"", ""source"": ""-"", ""remark"": """"}"
314	美发专家	0	"{""x"": 461, ""y"": 360}"		0	"{""x"": 461, ""y"": 360}"	variant	0	"{""x"": 160, ""y"": 234}"	hero-kill-extra	low	"{""old"": ""pass"", ""target"": ""pass""}"	[]	pending-review	town-safezone-extra	"[""no direct Merchant anchor; preserve business category"", ""safe-zone independent walkable point""]"	"[{""x"": 160, ""y"": 234, ""score"": 0.35, ""anchor"": {""x"": 160, ""y"": 233}, ""separation"": 1}, {""x"": 161, ""y"": 233, ""score"": 0.35, ""anchor"": {""x"": 160, ""y"": 233}, ""separation"": 1}, {""x"": 172, ""y"": 156, ""score"": 0.35, ""anchor"": {""x"": 173, ""y"": 156}, ""separation"": 1}]"	NpcMover/audit-report.md	False		walkable topology candidate; manual review required	"[{""x"": 176, ""y"": 218}, {""x"": 160, ""y"": 233}, {""x"": 175, ""y"": 212}, {""x"": 174, ""y"": 202}, {""x"": 173, ""y"": 156}, {""x"": 173, ""y"": 170}]"	"[""map relation does not permit blind original-coordinate reuse""]"	True	"{""idx"": ""314"", ""name"": ""美发专家"", ""method"": ""B-英雄杀(已在位)"", ""old"": ""0(461,360)"", ""new"": ""-"", ""note"": ""yxs一致"", ""source"": ""-"", ""remark"": """"}"
315	比奇官吏	0	"{""x"": 469, ""y"": 368}"		0	"{""x"": 469, ""y"": 368}"	variant	0	"{""x"": 161, ""y"": 233}"	hero-kill-extra	low	"{""old"": ""pass"", ""target"": ""pass""}"	[]	pending-review	town-safezone-extra	"[""no direct Merchant anchor; preserve business category"", ""safe-zone independent walkable point""]"	"[{""x"": 161, ""y"": 233, ""score"": 0.35, ""anchor"": {""x"": 160, ""y"": 233}, ""separation"": 1}, {""x"": 172, ""y"": 156, ""score"": 0.35, ""anchor"": {""x"": 173, ""y"": 156}, ""separation"": 1}, {""x"": 173, ""y"": 155, ""score"": 0.35, ""anchor"": {""x"": 173, ""y"": 156}, ""separation"": 1}]"	NpcMover/audit-report.md	False		walkable topology candidate; manual review required	"[{""x"": 176, ""y"": 218}, {""x"": 160, ""y"": 233}, {""x"": 175, ""y"": 212}, {""x"": 174, ""y"": 202}, {""x"": 173, ""y"": 156}, {""x"": 173, ""y"": 170}]"	"[""map relation does not permit blind original-coordinate reuse""]"	True	"{""idx"": ""315"", ""name"": ""比奇官吏"", ""method"": ""B-英雄杀(已在位)"", ""old"": ""0(469,368)"", ""new"": ""-"", ""note"": ""yxs一致"", ""source"": ""-"", ""remark"": """"}"
316	行会旗帜	0	"{""x"": 471, ""y"": 370}"		0	"{""x"": 471, ""y"": 370}"	variant	0	"{""x"": 172, ""y"": 156}"	hero-kill-extra	low	"{""old"": ""pass"", ""target"": ""pass""}"	[]	pending-review	town-safezone-extra	"[""no direct Merchant anchor; preserve business category"", ""safe-zone independent walkable point""]"	"[{""x"": 172, ""y"": 156, ""score"": 0.35, ""anchor"": {""x"": 173, ""y"": 156}, ""separation"": 1}, {""x"": 173, ""y"": 155, ""score"": 0.35, ""anchor"": {""x"": 173, ""y"": 156}, ""separation"": 1}, {""x"": 173, ""y"": 157, ""score"": 0.35, ""anchor"": {""x"": 173, ""y"": 156}, ""separation"": 1}]"	NpcMover/audit-report.md	False		walkable topology candidate; manual review required	"[{""x"": 176, ""y"": 218}, {""x"": 160, ""y"": 233}, {""x"": 175, ""y"": 212}, {""x"": 174, ""y"": 202}, {""x"": 173, ""y"": 156}, {""x"": 173, ""y"": 170}]"	"[""map relation does not permit blind original-coordinate reuse""]"	True	"{""idx"": ""316"", ""name"": ""行会旗帜"", ""method"": ""B-英雄杀(已在位)"", ""old"": ""0(471,370)"", ""new"": ""-"", ""note"": ""yxs一致"", ""source"": ""-"", ""remark"": """"}"
317	比赛评判	01_003	"{""x"": 4, ""y"": 10}"		01_003	"{""x"": 5, ""y"": 8}"	exact	01_003	"{""x"": 4, ""y"": 10}"	pending	low	"{""old"": ""pass"", ""target"": ""pass""}"	[]	dry-run	town-safezone-extra	"[""no direct Merchant anchor; preserve business category"", ""safe-zone independent walkable point""]"	"[{""x"": 4, ""y"": 10, ""score"": 0, ""anchor"": {""x"": 4, ""y"": 10}, ""separation"": 0}]"	NpcMover/audit-report.md	False		audit target coordinate reused only for exact/renamed map relation	"[{""x"": 5, ""y"": 8}, {""x"": 4, ""y"": 10}]"	[]	True	"{""idx"": ""317"", ""name"": ""比赛评判"", ""method"": ""E-避让"", ""old"": ""01_003(5,8)"", ""new"": ""01_003(4,10)"", ""note"": ""原与 [161] 15Magic_KugKyung 同格"", ""source"": ""同格避让"", ""remark"": ""与NPC161重叠,移至邻格""}"
318	比赛评判	02_0011	"{""x"": 5, ""y"": 8}"		02_0011	"{""x"": 5, ""y"": 8}"	renamed	02_0011	"{""x"": 5, ""y"": 9}"	hero-kill-extra	medium	"{""old"": ""pass"", ""target"": ""pass""}"	[]	dry-run	town-safezone-extra	"[""no direct Merchant anchor; preserve business category"", ""safe-zone independent walkable point""]"	"[{""x"": 5, ""y"": 9, ""score"": 0.35, ""anchor"": {""x"": 5, ""y"": 8}, ""separation"": 1}, {""x"": 6, ""y"": 8, ""score"": 0.35, ""anchor"": {""x"": 5, ""y"": 8}, ""separation"": 1}, {""x"": 4, ""y"": 9, ""score"": 0.7, ""anchor"": {""x"": 5, ""y"": 8}, ""separation"": 2}]"	NpcMover/audit-report.md	False		walkable topology candidate; manual review required	"[{""x"": 5, ""y"": 8}]"	[]	True	"{""idx"": ""318"", ""name"": ""比赛评判"", ""method"": ""B-英雄杀(已在位)"", ""old"": ""02_0011(5,8)"", ""new"": ""-"", ""note"": ""yxs一致"", ""source"": ""-"", ""remark"": """"}"
319	比赛评判	1_012	"{""x"": 5, ""y"": 8}"		1_012	"{""x"": 5, ""y"": 8}"	exact	1_012	"{""x"": 5, ""y"": 9}"	hero-kill-extra	medium	"{""old"": ""pass"", ""target"": ""pass""}"	[]	dry-run	town-safezone-extra	"[""no direct Merchant anchor; preserve business category"", ""safe-zone independent walkable point""]"	"[{""x"": 5, ""y"": 9, ""score"": 0.35, ""anchor"": {""x"": 5, ""y"": 8}, ""separation"": 1}, {""x"": 6, ""y"": 8, ""score"": 0.35, ""anchor"": {""x"": 5, ""y"": 8}, ""separation"": 1}, {""x"": 4, ""y"": 9, ""score"": 0.7, ""anchor"": {""x"": 5, ""y"": 8}, ""separation"": 2}]"	NpcMover/audit-report.md	False		walkable topology candidate; manual review required	"[{""x"": 5, ""y"": 8}]"	[]	True	"{""idx"": ""319"", ""name"": ""比赛评判"", ""method"": ""B-英雄杀(已在位)"", ""old"": ""1_012(5,8)"", ""new"": ""-"", ""note"": ""yxs一致"", ""source"": ""-"", ""remark"": """"}"
320	My00DefaultNpc	z010	"{""x"": 15, ""y"": 11}"		z010	"{""x"": 15, ""y"": 11}"	renamed	z010	"{""x"": 14, ""y"": 11}"	hero-kill-extra	medium	"{""old"": ""pass"", ""target"": ""pass""}"	[]	dry-run	town-safezone-extra	"[""no direct Merchant anchor; preserve business category"", ""safe-zone independent walkable point""]"	"[{""x"": 14, ""y"": 11, ""score"": 0.35, ""anchor"": {""x"": 15, ""y"": 11}, ""separation"": 1}, {""x"": 13, ""y"": 11, ""score"": 0.7, ""anchor"": {""x"": 15, ""y"": 11}, ""separation"": 2}, {""x"": 14, ""y"": 10, ""score"": 0.7, ""anchor"": {""x"": 15, ""y"": 11}, ""separation"": 2}]"	NpcMover/audit-report.md	False		walkable topology candidate; manual review required	"[{""x"": 15, ""y"": 11}]"	[]	True	"{""idx"": ""320"", ""name"": ""My00DefaultNpc"", ""method"": ""B-英雄杀(已在位)"", ""old"": ""z010(15,11)"", ""new"": ""-"", ""note"": ""yxs一致"", ""source"": ""-"", ""remark"": """"}"
321	道观传送	1	"{""x"": 407, ""y"": 131}"		1	"{""x"": 407, ""y"": 131}"	variant	1	"{""x"": 327, ""y"": 152}"	hero-kill-extra	low	"{""old"": ""pass"", ""target"": ""pass""}"	[]	pending-review	town-entrance-teleporter	"[""NPC/Entry/Region contains movement/entrance type"", ""town entrance, route gate, or teleport cluster""]"	"[{""x"": 327, ""y"": 152, ""score"": -7.8, ""anchor"": {""x"": 327, ""y"": 152}, ""separation"": 59}, {""x"": 393, ""y"": 170, ""score"": -7.8, ""anchor"": {""x"": 393, ""y"": 170}, ""separation"": 32}, {""x"": 394, ""y"": 169, ""score"": -7.8, ""anchor"": {""x"": 394, ""y"": 169}, ""separation"": 32}]"	NpcMover/audit-report.md	False		walkable topology candidate; manual review required	"[{""x"": 30, ""y"": 36}, {""x"": 208, ""y"": 35}, {""x"": 312, ""y"": 30}, {""x"": 327, ""y"": 152}, {""x"": 332, ""y"": 242}, {""x"": 271, ""y"": 325}, {""x"": 121, ""y"": 318}, {""x"": 28, ""y"": 223}, {""x"": 416, ""y"": 179}, {""x"": 143, ""y"": 206}, {""x"": 429, ""y"": 96}, {""x"": 428, ""y"": 97}, {""x"": 394, ""y"": 169}, {""x"": 393, ""y"": 170}, {""x"": 388, ""y"": 113}, {""x"": 389, ""y"": 114}, {""x"": 415, ""y"": 133}, {""x"": 414, ""y"": 134}, {""x"": 429, ""y"": 120}, {""x"": 428, ""y"": 121}]"	"[""map relation does not permit blind original-coordinate reuse""]"	True	"{""idx"": ""321"", ""name"": ""道观传送"", ""method"": ""B-英雄杀(已在位)"", ""old"": ""1(407,131)"", ""new"": ""-"", ""note"": ""yxs一致"", ""source"": ""-"", ""remark"": """"}"
322	传送银杏	02	"{""x"": 247, ""y"": 144}"		02	"{""x"": 249, ""y"": 144}"	exact	02	"{""x"": 247, ""y"": 144}"	pending	low	"{""old"": ""pass"", ""target"": ""pass""}"	[]	dry-run	town-entrance-teleporter	"[""NPC/Entry/Region contains movement/entrance type"", ""town entrance, route gate, or teleport cluster""]"	"[{""x"": 247, ""y"": 144, ""score"": 0, ""anchor"": {""x"": 247, ""y"": 144}, ""separation"": 0}]"	NpcMover/audit-report.md	False		audit target coordinate reused only for exact/renamed map relation	"[{""x"": 30, ""y"": 452}, {""x"": 29, ""y"": 453}, {""x"": 28, ""y"": 454}, {""x"": 27, ""y"": 455}, {""x"": 29, ""y"": 452}, {""x"": 28, ""y"": 453}, {""x"": 27, ""y"": 454}, {""x"": 26, ""y"": 455}, {""x"": 483, ""y"": 322}, {""x"": 481, ""y"": 324}, {""x"": 481, ""y"": 324}, {""x"": 281, ""y"": 73}, {""x"": 280, ""y"": 74}, {""x"": 346, ""y"": 120}, {""x"": 345, ""y"": 121}, {""x"": 129, ""y"": 157}, {""x"": 128, ""y"": 158}, {""x"": 247, ""y"": 144}, {""x"": 26, ""y"": 455}, {""x"": 28, ""y"": 455}]"	[]	True	"{""idx"": ""322"", ""name"": ""传送银杏"", ""method"": ""E-避让"", ""old"": ""02(249,144)"", ""new"": ""02(247,144)"", ""note"": ""原与 [176] 13Move_Eunhang 同格"", ""source"": ""同格避让"", ""remark"": ""与NPC176重叠,移至邻格""}"
323	传送比奇	0	"{""x"": 466, ""y"": 372}"		0	"{""x"": 466, ""y"": 372}"	variant	0	"{""x"": 98, ""y"": 324}"	hero-kill-extra	low	"{""old"": ""pass"", ""target"": ""pass""}"	[]	pending-review	town-entrance-teleporter	"[""NPC/Entry/Region contains movement/entrance type"", ""town entrance, route gate, or teleport cluster""]"	"[{""x"": 98, ""y"": 324, ""score"": -7.8, ""anchor"": {""x"": 98, ""y"": 324}, ""separation"": 152}, {""x"": 102, ""y"": 320, ""score"": -7.8, ""anchor"": {""x"": 102, ""y"": 320}, ""separation"": 144}, {""x"": 327, ""y"": 124, ""score"": -7.8, ""anchor"": {""x"": 327, ""y"": 124}, ""separation"": 110}]"	NpcMover/audit-report.md	False		walkable topology candidate; manual review required	"[{""x"": 19, ""y"": 37}, {""x"": 23, ""y"": 42}, {""x"": 161, ""y"": 34}, {""x"": 159, ""y"": 38}, {""x"": 316, ""y"": 26}, {""x"": 313, ""y"": 28}, {""x"": 329, ""y"": 120}, {""x"": 327, ""y"": 124}, {""x"": 319, ""y"": 269}, {""x"": 318, ""y"": 273}, {""x"": 307, ""y"": 332}, {""x"": 305, ""y"": 327}, {""x"": 98, ""y"": 324}, {""x"": 102, ""y"": 320}, {""x"": 28, ""y"": 194}, {""x"": 31, ""y"": 197}, {""x"": 144, ""y"": 256}, {""x"": 186, ""y"": 198}, {""x"": 184, ""y"": 204}, {""x"": 498, ""y"": 463}]"	"[""map relation does not permit blind original-coordinate reuse""]"	True	"{""idx"": ""323"", ""name"": ""传送比奇"", ""method"": ""B-英雄杀(已在位)"", ""old"": ""0(466,372)"", ""new"": ""-"", ""note"": ""yxs一致"", ""source"": ""-"", ""remark"": """"}"
328	传送土城	5	"{""x"": 227, ""y"": 128}"		5	"{""x"": 227, ""y"": 128}"	replacement	5	"{""x"": 315, ""y"": 199}"	hero-kill-extra	low	"{""old"": ""pass"", ""target"": ""pass""}"	[]	pending-review	town-entrance-teleporter	"[""NPC/Entry/Region contains movement/entrance type"", ""town entrance, route gate, or teleport cluster""]"	"[{""x"": 315, ""y"": 199, ""score"": -7.8, ""anchor"": {""x"": 315, ""y"": 199}, ""separation"": 118}, {""x"": 20, ""y"": 90, ""score"": -7.8, ""anchor"": {""x"": 20, ""y"": 90}, ""separation"": 110}, {""x"": 149, ""y"": 31, ""score"": -7.8, ""anchor"": {""x"": 149, ""y"": 31}, ""separation"": 78}]"	NpcMover/audit-report.md	False		walkable topology candidate; manual review required	"[{""x"": 61, ""y"": 190}, {""x"": 112, ""y"": 177}, {""x"": 56, ""y"": 193}, {""x"": 204, ""y"": 289}, {""x"": 227, ""y"": 127}, {""x"": 20, ""y"": 90}, {""x"": 74, ""y"": 34}, {""x"": 149, ""y"": 31}, {""x"": 315, ""y"": 199}, {""x"": 24, ""y"": 305}, {""x"": 239, ""y"": 164}, {""x"": 238, ""y"": 165}, {""x"": 243, ""y"": 167}, {""x"": 242, ""y"": 168}, {""x"": 236, ""y"": 161}, {""x"": 235, ""y"": 161}, {""x"": 240, ""y"": 194}, {""x"": 239, ""y"": 195}, {""x"": 206, ""y"": 169}, {""x"": 207, ""y"": 170}]"	"[""map relation does not permit blind original-coordinate reuse""]"	True	"{""idx"": ""328"", ""name"": ""传送土城"", ""method"": ""B-英雄杀(已在位)"", ""old"": ""5(227,128)"", ""new"": ""-"", ""note"": ""yxs一致"", ""source"": ""-"", ""remark"": """"}"
329	传送流放	81	"{""x"": 127, ""y"": 265}"		81	"{""x"": 129, ""y"": 265}"	variant	81	"{""x"": 156, ""y"": 135}"	pending	low	"{""old"": ""pass"", ""target"": ""pass""}"	[]	pending-review	town-entrance-teleporter	"[""NPC/Entry/Region contains movement/entrance type"", ""town entrance, route gate, or teleport cluster""]"	"[{""x"": 156, ""y"": 135, ""score"": -7.8, ""anchor"": {""x"": 156, ""y"": 135}, ""separation"": 157}, {""x"": 155, ""y"": 135, ""score"": -7.8, ""anchor"": {""x"": 155, ""y"": 135}, ""separation"": 156}, {""x"": 155, ""y"": 136, ""score"": -7.8, ""anchor"": {""x"": 155, ""y"": 136}, ""separation"": 155}]"	NpcMover/audit-report.md	False		walkable topology candidate; manual review required	"[{""x"": 156, ""y"": 135}, {""x"": 155, ""y"": 136}, {""x"": 127, ""y"": 265}, {""x"": 155, ""y"": 135}, {""x"": 156, ""y"": 135}, {""x"": 155, ""y"": 137}, {""x"": 155, ""y"": 137}, {""x"": 155, ""y"": 137}]"	"[""map relation does not permit blind original-coordinate reuse""]"	True	"{""idx"": ""329"", ""name"": ""传送流放"", ""method"": ""E-避让"", ""old"": ""81(129,265)"", ""new"": ""81(127,265)"", ""note"": ""原与 [236] 13Move_RedZone 同格"", ""source"": ""同格避让"", ""remark"": ""与NPC236重叠,移至邻格""}"
330	潘业传送3	D11031	"{""x"": 199, ""y"": 255}"		D11031	"{""x"": 199, ""y"": 257}"	variant	D11031	"{""x"": 206, ""y"": 332}"	pending	low	"{""old"": ""pass"", ""target"": ""pass""}"	[]	pending-review	town-entrance-teleporter	"[""NPC/Entry/Region contains movement/entrance type"", ""town entrance, route gate, or teleport cluster""]"	"[{""x"": 206, ""y"": 332, ""score"": -1.3, ""anchor"": {""x"": 206, ""y"": 332}, ""separation"": 2}, {""x"": 196, ""y"": 257, ""score"": 0.35, ""anchor"": {""x"": 197, ""y"": 257}, ""separation"": 1}, {""x"": 197, ""y"": 256, ""score"": 0.35, ""anchor"": {""x"": 197, ""y"": 257}, ""separation"": 1}]"	NpcMover/audit-report.md	False		walkable topology candidate; manual review required	"[{""x"": 197, ""y"": 257}, {""x"": 207, ""y"": 333}, {""x"": 206, ""y"": 332}, {""x"": 199, ""y"": 255}, {""x"": 207, ""y"": 333}, {""x"": 206, ""y"": 332}]"	"[""map relation does not permit blind original-coordinate reuse""]"	True	"{""idx"": ""330"", ""name"": ""潘业传送3"", ""method"": ""E-避让"", ""old"": ""D11031(199,257)"", ""new"": ""D11031(199,255)"", ""note"": ""原与 [254] 13Move_HalfTemple 同格"", ""source"": ""同格避让"", ""remark"": ""与NPC254重叠,移至邻格""}"
331	潘业传送4	D1115	"{""x"": 358, ""y"": 353}"		D1115	"{""x"": 358, ""y"": 353}"	exact	D1115	"{""x"": 385, ""y"": 18}"	hero-kill-extra	medium	"{""old"": ""pass"", ""target"": ""pass""}"	[]	dry-run	town-entrance-teleporter	"[""NPC/Entry/Region contains movement/entrance type"", ""town entrance, route gate, or teleport cluster""]"	"[{""x"": 385, ""y"": 18, ""score"": -7.8, ""anchor"": {""x"": 385, ""y"": 18}, ""separation"": 362}, {""x"": 384, ""y"": 19, ""score"": -7.8, ""anchor"": {""x"": 384, ""y"": 19}, ""separation"": 360}, {""x"": 35, ""y"": 382, ""score"": -7.8, ""anchor"": {""x"": 35, ""y"": 382}, ""separation"": 352}]"	NpcMover/audit-report.md	False		walkable topology candidate; manual review required	"[{""x"": 379, ""y"": 382}, {""x"": 380, ""y"": 383}, {""x"": 384, ""y"": 19}, {""x"": 385, ""y"": 18}, {""x"": 35, ""y"": 382}, {""x"": 36, ""y"": 383}, {""x"": 200, ""y"": 199}, {""x"": 358, ""y"": 353}, {""x"": 200, ""y"": 199}]"	[]	True	"{""idx"": ""331"", ""name"": ""潘业传送4"", ""method"": ""B-英雄杀(调整)"", ""old"": ""D1115(358,353)"", ""new"": ""-"", ""note"": ""可走=True"", ""source"": ""-"", ""remark"": """"}"
332	绿洲沙漠	6	"{""x"": 271, ""y"": 731}"		6	"{""x"": 273, ""y"": 731}"	variant	6	"{""x"": 400, ""y"": 400}"	pending	low	"{""old"": ""pass"", ""target"": ""pass""}"	[]	pending-review	town-safezone-extra	"[""no direct Merchant anchor; preserve business category"", ""safe-zone independent walkable point""]"	"[{""x"": 400, ""y"": 400, ""score"": -7.8, ""anchor"": {""x"": 400, ""y"": 400}, ""separation"": 439}, {""x"": 400, ""y"": 399, ""score"": -6.8, ""anchor"": {""x"": 400, ""y"": 400}, ""separation"": 440}, {""x"": 401, ""y"": 400, ""score"": -6.8, ""anchor"": {""x"": 400, ""y"": 400}, ""separation"": 440}]"	NpcMover/audit-report.md	False		walkable topology candidate; manual review required	"[{""x"": 400, ""y"": 400}, {""x"": 400, ""y"": 400}, {""x"": 400, ""y"": 400}, {""x"": 400, ""y"": 400}, {""x"": 400, ""y"": 400}, {""x"": 400, ""y"": 400}, {""x"": 400, ""y"": 400}, {""x"": 400, ""y"": 400}]"	"[""map relation does not permit blind original-coordinate reuse""]"	True	"{""idx"": ""332"", ""name"": ""绿洲沙漠"", ""method"": ""E-避让"", ""old"": ""6(273,731)"", ""new"": ""6(271,731)"", ""note"": ""原与 [219] 13Move_Ant 同格"", ""source"": ""同格避让"", ""remark"": ""与NPC219重叠,移至邻格""}"
333	进进出出	1	"{""x"": 409, ""y"": 112}"		1	"{""x"": 409, ""y"": 112}"	variant	1	"{""x"": 159, ""y"": 182}"	hero-kill-extra	low	"{""old"": ""pass"", ""target"": ""pass""}"	[]	pending-review	town-safezone-extra	"[""no direct Merchant anchor; preserve business category"", ""safe-zone independent walkable point""]"	"[{""x"": 159, ""y"": 182, ""score"": 1.2, ""anchor"": {""x"": 168, ""y"": 182}, ""separation"": 21}, {""x"": 162, ""y"": 185, ""score"": 1.2, ""anchor"": {""x"": 168, ""y"": 182}, ""separation"": 15}, {""x"": 169, ""y"": 192, ""score"": 1.35, ""anchor"": {""x"": 171, ""y"": 192}, ""separation"": 1}]"	NpcMover/audit-report.md	False		walkable topology candidate; manual review required	"[{""x"": 171, ""y"": 192}, {""x"": 423, ""y"": 102}, {""x"": 168, ""y"": 182}, {""x"": 182, ""y"": 159}, {""x"": 173, ""y"": 130}, {""x"": 177, ""y"": 297}, {""x"": 178, ""y"": 150}, {""x"": 394, ""y"": 124}, {""x"": 379, ""y"": 125}]"	"[""map relation does not permit blind original-coordinate reuse""]"	True	"{""idx"": ""333"", ""name"": ""进进出出"", ""method"": ""B-英雄杀(已在位)"", ""old"": ""1(409,112)"", ""new"": ""-"", ""note"": ""yxs一致"", ""source"": ""-"", ""remark"": """"}"
336	神舰接待	d903	"{""x"": 50, ""y"": 50}"		d903	"{""x"": 50, ""y"": 50}"	pending	d903	"{""x"": 102, ""y"": 98}"	hero-kill-extra	low	"{""old"": ""pass"", ""target"": ""pass""}"	[]	pending-review	town-safezone-service	"[""NPC/Entry/Region identifies quest/service role"", ""safe zone or task-area entrance""]"	"[{""x"": 102, ""y"": 98, ""score"": -7.8, ""anchor"": {""x"": 102, ""y"": 98}, ""separation"": 100}, {""x"": 103, ""y"": 98, ""score"": -6.8, ""anchor"": {""x"": 102, ""y"": 98}, ""separation"": 101}, {""x"": 102, ""y"": 97, ""score"": -6.8, ""anchor"": {""x"": 102, ""y"": 98}, ""separation"": 99}]"	NpcMover/audit-report.md	False		walkable topology candidate; manual review required	"[{""x"": 102, ""y"": 98}, {""x"": 102, ""y"": 98}, {""x"": 102, ""y"": 98}, {""x"": 102, ""y"": 98}, {""x"": 102, ""y"": 98}, {""x"": 102, ""y"": 98}, {""x"": 102, ""y"": 98}]"	"[""map relation does not permit blind original-coordinate reuse""]"	True	"{""idx"": ""336"", ""name"": ""神舰接待"", ""method"": ""B-英雄杀(调整)"", ""old"": ""d903(50,50)"", ""new"": ""-"", ""note"": ""可走=True"", ""source"": ""-"", ""remark"": """"}"
337	诺玛接待1	d1602	"{""x"": 383, ""y"": 202}"		d1602	"{""x"": 383, ""y"": 202}"	pending	d1602	"{""x"": 196, ""y"": 23}"	hero-kill-extra	low	"{""old"": ""fail"", ""target"": ""pass""}"	[]	pending-review	town-safezone-service	"[""NPC/Entry/Region identifies quest/service role"", ""safe zone or task-area entrance""]"	"[{""x"": 196, ""y"": 23, ""score"": 4.15, ""anchor"": {""x"": 196, ""y"": 13}, ""separation"": 9}, {""x"": 187, ""y"": 15, ""score"": 4.5, ""anchor"": {""x"": 196, ""y"": 13}, ""separation"": 10}, {""x"": 194, ""y"": 22, ""score"": 4.5, ""anchor"": {""x"": 196, ""y"": 13}, ""separation"": 10}]"	NpcMover/audit-report.md	False		walkable topology candidate; manual review required	"[{""x"": 200, ""y"": 200}, {""x"": 196, ""y"": 13}, {""x"": 196, ""y"": 13}, {""x"": 196, ""y"": 13}, {""x"": 196, ""y"": 13}, {""x"": 202, ""y"": 378}, {""x"": 202, ""y"": 378}, {""x"": 202, ""y"": 378}, {""x"": 202, ""y"": 378}]"	"[""map relation does not permit blind original-coordinate reuse""]"	True	"{""idx"": ""337"", ""name"": ""诺玛接待1"", ""method"": ""B-英雄杀(已在位)"", ""old"": ""d1602(383,202)"", ""new"": ""-"", ""note"": ""yxs一致"", ""source"": ""-"", ""remark"": """"}"
338	诺玛接待2	d1602	"{""x"": 196, ""y"": 14}"		d1602	"{""x"": 196, ""y"": 14}"	pending	d1602	"{""x"": 187, ""y"": 15}"	hero-kill-extra	low	"{""old"": ""fail"", ""target"": ""pass""}"	[]	pending-review	town-safezone-service	"[""NPC/Entry/Region identifies quest/service role"", ""safe zone or task-area entrance""]"	"[{""x"": 187, ""y"": 15, ""score"": 4.5, ""anchor"": {""x"": 196, ""y"": 13}, ""separation"": 10}, {""x"": 186, ""y"": 15, ""score"": 4.85, ""anchor"": {""x"": 196, ""y"": 13}, ""separation"": 11}, {""x"": 187, ""y"": 16, ""score"": 4.85, ""anchor"": {""x"": 196, ""y"": 13}, ""separation"": 11}]"	NpcMover/audit-report.md	False		walkable topology candidate; manual review required	"[{""x"": 200, ""y"": 200}, {""x"": 196, ""y"": 13}, {""x"": 196, ""y"": 13}, {""x"": 196, ""y"": 13}, {""x"": 196, ""y"": 13}, {""x"": 202, ""y"": 378}, {""x"": 202, ""y"": 378}, {""x"": 202, ""y"": 378}, {""x"": 202, ""y"": 378}]"	"[""map relation does not permit blind original-coordinate reuse""]"	True	"{""idx"": ""338"", ""name"": ""诺玛接待2"", ""method"": ""B-英雄杀(已在位)"", ""old"": ""d1602(196,14)"", ""new"": ""-"", ""note"": ""yxs一致"", ""source"": ""-"", ""remark"": """"}"
339	诺玛接待3	d1602	"{""x"": 10, ""y"": 201}"		d1602	"{""x"": 10, ""y"": 201}"	pending	d1602	"{""x"": 199, ""y"": 212}"	hero-kill-extra	low	"{""old"": ""fail"", ""target"": ""pass""}"	[]	pending-review	town-safezone-service	"[""NPC/Entry/Region identifies quest/service role"", ""safe zone or task-area entrance""]"	"[{""x"": 199, ""y"": 212, ""score"": 5.2, ""anchor"": {""x"": 200, ""y"": 200}, ""separation"": 179}, {""x"": 199, ""y"": 213, ""score"": 6.2, ""anchor"": {""x"": 200, ""y"": 200}, ""separation"": 178}, {""x"": 195, ""y"": 210, ""score"": 7.2, ""anchor"": {""x"": 200, ""y"": 200}, ""separation"": 179}]"	NpcMover/audit-report.md	False		walkable topology candidate; manual review required	"[{""x"": 200, ""y"": 200}, {""x"": 196, ""y"": 13}, {""x"": 196, ""y"": 13}, {""x"": 196, ""y"": 13}, {""x"": 196, ""y"": 13}, {""x"": 202, ""y"": 378}, {""x"": 202, ""y"": 378}, {""x"": 202, ""y"": 378}, {""x"": 202, ""y"": 378}]"	"[""map relation does not permit blind original-coordinate reuse""]"	True	"{""idx"": ""339"", ""name"": ""诺玛接待3"", ""method"": ""B-英雄杀(已在位)"", ""old"": ""d1602(10,201)"", ""new"": ""-"", ""note"": ""yxs一致"", ""source"": ""-"", ""remark"": """"}"
340	诺玛接待4	d1602	"{""x"": 196, ""y"": 388}"		d1602	"{""x"": 196, ""y"": 388}"	pending	d1602	"{""x"": 190, ""y"": 20}"	hero-kill-extra	low	"{""old"": ""fail"", ""target"": ""pass""}"	[]	pending-review	town-safezone-service	"[""NPC/Entry/Region identifies quest/service role"", ""safe zone or task-area entrance""]"	"[{""x"": 190, ""y"": 20, ""score"": 7.8, ""anchor"": {""x"": 196, ""y"": 13}, ""separation"": 8}, {""x"": 192, ""y"": 21, ""score"": 8.1, ""anchor"": {""x"": 196, ""y"": 13}, ""separation"": 6}, {""x"": 191, ""y"": 21, ""score"": 8.45, ""anchor"": {""x"": 196, ""y"": 13}, ""separation"": 7}]"	NpcMover/audit-report.md	False		walkable topology candidate; manual review required	"[{""x"": 200, ""y"": 200}, {""x"": 196, ""y"": 13}, {""x"": 196, ""y"": 13}, {""x"": 196, ""y"": 13}, {""x"": 196, ""y"": 13}, {""x"": 202, ""y"": 378}, {""x"": 202, ""y"": 378}, {""x"": 202, ""y"": 378}, {""x"": 202, ""y"": 378}]"	"[""map relation does not permit blind original-coordinate reuse""]"	True	"{""idx"": ""340"", ""name"": ""诺玛接待4"", ""method"": ""B-英雄杀(已在位)"", ""old"": ""d1602(196,388)"", ""new"": ""-"", ""note"": ""yxs一致"", ""source"": ""-"", ""remark"": """"}"
341	西沙接待	d2005	"{""x"": 54, ""y"": 27}"		d2005	"{""x"": 54, ""y"": 27}"	pending	d2005	"{""x"": 38, ""y"": 42}"	hero-kill-extra	low	"{""old"": ""pass"", ""target"": ""pass""}"	[]	pending-review	town-safezone-service	"[""NPC/Entry/Region identifies quest/service role"", ""safe zone or task-area entrance""]"	"[{""x"": 38, ""y"": 42, ""score"": -7.8, ""anchor"": {""x"": 38, ""y"": 42}, ""separation"": 31}, {""x"": 29, ""y"": 31, ""score"": -7.8, ""anchor"": {""x"": 29, ""y"": 31}, ""separation"": 29}, {""x"": 37, ""y"": 42, ""score"": -6.8, ""anchor"": {""x"": 38, ""y"": 42}, ""separation"": 32}]"	NpcMover/audit-report.md	False		walkable topology candidate; manual review required	"[{""x"": 29, ""y"": 31}, {""x"": 38, ""y"": 42}, {""x"": 38, ""y"": 42}, {""x"": 38, ""y"": 42}, {""x"": 38, ""y"": 42}, {""x"": 38, ""y"": 42}, {""x"": 38, ""y"": 42}]"	"[""map relation does not permit blind original-coordinate reuse""]"	True	"{""idx"": ""341"", ""name"": ""西沙接待"", ""method"": ""B-英雄杀(已在位)"", ""old"": ""d2005(54,27)"", ""new"": ""-"", ""note"": ""yxs一致"", ""source"": ""-"", ""remark"": """"}"
342	冰城接待	d2106	"{""x"": 33, ""y"": 20}"		d2106	"{""x"": 33, ""y"": 20}"	pending	d2106	"{""x"": 30, ""y"": 33}"	hero-kill-extra	low	"{""old"": ""pass"", ""target"": ""pass""}"	[]	pending-review	town-safezone-service	"[""NPC/Entry/Region identifies quest/service role"", ""safe zone or task-area entrance""]"	"[{""x"": 30, ""y"": 33, ""score"": -7.8, ""anchor"": {""x"": 30, ""y"": 33}, ""separation"": 16}, {""x"": 29, ""y"": 33, ""score"": -6.8, ""anchor"": {""x"": 30, ""y"": 33}, ""separation"": 17}, {""x"": 30, ""y"": 34, ""score"": -6.8, ""anchor"": {""x"": 30, ""y"": 33}, ""separation"": 17}]"	NpcMover/audit-report.md	False		walkable topology candidate; manual review required	"[{""x"": 33, ""y"": 20}, {""x"": 30, ""y"": 33}, {""x"": 30, ""y"": 33}, {""x"": 30, ""y"": 33}, {""x"": 30, ""y"": 33}, {""x"": 30, ""y"": 33}, {""x"": 30, ""y"": 33}, {""x"": 30, ""y"": 33}]"	"[""map relation does not permit blind original-coordinate reuse""]"	True	"{""idx"": ""342"", ""name"": ""冰城接待"", ""method"": ""B-英雄杀(已在位)"", ""old"": ""d2106(33,20)"", ""new"": ""-"", ""note"": ""yxs一致"", ""source"": ""-"", ""remark"": """"}"
343	绝情接待1	8_002	"{""x"": 77, ""y"": 76}"		8_002	"{""x"": 77, ""y"": 76}"	pending	8_002	"{""x"": 76, ""y"": 76}"	hero-kill-extra	low	"{""old"": ""pass"", ""target"": ""pass""}"	[]	pending-review	town-safezone-service	"[""NPC/Entry/Region identifies quest/service role"", ""safe zone or task-area entrance""]"	"[{""x"": 76, ""y"": 76, ""score"": 0.35, ""anchor"": {""x"": 77, ""y"": 76}, ""separation"": 1}, {""x"": 77, ""y"": 75, ""score"": 0.35, ""anchor"": {""x"": 77, ""y"": 76}, ""separation"": 1}, {""x"": 77, ""y"": 77, ""score"": 0.35, ""anchor"": {""x"": 77, ""y"": 76}, ""separation"": 1}]"	NpcMover/audit-report.md	False		walkable topology candidate; manual review required	"[{""x"": 77, ""y"": 76}]"	"[""map relation does not permit blind original-coordinate reuse""]"	True	"{""idx"": ""343"", ""name"": ""绝情接待1"", ""method"": ""B-英雄杀(已在位)"", ""old"": ""8_002(77,76)"", ""new"": ""-"", ""note"": ""yxs一致"", ""source"": ""-"", ""remark"": """"}"
344	绝情接待2	D2204	"{""x"": 198, ""y"": 204}"		D2204	"{""x"": 198, ""y"": 204}"	pending	D2204	"{""x"": 200, ""y"": 210}"	hero-kill-extra	low	"{""old"": ""pass"", ""target"": ""pass""}"	[]	pending-review	town-safezone-service	"[""NPC/Entry/Region identifies quest/service role"", ""safe zone or task-area entrance""]"	"[{""x"": 200, ""y"": 210, ""score"": -5.2, ""anchor"": {""x"": 200, ""y"": 210}, ""separation"": 8}, {""x"": 200, ""y"": 211, ""score"": -4.85, ""anchor"": {""x"": 200, ""y"": 210}, ""separation"": 9}, {""x"": 201, ""y"": 210, ""score"": -4.85, ""anchor"": {""x"": 200, ""y"": 210}, ""separation"": 9}]"	NpcMover/audit-report.md	False		walkable topology candidate; manual review required	"[{""x"": 200, ""y"": 210}, {""x"": 200, ""y"": 210}, {""x"": 200, ""y"": 210}]"	"[""map relation does not permit blind original-coordinate reuse""]"	True	"{""idx"": ""344"", ""name"": ""绝情接待2"", ""method"": ""B-英雄杀(已在位)"", ""old"": ""D2204(198,204)"", ""new"": ""-"", ""note"": ""yxs一致"", ""source"": ""-"", ""remark"": """"}"
345	魔界接待	D0002_001	"{""x"": 5, ""y"": 8}"		D0002_001	"{""x"": 5, ""y"": 8}"	renamed	D0002_001	"{""x"": 5, ""y"": 9}"	hero-kill-extra	medium	"{""old"": ""pass"", ""target"": ""pass""}"	[]	dry-run	town-safezone-service	"[""NPC/Entry/Region identifies quest/service role"", ""safe zone or task-area entrance""]"	"[{""x"": 5, ""y"": 9, ""score"": 0.35, ""anchor"": {""x"": 5, ""y"": 8}, ""separation"": 1}, {""x"": 6, ""y"": 8, ""score"": 0.35, ""anchor"": {""x"": 5, ""y"": 8}, ""separation"": 1}, {""x"": 4, ""y"": 9, ""score"": 0.7, ""anchor"": {""x"": 5, ""y"": 8}, ""separation"": 2}]"	NpcMover/audit-report.md	False		walkable topology candidate; manual review required	"[{""x"": 5, ""y"": 8}]"	[]	True	"{""idx"": ""345"", ""name"": ""魔界接待"", ""method"": ""B-英雄杀(已在位)"", ""old"": ""D0002_001(5,8)"", ""new"": ""-"", ""note"": ""yxs一致"", ""source"": ""-"", ""remark"": """"}"
346	魔界接待1	D0002_004	"{""x"": 5, ""y"": 24}"		D0002_004	"{""x"": 5, ""y"": 24}"	renamed	D0002_004	"{""x"": 6, ""y"": 24}"	hero-kill-extra	medium	"{""old"": ""pass"", ""target"": ""pass""}"	[]	dry-run	town-safezone-service	"[""NPC/Entry/Region identifies quest/service role"", ""safe zone or task-area entrance""]"	"[{""x"": 6, ""y"": 24, ""score"": 0.35, ""anchor"": {""x"": 5, ""y"": 24}, ""separation"": 1}, {""x"": 6, ""y"": 25, ""score"": 0.7, ""anchor"": {""x"": 5, ""y"": 24}, ""separation"": 2}, {""x"": 7, ""y"": 24, ""score"": 0.7, ""anchor"": {""x"": 5, ""y"": 24}, ""separation"": 2}]"	NpcMover/audit-report.md	False		walkable topology candidate; manual review required	"[{""x"": 5, ""y"": 24}]"	[]	True	"{""idx"": ""346"", ""name"": ""魔界接待1"", ""method"": ""B-英雄杀(已在位)"", ""old"": ""D0002_004(5,24)"", ""new"": ""-"", ""note"": ""yxs一致"", ""source"": ""-"", ""remark"": """"}"
347	群魔接待1	D2701	"{""x"": 24, ""y"": 174}"		D2701	"{""x"": 24, ""y"": 174}"	pending	D2701	"{""x"": 101, ""y"": 94}"	hero-kill-extra	low	"{""old"": ""pass"", ""target"": ""pass""}"	[]	pending-review	town-safezone-service	"[""NPC/Entry/Region identifies quest/service role"", ""safe zone or task-area entrance""]"	"[{""x"": 101, ""y"": 94, ""score"": -7.8, ""anchor"": {""x"": 101, ""y"": 94}, ""separation"": 157}, {""x"": 100, ""y"": 94, ""score"": -6.8, ""anchor"": {""x"": 101, ""y"": 94}, ""separation"": 156}, {""x"": 101, ""y"": 93, ""score"": -6.8, ""anchor"": {""x"": 101, ""y"": 94}, ""separation"": 156}]"	NpcMover/audit-report.md	False		walkable topology candidate; manual review required	"[{""x"": 101, ""y"": 94}, {""x"": 101, ""y"": 94}, {""x"": 101, ""y"": 94}, {""x"": 101, ""y"": 94}, {""x"": 101, ""y"": 94}, {""x"": 101, ""y"": 94}, {""x"": 101, ""y"": 94}, {""x"": 101, ""y"": 94}, {""x"": 101, ""y"": 94}]"	"[""map relation does not permit blind original-coordinate reuse""]"	True	"{""idx"": ""347"", ""name"": ""群魔接待1"", ""method"": ""B-英雄杀(已在位)"", ""old"": ""D2701(24,174)"", ""new"": ""-"", ""note"": ""yxs一致"", ""source"": ""-"", ""remark"": """"}"
348	群魔接待2	D2701	"{""x"": 181, ""y"": 17}"		D2701	"{""x"": 181, ""y"": 17}"	pending	D2701	"{""x"": 100, ""y"": 94}"	hero-kill-extra	low	"{""old"": ""pass"", ""target"": ""pass""}"	[]	pending-review	town-safezone-service	"[""NPC/Entry/Region identifies quest/service role"", ""safe zone or task-area entrance""]"	"[{""x"": 100, ""y"": 94, ""score"": 0.35, ""anchor"": {""x"": 101, ""y"": 94}, ""separation"": 1}, {""x"": 101, ""y"": 93, ""score"": 0.35, ""anchor"": {""x"": 101, ""y"": 94}, ""separation"": 1}, {""x"": 101, ""y"": 95, ""score"": 0.35, ""anchor"": {""x"": 101, ""y"": 94}, ""separation"": 1}]"	NpcMover/audit-report.md	False		walkable topology candidate; manual review required	"[{""x"": 101, ""y"": 94}, {""x"": 101, ""y"": 94}, {""x"": 101, ""y"": 94}, {""x"": 101, ""y"": 94}, {""x"": 101, ""y"": 94}, {""x"": 101, ""y"": 94}, {""x"": 101, ""y"": 94}, {""x"": 101, ""y"": 94}, {""x"": 101, ""y"": 94}]"	"[""map relation does not permit blind original-coordinate reuse""]"	True	"{""idx"": ""348"", ""name"": ""群魔接待2"", ""method"": ""B-英雄杀(已在位)"", ""old"": ""D2701(181,17)"", ""new"": ""-"", ""note"": ""yxs一致"", ""source"": ""-"", ""remark"": """"}"
349	群魔接待3	D2702	"{""x"": 23, ""y"": 176}"		D2702	"{""x"": 23, ""y"": 176}"	pending	D2702	"{""x"": 82, ""y"": 116}"	hero-kill-extra	low	"{""old"": ""pass"", ""target"": ""pass""}"	[]	pending-review	town-safezone-service	"[""NPC/Entry/Region identifies quest/service role"", ""safe zone or task-area entrance""]"	"[{""x"": 82, ""y"": 116, ""score"": -7.8, ""anchor"": {""x"": 82, ""y"": 116}, ""separation"": 119}, {""x"": 122, ""y"": 74, ""score"": -7.8, ""anchor"": {""x"": 122, ""y"": 74}, ""separation"": 118}, {""x"": 82, ""y"": 115, ""score"": -6.8, ""anchor"": {""x"": 82, ""y"": 116}, ""separation"": 120}]"	NpcMover/audit-report.md	False		walkable topology candidate; manual review required	"[{""x"": 82, ""y"": 116}, {""x"": 122, ""y"": 74}, {""x"": 122, ""y"": 74}, {""x"": 122, ""y"": 74}, {""x"": 122, ""y"": 74}, {""x"": 122, ""y"": 74}, {""x"": 122, ""y"": 74}, {""x"": 122, ""y"": 74}, {""x"": 122, ""y"": 74}, {""x"": 122, ""y"": 74}]"	"[""map relation does not permit blind original-coordinate reuse""]"	True	"{""idx"": ""349"", ""name"": ""群魔接待3"", ""method"": ""B-英雄杀(已在位)"", ""old"": ""D2702(23,176)"", ""new"": ""-"", ""note"": ""yxs一致"", ""source"": ""-"", ""remark"": """"}"
350	群魔接待4	D2702	"{""x"": 182, ""y"": 16}"		D2702	"{""x"": 182, ""y"": 16}"	pending	D2702	"{""x"": 122, ""y"": 74}"	hero-kill-extra	low	"{""old"": ""pass"", ""target"": ""pass""}"	[]	pending-review	town-safezone-service	"[""NPC/Entry/Region identifies quest/service role"", ""safe zone or task-area entrance""]"	"[{""x"": 122, ""y"": 74, ""score"": -7.8, ""anchor"": {""x"": 122, ""y"": 74}, ""separation"": 82}, {""x"": 122, ""y"": 73, ""score"": -6.8, ""anchor"": {""x"": 122, ""y"": 74}, ""separation"": 83}, {""x"": 123, ""y"": 74, ""score"": -6.8, ""anchor"": {""x"": 122, ""y"": 74}, ""separation"": 83}]"	NpcMover/audit-report.md	False		walkable topology candidate; manual review required	"[{""x"": 82, ""y"": 116}, {""x"": 122, ""y"": 74}, {""x"": 122, ""y"": 74}, {""x"": 122, ""y"": 74}, {""x"": 122, ""y"": 74}, {""x"": 122, ""y"": 74}, {""x"": 122, ""y"": 74}, {""x"": 122, ""y"": 74}, {""x"": 122, ""y"": 74}, {""x"": 122, ""y"": 74}]"	"[""map relation does not permit blind original-coordinate reuse""]"	True	"{""idx"": ""350"", ""name"": ""群魔接待4"", ""method"": ""B-英雄杀(已在位)"", ""old"": ""D2702(182,16)"", ""new"": ""-"", ""note"": ""yxs一致"", ""source"": ""-"", ""remark"": """"}"
351	异界接待1	d9091	"{""x"": 160, ""y"": 94}"		d9091	"{""x"": 160, ""y"": 94}"	pending	d9091	"{""x"": 102, ""y"": 98}"	hero-kill-extra	low	"{""old"": ""pass"", ""target"": ""pass""}"	[]	pending-review	town-safezone-service	"[""NPC/Entry/Region identifies quest/service role"", ""safe zone or task-area entrance""]"	"[{""x"": 102, ""y"": 98, ""score"": -7.8, ""anchor"": {""x"": 102, ""y"": 98}, ""separation"": 62}, {""x"": 102, ""y"": 99, ""score"": -6.8, ""anchor"": {""x"": 102, ""y"": 98}, ""separation"": 63}, {""x"": 102, ""y"": 97, ""score"": -6.8, ""anchor"": {""x"": 102, ""y"": 98}, ""separation"": 61}]"	NpcMover/audit-report.md	False		walkable topology candidate; manual review required	"[{""x"": 102, ""y"": 98}, {""x"": 102, ""y"": 98}, {""x"": 102, ""y"": 98}, {""x"": 102, ""y"": 98}, {""x"": 102, ""y"": 98}]"	"[""map relation does not permit blind original-coordinate reuse""]"	True	"{""idx"": ""351"", ""name"": ""异界接待1"", ""method"": ""B-英雄杀(调整)"", ""old"": ""d9091(160,94)"", ""new"": ""-"", ""note"": ""可走=True"", ""source"": ""-"", ""remark"": """"}"
352	异界接待2	d90921	"{""x"": 56, ""y"": 25}"		d90921	"{""x"": 56, ""y"": 25}"	pending	d90921	"{""x"": 102, ""y"": 97}"	hero-kill-extra	low	"{""old"": ""pass"", ""target"": ""pass""}"	[]	pending-review	town-safezone-service	"[""NPC/Entry/Region identifies quest/service role"", ""safe zone or task-area entrance""]"	"[{""x"": 102, ""y"": 97, ""score"": -7.8, ""anchor"": {""x"": 102, ""y"": 97}, ""separation"": 118}, {""x"": 103, ""y"": 97, ""score"": -6.8, ""anchor"": {""x"": 102, ""y"": 97}, ""separation"": 119}, {""x"": 102, ""y"": 96, ""score"": -6.8, ""anchor"": {""x"": 102, ""y"": 97}, ""separation"": 117}]"	NpcMover/audit-report.md	False		walkable topology candidate; manual review required	"[{""x"": 102, ""y"": 97}, {""x"": 102, ""y"": 97}, {""x"": 102, ""y"": 97}, {""x"": 102, ""y"": 97}, {""x"": 102, ""y"": 97}]"	"[""map relation does not permit blind original-coordinate reuse""]"	True	"{""idx"": ""352"", ""name"": ""异界接待2"", ""method"": ""B-英雄杀(调整)"", ""old"": ""d90921(56,25)"", ""new"": ""-"", ""note"": ""可走=True"", ""source"": ""-"", ""remark"": """"}"
353	异界接待3	d90922	"{""x"": 175, ""y"": 157}"		d90922	"{""x"": 175, ""y"": 157}"	pending	d90922	"{""x"": 97, ""y"": 102}"	hero-kill-extra	low	"{""old"": ""pass"", ""target"": ""pass""}"	[]	pending-review	town-safezone-service	"[""NPC/Entry/Region identifies quest/service role"", ""safe zone or task-area entrance""]"	"[{""x"": 97, ""y"": 102, ""score"": -7.8, ""anchor"": {""x"": 97, ""y"": 102}, ""separation"": 133}, {""x"": 96, ""y"": 102, ""score"": -6.8, ""anchor"": {""x"": 97, ""y"": 102}, ""separation"": 134}, {""x"": 97, ""y"": 103, ""score"": -6.8, ""anchor"": {""x"": 97, ""y"": 102}, ""separation"": 132}]"	NpcMover/audit-report.md	False		walkable topology candidate; manual review required	"[{""x"": 97, ""y"": 102}, {""x"": 97, ""y"": 102}, {""x"": 97, ""y"": 102}, {""x"": 97, ""y"": 102}, {""x"": 97, ""y"": 102}, {""x"": 97, ""y"": 102}, {""x"": 97, ""y"": 102}]"	"[""map relation does not permit blind original-coordinate reuse""]"	True	"{""idx"": ""353"", ""name"": ""异界接待3"", ""method"": ""B-英雄杀(调整)"", ""old"": ""d90922(175,157)"", ""new"": ""-"", ""note"": ""可走=True"", ""source"": ""-"", ""remark"": """"}"
354	异界接待4	d9093	"{""x"": 51, ""y"": 49}"		d9093	"{""x"": 51, ""y"": 49}"	pending	d9093	"{""x"": 102, ""y"": 98}"	hero-kill-extra	low	"{""old"": ""pass"", ""target"": ""pass""}"	[]	pending-review	town-safezone-service	"[""NPC/Entry/Region identifies quest/service role"", ""safe zone or task-area entrance""]"	"[{""x"": 102, ""y"": 98, ""score"": -7.8, ""anchor"": {""x"": 102, ""y"": 98}, ""separation"": 100}, {""x"": 103, ""y"": 98, ""score"": -6.8, ""anchor"": {""x"": 102, ""y"": 98}, ""separation"": 101}, {""x"": 102, ""y"": 97, ""score"": -6.8, ""anchor"": {""x"": 102, ""y"": 98}, ""separation"": 99}]"	NpcMover/audit-report.md	False		walkable topology candidate; manual review required	"[{""x"": 102, ""y"": 98}, {""x"": 102, ""y"": 98}, {""x"": 102, ""y"": 98}, {""x"": 102, ""y"": 98}, {""x"": 102, ""y"": 98}, {""x"": 102, ""y"": 98}, {""x"": 102, ""y"": 98}]"	"[""map relation does not permit blind original-coordinate reuse""]"	True	"{""idx"": ""354"", ""name"": ""异界接待4"", ""method"": ""B-英雄杀(调整)"", ""old"": ""d9093(51,49)"", ""new"": ""-"", ""note"": ""可走=True"", ""source"": ""-"", ""remark"": """"}"
355	邪恶之地	D006	"{""x"": 27, ""y"": 26}"		D006	"{""x"": 27, ""y"": 26}"	pending	D006	"{""x"": 51, ""y"": 217}"	hero-kill-extra	low	"{""old"": ""pass"", ""target"": ""pass""}"	[]	pending-review	town-safezone-extra	"[""no direct Merchant anchor; preserve business category"", ""safe-zone independent walkable point""]"	"[{""x"": 51, ""y"": 217, ""score"": -7.8, ""anchor"": {""x"": 51, ""y"": 217}, ""separation"": 204}, {""x"": 68, ""y"": 160, ""score"": -7.8, ""anchor"": {""x"": 68, ""y"": 160}, ""separation"": 175}, {""x"": 128, ""y"": 226, ""score"": -7.8, ""anchor"": {""x"": 128, ""y"": 226}, ""separation"": 118}]"	NpcMover/audit-report.md	False		walkable topology candidate; manual review required	"[{""x"": 81, ""y"": 86}, {""x"": 81, ""y"": 86}, {""x"": 81, ""y"": 86}, {""x"": 81, ""y"": 86}, {""x"": 81, ""y"": 86}, {""x"": 81, ""y"": 86}, {""x"": 68, ""y"": 160}, {""x"": 68, ""y"": 160}, {""x"": 68, ""y"": 160}, {""x"": 68, ""y"": 160}, {""x"": 68, ""y"": 160}, {""x"": 68, ""y"": 160}, {""x"": 51, ""y"": 217}, {""x"": 51, ""y"": 217}, {""x"": 51, ""y"": 217}, {""x"": 51, ""y"": 217}, {""x"": 51, ""y"": 217}, {""x"": 51, ""y"": 217}, {""x"": 128, ""y"": 226}, {""x"": 128, ""y"": 226}]"	"[""map relation does not permit blind original-coordinate reuse""]"	True	"{""idx"": ""355"", ""name"": ""邪恶之地"", ""method"": ""B-英雄杀(已在位)"", ""old"": ""D006(27,26)"", ""new"": ""-"", ""note"": ""yxs一致"", ""source"": ""-"", ""remark"": """"}"
356	邪恶接待1	D006	"{""x"": 209, ""y"": 263}"		D006	"{""x"": 209, ""y"": 263}"	pending	D006	"{""x"": 81, ""y"": 86}"	hero-kill-extra	low	"{""old"": ""pass"", ""target"": ""pass""}"	[]	pending-review	town-safezone-service	"[""NPC/Entry/Region identifies quest/service role"", ""safe zone or task-area entrance""]"	"[{""x"": 81, ""y"": 86, ""score"": -7.8, ""anchor"": {""x"": 81, ""y"": 86}, ""separation"": 114}, {""x"": 128, ""y"": 226, ""score"": -7.8, ""anchor"": {""x"": 128, ""y"": 226}, ""separation"": 86}, {""x"": 68, ""y"": 160, ""score"": -7.8, ""anchor"": {""x"": 68, ""y"": 160}, ""separation"": 74}]"	NpcMover/audit-report.md	False		walkable topology candidate; manual review required	"[{""x"": 81, ""y"": 86}, {""x"": 81, ""y"": 86}, {""x"": 81, ""y"": 86}, {""x"": 81, ""y"": 86}, {""x"": 81, ""y"": 86}, {""x"": 81, ""y"": 86}, {""x"": 68, ""y"": 160}, {""x"": 68, ""y"": 160}, {""x"": 68, ""y"": 160}, {""x"": 68, ""y"": 160}, {""x"": 68, ""y"": 160}, {""x"": 68, ""y"": 160}, {""x"": 51, ""y"": 217}, {""x"": 51, ""y"": 217}, {""x"": 51, ""y"": 217}, {""x"": 51, ""y"": 217}, {""x"": 51, ""y"": 217}, {""x"": 51, ""y"": 217}, {""x"": 128, ""y"": 226}, {""x"": 128, ""y"": 226}]"	"[""map relation does not permit blind original-coordinate reuse""]"	True	"{""idx"": ""356"", ""name"": ""邪恶接待1"", ""method"": ""B-英雄杀(已在位)"", ""old"": ""D006(209,263)"", ""new"": ""-"", ""note"": ""yxs一致"", ""source"": ""-"", ""remark"": """"}"
357	邪恶接待2	D007	"{""x"": 260, ""y"": 37}"		D007	"{""x"": 260, ""y"": 37}"	pending	D007	"{""x"": 168, ""y"": 217}"	hero-kill-extra	low	"{""old"": ""pass"", ""target"": ""pass""}"	[]	pending-review	town-safezone-service	"[""NPC/Entry/Region identifies quest/service role"", ""safe zone or task-area entrance""]"	"[{""x"": 168, ""y"": 217, ""score"": -7.8, ""anchor"": {""x"": 168, ""y"": 217}, ""separation"": 272}, {""x"": 55, ""y"": 100, ""score"": -7.8, ""anchor"": {""x"": 55, ""y"": 100}, ""separation"": 268}, {""x"": 206, ""y"": 124, ""score"": -7.8, ""anchor"": {""x"": 206, ""y"": 124}, ""separation"": 141}]"	NpcMover/audit-report.md	False		walkable topology candidate; manual review required	"[{""x"": 55, ""y"": 100}, {""x"": 55, ""y"": 100}, {""x"": 55, ""y"": 100}, {""x"": 55, ""y"": 100}, {""x"": 55, ""y"": 100}, {""x"": 55, ""y"": 100}, {""x"": 168, ""y"": 217}, {""x"": 168, ""y"": 217}, {""x"": 168, ""y"": 217}, {""x"": 168, ""y"": 217}, {""x"": 168, ""y"": 217}, {""x"": 168, ""y"": 217}, {""x"": 206, ""y"": 124}, {""x"": 206, ""y"": 124}, {""x"": 206, ""y"": 124}, {""x"": 206, ""y"": 124}, {""x"": 206, ""y"": 124}, {""x"": 206, ""y"": 124}]"	"[""map relation does not permit blind original-coordinate reuse""]"	True	"{""idx"": ""357"", ""name"": ""邪恶接待2"", ""method"": ""B-英雄杀(已在位)"", ""old"": ""D007(260,37)"", ""new"": ""-"", ""note"": ""yxs一致"", ""source"": ""-"", ""remark"": """"}"
358	龙穴接待1	D008	"{""x"": 57, ""y"": 62}"		D008	"{""x"": 57, ""y"": 62}"	pending	D008	"{""x"": 56, ""y"": 62}"	hero-kill-extra	low	"{""old"": ""pass"", ""target"": ""pass""}"	[]	pending-review	town-safezone-service	"[""NPC/Entry/Region identifies quest/service role"", ""safe zone or task-area entrance""]"	"[{""x"": 56, ""y"": 62, ""score"": 0.35, ""anchor"": {""x"": 57, ""y"": 62}, ""separation"": 1}, {""x"": 57, ""y"": 63, ""score"": 0.35, ""anchor"": {""x"": 57, ""y"": 62}, ""separation"": 1}, {""x"": 56, ""y"": 63, ""score"": 0.7, ""anchor"": {""x"": 57, ""y"": 62}, ""separation"": 2}]"	NpcMover/audit-report.md	False		walkable topology candidate; manual review required	"[{""x"": 57, ""y"": 62}]"	"[""map relation does not permit blind original-coordinate reuse""]"	True	"{""idx"": ""358"", ""name"": ""龙穴接待1"", ""method"": ""B-英雄杀(已在位)"", ""old"": ""D008(57,62)"", ""new"": ""-"", ""note"": ""yxs一致"", ""source"": ""-"", ""remark"": """"}"
359	龙穴接待2	D30013	"{""x"": 277, ""y"": 41}"		D30013	"{""x"": 277, ""y"": 41}"	pending	D30013	"{""x"": 158, ""y"": 132}"	hero-kill-extra	low	"{""old"": ""pass"", ""target"": ""pass""}"	[]	pending-review	town-safezone-service	"[""NPC/Entry/Region identifies quest/service role"", ""safe zone or task-area entrance""]"	"[{""x"": 158, ""y"": 132, ""score"": -7.8, ""anchor"": {""x"": 158, ""y"": 132}, ""separation"": 210}, {""x"": 157, ""y"": 132, ""score"": -6.8, ""anchor"": {""x"": 158, ""y"": 132}, ""separation"": 211}, {""x"": 158, ""y"": 133, ""score"": -6.8, ""anchor"": {""x"": 158, ""y"": 132}, ""separation"": 211}]"	NpcMover/audit-report.md	False		walkable topology candidate; manual review required	"[{""x"": 158, ""y"": 132}, {""x"": 158, ""y"": 132}, {""x"": 158, ""y"": 132}, {""x"": 158, ""y"": 132}]"	"[""map relation does not permit blind original-coordinate reuse""]"	True	"{""idx"": ""359"", ""name"": ""龙穴接待2"", ""method"": ""B-英雄杀(已在位)"", ""old"": ""D30013(277,41)"", ""new"": ""-"", ""note"": ""yxs一致"", ""source"": ""-"", ""remark"": """"}"
360	黑暗巢穴	EV002	"{""x"": 41, ""y"": 42}"		EV002	"{""x"": 41, ""y"": 42}"	pending	EV002	"{""x"": 40, ""y"": 42}"	hero-kill-extra	low	"{""old"": ""pass"", ""target"": ""pass""}"	[]	pending-review	town-safezone-extra	"[""no direct Merchant anchor; preserve business category"", ""safe-zone independent walkable point""]"	"[{""x"": 40, ""y"": 42, ""score"": 0.35, ""anchor"": {""x"": 41, ""y"": 42}, ""separation"": 1}, {""x"": 41, ""y"": 41, ""score"": 0.35, ""anchor"": {""x"": 41, ""y"": 42}, ""separation"": 1}, {""x"": 41, ""y"": 43, ""score"": 0.35, ""anchor"": {""x"": 41, ""y"": 42}, ""separation"": 1}]"	NpcMover/audit-report.md	False		walkable topology candidate; manual review required	"[{""x"": 41, ""y"": 42}]"	"[""map relation does not permit blind original-coordinate reuse""]"	True	"{""idx"": ""360"", ""name"": ""黑暗巢穴"", ""method"": ""B-英雄杀(已在位)"", ""old"": ""EV002(41,42)"", ""new"": ""-"", ""note"": ""yxs一致"", ""source"": ""-"", ""remark"": """"}"
361	青青草原	E003	"{""x"": 41, ""y"": 42}"		E003	"{""x"": 41, ""y"": 42}"	pending	E003	"{""x"": 40, ""y"": 42}"	hero-kill-extra	low	"{""old"": ""pass"", ""target"": ""pass""}"	[]	pending-review	town-safezone-extra	"[""no direct Merchant anchor; preserve business category"", ""safe-zone independent walkable point""]"	"[{""x"": 40, ""y"": 42, ""score"": 0.35, ""anchor"": {""x"": 41, ""y"": 42}, ""separation"": 1}, {""x"": 41, ""y"": 41, ""score"": 0.35, ""anchor"": {""x"": 41, ""y"": 42}, ""separation"": 1}, {""x"": 41, ""y"": 43, ""score"": 0.35, ""anchor"": {""x"": 41, ""y"": 42}, ""separation"": 1}]"	NpcMover/audit-report.md	False		walkable topology candidate; manual review required	"[{""x"": 41, ""y"": 42}]"	"[""map relation does not permit blind original-coordinate reuse""]"	True	"{""idx"": ""361"", ""name"": ""青青草原"", ""method"": ""B-英雄杀(已在位)"", ""old"": ""E003(41,42)"", ""new"": ""-"", ""note"": ""yxs一致"", ""source"": ""-"", ""remark"": """"}"
362	幽暗森林	TNakwon_001	"{""x"": 105, ""y"": 26}"		TNakwon_001	"{""x"": 105, ""y"": 26}"	pending	TNakwon_001	"{""x"": 104, ""y"": 26}"	hero-kill-extra	low	"{""old"": ""pass"", ""target"": ""pass""}"	[]	pending-review	town-safezone-extra	"[""no direct Merchant anchor; preserve business category"", ""safe-zone independent walkable point""]"	"[{""x"": 104, ""y"": 26, ""score"": 0.35, ""anchor"": {""x"": 105, ""y"": 26}, ""separation"": 1}, {""x"": 105, ""y"": 25, ""score"": 0.35, ""anchor"": {""x"": 105, ""y"": 26}, ""separation"": 1}, {""x"": 105, ""y"": 27, ""score"": 0.35, ""anchor"": {""x"": 105, ""y"": 26}, ""separation"": 1}]"	NpcMover/audit-report.md	False		walkable topology candidate; manual review required	"[{""x"": 105, ""y"": 26}]"	"[""map relation does not permit blind original-coordinate reuse""]"	True	"{""idx"": ""362"", ""name"": ""幽暗森林"", ""method"": ""B-英雄杀(已在位)"", ""old"": ""TNakwon_001(105,26)"", ""new"": ""-"", ""note"": ""yxs一致"", ""source"": ""-"", ""remark"": """"}"
363	钓鱼岛	E004	"{""x"": 41, ""y"": 39}"		E004	"{""x"": 41, ""y"": 39}"	pending	E004	"{""x"": 40, ""y"": 39}"	hero-kill-extra	low	"{""old"": ""pass"", ""target"": ""pass""}"	[]	pending-review	town-safezone-extra	"[""no direct Merchant anchor; preserve business category"", ""safe-zone independent walkable point""]"	"[{""x"": 40, ""y"": 39, ""score"": 0.35, ""anchor"": {""x"": 41, ""y"": 39}, ""separation"": 1}, {""x"": 41, ""y"": 38, ""score"": 0.35, ""anchor"": {""x"": 41, ""y"": 39}, ""separation"": 1}, {""x"": 41, ""y"": 40, ""score"": 0.35, ""anchor"": {""x"": 41, ""y"": 39}, ""separation"": 1}]"	NpcMover/audit-report.md	False		walkable topology candidate; manual review required	"[{""x"": 41, ""y"": 39}]"	"[""map relation does not permit blind original-coordinate reuse""]"	True	"{""idx"": ""363"", ""name"": ""钓鱼岛"", ""method"": ""B-英雄杀(已在位)"", ""old"": ""E004(41,39)"", ""new"": ""-"", ""note"": ""yxs一致"", ""source"": ""-"", ""remark"": """"}"
364	血案接待	02_006	"{""x"": 25, ""y"": 18}"		02_006	"{""x"": 25, ""y"": 18}"	exact	02_006	"{""x"": 24, ""y"": 18}"	hero-kill-extra	medium	"{""old"": ""pass"", ""target"": ""pass""}"	[]	dry-run	town-safezone-service	"[""NPC/Entry/Region identifies quest/service role"", ""safe zone or task-area entrance""]"	"[{""x"": 24, ""y"": 18, ""score"": 0.35, ""anchor"": {""x"": 25, ""y"": 18}, ""separation"": 1}, {""x"": 25, ""y"": 17, ""score"": 0.35, ""anchor"": {""x"": 25, ""y"": 18}, ""separation"": 1}, {""x"": 25, ""y"": 19, ""score"": 0.35, ""anchor"": {""x"": 25, ""y"": 18}, ""separation"": 1}]"	NpcMover/audit-report.md	False		walkable topology candidate; manual review required	"[{""x"": 25, ""y"": 18}]"	[]	True	"{""idx"": ""364"", ""name"": ""血案接待"", ""method"": ""B-英雄杀(已在位)"", ""old"": ""02_006(25,18)"", ""new"": ""-"", ""note"": ""yxs一致"", ""source"": ""-"", ""remark"": """"}"
365	骑兵接待	02_0061	"{""x"": 25, ""y"": 18}"		02_0061	"{""x"": 25, ""y"": 18}"	renamed	02_0061	"{""x"": 24, ""y"": 18}"	hero-kill-extra	medium	"{""old"": ""pass"", ""target"": ""pass""}"	[]	dry-run	town-safezone-service	"[""NPC/Entry/Region identifies quest/service role"", ""safe zone or task-area entrance""]"	"[{""x"": 24, ""y"": 18, ""score"": 0.35, ""anchor"": {""x"": 25, ""y"": 18}, ""separation"": 1}, {""x"": 25, ""y"": 17, ""score"": 0.35, ""anchor"": {""x"": 25, ""y"": 18}, ""separation"": 1}, {""x"": 25, ""y"": 19, ""score"": 0.35, ""anchor"": {""x"": 25, ""y"": 18}, ""separation"": 1}]"	NpcMover/audit-report.md	False		walkable topology candidate; manual review required	"[{""x"": 25, ""y"": 18}]"	[]	True	"{""idx"": ""365"", ""name"": ""骑兵接待"", ""method"": ""B-英雄杀(已在位)"", ""old"": ""02_0061(25,18)"", ""new"": ""-"", ""note"": ""yxs一致"", ""source"": ""-"", ""remark"": """"}"
366	尊者接待	02_0062	"{""x"": 25, ""y"": 18}"		02_0062	"{""x"": 25, ""y"": 18}"	renamed	02_0062	"{""x"": 24, ""y"": 18}"	hero-kill-extra	medium	"{""old"": ""pass"", ""target"": ""pass""}"	[]	dry-run	town-safezone-service	"[""NPC/Entry/Region identifies quest/service role"", ""safe zone or task-area entrance""]"	"[{""x"": 24, ""y"": 18, ""score"": 0.35, ""anchor"": {""x"": 25, ""y"": 18}, ""separation"": 1}, {""x"": 25, ""y"": 17, ""score"": 0.35, ""anchor"": {""x"": 25, ""y"": 18}, ""separation"": 1}, {""x"": 25, ""y"": 19, ""score"": 0.35, ""anchor"": {""x"": 25, ""y"": 18}, ""separation"": 1}]"	NpcMover/audit-report.md	False		walkable topology candidate; manual review required	"[{""x"": 25, ""y"": 18}]"	[]	True	"{""idx"": ""366"", ""name"": ""尊者接待"", ""method"": ""B-英雄杀(已在位)"", ""old"": ""02_0062(25,18)"", ""new"": ""-"", ""note"": ""yxs一致"", ""source"": ""-"", ""remark"": """"}"
367	杀人掠夺	1_014	"{""x"": 25, ""y"": 18}"		1_014	"{""x"": 25, ""y"": 18}"	exact	1_014	"{""x"": 24, ""y"": 18}"	hero-kill-extra	medium	"{""old"": ""pass"", ""target"": ""pass""}"	[]	dry-run	town-safezone-extra	"[""no direct Merchant anchor; preserve business category"", ""safe-zone independent walkable point""]"	"[{""x"": 24, ""y"": 18, ""score"": 0.35, ""anchor"": {""x"": 25, ""y"": 18}, ""separation"": 1}, {""x"": 25, ""y"": 17, ""score"": 0.35, ""anchor"": {""x"": 25, ""y"": 18}, ""separation"": 1}, {""x"": 25, ""y"": 19, ""score"": 0.35, ""anchor"": {""x"": 25, ""y"": 18}, ""separation"": 1}]"	NpcMover/audit-report.md	False		walkable topology candidate; manual review required	"[{""x"": 25, ""y"": 18}]"	[]	True	"{""idx"": ""367"", ""name"": ""杀人掠夺"", ""method"": ""B-英雄杀(已在位)"", ""old"": ""1_014(25,18)"", ""new"": ""-"", ""note"": ""yxs一致"", ""source"": ""-"", ""remark"": """"}"
